[2026-08-16 23:30:31,388][HYDRA] Launching 6 jobs locally
[2026-08-16 23:30:31,388][HYDRA] 	#0 : model.hidden_dim=128 model.n_layers=4 train.seed=0 task=sort_of_clevr experiment=sort_of_clevr/baselines/transformer_scale
wandb: [wandb.login()] Loaded credentials for https://api.wandb.ai from /home/nik/.netrc.
wandb: Currently logged in as: nikiwillems9 (niks_priv) to https://api.wandb.ai. Use `wandb login --relogin` to force relogin
wandb: Tracking run with wandb version 0.27.2
wandb: Run data is saved locally in /home/nik/workspace/ImperialWork/msc_project/SyncNetProject/outputs/sort_of_clevr/multirun/2026-08-16_23-30-31/0/wandb/run-20260816_233034-hjwqmwt7
wandb: Run `wandb offline` to turn off syncing.
wandb: Syncing run sort_of_clevr/transformer::multirun::2026-08-16_23-30-31::0
wandb: ⭐️ View project at https://wandb.ai/niks_priv/sort_of_clevr
wandb: 🚀 View run at https://wandb.ai/niks_priv/sort_of_clevr/runs/hjwqmwt7
[2026-08-16 23:30:34,717][__main__][INFO] - [RANK 0] Starting training
[2026-08-16 23:30:34,718][__main__][INFO] - [RANK 0] Model: SortOfClevrTransformer
[2026-08-16 23:30:34,718][__main__][INFO] - [RANK 0] Parameters: total=838474
[2026-08-16 23:30:34,720][__main__][INFO] - [RANK 0] Config:
train:
  seed: 0
  n_steps: 100000
  train_bs: 256
  val_bs: 1024
  early_stop_metric: loss
  early_stop_big_is_better: false
  early_stop_patience: 1000000
  early_stop_min_delta: 0.0
  mixed_precision: bf16
  compile_model: true
  grad_accum: 1
  grad_clip: 1.0
  loader_mode: gpu_cached
  num_workers: 0
logging:
  eval_log_interval: 500
  train_log_interval: 500
  info_metrics:
  - loss
  - accuracy
  save_best: true
wandb:
  enabled: true
  project_name: sort_of_clevr
  entity: niks_priv
  tags: []
  run_name: null
optim:
  optimiser: adamw
  lr: 0.0003
  weight_decay: 0.01
  lr_scheduler: warmup_cosine
  lr_scheduler_params:
    warmup_steps: 2000
dataset:
  name: sort_of_clevr
  root: ./data
  dir: sort_of_clevr-seed1-train36000-test1000-img75-obj5-q10-t-1
  seed: 1
  train_size: 36000
  test_size: 1000
  img_size: 75
  obj_size: 5
  nb_questions: 10
  t_subtype: -1
model:
  name: sort_of_clevr_transformer
  patch_emb_dim: 96
  patch_size: 5
  hidden_dim: 128
  n_heads: 4
  n_layers: 4
  ffn_mult: 4
  dropout: 0.0
  pos_enc: learnt_2d
  q_conditioning: film
  share_layer_weights: false
callbacks:
- name: accuracy
- name: qtype_accuracy
- name: subtype_accuracy

[2026-08-16 23:30:34,721][__main__][INFO] - [RANK 0] Full model:
SortOfClevrTransformer(
  (inner): VQATransformer(
    (q_encoder): IdentityQuestionEncoder()
    (encoder): PatchifyEncoder(
      (patchify): Conv2d(3, 96, kernel_size=(5, 5), stride=(5, 5))
    )
    (tok_proj): Linear(in_features=96, out_features=128, bias=True)
    (film_gamma): Linear(in_features=18, out_features=96, bias=True)
    (film_beta): Linear(in_features=18, out_features=96, bias=True)
    (pos_enc): PositionalEncoder2D()
    (transformer): TransformerEncoder(
      (layers): ModuleList(
        (0-3): 4 x TransformerEncoderLayer(
          (self_attn): MultiheadAttention(
            (out_proj): NonDynamicallyQuantizableLinear(in_features=128, out_features=128, bias=True)
          )
          (linear1): Linear(in_features=128, out_features=512, bias=True)
          (dropout): Dropout(p=0.0, inplace=False)
          (linear2): Linear(in_features=512, out_features=128, bias=True)
          (norm1): LayerNorm((128,), eps=1e-05, elementwise_affine=True, bias=True)
          (norm2): LayerNorm((128,), eps=1e-05, elementwise_affine=True, bias=True)
          (dropout1): Dropout(p=0.0, inplace=False)
          (dropout2): Dropout(p=0.0, inplace=False)
        )
      )
    )
    (head): Sequential(
      (0): LayerNorm((128,), eps=1e-05, elementwise_affine=True, bias=True)
      (1): Linear(in_features=128, out_features=128, bias=True)
      (2): GELU(approximate='none')
      (3): Linear(in_features=128, out_features=10, bias=True)
    )
  )
)
[2026-08-16 23:30:48,386][__main__][INFO] - [RANK 0] [ Train | Step: 500    |  loss : 1.3374 | accuracy : 0.4247 | opt_sps : 36.5924  ]
[2026-08-16 23:30:52,274][__main__][INFO] - [RANK 0] [ Eval  | Step: 500    |  loss : 0.8999 | accuracy : 0.4871 | eval_s : 3.8872  ]
[2026-08-16 23:30:57,821][__main__][INFO] - [RANK 0] [ Train | Step: 1000   |  loss : 0.8839 | accuracy : 0.5018 | opt_sps : 52.0569  ]
[2026-08-16 23:30:58,247][__main__][INFO] - [RANK 0] [ Eval  | Step: 1000   |  loss : 0.8710 | accuracy : 0.5215 | eval_s : 0.4245  ]
[2026-08-16 23:31:03,780][__main__][INFO] - [RANK 0] [ Train | Step: 1500   |  loss : 0.8677 | accuracy : 0.5250 | opt_sps : 60.6283  ]
[2026-08-16 23:31:04,209][__main__][INFO] - [RANK 0] [ Eval  | Step: 1500   |  loss : 0.8722 | accuracy : 0.5109 | eval_s : 0.4274  ]
[2026-08-16 23:31:09,737][__main__][INFO] - [RANK 0] [ Train | Step: 2000   |  loss : 0.8633 | accuracy : 0.5314 | opt_sps : 66.0737  ]
[2026-08-16 23:31:10,162][__main__][INFO] - [RANK 0] [ Eval  | Step: 2000   |  loss : 0.8544 | accuracy : 0.5484 | eval_s : 0.4245  ]
[2026-08-16 23:31:15,764][__main__][INFO] - [RANK 0] [ Train | Step: 2500   |  loss : 0.8437 | accuracy : 0.5461 | opt_sps : 69.6974  ]
[2026-08-16 23:31:16,188][__main__][INFO] - [RANK 0] [ Eval  | Step: 2500   |  loss : 0.8354 | accuracy : 0.5577 | eval_s : 0.4228  ]
[2026-08-16 23:31:21,771][__main__][INFO] - [RANK 0] [ Train | Step: 3000   |  loss : 0.7999 | accuracy : 0.5755 | opt_sps : 72.3734  ]
[2026-08-16 23:31:22,196][__main__][INFO] - [RANK 0] [ Eval  | Step: 3000   |  loss : 0.7914 | accuracy : 0.5726 | eval_s : 0.4234  ]
[2026-08-16 23:31:27,844][__main__][INFO] - [RANK 0] [ Train | Step: 3500   |  loss : 0.7689 | accuracy : 0.5894 | opt_sps : 74.3127  ]
[2026-08-16 23:31:28,271][__main__][INFO] - [RANK 0] [ Eval  | Step: 3500   |  loss : 0.7261 | accuracy : 0.6073 | eval_s : 0.4270  ]
[2026-08-16 23:31:33,762][__main__][INFO] - [RANK 0] [ Train | Step: 4000   |  loss : 0.7686 | accuracy : 0.5901 | opt_sps : 76.0636  ]
[2026-08-16 23:31:34,186][__main__][INFO] - [RANK 0] [ Eval  | Step: 4000   |  loss : 0.7258 | accuracy : 0.6094 | eval_s : 0.4235  ]
[2026-08-16 23:31:48,016][__main__][INFO] - [RANK 0] [ Train | Step: 4500   |  loss : 0.7454 | accuracy : 0.6025 | opt_sps : 67.7546  ]
[2026-08-16 23:31:48,440][__main__][INFO] - [RANK 0] [ Eval  | Step: 4500   |  loss : 0.6849 | accuracy : 0.6270 | eval_s : 0.4227  ]
[2026-08-16 23:31:54,218][__main__][INFO] - [RANK 0] [ Train | Step: 5000   |  loss : 0.7311 | accuracy : 0.6094 | opt_sps : 69.2589  ]
[2026-08-16 23:31:54,643][__main__][INFO] - [RANK 0] [ Eval  | Step: 5000   |  loss : 0.6932 | accuracy : 0.6227 | eval_s : 0.4242  ]
[2026-08-16 23:32:00,493][__main__][INFO] - [RANK 0] [ Train | Step: 5500   |  loss : 0.7359 | accuracy : 0.6099 | opt_sps : 70.4745  ]
[2026-08-16 23:32:00,916][__main__][INFO] - [RANK 0] [ Eval  | Step: 5500   |  loss : 0.7835 | accuracy : 0.5744 | eval_s : 0.4220  ]
[2026-08-16 23:32:06,602][__main__][INFO] - [RANK 0] [ Train | Step: 6000   |  loss : 0.7139 | accuracy : 0.6149 | opt_sps : 71.6598  ]
[2026-08-16 23:32:07,030][__main__][INFO] - [RANK 0] [ Eval  | Step: 6000   |  loss : 0.7224 | accuracy : 0.6081 | eval_s : 0.4263  ]
[2026-08-16 23:32:12,808][__main__][INFO] - [RANK 0] [ Train | Step: 6500   |  loss : 0.7137 | accuracy : 0.6158 | opt_sps : 72.6199  ]
[2026-08-16 23:32:13,232][__main__][INFO] - [RANK 0] [ Eval  | Step: 6500   |  loss : 0.6708 | accuracy : 0.6311 | eval_s : 0.4229  ]
[2026-08-16 23:32:18,985][__main__][INFO] - [RANK 0] [ Train | Step: 7000   |  loss : 0.7202 | accuracy : 0.6176 | opt_sps : 73.4838  ]
[2026-08-16 23:32:19,408][__main__][INFO] - [RANK 0] [ Eval  | Step: 7000   |  loss : 0.7139 | accuracy : 0.6158 | eval_s : 0.4224  ]
[2026-08-16 23:32:25,149][__main__][INFO] - [RANK 0] [ Train | Step: 7500   |  loss : 0.7228 | accuracy : 0.6141 | opt_sps : 74.2575  ]
[2026-08-16 23:32:25,574][__main__][INFO] - [RANK 0] [ Eval  | Step: 7500   |  loss : 0.6646 | accuracy : 0.6298 | eval_s : 0.4233  ]
[2026-08-16 23:32:31,325][__main__][INFO] - [RANK 0] [ Train | Step: 8000   |  loss : 0.7003 | accuracy : 0.6223 | opt_sps : 74.9413  ]
[2026-08-16 23:32:31,749][__main__][INFO] - [RANK 0] [ Eval  | Step: 8000   |  loss : 0.7387 | accuracy : 0.6104 | eval_s : 0.4226  ]
[2026-08-16 23:32:37,481][__main__][INFO] - [RANK 0] [ Train | Step: 8500   |  loss : 0.7034 | accuracy : 0.6237 | opt_sps : 75.5670  ]
[2026-08-16 23:32:37,909][__main__][INFO] - [RANK 0] [ Eval  | Step: 8500   |  loss : 0.6474 | accuracy : 0.6456 | eval_s : 0.4269  ]
[2026-08-16 23:32:43,606][__main__][INFO] - [RANK 0] [ Train | Step: 9000   |  loss : 0.6866 | accuracy : 0.6275 | opt_sps : 76.1558  ]
[2026-08-16 23:32:44,030][__main__][INFO] - [RANK 0] [ Eval  | Step: 9000   |  loss : 0.7061 | accuracy : 0.6198 | eval_s : 0.4230  ]
[2026-08-16 23:32:49,775][__main__][INFO] - [RANK 0] [ Train | Step: 9500   |  loss : 0.6800 | accuracy : 0.6363 | opt_sps : 76.6600  ]
[2026-08-16 23:32:50,199][__main__][INFO] - [RANK 0] [ Eval  | Step: 9500   |  loss : 0.6310 | accuracy : 0.6537 | eval_s : 0.4231  ]
[2026-08-16 23:32:55,958][__main__][INFO] - [RANK 0] [ Train | Step: 10000  |  loss : 0.6594 | accuracy : 0.6409 | opt_sps : 77.1119  ]
[2026-08-16 23:32:56,382][__main__][INFO] - [RANK 0] [ Eval  | Step: 10000  |  loss : 0.6338 | accuracy : 0.6499 | eval_s : 0.4231  ]
[2026-08-16 23:33:02,134][__main__][INFO] - [RANK 0] [ Train | Step: 10500  |  loss : 0.6484 | accuracy : 0.6478 | opt_sps : 77.5291  ]
[2026-08-16 23:33:02,558][__main__][INFO] - [RANK 0] [ Eval  | Step: 10500  |  loss : 0.6201 | accuracy : 0.6611 | eval_s : 0.4232  ]
[2026-08-16 23:33:08,219][__main__][INFO] - [RANK 0] [ Train | Step: 11000  |  loss : 0.6461 | accuracy : 0.6520 | opt_sps : 77.9629  ]
[2026-08-16 23:33:08,648][__main__][INFO] - [RANK 0] [ Eval  | Step: 11000  |  loss : 0.6085 | accuracy : 0.6779 | eval_s : 0.4279  ]
[2026-08-16 23:33:14,372][__main__][INFO] - [RANK 0] [ Train | Step: 11500  |  loss : 0.6023 | accuracy : 0.6945 | opt_sps : 78.3293  ]
[2026-08-16 23:33:14,796][__main__][INFO] - [RANK 0] [ Eval  | Step: 11500  |  loss : 0.5335 | accuracy : 0.7342 | eval_s : 0.4228  ]
[2026-08-16 23:33:20,537][__main__][INFO] - [RANK 0] [ Train | Step: 12000  |  loss : 0.5141 | accuracy : 0.7471 | opt_sps : 78.6597  ]
[2026-08-16 23:33:20,962][__main__][INFO] - [RANK 0] [ Eval  | Step: 12000  |  loss : 0.4977 | accuracy : 0.7596 | eval_s : 0.4235  ]
[2026-08-16 23:33:26,751][__main__][INFO] - [RANK 0] [ Train | Step: 12500  |  loss : 0.4874 | accuracy : 0.7618 | opt_sps : 78.9421  ]
[2026-08-16 23:33:27,175][__main__][INFO] - [RANK 0] [ Eval  | Step: 12500  |  loss : 0.4688 | accuracy : 0.7675 | eval_s : 0.4228  ]
[2026-08-16 23:33:33,025][__main__][INFO] - [RANK 0] [ Train | Step: 13000  |  loss : 0.4766 | accuracy : 0.7665 | opt_sps : 79.1754  ]
[2026-08-16 23:33:33,455][__main__][INFO] - [RANK 0] [ Eval  | Step: 13000  |  loss : 0.4605 | accuracy : 0.7721 | eval_s : 0.4295  ]
[2026-08-16 23:33:39,166][__main__][INFO] - [RANK 0] [ Train | Step: 13500  |  loss : 0.4720 | accuracy : 0.7669 | opt_sps : 79.4576  ]
[2026-08-16 23:33:39,595][__main__][INFO] - [RANK 0] [ Eval  | Step: 13500  |  loss : 0.5577 | accuracy : 0.7403 | eval_s : 0.4274  ]
[2026-08-16 23:33:45,369][__main__][INFO] - [RANK 0] [ Train | Step: 14000  |  loss : 0.4764 | accuracy : 0.7631 | opt_sps : 79.6917  ]
[2026-08-16 23:33:45,793][__main__][INFO] - [RANK 0] [ Eval  | Step: 14000  |  loss : 0.4606 | accuracy : 0.7680 | eval_s : 0.4229  ]
[2026-08-16 23:33:51,566][__main__][INFO] - [RANK 0] [ Train | Step: 14500  |  loss : 0.4683 | accuracy : 0.7685 | opt_sps : 79.9119  ]
[2026-08-16 23:33:51,991][__main__][INFO] - [RANK 0] [ Eval  | Step: 14500  |  loss : 0.4595 | accuracy : 0.7720 | eval_s : 0.4237  ]
[2026-08-16 23:33:57,766][__main__][INFO] - [RANK 0] [ Train | Step: 15000  |  loss : 0.4685 | accuracy : 0.7667 | opt_sps : 80.1179  ]
[2026-08-16 23:33:58,190][__main__][INFO] - [RANK 0] [ Eval  | Step: 15000  |  loss : 0.4625 | accuracy : 0.7655 | eval_s : 0.4227  ]
[2026-08-16 23:34:03,997][__main__][INFO] - [RANK 0] [ Train | Step: 15500  |  loss : 0.4621 | accuracy : 0.7689 | opt_sps : 80.2979  ]
[2026-08-16 23:34:04,423][__main__][INFO] - [RANK 0] [ Eval  | Step: 15500  |  loss : 0.4581 | accuracy : 0.7686 | eval_s : 0.4253  ]
[2026-08-16 23:34:10,104][__main__][INFO] - [RANK 0] [ Train | Step: 16000  |  loss : 0.4598 | accuracy : 0.7694 | opt_sps : 80.5191  ]
[2026-08-16 23:34:10,528][__main__][INFO] - [RANK 0] [ Eval  | Step: 16000  |  loss : 0.4658 | accuracy : 0.7686 | eval_s : 0.4233  ]
[2026-08-16 23:34:16,388][__main__][INFO] - [RANK 0] [ Train | Step: 16500  |  loss : 0.4610 | accuracy : 0.7696 | opt_sps : 80.6570  ]
[2026-08-16 23:34:16,812][__main__][INFO] - [RANK 0] [ Eval  | Step: 16500  |  loss : 0.4599 | accuracy : 0.7668 | eval_s : 0.4239  ]
[2026-08-16 23:34:22,593][__main__][INFO] - [RANK 0] [ Train | Step: 17000  |  loss : 0.4585 | accuracy : 0.7709 | opt_sps : 80.8176  ]
[2026-08-16 23:34:23,016][__main__][INFO] - [RANK 0] [ Eval  | Step: 17000  |  loss : 0.4620 | accuracy : 0.7677 | eval_s : 0.4227  ]
[2026-08-16 23:34:28,804][__main__][INFO] - [RANK 0] [ Train | Step: 17500  |  loss : 0.4555 | accuracy : 0.7712 | opt_sps : 80.9668  ]
[2026-08-16 23:34:29,228][__main__][INFO] - [RANK 0] [ Eval  | Step: 17500  |  loss : 0.4571 | accuracy : 0.7721 | eval_s : 0.4232  ]
[2026-08-16 23:34:35,088][__main__][INFO] - [RANK 0] [ Train | Step: 18000  |  loss : 0.4597 | accuracy : 0.7710 | opt_sps : 81.0826  ]
[2026-08-16 23:34:35,518][__main__][INFO] - [RANK 0] [ Eval  | Step: 18000  |  loss : 0.4630 | accuracy : 0.7653 | eval_s : 0.4291  ]
[2026-08-16 23:34:41,201][__main__][INFO] - [RANK 0] [ Train | Step: 18500  |  loss : 0.4549 | accuracy : 0.7720 | opt_sps : 81.2548  ]
[2026-08-16 23:34:41,624][__main__][INFO] - [RANK 0] [ Eval  | Step: 18500  |  loss : 0.4609 | accuracy : 0.7706 | eval_s : 0.4224  ]
[2026-08-16 23:34:47,375][__main__][INFO] - [RANK 0] [ Train | Step: 19000  |  loss : 0.4563 | accuracy : 0.7733 | opt_sps : 81.3949  ]
[2026-08-16 23:34:47,800][__main__][INFO] - [RANK 0] [ Eval  | Step: 19000  |  loss : 0.4573 | accuracy : 0.7717 | eval_s : 0.4239  ]
[2026-08-16 23:34:53,549][__main__][INFO] - [RANK 0] [ Train | Step: 19500  |  loss : 0.4521 | accuracy : 0.7746 | opt_sps : 81.5288  ]
[2026-08-16 23:34:53,974][__main__][INFO] - [RANK 0] [ Eval  | Step: 19500  |  loss : 0.4585 | accuracy : 0.7710 | eval_s : 0.4235  ]
[2026-08-16 23:34:59,749][__main__][INFO] - [RANK 0] [ Train | Step: 20000  |  loss : 0.4504 | accuracy : 0.7752 | opt_sps : 81.6476  ]
[2026-08-16 23:35:00,173][__main__][INFO] - [RANK 0] [ Eval  | Step: 20000  |  loss : 0.4569 | accuracy : 0.7712 | eval_s : 0.4223  ]
[2026-08-16 23:35:05,812][__main__][INFO] - [RANK 0] [ Train | Step: 20500  |  loss : 0.4522 | accuracy : 0.7742 | opt_sps : 81.8058  ]
[2026-08-16 23:35:06,240][__main__][INFO] - [RANK 0] [ Eval  | Step: 20500  |  loss : 0.4513 | accuracy : 0.7719 | eval_s : 0.4266  ]
[2026-08-16 23:35:11,998][__main__][INFO] - [RANK 0] [ Train | Step: 21000  |  loss : 0.4508 | accuracy : 0.7757 | opt_sps : 81.9190  ]
[2026-08-16 23:35:12,423][__main__][INFO] - [RANK 0] [ Eval  | Step: 21000  |  loss : 0.4533 | accuracy : 0.7713 | eval_s : 0.4233  ]
[2026-08-16 23:35:18,185][__main__][INFO] - [RANK 0] [ Train | Step: 21500  |  loss : 0.4484 | accuracy : 0.7767 | opt_sps : 82.0256  ]
[2026-08-16 23:35:18,612][__main__][INFO] - [RANK 0] [ Eval  | Step: 21500  |  loss : 0.4565 | accuracy : 0.7731 | eval_s : 0.4263  ]
[2026-08-16 23:35:24,402][__main__][INFO] - [RANK 0] [ Train | Step: 22000  |  loss : 0.4436 | accuracy : 0.7798 | opt_sps : 82.1193  ]
[2026-08-16 23:35:24,826][__main__][INFO] - [RANK 0] [ Eval  | Step: 22000  |  loss : 0.4514 | accuracy : 0.7709 | eval_s : 0.4225  ]
[2026-08-16 23:35:30,572][__main__][INFO] - [RANK 0] [ Train | Step: 22500  |  loss : 0.4470 | accuracy : 0.7769 | opt_sps : 82.2221  ]
[2026-08-16 23:35:31,000][__main__][INFO] - [RANK 0] [ Eval  | Step: 22500  |  loss : 0.4477 | accuracy : 0.7732 | eval_s : 0.4270  ]
[2026-08-16 23:35:36,642][__main__][INFO] - [RANK 0] [ Train | Step: 23000  |  loss : 0.4443 | accuracy : 0.7791 | opt_sps : 82.3516  ]
[2026-08-16 23:35:37,067][__main__][INFO] - [RANK 0] [ Eval  | Step: 23000  |  loss : 0.4510 | accuracy : 0.7722 | eval_s : 0.4237  ]
[2026-08-16 23:35:42,829][__main__][INFO] - [RANK 0] [ Train | Step: 23500  |  loss : 0.4427 | accuracy : 0.7804 | opt_sps : 82.4410  ]
[2026-08-16 23:35:43,253][__main__][INFO] - [RANK 0] [ Eval  | Step: 23500  |  loss : 0.4456 | accuracy : 0.7790 | eval_s : 0.4229  ]
[2026-08-16 23:35:48,972][__main__][INFO] - [RANK 0] [ Train | Step: 24000  |  loss : 0.4389 | accuracy : 0.7844 | opt_sps : 82.5394  ]
[2026-08-16 23:35:49,395][__main__][INFO] - [RANK 0] [ Eval  | Step: 24000  |  loss : 0.4400 | accuracy : 0.7836 | eval_s : 0.4227  ]
[2026-08-16 23:35:55,219][__main__][INFO] - [RANK 0] [ Train | Step: 24500  |  loss : 0.4355 | accuracy : 0.7866 | opt_sps : 82.6050  ]
[2026-08-16 23:35:55,646][__main__][INFO] - [RANK 0] [ Eval  | Step: 24500  |  loss : 0.4435 | accuracy : 0.7825 | eval_s : 0.4259  ]
[2026-08-16 23:36:01,402][__main__][INFO] - [RANK 0] [ Train | Step: 25000  |  loss : 0.4368 | accuracy : 0.7845 | opt_sps : 82.6862  ]
[2026-08-16 23:36:01,829][__main__][INFO] - [RANK 0] [ Eval  | Step: 25000  |  loss : 0.4443 | accuracy : 0.7831 | eval_s : 0.4269  ]
[2026-08-16 23:36:07,604][__main__][INFO] - [RANK 0] [ Train | Step: 25500  |  loss : 0.4365 | accuracy : 0.7853 | opt_sps : 82.7593  ]
[2026-08-16 23:36:08,034][__main__][INFO] - [RANK 0] [ Eval  | Step: 25500  |  loss : 0.4369 | accuracy : 0.7843 | eval_s : 0.4290  ]
[2026-08-16 23:36:13,807][__main__][INFO] - [RANK 0] [ Train | Step: 26000  |  loss : 0.4350 | accuracy : 0.7861 | opt_sps : 82.8303  ]
[2026-08-16 23:36:14,231][__main__][INFO] - [RANK 0] [ Eval  | Step: 26000  |  loss : 0.4384 | accuracy : 0.7856 | eval_s : 0.4229  ]
[2026-08-16 23:36:20,069][__main__][INFO] - [RANK 0] [ Train | Step: 26500  |  loss : 0.4353 | accuracy : 0.7867 | opt_sps : 82.8818  ]
[2026-08-16 23:36:20,493][__main__][INFO] - [RANK 0] [ Eval  | Step: 26500  |  loss : 0.4380 | accuracy : 0.7843 | eval_s : 0.4235  ]
[2026-08-16 23:36:26,270][__main__][INFO] - [RANK 0] [ Train | Step: 27000  |  loss : 0.4299 | accuracy : 0.7891 | opt_sps : 82.9470  ]
[2026-08-16 23:36:26,694][__main__][INFO] - [RANK 0] [ Eval  | Step: 27000  |  loss : 0.4437 | accuracy : 0.7821 | eval_s : 0.4233  ]
[2026-08-16 23:36:32,373][__main__][INFO] - [RANK 0] [ Train | Step: 27500  |  loss : 0.4274 | accuracy : 0.7901 | opt_sps : 83.0343  ]
[2026-08-16 23:36:32,804][__main__][INFO] - [RANK 0] [ Eval  | Step: 27500  |  loss : 0.4255 | accuracy : 0.7926 | eval_s : 0.4295  ]
[2026-08-16 23:36:38,570][__main__][INFO] - [RANK 0] [ Train | Step: 28000  |  loss : 0.4184 | accuracy : 0.7956 | opt_sps : 83.0978  ]
[2026-08-16 23:36:38,994][__main__][INFO] - [RANK 0] [ Eval  | Step: 28000  |  loss : 0.4106 | accuracy : 0.7999 | eval_s : 0.4237  ]
[2026-08-16 23:36:44,786][__main__][INFO] - [RANK 0] [ Train | Step: 28500  |  loss : 0.4041 | accuracy : 0.8040 | opt_sps : 83.1528  ]
[2026-08-16 23:36:45,209][__main__][INFO] - [RANK 0] [ Eval  | Step: 28500  |  loss : 0.3937 | accuracy : 0.8140 | eval_s : 0.4224  ]
[2026-08-16 23:36:50,958][__main__][INFO] - [RANK 0] [ Train | Step: 29000  |  loss : 0.3817 | accuracy : 0.8173 | opt_sps : 83.2160  ]
[2026-08-16 23:36:51,382][__main__][INFO] - [RANK 0] [ Eval  | Step: 29000  |  loss : 0.3779 | accuracy : 0.8199 | eval_s : 0.4228  ]
[2026-08-16 23:36:57,200][__main__][INFO] - [RANK 0] [ Train | Step: 29500  |  loss : 0.3673 | accuracy : 0.8238 | opt_sps : 83.2610  ]
[2026-08-16 23:36:57,624][__main__][INFO] - [RANK 0] [ Eval  | Step: 29500  |  loss : 0.3659 | accuracy : 0.8260 | eval_s : 0.4235  ]
[2026-08-16 23:37:03,318][__main__][INFO] - [RANK 0] [ Train | Step: 30000  |  loss : 0.3616 | accuracy : 0.8265 | opt_sps : 83.3333  ]
[2026-08-16 23:37:03,748][__main__][INFO] - [RANK 0] [ Eval  | Step: 30000  |  loss : 0.3631 | accuracy : 0.8267 | eval_s : 0.4283  ]
[2026-08-16 23:37:09,477][__main__][INFO] - [RANK 0] [ Train | Step: 30500  |  loss : 0.3567 | accuracy : 0.8294 | opt_sps : 83.3953  ]
[2026-08-16 23:37:09,901][__main__][INFO] - [RANK 0] [ Eval  | Step: 30500  |  loss : 0.3599 | accuracy : 0.8247 | eval_s : 0.4229  ]
[2026-08-16 23:37:15,673][__main__][INFO] - [RANK 0] [ Train | Step: 31000  |  loss : 0.3532 | accuracy : 0.8312 | opt_sps : 83.4457  ]
[2026-08-16 23:37:16,098][__main__][INFO] - [RANK 0] [ Eval  | Step: 31000  |  loss : 0.3564 | accuracy : 0.8310 | eval_s : 0.4239  ]
[2026-08-16 23:37:21,878][__main__][INFO] - [RANK 0] [ Train | Step: 31500  |  loss : 0.3539 | accuracy : 0.8305 | opt_sps : 83.4929  ]
[2026-08-16 23:37:22,302][__main__][INFO] - [RANK 0] [ Eval  | Step: 31500  |  loss : 0.3555 | accuracy : 0.8299 | eval_s : 0.4228  ]
[2026-08-16 23:37:28,043][__main__][INFO] - [RANK 0] [ Train | Step: 32000  |  loss : 0.3508 | accuracy : 0.8334 | opt_sps : 83.5471  ]
[2026-08-16 23:37:28,474][__main__][INFO] - [RANK 0] [ Eval  | Step: 32000  |  loss : 0.3550 | accuracy : 0.8297 | eval_s : 0.4302  ]
[2026-08-16 23:37:34,177][__main__][INFO] - [RANK 0] [ Train | Step: 32500  |  loss : 0.3492 | accuracy : 0.8333 | opt_sps : 83.6079  ]
[2026-08-16 23:37:34,605][__main__][INFO] - [RANK 0] [ Eval  | Step: 32500  |  loss : 0.3523 | accuracy : 0.8342 | eval_s : 0.4266  ]
[2026-08-16 23:37:40,324][__main__][INFO] - [RANK 0] [ Train | Step: 33000  |  loss : 0.3473 | accuracy : 0.8358 | opt_sps : 83.6636  ]
[2026-08-16 23:37:40,748][__main__][INFO] - [RANK 0] [ Eval  | Step: 33000  |  loss : 0.3560 | accuracy : 0.8333 | eval_s : 0.4228  ]
[2026-08-16 23:37:46,506][__main__][INFO] - [RANK 0] [ Train | Step: 33500  |  loss : 0.3440 | accuracy : 0.8377 | opt_sps : 83.7090  ]
[2026-08-16 23:37:46,931][__main__][INFO] - [RANK 0] [ Eval  | Step: 33500  |  loss : 0.3478 | accuracy : 0.8333 | eval_s : 0.4234  ]
[2026-08-16 23:37:52,678][__main__][INFO] - [RANK 0] [ Train | Step: 34000  |  loss : 0.3416 | accuracy : 0.8389 | opt_sps : 83.7559  ]
[2026-08-16 23:37:53,102][__main__][INFO] - [RANK 0] [ Eval  | Step: 34000  |  loss : 0.3456 | accuracy : 0.8386 | eval_s : 0.4228  ]
[2026-08-16 23:37:58,821][__main__][INFO] - [RANK 0] [ Train | Step: 34500  |  loss : 0.3380 | accuracy : 0.8429 | opt_sps : 83.8070  ]
[2026-08-16 23:37:59,248][__main__][INFO] - [RANK 0] [ Eval  | Step: 34500  |  loss : 0.3450 | accuracy : 0.8367 | eval_s : 0.4253  ]
[2026-08-16 23:38:04,962][__main__][INFO] - [RANK 0] [ Train | Step: 35000  |  loss : 0.3374 | accuracy : 0.8420 | opt_sps : 83.8579  ]
[2026-08-16 23:38:05,385][__main__][INFO] - [RANK 0] [ Eval  | Step: 35000  |  loss : 0.3397 | accuracy : 0.8370 | eval_s : 0.4226  ]
[2026-08-16 23:38:11,177][__main__][INFO] - [RANK 0] [ Train | Step: 35500  |  loss : 0.3304 | accuracy : 0.8438 | opt_sps : 83.8919  ]
[2026-08-16 23:38:11,602][__main__][INFO] - [RANK 0] [ Eval  | Step: 35500  |  loss : 0.3441 | accuracy : 0.8389 | eval_s : 0.4236  ]
[2026-08-16 23:38:17,338][__main__][INFO] - [RANK 0] [ Train | Step: 36000  |  loss : 0.3173 | accuracy : 0.8481 | opt_sps : 83.9357  ]
[2026-08-16 23:38:17,761][__main__][INFO] - [RANK 0] [ Eval  | Step: 36000  |  loss : 0.3151 | accuracy : 0.8479 | eval_s : 0.4224  ]
[2026-08-16 23:38:23,476][__main__][INFO] - [RANK 0] [ Train | Step: 36500  |  loss : 0.3114 | accuracy : 0.8503 | opt_sps : 83.9827  ]
[2026-08-16 23:38:23,900][__main__][INFO] - [RANK 0] [ Eval  | Step: 36500  |  loss : 0.3091 | accuracy : 0.8504 | eval_s : 0.4232  ]
[2026-08-16 23:38:29,565][__main__][INFO] - [RANK 0] [ Train | Step: 37000  |  loss : 0.3057 | accuracy : 0.8543 | opt_sps : 84.0381  ]
[2026-08-16 23:38:29,995][__main__][INFO] - [RANK 0] [ Eval  | Step: 37000  |  loss : 0.3096 | accuracy : 0.8487 | eval_s : 0.4299  ]
[2026-08-16 23:38:35,716][__main__][INFO] - [RANK 0] [ Train | Step: 37500  |  loss : 0.3041 | accuracy : 0.8561 | opt_sps : 84.0813  ]
[2026-08-16 23:38:36,148][__main__][INFO] - [RANK 0] [ Eval  | Step: 37500  |  loss : 0.3050 | accuracy : 0.8534 | eval_s : 0.4312  ]
[2026-08-16 23:38:41,973][__main__][INFO] - [RANK 0] [ Train | Step: 38000  |  loss : 0.3010 | accuracy : 0.8577 | opt_sps : 84.1041  ]
[2026-08-16 23:38:42,397][__main__][INFO] - [RANK 0] [ Eval  | Step: 38000  |  loss : 0.3048 | accuracy : 0.8525 | eval_s : 0.4227  ]
[2026-08-16 23:38:48,156][__main__][INFO] - [RANK 0] [ Train | Step: 38500  |  loss : 0.2953 | accuracy : 0.8615 | opt_sps : 84.1386  ]
[2026-08-16 23:38:48,579][__main__][INFO] - [RANK 0] [ Eval  | Step: 38500  |  loss : 0.2959 | accuracy : 0.8594 | eval_s : 0.4226  ]
[2026-08-16 23:38:54,332][__main__][INFO] - [RANK 0] [ Train | Step: 39000  |  loss : 0.2937 | accuracy : 0.8613 | opt_sps : 84.1734  ]
[2026-08-16 23:38:54,755][__main__][INFO] - [RANK 0] [ Eval  | Step: 39000  |  loss : 0.2934 | accuracy : 0.8599 | eval_s : 0.4224  ]
[2026-08-16 23:39:00,425][__main__][INFO] - [RANK 0] [ Train | Step: 39500  |  loss : 0.2911 | accuracy : 0.8625 | opt_sps : 84.2220  ]
[2026-08-16 23:39:00,854][__main__][INFO] - [RANK 0] [ Eval  | Step: 39500  |  loss : 0.2842 | accuracy : 0.8629 | eval_s : 0.4275  ]
[2026-08-16 23:39:06,586][__main__][INFO] - [RANK 0] [ Train | Step: 40000  |  loss : 0.2848 | accuracy : 0.8641 | opt_sps : 84.2585  ]
[2026-08-16 23:39:07,011][__main__][INFO] - [RANK 0] [ Eval  | Step: 40000  |  loss : 0.2855 | accuracy : 0.8627 | eval_s : 0.4234  ]
[2026-08-16 23:39:12,802][__main__][INFO] - [RANK 0] [ Train | Step: 40500  |  loss : 0.2784 | accuracy : 0.8679 | opt_sps : 84.2835  ]
[2026-08-16 23:39:13,226][__main__][INFO] - [RANK 0] [ Eval  | Step: 40500  |  loss : 0.2856 | accuracy : 0.8628 | eval_s : 0.4232  ]
[2026-08-16 23:39:19,047][__main__][INFO] - [RANK 0] [ Train | Step: 41000  |  loss : 0.2787 | accuracy : 0.8678 | opt_sps : 84.3029  ]
[2026-08-16 23:39:19,471][__main__][INFO] - [RANK 0] [ Eval  | Step: 41000  |  loss : 0.2771 | accuracy : 0.8686 | eval_s : 0.4236  ]
[2026-08-16 23:39:25,243][__main__][INFO] - [RANK 0] [ Train | Step: 41500  |  loss : 0.2728 | accuracy : 0.8718 | opt_sps : 84.3304  ]
[2026-08-16 23:39:25,673][__main__][INFO] - [RANK 0] [ Eval  | Step: 41500  |  loss : 0.2771 | accuracy : 0.8661 | eval_s : 0.4285  ]
[2026-08-16 23:39:31,323][__main__][INFO] - [RANK 0] [ Train | Step: 42000  |  loss : 0.2680 | accuracy : 0.8730 | opt_sps : 84.3778  ]
[2026-08-16 23:39:31,751][__main__][INFO] - [RANK 0] [ Eval  | Step: 42000  |  loss : 0.2693 | accuracy : 0.8710 | eval_s : 0.4266  ]
[2026-08-16 23:39:37,485][__main__][INFO] - [RANK 0] [ Train | Step: 42500  |  loss : 0.2667 | accuracy : 0.8751 | opt_sps : 84.4100  ]
[2026-08-16 23:39:37,910][__main__][INFO] - [RANK 0] [ Eval  | Step: 42500  |  loss : 0.2735 | accuracy : 0.8708 | eval_s : 0.4241  ]
[2026-08-16 23:39:43,649][__main__][INFO] - [RANK 0] [ Train | Step: 43000  |  loss : 0.2636 | accuracy : 0.8766 | opt_sps : 84.4406  ]
[2026-08-16 23:39:44,073][__main__][INFO] - [RANK 0] [ Eval  | Step: 43000  |  loss : 0.2681 | accuracy : 0.8736 | eval_s : 0.4222  ]
[2026-08-16 23:39:49,831][__main__][INFO] - [RANK 0] [ Train | Step: 43500  |  loss : 0.2593 | accuracy : 0.8769 | opt_sps : 84.4681  ]
[2026-08-16 23:39:50,255][__main__][INFO] - [RANK 0] [ Eval  | Step: 43500  |  loss : 0.2654 | accuracy : 0.8737 | eval_s : 0.4228  ]
[2026-08-16 23:39:55,949][__main__][INFO] - [RANK 0] [ Train | Step: 44000  |  loss : 0.2549 | accuracy : 0.8798 | opt_sps : 84.5048  ]
[2026-08-16 23:39:56,379][__main__][INFO] - [RANK 0] [ Eval  | Step: 44000  |  loss : 0.2583 | accuracy : 0.8763 | eval_s : 0.4284  ]
[2026-08-16 23:40:02,079][__main__][INFO] - [RANK 0] [ Train | Step: 44500  |  loss : 0.2553 | accuracy : 0.8810 | opt_sps : 84.5398  ]
[2026-08-16 23:40:02,503][__main__][INFO] - [RANK 0] [ Eval  | Step: 44500  |  loss : 0.2584 | accuracy : 0.8791 | eval_s : 0.4231  ]
[2026-08-16 23:40:08,235][__main__][INFO] - [RANK 0] [ Train | Step: 45000  |  loss : 0.2486 | accuracy : 0.8838 | opt_sps : 84.5688  ]
[2026-08-16 23:40:08,659][__main__][INFO] - [RANK 0] [ Eval  | Step: 45000  |  loss : 0.2610 | accuracy : 0.8783 | eval_s : 0.4228  ]
[2026-08-16 23:40:14,482][__main__][INFO] - [RANK 0] [ Train | Step: 45500  |  loss : 0.2512 | accuracy : 0.8822 | opt_sps : 84.5828  ]
[2026-08-16 23:40:14,908][__main__][INFO] - [RANK 0] [ Eval  | Step: 45500  |  loss : 0.2493 | accuracy : 0.8826 | eval_s : 0.4251  ]
[2026-08-16 23:40:20,713][__main__][INFO] - [RANK 0] [ Train | Step: 46000  |  loss : 0.2469 | accuracy : 0.8843 | opt_sps : 84.5995  ]
[2026-08-16 23:40:21,138][__main__][INFO] - [RANK 0] [ Eval  | Step: 46000  |  loss : 0.2481 | accuracy : 0.8815 | eval_s : 0.4234  ]
[2026-08-16 23:40:26,819][__main__][INFO] - [RANK 0] [ Train | Step: 46500  |  loss : 0.2433 | accuracy : 0.8852 | opt_sps : 84.6350  ]
[2026-08-16 23:40:27,248][__main__][INFO] - [RANK 0] [ Eval  | Step: 46500  |  loss : 0.2536 | accuracy : 0.8792 | eval_s : 0.4280  ]
[2026-08-16 23:40:32,990][__main__][INFO] - [RANK 0] [ Train | Step: 47000  |  loss : 0.2408 | accuracy : 0.8874 | opt_sps : 84.6602  ]
[2026-08-16 23:40:33,413][__main__][INFO] - [RANK 0] [ Eval  | Step: 47000  |  loss : 0.2484 | accuracy : 0.8831 | eval_s : 0.4223  ]
[2026-08-16 23:40:39,194][__main__][INFO] - [RANK 0] [ Train | Step: 47500  |  loss : 0.2407 | accuracy : 0.8878 | opt_sps : 84.6790  ]
[2026-08-16 23:40:39,621][__main__][INFO] - [RANK 0] [ Eval  | Step: 47500  |  loss : 0.2404 | accuracy : 0.8861 | eval_s : 0.4259  ]
[2026-08-16 23:40:45,479][__main__][INFO] - [RANK 0] [ Train | Step: 48000  |  loss : 0.2335 | accuracy : 0.8914 | opt_sps : 84.6862  ]
[2026-08-16 23:40:45,903][__main__][INFO] - [RANK 0] [ Eval  | Step: 48000  |  loss : 0.2436 | accuracy : 0.8845 | eval_s : 0.4231  ]
[2026-08-16 23:40:51,683][__main__][INFO] - [RANK 0] [ Train | Step: 48500  |  loss : 0.2314 | accuracy : 0.8914 | opt_sps : 84.7047  ]
[2026-08-16 23:40:52,107][__main__][INFO] - [RANK 0] [ Eval  | Step: 48500  |  loss : 0.2352 | accuracy : 0.8894 | eval_s : 0.4236  ]
[2026-08-16 23:40:57,767][__main__][INFO] - [RANK 0] [ Train | Step: 49000  |  loss : 0.2347 | accuracy : 0.8910 | opt_sps : 84.7405  ]
[2026-08-16 23:40:58,196][__main__][INFO] - [RANK 0] [ Eval  | Step: 49000  |  loss : 0.2423 | accuracy : 0.8856 | eval_s : 0.4279  ]
[2026-08-16 23:41:03,915][__main__][INFO] - [RANK 0] [ Train | Step: 49500  |  loss : 0.2284 | accuracy : 0.8937 | opt_sps : 84.7667  ]
[2026-08-16 23:41:04,339][__main__][INFO] - [RANK 0] [ Eval  | Step: 49500  |  loss : 0.2329 | accuracy : 0.8903 | eval_s : 0.4230  ]
[2026-08-16 23:41:10,127][__main__][INFO] - [RANK 0] [ Train | Step: 50000  |  loss : 0.2279 | accuracy : 0.8944 | opt_sps : 84.7828  ]
[2026-08-16 23:41:10,551][__main__][INFO] - [RANK 0] [ Eval  | Step: 50000  |  loss : 0.2381 | accuracy : 0.8887 | eval_s : 0.4234  ]
[2026-08-16 23:41:16,294][__main__][INFO] - [RANK 0] [ Train | Step: 50500  |  loss : 0.2267 | accuracy : 0.8943 | opt_sps : 84.8048  ]
[2026-08-16 23:41:16,718][__main__][INFO] - [RANK 0] [ Eval  | Step: 50500  |  loss : 0.2321 | accuracy : 0.8913 | eval_s : 0.4225  ]
[2026-08-16 23:41:22,431][__main__][INFO] - [RANK 0] [ Train | Step: 51000  |  loss : 0.2206 | accuracy : 0.8972 | opt_sps : 84.8307  ]
[2026-08-16 23:41:22,859][__main__][INFO] - [RANK 0] [ Eval  | Step: 51000  |  loss : 0.2288 | accuracy : 0.8940 | eval_s : 0.4267  ]
[2026-08-16 23:41:28,498][__main__][INFO] - [RANK 0] [ Train | Step: 51500  |  loss : 0.2185 | accuracy : 0.8989 | opt_sps : 84.8666  ]
[2026-08-16 23:41:28,921][__main__][INFO] - [RANK 0] [ Eval  | Step: 51500  |  loss : 0.2314 | accuracy : 0.8926 | eval_s : 0.4223  ]
[2026-08-16 23:41:34,701][__main__][INFO] - [RANK 0] [ Train | Step: 52000  |  loss : 0.2213 | accuracy : 0.8984 | opt_sps : 84.8820  ]
[2026-08-16 23:41:35,125][__main__][INFO] - [RANK 0] [ Eval  | Step: 52000  |  loss : 0.2283 | accuracy : 0.8924 | eval_s : 0.4225  ]
[2026-08-16 23:41:40,874][__main__][INFO] - [RANK 0] [ Train | Step: 52500  |  loss : 0.2193 | accuracy : 0.8977 | opt_sps : 84.9015  ]
[2026-08-16 23:41:41,298][__main__][INFO] - [RANK 0] [ Eval  | Step: 52500  |  loss : 0.2269 | accuracy : 0.8932 | eval_s : 0.4230  ]
[2026-08-16 23:41:47,072][__main__][INFO] - [RANK 0] [ Train | Step: 53000  |  loss : 0.2163 | accuracy : 0.8998 | opt_sps : 84.9174  ]
[2026-08-16 23:41:47,496][__main__][INFO] - [RANK 0] [ Eval  | Step: 53000  |  loss : 0.2223 | accuracy : 0.8957 | eval_s : 0.4233  ]
[2026-08-16 23:41:53,192][__main__][INFO] - [RANK 0] [ Train | Step: 53500  |  loss : 0.2143 | accuracy : 0.9013 | opt_sps : 84.9434  ]
[2026-08-16 23:41:53,622][__main__][INFO] - [RANK 0] [ Eval  | Step: 53500  |  loss : 0.2231 | accuracy : 0.8956 | eval_s : 0.4283  ]
[2026-08-16 23:41:59,297][__main__][INFO] - [RANK 0] [ Train | Step: 54000  |  loss : 0.2139 | accuracy : 0.9012 | opt_sps : 84.9716  ]
[2026-08-16 23:41:59,721][__main__][INFO] - [RANK 0] [ Eval  | Step: 54000  |  loss : 0.2154 | accuracy : 0.8991 | eval_s : 0.4225  ]
[2026-08-16 23:42:05,469][__main__][INFO] - [RANK 0] [ Train | Step: 54500  |  loss : 0.2114 | accuracy : 0.9027 | opt_sps : 84.9898  ]
[2026-08-16 23:42:05,892][__main__][INFO] - [RANK 0] [ Eval  | Step: 54500  |  loss : 0.2159 | accuracy : 0.8992 | eval_s : 0.4223  ]
[2026-08-16 23:42:11,672][__main__][INFO] - [RANK 0] [ Train | Step: 55000  |  loss : 0.2057 | accuracy : 0.9052 | opt_sps : 85.0033  ]
[2026-08-16 23:42:12,097][__main__][INFO] - [RANK 0] [ Eval  | Step: 55000  |  loss : 0.2111 | accuracy : 0.9022 | eval_s : 0.4233  ]
[2026-08-16 23:42:17,920][__main__][INFO] - [RANK 0] [ Train | Step: 55500  |  loss : 0.2036 | accuracy : 0.9075 | opt_sps : 85.0112  ]
[2026-08-16 23:42:18,347][__main__][INFO] - [RANK 0] [ Eval  | Step: 55500  |  loss : 0.2194 | accuracy : 0.8973 | eval_s : 0.4265  ]
[2026-08-16 23:42:24,085][__main__][INFO] - [RANK 0] [ Train | Step: 56000  |  loss : 0.2034 | accuracy : 0.9068 | opt_sps : 85.0297  ]
[2026-08-16 23:42:24,513][__main__][INFO] - [RANK 0] [ Eval  | Step: 56000  |  loss : 0.2101 | accuracy : 0.9020 | eval_s : 0.4268  ]
[2026-08-16 23:42:30,226][__main__][INFO] - [RANK 0] [ Train | Step: 56500  |  loss : 0.2004 | accuracy : 0.9083 | opt_sps : 85.0514  ]
[2026-08-16 23:42:30,649][__main__][INFO] - [RANK 0] [ Eval  | Step: 56500  |  loss : 0.2058 | accuracy : 0.9056 | eval_s : 0.4224  ]
[2026-08-16 23:42:36,387][__main__][INFO] - [RANK 0] [ Train | Step: 57000  |  loss : 0.2004 | accuracy : 0.9079 | opt_sps : 85.0695  ]
[2026-08-16 23:42:36,811][__main__][INFO] - [RANK 0] [ Eval  | Step: 57000  |  loss : 0.2061 | accuracy : 0.9044 | eval_s : 0.4234  ]
[2026-08-16 23:42:42,662][__main__][INFO] - [RANK 0] [ Train | Step: 57500  |  loss : 0.1996 | accuracy : 0.9091 | opt_sps : 85.0728  ]
[2026-08-16 23:42:43,086][__main__][INFO] - [RANK 0] [ Eval  | Step: 57500  |  loss : 0.2062 | accuracy : 0.9042 | eval_s : 0.4230  ]
[2026-08-16 23:42:48,887][__main__][INFO] - [RANK 0] [ Train | Step: 58000  |  loss : 0.1980 | accuracy : 0.9089 | opt_sps : 85.0823  ]
[2026-08-16 23:42:49,315][__main__][INFO] - [RANK 0] [ Eval  | Step: 58000  |  loss : 0.2017 | accuracy : 0.9076 | eval_s : 0.4276  ]
[2026-08-16 23:42:54,982][__main__][INFO] - [RANK 0] [ Train | Step: 58500  |  loss : 0.1952 | accuracy : 0.9106 | opt_sps : 85.1085  ]
[2026-08-16 23:42:55,410][__main__][INFO] - [RANK 0] [ Eval  | Step: 58500  |  loss : 0.2007 | accuracy : 0.9069 | eval_s : 0.4273  ]
[2026-08-16 23:43:01,164][__main__][INFO] - [RANK 0] [ Train | Step: 59000  |  loss : 0.1941 | accuracy : 0.9115 | opt_sps : 85.1235  ]
[2026-08-16 23:43:01,588][__main__][INFO] - [RANK 0] [ Eval  | Step: 59000  |  loss : 0.2010 | accuracy : 0.9065 | eval_s : 0.4231  ]
[2026-08-16 23:43:07,337][__main__][INFO] - [RANK 0] [ Train | Step: 59500  |  loss : 0.1889 | accuracy : 0.9146 | opt_sps : 85.1388  ]
[2026-08-16 23:43:07,760][__main__][INFO] - [RANK 0] [ Eval  | Step: 59500  |  loss : 0.2013 | accuracy : 0.9068 | eval_s : 0.4222  ]
[2026-08-16 23:43:13,518][__main__][INFO] - [RANK 0] [ Train | Step: 60000  |  loss : 0.1870 | accuracy : 0.9147 | opt_sps : 85.1526  ]
[2026-08-16 23:43:13,948][__main__][INFO] - [RANK 0] [ Eval  | Step: 60000  |  loss : 0.1999 | accuracy : 0.9072 | eval_s : 0.4291  ]
[2026-08-16 23:43:19,755][__main__][INFO] - [RANK 0] [ Train | Step: 60500  |  loss : 0.1859 | accuracy : 0.9157 | opt_sps : 85.1606  ]
[2026-08-16 23:43:20,182][__main__][INFO] - [RANK 0] [ Eval  | Step: 60500  |  loss : 0.1957 | accuracy : 0.9087 | eval_s : 0.4266  ]
[2026-08-16 23:43:25,904][__main__][INFO] - [RANK 0] [ Train | Step: 61000  |  loss : 0.1869 | accuracy : 0.9151 | opt_sps : 85.1786  ]
[2026-08-16 23:43:26,328][__main__][INFO] - [RANK 0] [ Eval  | Step: 61000  |  loss : 0.1930 | accuracy : 0.9113 | eval_s : 0.4231  ]
[2026-08-16 23:43:32,077][__main__][INFO] - [RANK 0] [ Train | Step: 61500  |  loss : 0.1874 | accuracy : 0.9152 | opt_sps : 85.1930  ]
[2026-08-16 23:43:32,502][__main__][INFO] - [RANK 0] [ Eval  | Step: 61500  |  loss : 0.1908 | accuracy : 0.9122 | eval_s : 0.4237  ]
[2026-08-16 23:43:38,288][__main__][INFO] - [RANK 0] [ Train | Step: 62000  |  loss : 0.1861 | accuracy : 0.9152 | opt_sps : 85.2029  ]
[2026-08-16 23:43:38,712][__main__][INFO] - [RANK 0] [ Eval  | Step: 62000  |  loss : 0.1927 | accuracy : 0.9113 | eval_s : 0.4234  ]
[2026-08-16 23:43:44,491][__main__][INFO] - [RANK 0] [ Train | Step: 62500  |  loss : 0.1836 | accuracy : 0.9170 | opt_sps : 85.2133  ]
[2026-08-16 23:43:44,915][__main__][INFO] - [RANK 0] [ Eval  | Step: 62500  |  loss : 0.1883 | accuracy : 0.9131 | eval_s : 0.4233  ]
[2026-08-16 23:43:50,634][__main__][INFO] - [RANK 0] [ Train | Step: 63000  |  loss : 0.1826 | accuracy : 0.9174 | opt_sps : 85.2306  ]
[2026-08-16 23:43:51,063][__main__][INFO] - [RANK 0] [ Eval  | Step: 63000  |  loss : 0.1869 | accuracy : 0.9137 | eval_s : 0.4280  ]
[2026-08-16 23:43:56,762][__main__][INFO] - [RANK 0] [ Train | Step: 63500  |  loss : 0.1796 | accuracy : 0.9188 | opt_sps : 85.2499  ]
[2026-08-16 23:43:57,186][__main__][INFO] - [RANK 0] [ Eval  | Step: 63500  |  loss : 0.1887 | accuracy : 0.9140 | eval_s : 0.4227  ]
[2026-08-16 23:44:02,909][__main__][INFO] - [RANK 0] [ Train | Step: 64000  |  loss : 0.1759 | accuracy : 0.9198 | opt_sps : 85.2660  ]
[2026-08-16 23:44:03,333][__main__][INFO] - [RANK 0] [ Eval  | Step: 64000  |  loss : 0.1849 | accuracy : 0.9155 | eval_s : 0.4229  ]
[2026-08-16 23:44:09,069][__main__][INFO] - [RANK 0] [ Train | Step: 64500  |  loss : 0.1745 | accuracy : 0.9210 | opt_sps : 85.2805  ]
[2026-08-16 23:44:09,494][__main__][INFO] - [RANK 0] [ Eval  | Step: 64500  |  loss : 0.1860 | accuracy : 0.9151 | eval_s : 0.4233  ]
[2026-08-16 23:44:15,203][__main__][INFO] - [RANK 0] [ Train | Step: 65000  |  loss : 0.1739 | accuracy : 0.9215 | opt_sps : 85.2977  ]
[2026-08-16 23:44:15,631][__main__][INFO] - [RANK 0] [ Eval  | Step: 65000  |  loss : 0.1838 | accuracy : 0.9155 | eval_s : 0.4263  ]
[2026-08-16 23:44:21,308][__main__][INFO] - [RANK 0] [ Train | Step: 65500  |  loss : 0.1728 | accuracy : 0.9217 | opt_sps : 85.3183  ]
[2026-08-16 23:44:21,738][__main__][INFO] - [RANK 0] [ Eval  | Step: 65500  |  loss : 0.1852 | accuracy : 0.9155 | eval_s : 0.4285  ]
[2026-08-16 23:44:27,509][__main__][INFO] - [RANK 0] [ Train | Step: 66000  |  loss : 0.1725 | accuracy : 0.9220 | opt_sps : 85.3281  ]
[2026-08-16 23:44:27,932][__main__][INFO] - [RANK 0] [ Eval  | Step: 66000  |  loss : 0.1849 | accuracy : 0.9176 | eval_s : 0.4223  ]
[2026-08-16 23:44:33,670][__main__][INFO] - [RANK 0] [ Train | Step: 66500  |  loss : 0.1699 | accuracy : 0.9233 | opt_sps : 85.3415  ]
[2026-08-16 23:44:34,093][__main__][INFO] - [RANK 0] [ Eval  | Step: 66500  |  loss : 0.1811 | accuracy : 0.9189 | eval_s : 0.4227  ]
[2026-08-16 23:44:39,851][__main__][INFO] - [RANK 0] [ Train | Step: 67000  |  loss : 0.1701 | accuracy : 0.9234 | opt_sps : 85.3526  ]
[2026-08-16 23:44:40,275][__main__][INFO] - [RANK 0] [ Eval  | Step: 67000  |  loss : 0.1765 | accuracy : 0.9180 | eval_s : 0.4225  ]
[2026-08-16 23:44:46,002][__main__][INFO] - [RANK 0] [ Train | Step: 67500  |  loss : 0.1707 | accuracy : 0.9232 | opt_sps : 85.3669  ]
[2026-08-16 23:44:46,429][__main__][INFO] - [RANK 0] [ Eval  | Step: 67500  |  loss : 0.1792 | accuracy : 0.9177 | eval_s : 0.4264  ]
[2026-08-16 23:44:52,101][__main__][INFO] - [RANK 0] [ Train | Step: 68000  |  loss : 0.1626 | accuracy : 0.9269 | opt_sps : 85.3867  ]
[2026-08-16 23:44:52,525][__main__][INFO] - [RANK 0] [ Eval  | Step: 68000  |  loss : 0.1780 | accuracy : 0.9185 | eval_s : 0.4226  ]
[2026-08-16 23:44:58,235][__main__][INFO] - [RANK 0] [ Train | Step: 68500  |  loss : 0.1651 | accuracy : 0.9254 | opt_sps : 85.4022  ]
[2026-08-16 23:44:58,658][__main__][INFO] - [RANK 0] [ Eval  | Step: 68500  |  loss : 0.1757 | accuracy : 0.9202 | eval_s : 0.4226  ]
[2026-08-16 23:45:04,401][__main__][INFO] - [RANK 0] [ Train | Step: 69000  |  loss : 0.1622 | accuracy : 0.9273 | opt_sps : 85.4142  ]
[2026-08-16 23:45:04,828][__main__][INFO] - [RANK 0] [ Eval  | Step: 69000  |  loss : 0.1723 | accuracy : 0.9219 | eval_s : 0.4261  ]
[2026-08-16 23:45:10,593][__main__][INFO] - [RANK 0] [ Train | Step: 69500  |  loss : 0.1614 | accuracy : 0.9270 | opt_sps : 85.4236  ]
[2026-08-16 23:45:11,019][__main__][INFO] - [RANK 0] [ Eval  | Step: 69500  |  loss : 0.1731 | accuracy : 0.9207 | eval_s : 0.4251  ]
[2026-08-16 23:45:16,756][__main__][INFO] - [RANK 0] [ Train | Step: 70000  |  loss : 0.1611 | accuracy : 0.9283 | opt_sps : 85.4357  ]
[2026-08-16 23:45:17,184][__main__][INFO] - [RANK 0] [ Eval  | Step: 70000  |  loss : 0.1741 | accuracy : 0.9209 | eval_s : 0.4272  ]
[2026-08-16 23:45:22,979][__main__][INFO] - [RANK 0] [ Train | Step: 70500  |  loss : 0.1594 | accuracy : 0.9289 | opt_sps : 85.4417  ]
[2026-08-16 23:45:23,403][__main__][INFO] - [RANK 0] [ Eval  | Step: 70500  |  loss : 0.1687 | accuracy : 0.9234 | eval_s : 0.4227  ]
[2026-08-16 23:45:29,193][__main__][INFO] - [RANK 0] [ Train | Step: 71000  |  loss : 0.1572 | accuracy : 0.9303 | opt_sps : 85.4482  ]
[2026-08-16 23:45:29,617][__main__][INFO] - [RANK 0] [ Eval  | Step: 71000  |  loss : 0.1689 | accuracy : 0.9238 | eval_s : 0.4233  ]
[2026-08-16 23:45:35,401][__main__][INFO] - [RANK 0] [ Train | Step: 71500  |  loss : 0.1570 | accuracy : 0.9294 | opt_sps : 85.4551  ]
[2026-08-16 23:45:35,827][__main__][INFO] - [RANK 0] [ Eval  | Step: 71500  |  loss : 0.1671 | accuracy : 0.9241 | eval_s : 0.4244  ]
[2026-08-16 23:45:41,581][__main__][INFO] - [RANK 0] [ Train | Step: 72000  |  loss : 0.1537 | accuracy : 0.9311 | opt_sps : 85.4651  ]
[2026-08-16 23:45:42,006][__main__][INFO] - [RANK 0] [ Eval  | Step: 72000  |  loss : 0.1658 | accuracy : 0.9244 | eval_s : 0.4235  ]
[2026-08-16 23:45:47,675][__main__][INFO] - [RANK 0] [ Train | Step: 72500  |  loss : 0.1501 | accuracy : 0.9324 | opt_sps : 85.4835  ]
[2026-08-16 23:45:48,102][__main__][INFO] - [RANK 0] [ Eval  | Step: 72500  |  loss : 0.1657 | accuracy : 0.9246 | eval_s : 0.4267  ]
[2026-08-16 23:45:53,810][__main__][INFO] - [RANK 0] [ Train | Step: 73000  |  loss : 0.1502 | accuracy : 0.9333 | opt_sps : 85.4978  ]
[2026-08-16 23:45:54,233][__main__][INFO] - [RANK 0] [ Eval  | Step: 73000  |  loss : 0.1650 | accuracy : 0.9260 | eval_s : 0.4225  ]
[2026-08-16 23:45:59,983][__main__][INFO] - [RANK 0] [ Train | Step: 73500  |  loss : 0.1504 | accuracy : 0.9324 | opt_sps : 85.5077  ]
[2026-08-16 23:46:00,406][__main__][INFO] - [RANK 0] [ Eval  | Step: 73500  |  loss : 0.1597 | accuracy : 0.9275 | eval_s : 0.4222  ]
[2026-08-16 23:46:06,169][__main__][INFO] - [RANK 0] [ Train | Step: 74000  |  loss : 0.1523 | accuracy : 0.9322 | opt_sps : 85.5162  ]
[2026-08-16 23:46:06,598][__main__][INFO] - [RANK 0] [ Eval  | Step: 74000  |  loss : 0.1657 | accuracy : 0.9245 | eval_s : 0.4285  ]
[2026-08-16 23:46:12,357][__main__][INFO] - [RANK 0] [ Train | Step: 74500  |  loss : 0.1487 | accuracy : 0.9329 | opt_sps : 85.5248  ]
[2026-08-16 23:46:12,785][__main__][INFO] - [RANK 0] [ Eval  | Step: 74500  |  loss : 0.1605 | accuracy : 0.9270 | eval_s : 0.4263  ]
[2026-08-16 23:46:18,435][__main__][INFO] - [RANK 0] [ Train | Step: 75000  |  loss : 0.1472 | accuracy : 0.9341 | opt_sps : 85.5439  ]
[2026-08-16 23:46:18,859][__main__][INFO] - [RANK 0] [ Eval  | Step: 75000  |  loss : 0.1585 | accuracy : 0.9273 | eval_s : 0.4225  ]
[2026-08-16 23:46:24,611][__main__][INFO] - [RANK 0] [ Train | Step: 75500  |  loss : 0.1469 | accuracy : 0.9341 | opt_sps : 85.5530  ]
[2026-08-16 23:46:25,038][__main__][INFO] - [RANK 0] [ Eval  | Step: 75500  |  loss : 0.1582 | accuracy : 0.9283 | eval_s : 0.4263  ]
[2026-08-16 23:46:30,866][__main__][INFO] - [RANK 0] [ Train | Step: 76000  |  loss : 0.1450 | accuracy : 0.9348 | opt_sps : 85.5547  ]
[2026-08-16 23:46:31,290][__main__][INFO] - [RANK 0] [ Eval  | Step: 76000  |  loss : 0.1603 | accuracy : 0.9296 | eval_s : 0.4234  ]
[2026-08-16 23:46:37,030][__main__][INFO] - [RANK 0] [ Train | Step: 76500  |  loss : 0.1390 | accuracy : 0.9378 | opt_sps : 85.5648  ]
[2026-08-16 23:46:37,453][__main__][INFO] - [RANK 0] [ Eval  | Step: 76500  |  loss : 0.1578 | accuracy : 0.9298 | eval_s : 0.4226  ]
[2026-08-16 23:46:43,173][__main__][INFO] - [RANK 0] [ Train | Step: 77000  |  loss : 0.1434 | accuracy : 0.9357 | opt_sps : 85.5767  ]
[2026-08-16 23:46:43,605][__main__][INFO] - [RANK 0] [ Eval  | Step: 77000  |  loss : 0.1543 | accuracy : 0.9290 | eval_s : 0.4304  ]
[2026-08-16 23:46:49,333][__main__][INFO] - [RANK 0] [ Train | Step: 77500  |  loss : 0.1399 | accuracy : 0.9374 | opt_sps : 85.5876  ]
[2026-08-16 23:46:49,758][__main__][INFO] - [RANK 0] [ Eval  | Step: 77500  |  loss : 0.1526 | accuracy : 0.9317 | eval_s : 0.4234  ]
[2026-08-16 23:46:55,548][__main__][INFO] - [RANK 0] [ Train | Step: 78000  |  loss : 0.1404 | accuracy : 0.9378 | opt_sps : 85.5925  ]
[2026-08-16 23:46:55,973][__main__][INFO] - [RANK 0] [ Eval  | Step: 78000  |  loss : 0.1543 | accuracy : 0.9291 | eval_s : 0.4244  ]
[2026-08-16 23:47:01,734][__main__][INFO] - [RANK 0] [ Train | Step: 78500  |  loss : 0.1379 | accuracy : 0.9384 | opt_sps : 85.6001  ]
[2026-08-16 23:47:02,158][__main__][INFO] - [RANK 0] [ Eval  | Step: 78500  |  loss : 0.1518 | accuracy : 0.9310 | eval_s : 0.4229  ]
[2026-08-16 23:47:07,896][__main__][INFO] - [RANK 0] [ Train | Step: 79000  |  loss : 0.1366 | accuracy : 0.9392 | opt_sps : 85.6098  ]
[2026-08-16 23:47:08,320][__main__][INFO] - [RANK 0] [ Eval  | Step: 79000  |  loss : 0.1530 | accuracy : 0.9324 | eval_s : 0.4224  ]
[2026-08-16 23:47:14,000][__main__][INFO] - [RANK 0] [ Train | Step: 79500  |  loss : 0.1375 | accuracy : 0.9391 | opt_sps : 85.6246  ]
[2026-08-16 23:47:14,427][__main__][INFO] - [RANK 0] [ Eval  | Step: 79500  |  loss : 0.1522 | accuracy : 0.9319 | eval_s : 0.4268  ]
[2026-08-16 23:47:20,168][__main__][INFO] - [RANK 0] [ Train | Step: 80000  |  loss : 0.1369 | accuracy : 0.9389 | opt_sps : 85.6337  ]
[2026-08-16 23:47:20,592][__main__][INFO] - [RANK 0] [ Eval  | Step: 80000  |  loss : 0.1525 | accuracy : 0.9317 | eval_s : 0.4234  ]
[2026-08-16 23:47:26,403][__main__][INFO] - [RANK 0] [ Train | Step: 80500  |  loss : 0.1333 | accuracy : 0.9413 | opt_sps : 85.6362  ]
[2026-08-16 23:47:26,827][__main__][INFO] - [RANK 0] [ Eval  | Step: 80500  |  loss : 0.1500 | accuracy : 0.9329 | eval_s : 0.4226  ]
[2026-08-16 23:47:32,545][__main__][INFO] - [RANK 0] [ Train | Step: 81000  |  loss : 0.1308 | accuracy : 0.9417 | opt_sps : 85.6472  ]
[2026-08-16 23:47:32,968][__main__][INFO] - [RANK 0] [ Eval  | Step: 81000  |  loss : 0.1505 | accuracy : 0.9333 | eval_s : 0.4223  ]
[2026-08-16 23:47:38,693][__main__][INFO] - [RANK 0] [ Train | Step: 81500  |  loss : 0.1325 | accuracy : 0.9411 | opt_sps : 85.6574  ]
[2026-08-16 23:47:39,124][__main__][INFO] - [RANK 0] [ Eval  | Step: 81500  |  loss : 0.1490 | accuracy : 0.9329 | eval_s : 0.4301  ]
[2026-08-16 23:47:44,793][__main__][INFO] - [RANK 0] [ Train | Step: 82000  |  loss : 0.1314 | accuracy : 0.9416 | opt_sps : 85.6726  ]
[2026-08-16 23:47:45,220][__main__][INFO] - [RANK 0] [ Eval  | Step: 82000  |  loss : 0.1473 | accuracy : 0.9346 | eval_s : 0.4261  ]
[2026-08-16 23:47:50,960][__main__][INFO] - [RANK 0] [ Train | Step: 82500  |  loss : 0.1301 | accuracy : 0.9423 | opt_sps : 85.6813  ]
[2026-08-16 23:47:51,385][__main__][INFO] - [RANK 0] [ Eval  | Step: 82500  |  loss : 0.1474 | accuracy : 0.9339 | eval_s : 0.4238  ]
[2026-08-16 23:47:57,151][__main__][INFO] - [RANK 0] [ Train | Step: 83000  |  loss : 0.1300 | accuracy : 0.9433 | opt_sps : 85.6874  ]
[2026-08-16 23:47:57,576][__main__][INFO] - [RANK 0] [ Eval  | Step: 83000  |  loss : 0.1477 | accuracy : 0.9335 | eval_s : 0.4235  ]
[2026-08-16 23:48:03,356][__main__][INFO] - [RANK 0] [ Train | Step: 83500  |  loss : 0.1294 | accuracy : 0.9419 | opt_sps : 85.6922  ]
[2026-08-16 23:48:03,779][__main__][INFO] - [RANK 0] [ Eval  | Step: 83500  |  loss : 0.1460 | accuracy : 0.9353 | eval_s : 0.4226  ]
[2026-08-16 23:48:09,497][__main__][INFO] - [RANK 0] [ Train | Step: 84000  |  loss : 0.1288 | accuracy : 0.9428 | opt_sps : 85.7025  ]
[2026-08-16 23:48:09,923][__main__][INFO] - [RANK 0] [ Eval  | Step: 84000  |  loss : 0.1452 | accuracy : 0.9361 | eval_s : 0.4245  ]
[2026-08-16 23:48:15,600][__main__][INFO] - [RANK 0] [ Train | Step: 84500  |  loss : 0.1267 | accuracy : 0.9437 | opt_sps : 85.7163  ]
[2026-08-16 23:48:16,023][__main__][INFO] - [RANK 0] [ Eval  | Step: 84500  |  loss : 0.1461 | accuracy : 0.9363 | eval_s : 0.4228  ]
[2026-08-16 23:48:21,778][__main__][INFO] - [RANK 0] [ Train | Step: 85000  |  loss : 0.1247 | accuracy : 0.9456 | opt_sps : 85.7231  ]
[2026-08-16 23:48:22,202][__main__][INFO] - [RANK 0] [ Eval  | Step: 85000  |  loss : 0.1447 | accuracy : 0.9361 | eval_s : 0.4225  ]
[2026-08-16 23:48:27,995][__main__][INFO] - [RANK 0] [ Train | Step: 85500  |  loss : 0.1257 | accuracy : 0.9447 | opt_sps : 85.7266  ]
[2026-08-16 23:48:28,419][__main__][INFO] - [RANK 0] [ Eval  | Step: 85500  |  loss : 0.1425 | accuracy : 0.9362 | eval_s : 0.4228  ]
[2026-08-16 23:48:34,325][__main__][INFO] - [RANK 0] [ Train | Step: 86000  |  loss : 0.1233 | accuracy : 0.9450 | opt_sps : 85.7204  ]
[2026-08-16 23:48:34,750][__main__][INFO] - [RANK 0] [ Eval  | Step: 86000  |  loss : 0.1462 | accuracy : 0.9354 | eval_s : 0.4234  ]
[2026-08-16 23:48:40,442][__main__][INFO] - [RANK 0] [ Train | Step: 86500  |  loss : 0.1238 | accuracy : 0.9453 | opt_sps : 85.7324  ]
[2026-08-16 23:48:40,872][__main__][INFO] - [RANK 0] [ Eval  | Step: 86500  |  loss : 0.1424 | accuracy : 0.9366 | eval_s : 0.4296  ]
[2026-08-16 23:48:46,590][__main__][INFO] - [RANK 0] [ Train | Step: 87000  |  loss : 0.1248 | accuracy : 0.9447 | opt_sps : 85.7422  ]
[2026-08-16 23:48:47,014][__main__][INFO] - [RANK 0] [ Eval  | Step: 87000  |  loss : 0.1432 | accuracy : 0.9362 | eval_s : 0.4235  ]
[2026-08-16 23:48:52,812][__main__][INFO] - [RANK 0] [ Train | Step: 87500  |  loss : 0.1234 | accuracy : 0.9458 | opt_sps : 85.7450  ]
[2026-08-16 23:48:53,237][__main__][INFO] - [RANK 0] [ Eval  | Step: 87500  |  loss : 0.1425 | accuracy : 0.9360 | eval_s : 0.4238  ]
[2026-08-16 23:48:59,003][__main__][INFO] - [RANK 0] [ Train | Step: 88000  |  loss : 0.1243 | accuracy : 0.9446 | opt_sps : 85.7504  ]
[2026-08-16 23:48:59,428][__main__][INFO] - [RANK 0] [ Eval  | Step: 88000  |  loss : 0.1408 | accuracy : 0.9382 | eval_s : 0.4235  ]
[2026-08-16 23:49:05,206][__main__][INFO] - [RANK 0] [ Train | Step: 88500  |  loss : 0.1214 | accuracy : 0.9465 | opt_sps : 85.7549  ]
[2026-08-16 23:49:05,630][__main__][INFO] - [RANK 0] [ Eval  | Step: 88500  |  loss : 0.1404 | accuracy : 0.9370 | eval_s : 0.4227  ]
[2026-08-16 23:49:11,321][__main__][INFO] - [RANK 0] [ Train | Step: 89000  |  loss : 0.1194 | accuracy : 0.9481 | opt_sps : 85.7666  ]
[2026-08-16 23:49:11,749][__main__][INFO] - [RANK 0] [ Eval  | Step: 89000  |  loss : 0.1404 | accuracy : 0.9379 | eval_s : 0.4274  ]
[2026-08-16 23:49:17,456][__main__][INFO] - [RANK 0] [ Train | Step: 89500  |  loss : 0.1195 | accuracy : 0.9477 | opt_sps : 85.7768  ]
[2026-08-16 23:49:17,880][__main__][INFO] - [RANK 0] [ Eval  | Step: 89500  |  loss : 0.1402 | accuracy : 0.9379 | eval_s : 0.4227  ]
[2026-08-16 23:49:23,665][__main__][INFO] - [RANK 0] [ Train | Step: 90000  |  loss : 0.1190 | accuracy : 0.9475 | opt_sps : 85.7804  ]
[2026-08-16 23:49:24,093][__main__][INFO] - [RANK 0] [ Eval  | Step: 90000  |  loss : 0.1409 | accuracy : 0.9381 | eval_s : 0.4267  ]
[2026-08-16 23:49:29,907][__main__][INFO] - [RANK 0] [ Train | Step: 90500  |  loss : 0.1190 | accuracy : 0.9480 | opt_sps : 85.7817  ]
[2026-08-16 23:49:30,331][__main__][INFO] - [RANK 0] [ Eval  | Step: 90500  |  loss : 0.1399 | accuracy : 0.9382 | eval_s : 0.4229  ]
[2026-08-16 23:49:36,037][__main__][INFO] - [RANK 0] [ Train | Step: 91000  |  loss : 0.1183 | accuracy : 0.9481 | opt_sps : 85.7918  ]
[2026-08-16 23:49:36,464][__main__][INFO] - [RANK 0] [ Eval  | Step: 91000  |  loss : 0.1398 | accuracy : 0.9379 | eval_s : 0.4264  ]
[2026-08-16 23:49:42,119][__main__][INFO] - [RANK 0] [ Train | Step: 91500  |  loss : 0.1194 | accuracy : 0.9473 | opt_sps : 85.8058  ]
[2026-08-16 23:49:42,543][__main__][INFO] - [RANK 0] [ Eval  | Step: 91500  |  loss : 0.1392 | accuracy : 0.9379 | eval_s : 0.4236  ]
[2026-08-16 23:49:48,295][__main__][INFO] - [RANK 0] [ Train | Step: 92000  |  loss : 0.1199 | accuracy : 0.9478 | opt_sps : 85.8129  ]
[2026-08-16 23:49:48,719][__main__][INFO] - [RANK 0] [ Eval  | Step: 92000  |  loss : 0.1392 | accuracy : 0.9384 | eval_s : 0.4230  ]
[2026-08-16 23:49:54,473][__main__][INFO] - [RANK 0] [ Train | Step: 92500  |  loss : 0.1193 | accuracy : 0.9475 | opt_sps : 85.8187  ]
[2026-08-16 23:49:54,898][__main__][INFO] - [RANK 0] [ Eval  | Step: 92500  |  loss : 0.1387 | accuracy : 0.9385 | eval_s : 0.4235  ]
[2026-08-16 23:50:00,612][__main__][INFO] - [RANK 0] [ Train | Step: 93000  |  loss : 0.1183 | accuracy : 0.9481 | opt_sps : 85.8277  ]
[2026-08-16 23:50:01,036][__main__][INFO] - [RANK 0] [ Eval  | Step: 93000  |  loss : 0.1391 | accuracy : 0.9385 | eval_s : 0.4227  ]
[2026-08-16 23:50:06,704][__main__][INFO] - [RANK 0] [ Train | Step: 93500  |  loss : 0.1168 | accuracy : 0.9486 | opt_sps : 85.8400  ]
[2026-08-16 23:50:07,132][__main__][INFO] - [RANK 0] [ Eval  | Step: 93500  |  loss : 0.1388 | accuracy : 0.9376 | eval_s : 0.4262  ]
[2026-08-16 23:50:12,796][__main__][INFO] - [RANK 0] [ Train | Step: 94000  |  loss : 0.1163 | accuracy : 0.9496 | opt_sps : 85.8526  ]
[2026-08-16 23:50:13,219][__main__][INFO] - [RANK 0] [ Eval  | Step: 94000  |  loss : 0.1383 | accuracy : 0.9383 | eval_s : 0.4225  ]
[2026-08-16 23:50:18,942][__main__][INFO] - [RANK 0] [ Train | Step: 94500  |  loss : 0.1163 | accuracy : 0.9485 | opt_sps : 85.8607  ]
[2026-08-16 23:50:19,365][__main__][INFO] - [RANK 0] [ Eval  | Step: 94500  |  loss : 0.1382 | accuracy : 0.9384 | eval_s : 0.4221  ]
[2026-08-16 23:50:25,091][__main__][INFO] - [RANK 0] [ Train | Step: 95000  |  loss : 0.1168 | accuracy : 0.9494 | opt_sps : 85.8683  ]
[2026-08-16 23:50:25,515][__main__][INFO] - [RANK 0] [ Eval  | Step: 95000  |  loss : 0.1382 | accuracy : 0.9388 | eval_s : 0.4227  ]
[2026-08-16 23:50:31,265][__main__][INFO] - [RANK 0] [ Train | Step: 95500  |  loss : 0.1172 | accuracy : 0.9492 | opt_sps : 85.8739  ]
[2026-08-16 23:50:31,689][__main__][INFO] - [RANK 0] [ Eval  | Step: 95500  |  loss : 0.1381 | accuracy : 0.9385 | eval_s : 0.4232  ]
[2026-08-16 23:50:37,479][__main__][INFO] - [RANK 0] [ Train | Step: 96000  |  loss : 0.1170 | accuracy : 0.9486 | opt_sps : 85.8766  ]
[2026-08-16 23:50:37,907][__main__][INFO] - [RANK 0] [ Eval  | Step: 96000  |  loss : 0.1382 | accuracy : 0.9389 | eval_s : 0.4273  ]
[2026-08-16 23:50:43,611][__main__][INFO] - [RANK 0] [ Train | Step: 96500  |  loss : 0.1157 | accuracy : 0.9485 | opt_sps : 85.8856  ]
[2026-08-16 23:50:44,034][__main__][INFO] - [RANK 0] [ Eval  | Step: 96500  |  loss : 0.1379 | accuracy : 0.9387 | eval_s : 0.4224  ]
[2026-08-16 23:50:49,745][__main__][INFO] - [RANK 0] [ Train | Step: 97000  |  loss : 0.1173 | accuracy : 0.9488 | opt_sps : 85.8942  ]
[2026-08-16 23:50:50,169][__main__][INFO] - [RANK 0] [ Eval  | Step: 97000  |  loss : 0.1378 | accuracy : 0.9390 | eval_s : 0.4235  ]
[2026-08-16 23:50:55,891][__main__][INFO] - [RANK 0] [ Train | Step: 97500  |  loss : 0.1144 | accuracy : 0.9497 | opt_sps : 85.9018  ]
[2026-08-16 23:50:56,314][__main__][INFO] - [RANK 0] [ Eval  | Step: 97500  |  loss : 0.1380 | accuracy : 0.9388 | eval_s : 0.4224  ]
[2026-08-16 23:51:02,001][__main__][INFO] - [RANK 0] [ Train | Step: 98000  |  loss : 0.1155 | accuracy : 0.9496 | opt_sps : 85.9119  ]
[2026-08-16 23:51:02,429][__main__][INFO] - [RANK 0] [ Eval  | Step: 98000  |  loss : 0.1378 | accuracy : 0.9387 | eval_s : 0.4266  ]
[2026-08-16 23:51:08,093][__main__][INFO] - [RANK 0] [ Train | Step: 98500  |  loss : 0.1144 | accuracy : 0.9502 | opt_sps : 85.9237  ]
[2026-08-16 23:51:08,517][__main__][INFO] - [RANK 0] [ Eval  | Step: 98500  |  loss : 0.1378 | accuracy : 0.9389 | eval_s : 0.4229  ]
[2026-08-16 23:51:14,278][__main__][INFO] - [RANK 0] [ Train | Step: 99000  |  loss : 0.1164 | accuracy : 0.9487 | opt_sps : 85.9280  ]
[2026-08-16 23:51:14,702][__main__][INFO] - [RANK 0] [ Eval  | Step: 99000  |  loss : 0.1378 | accuracy : 0.9386 | eval_s : 0.4235  ]
[2026-08-16 23:51:20,480][__main__][INFO] - [RANK 0] [ Train | Step: 99500  |  loss : 0.1163 | accuracy : 0.9497 | opt_sps : 85.9310  ]
[2026-08-16 23:51:20,905][__main__][INFO] - [RANK 0] [ Eval  | Step: 99500  |  loss : 0.1377 | accuracy : 0.9386 | eval_s : 0.4237  ]
[2026-08-16 23:51:26,755][__main__][INFO] - [RANK 0] [ Train | Step: 100000 |  loss : 0.1149 | accuracy : 0.9493 | opt_sps : 85.9288  ]
[2026-08-16 23:51:27,182][__main__][INFO] - [RANK 0] [ Eval  | Step: 100000 |  loss : 0.1377 | accuracy : 0.9390 | eval_s : 0.4262  ]
[2026-08-16 23:51:27,184][__main__][INFO] - [RANK 0] loading best model
[2026-08-16 23:51:27,187][__main__][INFO] - [RANK 0] [Eval  | Summary |  best_loss : 0.1377 | best_step : 99500.0000 ]
[2026-08-16 23:51:27,617][__main__][INFO] - [RANK 0] [Test  | Summary |  loss/cross_entropy : 0.1336 | loss/loss : 0.1336 | callbacks/accuracy : 0.9408 | callbacks/non_relational_accuracy : 0.9997 | callbacks/binary_accuracy : 0.9900 | callbacks/ternary_accuracy : 0.8328 | callbacks/query_shape_accuracy : 1.0000 | callbacks/left_of_centre_accuracy : 0.9997 | callbacks/top_half_accuracy : 0.9994 | callbacks/closest_shape_accuracy : 0.9803 | callbacks/furthest_shape_accuracy : 0.9905 | callbacks/count_same_shape_accuracy : 1.0000 | callbacks/count_in_box_accuracy : 0.8844 | callbacks/on_band_accuracy : 0.9102 | callbacks/count_obtuse_accuracy : 0.6996 | timing/eval_s : 0.4296 ]
wandb: updating run metadata
wandb: uploading output.log; uploading wandb-summary.json; uploading config.yaml
wandb: uploading output.log; uploading wandb-summary.json
wandb: 
wandb: Run history:
wandb:                  eval_callbacks/accuracy ▁▁▂▂▂▃▄▅▅▅▆▆▆▆▆▇▇▇▇▇▇▇▇▇▇▇██████████████
wandb:           eval_callbacks/binary_accuracy ▁▂▃▄▂▅▅▅▅▅▆▇▇███████████████████████████
wandb:    eval_callbacks/closest_shape_accuracy ▁▁▁▂▂▁▂▂▂▂▃▆▇▇▇█████████████████████████
wandb:     eval_callbacks/count_in_box_accuracy ▁▁▁▁▁▁▁▁▁▁▁▁▁▁▁▃▃▄▄▅▅▅▆▇▇▇▇▇▇▇██████████
wandb:     eval_callbacks/count_obtuse_accuracy ▁▁▁▁▁▁▁▁▁▁▁▁▁▁▁▃▃▃▃▄▄▄▅▅▅▅▅▅▆▆▆▆▆▇▇██▇██
wandb: eval_callbacks/count_same_shape_accuracy ▁▁▂▆▅███████████████████████████████████
wandb:   eval_callbacks/furthest_shape_accuracy ▁▃▃▃▃▄▄▄▄▄▅▅▅███████████████████████████
wandb:   eval_callbacks/left_of_centre_accuracy ▂▁▁▁▂▂▂█████████████████████████████████
wandb:   eval_callbacks/non_relational_accuracy ▁▁▁▂▂███████████████████████████████████
wandb:          eval_callbacks/on_band_accuracy ▂▁▂▂▂▂▂▂▂▂▁▂▂▂▂▄▅▅▆▆▆▆▇▇▇▇▇█▇▇██████████
wandb:                                      +24 ...
wandb: 
wandb: Run summary:
wandb:                           eval/best_loss 0.13771
wandb:                           eval/best_step 99500
wandb:                  eval_callbacks/accuracy 0.939
wandb:           eval_callbacks/binary_accuracy 0.9889
wandb:    eval_callbacks/closest_shape_accuracy 0.98022
wandb:     eval_callbacks/count_in_box_accuracy 0.88499
wandb:     eval_callbacks/count_obtuse_accuracy 0.69168
wandb: eval_callbacks/count_same_shape_accuracy 1.0
wandb:   eval_callbacks/furthest_shape_accuracy 0.9865
wandb:   eval_callbacks/left_of_centre_accuracy 0.99964
wandb:                                      +42 ...
wandb: 
wandb: 🚀 View run sort_of_clevr/transformer::multirun::2026-08-16_23-30-31::0 at: https://wandb.ai/niks_priv/sort_of_clevr/runs/hjwqmwt7
wandb: ⭐️ View project at: https://wandb.ai/niks_priv/sort_of_clevr
wandb: Synced 5 W&B file(s), 0 media file(s), 0 artifact file(s) and 0 other file(s)
wandb: Find logs at: ./outputs/sort_of_clevr/multirun/2026-08-16_23-30-31/0/wandb/run-20260816_233034-hjwqmwt7/logs
[2026-08-16 23:51:35,919][HYDRA] 	#1 : model.hidden_dim=128 model.n_layers=8 train.seed=0 task=sort_of_clevr experiment=sort_of_clevr/baselines/transformer_scale
wandb: setting up run fpdbny19
wandb: Tracking run with wandb version 0.27.2
wandb: Run data is saved locally in /home/nik/workspace/ImperialWork/msc_project/SyncNetProject/outputs/sort_of_clevr/multirun/2026-08-16_23-30-31/1/wandb/run-20260816_235137-fpdbny19
wandb: Run `wandb offline` to turn off syncing.
wandb: Syncing run sort_of_clevr/transformer::multirun::2026-08-16_23-30-31::1
wandb: ⭐️ View project at https://wandb.ai/niks_priv/sort_of_clevr
wandb: 🚀 View run at https://wandb.ai/niks_priv/sort_of_clevr/runs/fpdbny19
[2026-08-16 23:51:37,662][__main__][INFO] - [RANK 0] Starting training
[2026-08-16 23:51:37,662][__main__][INFO] - [RANK 0] Model: SortOfClevrTransformer
[2026-08-16 23:51:37,663][__main__][INFO] - [RANK 0] Parameters: total=1631562
[2026-08-16 23:51:37,665][__main__][INFO] - [RANK 0] Config:
train:
  seed: 0
  n_steps: 100000
  train_bs: 256
  val_bs: 1024
  early_stop_metric: loss
  early_stop_big_is_better: false
  early_stop_patience: 1000000
  early_stop_min_delta: 0.0
  mixed_precision: bf16
  compile_model: true
  grad_accum: 1
  grad_clip: 1.0
  loader_mode: gpu_cached
  num_workers: 0
logging:
  eval_log_interval: 500
  train_log_interval: 500
  info_metrics:
  - loss
  - accuracy
  save_best: true
wandb:
  enabled: true
  project_name: sort_of_clevr
  entity: niks_priv
  tags: []
  run_name: null
optim:
  optimiser: adamw
  lr: 0.0003
  weight_decay: 0.01
  lr_scheduler: warmup_cosine
  lr_scheduler_params:
    warmup_steps: 2000
dataset:
  name: sort_of_clevr
  root: ./data
  dir: sort_of_clevr-seed1-train36000-test1000-img75-obj5-q10-t-1
  seed: 1
  train_size: 36000
  test_size: 1000
  img_size: 75
  obj_size: 5
  nb_questions: 10
  t_subtype: -1
model:
  name: sort_of_clevr_transformer
  patch_emb_dim: 96
  patch_size: 5
  hidden_dim: 128
  n_heads: 4
  n_layers: 8
  ffn_mult: 4
  dropout: 0.0
  pos_enc: learnt_2d
  q_conditioning: film
  share_layer_weights: false
callbacks:
- name: accuracy
- name: qtype_accuracy
- name: subtype_accuracy

[2026-08-16 23:51:37,666][__main__][INFO] - [RANK 0] Full model:
SortOfClevrTransformer(
  (inner): VQATransformer(
    (q_encoder): IdentityQuestionEncoder()
    (encoder): PatchifyEncoder(
      (patchify): Conv2d(3, 96, kernel_size=(5, 5), stride=(5, 5))
    )
    (tok_proj): Linear(in_features=96, out_features=128, bias=True)
    (film_gamma): Linear(in_features=18, out_features=96, bias=True)
    (film_beta): Linear(in_features=18, out_features=96, bias=True)
    (pos_enc): PositionalEncoder2D()
    (transformer): TransformerEncoder(
      (layers): ModuleList(
        (0-7): 8 x TransformerEncoderLayer(
          (self_attn): MultiheadAttention(
            (out_proj): NonDynamicallyQuantizableLinear(in_features=128, out_features=128, bias=True)
          )
          (linear1): Linear(in_features=128, out_features=512, bias=True)
          (dropout): Dropout(p=0.0, inplace=False)
          (linear2): Linear(in_features=512, out_features=128, bias=True)
          (norm1): LayerNorm((128,), eps=1e-05, elementwise_affine=True, bias=True)
          (norm2): LayerNorm((128,), eps=1e-05, elementwise_affine=True, bias=True)
          (dropout1): Dropout(p=0.0, inplace=False)
          (dropout2): Dropout(p=0.0, inplace=False)
        )
      )
    )
    (head): Sequential(
      (0): LayerNorm((128,), eps=1e-05, elementwise_affine=True, bias=True)
      (1): Linear(in_features=128, out_features=128, bias=True)
      (2): GELU(approximate='none')
      (3): Linear(in_features=128, out_features=10, bias=True)
    )
  )
)
[2026-08-16 23:51:58,624][__main__][INFO] - [RANK 0] [ Train | Step: 500    |  loss : 1.3302 | accuracy : 0.4327 | opt_sps : 23.8577  ]
[2026-08-16 23:52:02,926][__main__][INFO] - [RANK 0] [ Eval  | Step: 500    |  loss : 0.9010 | accuracy : 0.4938 | eval_s : 4.3011  ]
[2026-08-16 23:52:13,242][__main__][INFO] - [RANK 0] [ Train | Step: 1000   |  loss : 0.8853 | accuracy : 0.4979 | opt_sps : 31.9791  ]
[2026-08-16 23:52:14,045][__main__][INFO] - [RANK 0] [ Eval  | Step: 1000   |  loss : 0.8753 | accuracy : 0.5154 | eval_s : 0.8018  ]
[2026-08-16 23:52:24,233][__main__][INFO] - [RANK 0] [ Train | Step: 1500   |  loss : 0.8705 | accuracy : 0.5203 | opt_sps : 36.1836  ]
[2026-08-16 23:52:25,035][__main__][INFO] - [RANK 0] [ Eval  | Step: 1500   |  loss : 0.8732 | accuracy : 0.5134 | eval_s : 0.8011  ]
[2026-08-16 23:52:35,281][__main__][INFO] - [RANK 0] [ Train | Step: 2000   |  loss : 0.8647 | accuracy : 0.5294 | opt_sps : 38.6884  ]
[2026-08-16 23:52:36,093][__main__][INFO] - [RANK 0] [ Eval  | Step: 2000   |  loss : 0.8859 | accuracy : 0.5039 | eval_s : 0.8106  ]
[2026-08-16 23:52:46,422][__main__][INFO] - [RANK 0] [ Train | Step: 2500   |  loss : 0.8520 | accuracy : 0.5404 | opt_sps : 40.3065  ]
[2026-08-16 23:52:47,225][__main__][INFO] - [RANK 0] [ Eval  | Step: 2500   |  loss : 0.8235 | accuracy : 0.5606 | eval_s : 0.8020  ]
[2026-08-16 23:52:57,527][__main__][INFO] - [RANK 0] [ Train | Step: 3000   |  loss : 0.8065 | accuracy : 0.5691 | opt_sps : 41.4797  ]
[2026-08-16 23:52:58,331][__main__][INFO] - [RANK 0] [ Eval  | Step: 3000   |  loss : 0.8084 | accuracy : 0.5624 | eval_s : 0.8025  ]
[2026-08-16 23:53:08,644][__main__][INFO] - [RANK 0] [ Train | Step: 3500   |  loss : 0.7728 | accuracy : 0.5874 | opt_sps : 42.3548  ]
[2026-08-16 23:53:09,446][__main__][INFO] - [RANK 0] [ Eval  | Step: 3500   |  loss : 0.7303 | accuracy : 0.6048 | eval_s : 0.8011  ]
[2026-08-16 23:53:19,723][__main__][INFO] - [RANK 0] [ Train | Step: 4000   |  loss : 0.7498 | accuracy : 0.6008 | opt_sps : 43.0526  ]
[2026-08-16 23:53:20,526][__main__][INFO] - [RANK 0] [ Eval  | Step: 4000   |  loss : 0.7847 | accuracy : 0.5866 | eval_s : 0.8022  ]
[2026-08-16 23:53:31,032][__main__][INFO] - [RANK 0] [ Train | Step: 4500   |  loss : 0.7449 | accuracy : 0.6031 | opt_sps : 43.5137  ]
[2026-08-16 23:53:31,838][__main__][INFO] - [RANK 0] [ Eval  | Step: 4500   |  loss : 0.6880 | accuracy : 0.6372 | eval_s : 0.8052  ]
[2026-08-16 23:53:42,115][__main__][INFO] - [RANK 0] [ Train | Step: 5000   |  loss : 0.7338 | accuracy : 0.6061 | opt_sps : 43.9793  ]
[2026-08-16 23:53:42,917][__main__][INFO] - [RANK 0] [ Eval  | Step: 5000   |  loss : 0.6913 | accuracy : 0.6237 | eval_s : 0.8011  ]
[2026-08-16 23:53:53,222][__main__][INFO] - [RANK 0] [ Train | Step: 5500   |  loss : 0.7244 | accuracy : 0.6131 | opt_sps : 44.3565  ]
[2026-08-16 23:53:54,040][__main__][INFO] - [RANK 0] [ Eval  | Step: 5500   |  loss : 0.6826 | accuracy : 0.6240 | eval_s : 0.8170  ]
[2026-08-16 23:54:04,362][__main__][INFO] - [RANK 0] [ Train | Step: 6000   |  loss : 0.7065 | accuracy : 0.6175 | opt_sps : 44.6714  ]
[2026-08-16 23:54:05,165][__main__][INFO] - [RANK 0] [ Eval  | Step: 6000   |  loss : 0.7080 | accuracy : 0.6197 | eval_s : 0.8026  ]
[2026-08-16 23:54:15,477][__main__][INFO] - [RANK 0] [ Train | Step: 6500   |  loss : 0.7126 | accuracy : 0.6163 | opt_sps : 44.9436  ]
[2026-08-16 23:54:16,281][__main__][INFO] - [RANK 0] [ Eval  | Step: 6500   |  loss : 0.6721 | accuracy : 0.6294 | eval_s : 0.8028  ]
[2026-08-16 23:54:26,578][__main__][INFO] - [RANK 0] [ Train | Step: 7000   |  loss : 0.7021 | accuracy : 0.6214 | opt_sps : 45.1844  ]
[2026-08-16 23:54:27,381][__main__][INFO] - [RANK 0] [ Eval  | Step: 7000   |  loss : 0.6764 | accuracy : 0.6313 | eval_s : 0.8018  ]
[2026-08-16 23:54:37,563][__main__][INFO] - [RANK 0] [ Train | Step: 7500   |  loss : 0.7212 | accuracy : 0.6155 | opt_sps : 45.4261  ]
[2026-08-16 23:54:38,366][__main__][INFO] - [RANK 0] [ Eval  | Step: 7500   |  loss : 0.7223 | accuracy : 0.6106 | eval_s : 0.8013  ]
[2026-08-16 23:54:48,722][__main__][INFO] - [RANK 0] [ Train | Step: 8000   |  loss : 0.6996 | accuracy : 0.6216 | opt_sps : 45.5946  ]
[2026-08-16 23:54:49,534][__main__][INFO] - [RANK 0] [ Eval  | Step: 8000   |  loss : 0.7803 | accuracy : 0.5796 | eval_s : 0.8114  ]
[2026-08-16 23:54:59,846][__main__][INFO] - [RANK 0] [ Train | Step: 8500   |  loss : 0.6997 | accuracy : 0.6240 | opt_sps : 45.7553  ]
[2026-08-16 23:55:00,649][__main__][INFO] - [RANK 0] [ Eval  | Step: 8500   |  loss : 0.6824 | accuracy : 0.6251 | eval_s : 0.8019  ]
[2026-08-16 23:55:10,950][__main__][INFO] - [RANK 0] [ Train | Step: 9000   |  loss : 0.6964 | accuracy : 0.6219 | opt_sps : 45.9015  ]
[2026-08-16 23:55:11,766][__main__][INFO] - [RANK 0] [ Eval  | Step: 9000   |  loss : 0.7202 | accuracy : 0.6107 | eval_s : 0.8158  ]
[2026-08-16 23:55:22,085][__main__][INFO] - [RANK 0] [ Train | Step: 9500   |  loss : 0.6955 | accuracy : 0.6260 | opt_sps : 46.0292  ]
[2026-08-16 23:55:22,887][__main__][INFO] - [RANK 0] [ Eval  | Step: 9500   |  loss : 0.6528 | accuracy : 0.6396 | eval_s : 0.8015  ]
[2026-08-16 23:55:33,326][__main__][INFO] - [RANK 0] [ Train | Step: 10000  |  loss : 0.6947 | accuracy : 0.6235 | opt_sps : 46.1197  ]
[2026-08-16 23:55:34,130][__main__][INFO] - [RANK 0] [ Eval  | Step: 10000  |  loss : 0.7070 | accuracy : 0.6142 | eval_s : 0.8028  ]
[2026-08-16 23:55:44,512][__main__][INFO] - [RANK 0] [ Train | Step: 10500  |  loss : 0.6931 | accuracy : 0.6260 | opt_sps : 46.2130  ]
[2026-08-16 23:55:45,317][__main__][INFO] - [RANK 0] [ Eval  | Step: 10500  |  loss : 0.6555 | accuracy : 0.6352 | eval_s : 0.8041  ]
[2026-08-16 23:55:55,628][__main__][INFO] - [RANK 0] [ Train | Step: 11000  |  loss : 0.6751 | accuracy : 0.6339 | opt_sps : 46.3119  ]
[2026-08-16 23:55:56,432][__main__][INFO] - [RANK 0] [ Eval  | Step: 11000  |  loss : 0.6894 | accuracy : 0.6240 | eval_s : 0.8024  ]
[2026-08-16 23:56:06,758][__main__][INFO] - [RANK 0] [ Train | Step: 11500  |  loss : 0.6710 | accuracy : 0.6389 | opt_sps : 46.3997  ]
[2026-08-16 23:56:07,573][__main__][INFO] - [RANK 0] [ Eval  | Step: 11500  |  loss : 0.6838 | accuracy : 0.6426 | eval_s : 0.8134  ]
[2026-08-16 23:56:17,855][__main__][INFO] - [RANK 0] [ Train | Step: 12000  |  loss : 0.6161 | accuracy : 0.6856 | opt_sps : 46.4884  ]
[2026-08-16 23:56:18,657][__main__][INFO] - [RANK 0] [ Eval  | Step: 12000  |  loss : 0.5108 | accuracy : 0.7478 | eval_s : 0.8016  ]
[2026-08-16 23:56:28,939][__main__][INFO] - [RANK 0] [ Train | Step: 12500  |  loss : 0.5042 | accuracy : 0.7529 | opt_sps : 46.5708  ]
[2026-08-16 23:56:29,755][__main__][INFO] - [RANK 0] [ Eval  | Step: 12500  |  loss : 0.4912 | accuracy : 0.7496 | eval_s : 0.8147  ]
[2026-08-16 23:56:40,079][__main__][INFO] - [RANK 0] [ Train | Step: 13000  |  loss : 0.4897 | accuracy : 0.7612 | opt_sps : 46.6401  ]
[2026-08-16 23:56:40,881][__main__][INFO] - [RANK 0] [ Eval  | Step: 13000  |  loss : 0.5357 | accuracy : 0.7441 | eval_s : 0.8017  ]
[2026-08-16 23:56:51,238][__main__][INFO] - [RANK 0] [ Train | Step: 13500  |  loss : 0.4764 | accuracy : 0.7660 | opt_sps : 46.6988  ]
[2026-08-16 23:56:52,042][__main__][INFO] - [RANK 0] [ Eval  | Step: 13500  |  loss : 0.4724 | accuracy : 0.7629 | eval_s : 0.8026  ]
[2026-08-16 23:57:02,433][__main__][INFO] - [RANK 0] [ Train | Step: 14000  |  loss : 0.4818 | accuracy : 0.7613 | opt_sps : 46.7484  ]
[2026-08-16 23:57:03,237][__main__][INFO] - [RANK 0] [ Eval  | Step: 14000  |  loss : 0.4648 | accuracy : 0.7675 | eval_s : 0.8032  ]
[2026-08-16 23:57:13,520][__main__][INFO] - [RANK 0] [ Train | Step: 14500  |  loss : 0.4806 | accuracy : 0.7648 | opt_sps : 46.8111  ]
[2026-08-16 23:57:14,322][__main__][INFO] - [RANK 0] [ Eval  | Step: 14500  |  loss : 0.4581 | accuracy : 0.7727 | eval_s : 0.8011  ]
[2026-08-16 23:57:24,584][__main__][INFO] - [RANK 0] [ Train | Step: 15000  |  loss : 0.4680 | accuracy : 0.7673 | opt_sps : 46.8726  ]
[2026-08-16 23:57:25,397][__main__][INFO] - [RANK 0] [ Eval  | Step: 15000  |  loss : 0.4673 | accuracy : 0.7693 | eval_s : 0.8118  ]
[2026-08-16 23:57:35,788][__main__][INFO] - [RANK 0] [ Train | Step: 15500  |  loss : 0.4676 | accuracy : 0.7677 | opt_sps : 46.9119  ]
[2026-08-16 23:57:36,592][__main__][INFO] - [RANK 0] [ Eval  | Step: 15500  |  loss : 0.4838 | accuracy : 0.7564 | eval_s : 0.8032  ]
[2026-08-16 23:57:46,878][__main__][INFO] - [RANK 0] [ Train | Step: 16000  |  loss : 0.4669 | accuracy : 0.7667 | opt_sps : 46.9631  ]
[2026-08-16 23:57:47,682][__main__][INFO] - [RANK 0] [ Eval  | Step: 16000  |  loss : 0.4666 | accuracy : 0.7693 | eval_s : 0.8035  ]
[2026-08-16 23:57:58,073][__main__][INFO] - [RANK 0] [ Train | Step: 16500  |  loss : 0.4692 | accuracy : 0.7681 | opt_sps : 46.9974  ]
[2026-08-16 23:57:58,876][__main__][INFO] - [RANK 0] [ Eval  | Step: 16500  |  loss : 0.6081 | accuracy : 0.7312 | eval_s : 0.8017  ]
[2026-08-16 23:58:09,158][__main__][INFO] - [RANK 0] [ Train | Step: 17000  |  loss : 0.4718 | accuracy : 0.7670 | opt_sps : 47.0437  ]
[2026-08-16 23:58:09,960][__main__][INFO] - [RANK 0] [ Eval  | Step: 17000  |  loss : 0.5035 | accuracy : 0.7552 | eval_s : 0.8008  ]
[2026-08-16 23:58:20,282][__main__][INFO] - [RANK 0] [ Train | Step: 17500  |  loss : 0.4633 | accuracy : 0.7681 | opt_sps : 47.0825  ]
[2026-08-16 23:58:21,089][__main__][INFO] - [RANK 0] [ Eval  | Step: 17500  |  loss : 0.4583 | accuracy : 0.7722 | eval_s : 0.8064  ]
[2026-08-16 23:58:31,356][__main__][INFO] - [RANK 0] [ Train | Step: 18000  |  loss : 0.4672 | accuracy : 0.7678 | opt_sps : 47.1260  ]
[2026-08-16 23:58:32,159][__main__][INFO] - [RANK 0] [ Eval  | Step: 18000  |  loss : 0.4652 | accuracy : 0.7696 | eval_s : 0.8021  ]
[2026-08-16 23:58:42,462][__main__][INFO] - [RANK 0] [ Train | Step: 18500  |  loss : 0.4588 | accuracy : 0.7702 | opt_sps : 47.1629  ]
[2026-08-16 23:58:43,282][__main__][INFO] - [RANK 0] [ Eval  | Step: 18500  |  loss : 0.4567 | accuracy : 0.7689 | eval_s : 0.8191  ]
[2026-08-16 23:58:53,780][__main__][INFO] - [RANK 0] [ Train | Step: 19000  |  loss : 0.4624 | accuracy : 0.7702 | opt_sps : 47.1753  ]
[2026-08-16 23:58:54,585][__main__][INFO] - [RANK 0] [ Eval  | Step: 19000  |  loss : 0.4619 | accuracy : 0.7704 | eval_s : 0.8035  ]
[2026-08-16 23:59:04,924][__main__][INFO] - [RANK 0] [ Train | Step: 19500  |  loss : 0.4602 | accuracy : 0.7720 | opt_sps : 47.2049  ]
[2026-08-16 23:59:05,728][__main__][INFO] - [RANK 0] [ Eval  | Step: 19500  |  loss : 0.4574 | accuracy : 0.7719 | eval_s : 0.8029  ]
[2026-08-16 23:59:16,169][__main__][INFO] - [RANK 0] [ Train | Step: 20000  |  loss : 0.4595 | accuracy : 0.7725 | opt_sps : 47.2218  ]
[2026-08-16 23:59:16,974][__main__][INFO] - [RANK 0] [ Eval  | Step: 20000  |  loss : 0.4612 | accuracy : 0.7716 | eval_s : 0.8036  ]
[2026-08-16 23:59:27,236][__main__][INFO] - [RANK 0] [ Train | Step: 20500  |  loss : 0.4566 | accuracy : 0.7718 | opt_sps : 47.2572  ]
[2026-08-16 23:59:28,039][__main__][INFO] - [RANK 0] [ Eval  | Step: 20500  |  loss : 0.4596 | accuracy : 0.7716 | eval_s : 0.8014  ]
[2026-08-16 23:59:38,514][__main__][INFO] - [RANK 0] [ Train | Step: 21000  |  loss : 0.4599 | accuracy : 0.7702 | opt_sps : 47.2684  ]
[2026-08-16 23:59:39,321][__main__][INFO] - [RANK 0] [ Eval  | Step: 21000  |  loss : 0.4591 | accuracy : 0.7700 | eval_s : 0.8062  ]
[2026-08-16 23:59:49,565][__main__][INFO] - [RANK 0] [ Train | Step: 21500  |  loss : 0.4554 | accuracy : 0.7725 | opt_sps : 47.3032  ]
[2026-08-16 23:59:50,373][__main__][INFO] - [RANK 0] [ Eval  | Step: 21500  |  loss : 0.4576 | accuracy : 0.7719 | eval_s : 0.8078  ]
[2026-08-17 00:00:00,665][__main__][INFO] - [RANK 0] [ Train | Step: 22000  |  loss : 0.4552 | accuracy : 0.7740 | opt_sps : 47.3316  ]
[2026-08-17 00:00:01,481][__main__][INFO] - [RANK 0] [ Eval  | Step: 22000  |  loss : 0.4951 | accuracy : 0.7544 | eval_s : 0.8157  ]
[2026-08-17 00:00:11,851][__main__][INFO] - [RANK 0] [ Train | Step: 22500  |  loss : 0.4555 | accuracy : 0.7712 | opt_sps : 47.3509  ]
[2026-08-17 00:00:12,655][__main__][INFO] - [RANK 0] [ Eval  | Step: 22500  |  loss : 0.4690 | accuracy : 0.7637 | eval_s : 0.8033  ]
[2026-08-17 00:00:22,934][__main__][INFO] - [RANK 0] [ Train | Step: 23000  |  loss : 0.4531 | accuracy : 0.7741 | opt_sps : 47.3783  ]
[2026-08-17 00:00:23,741][__main__][INFO] - [RANK 0] [ Eval  | Step: 23000  |  loss : 0.4598 | accuracy : 0.7682 | eval_s : 0.8061  ]
[2026-08-17 00:00:34,144][__main__][INFO] - [RANK 0] [ Train | Step: 23500  |  loss : 0.4545 | accuracy : 0.7726 | opt_sps : 47.3927  ]
[2026-08-17 00:00:34,947][__main__][INFO] - [RANK 0] [ Eval  | Step: 23500  |  loss : 0.4570 | accuracy : 0.7726 | eval_s : 0.8023  ]
[2026-08-17 00:00:45,218][__main__][INFO] - [RANK 0] [ Train | Step: 24000  |  loss : 0.4537 | accuracy : 0.7738 | opt_sps : 47.4188  ]
[2026-08-17 00:00:46,020][__main__][INFO] - [RANK 0] [ Eval  | Step: 24000  |  loss : 0.4556 | accuracy : 0.7726 | eval_s : 0.8011  ]
[2026-08-17 00:00:56,461][__main__][INFO] - [RANK 0] [ Train | Step: 24500  |  loss : 0.4541 | accuracy : 0.7738 | opt_sps : 47.4285  ]
[2026-08-17 00:00:57,269][__main__][INFO] - [RANK 0] [ Eval  | Step: 24500  |  loss : 0.4538 | accuracy : 0.7732 | eval_s : 0.8072  ]
[2026-08-17 00:01:07,576][__main__][INFO] - [RANK 0] [ Train | Step: 25000  |  loss : 0.4526 | accuracy : 0.7734 | opt_sps : 47.4499  ]
[2026-08-17 00:01:08,380][__main__][INFO] - [RANK 0] [ Eval  | Step: 25000  |  loss : 0.4654 | accuracy : 0.7698 | eval_s : 0.8027  ]
[2026-08-17 00:01:18,675][__main__][INFO] - [RANK 0] [ Train | Step: 25500  |  loss : 0.4556 | accuracy : 0.7722 | opt_sps : 47.4713  ]
[2026-08-17 00:01:19,492][__main__][INFO] - [RANK 0] [ Eval  | Step: 25500  |  loss : 0.4571 | accuracy : 0.7722 | eval_s : 0.8155  ]
[2026-08-17 00:01:29,756][__main__][INFO] - [RANK 0] [ Train | Step: 26000  |  loss : 0.4517 | accuracy : 0.7745 | opt_sps : 47.4946  ]
[2026-08-17 00:01:30,560][__main__][INFO] - [RANK 0] [ Eval  | Step: 26000  |  loss : 0.4534 | accuracy : 0.7741 | eval_s : 0.8032  ]
[2026-08-17 00:01:40,933][__main__][INFO] - [RANK 0] [ Train | Step: 26500  |  loss : 0.4533 | accuracy : 0.7743 | opt_sps : 47.5079  ]
[2026-08-17 00:01:41,735][__main__][INFO] - [RANK 0] [ Eval  | Step: 26500  |  loss : 0.4510 | accuracy : 0.7759 | eval_s : 0.8004  ]
[2026-08-17 00:01:52,061][__main__][INFO] - [RANK 0] [ Train | Step: 27000  |  loss : 0.4468 | accuracy : 0.7771 | opt_sps : 47.5247  ]
[2026-08-17 00:01:52,863][__main__][INFO] - [RANK 0] [ Eval  | Step: 27000  |  loss : 0.4513 | accuracy : 0.7748 | eval_s : 0.8011  ]
[2026-08-17 00:02:03,136][__main__][INFO] - [RANK 0] [ Train | Step: 27500  |  loss : 0.4469 | accuracy : 0.7776 | opt_sps : 47.5451  ]
[2026-08-17 00:02:03,938][__main__][INFO] - [RANK 0] [ Eval  | Step: 27500  |  loss : 0.4637 | accuracy : 0.7714 | eval_s : 0.8008  ]
[2026-08-17 00:02:14,246][__main__][INFO] - [RANK 0] [ Train | Step: 28000  |  loss : 0.4481 | accuracy : 0.7761 | opt_sps : 47.5619  ]
[2026-08-17 00:02:15,058][__main__][INFO] - [RANK 0] [ Eval  | Step: 28000  |  loss : 0.4494 | accuracy : 0.7731 | eval_s : 0.8105  ]
[2026-08-17 00:02:25,376][__main__][INFO] - [RANK 0] [ Train | Step: 28500  |  loss : 0.4468 | accuracy : 0.7773 | opt_sps : 47.5775  ]
[2026-08-17 00:02:26,179][__main__][INFO] - [RANK 0] [ Eval  | Step: 28500  |  loss : 0.4510 | accuracy : 0.7751 | eval_s : 0.8018  ]
[2026-08-17 00:02:36,427][__main__][INFO] - [RANK 0] [ Train | Step: 29000  |  loss : 0.4436 | accuracy : 0.7784 | opt_sps : 47.5979  ]
[2026-08-17 00:02:37,235][__main__][INFO] - [RANK 0] [ Eval  | Step: 29000  |  loss : 0.4527 | accuracy : 0.7735 | eval_s : 0.8073  ]
[2026-08-17 00:02:47,562][__main__][INFO] - [RANK 0] [ Train | Step: 29500  |  loss : 0.4407 | accuracy : 0.7806 | opt_sps : 47.6116  ]
[2026-08-17 00:02:48,365][__main__][INFO] - [RANK 0] [ Eval  | Step: 29500  |  loss : 0.4470 | accuracy : 0.7747 | eval_s : 0.8017  ]
[2026-08-17 00:02:58,740][__main__][INFO] - [RANK 0] [ Train | Step: 30000  |  loss : 0.4435 | accuracy : 0.7779 | opt_sps : 47.6213  ]
[2026-08-17 00:02:59,543][__main__][INFO] - [RANK 0] [ Eval  | Step: 30000  |  loss : 0.4827 | accuracy : 0.7650 | eval_s : 0.8022  ]
[2026-08-17 00:03:09,942][__main__][INFO] - [RANK 0] [ Train | Step: 30500  |  loss : 0.4426 | accuracy : 0.7796 | opt_sps : 47.6287  ]
[2026-08-17 00:03:10,745][__main__][INFO] - [RANK 0] [ Eval  | Step: 30500  |  loss : 0.4459 | accuracy : 0.7729 | eval_s : 0.8017  ]
[2026-08-17 00:03:21,046][__main__][INFO] - [RANK 0] [ Train | Step: 31000  |  loss : 0.4417 | accuracy : 0.7807 | opt_sps : 47.6433  ]
[2026-08-17 00:03:21,850][__main__][INFO] - [RANK 0] [ Eval  | Step: 31000  |  loss : 0.4492 | accuracy : 0.7772 | eval_s : 0.8030  ]
[2026-08-17 00:03:32,162][__main__][INFO] - [RANK 0] [ Train | Step: 31500  |  loss : 0.4447 | accuracy : 0.7782 | opt_sps : 47.6565  ]
[2026-08-17 00:03:32,980][__main__][INFO] - [RANK 0] [ Eval  | Step: 31500  |  loss : 0.4450 | accuracy : 0.7769 | eval_s : 0.8167  ]
[2026-08-17 00:03:43,450][__main__][INFO] - [RANK 0] [ Train | Step: 32000  |  loss : 0.4401 | accuracy : 0.7822 | opt_sps : 47.6582  ]
[2026-08-17 00:03:44,253][__main__][INFO] - [RANK 0] [ Eval  | Step: 32000  |  loss : 0.4435 | accuracy : 0.7795 | eval_s : 0.8018  ]
[2026-08-17 00:03:54,553][__main__][INFO] - [RANK 0] [ Train | Step: 32500  |  loss : 0.4290 | accuracy : 0.7901 | opt_sps : 47.6717  ]
[2026-08-17 00:03:55,362][__main__][INFO] - [RANK 0] [ Eval  | Step: 32500  |  loss : 0.4187 | accuracy : 0.7973 | eval_s : 0.8079  ]
[2026-08-17 00:04:05,736][__main__][INFO] - [RANK 0] [ Train | Step: 33000  |  loss : 0.4002 | accuracy : 0.8063 | opt_sps : 47.6798  ]
[2026-08-17 00:04:06,538][__main__][INFO] - [RANK 0] [ Eval  | Step: 33000  |  loss : 0.3881 | accuracy : 0.8132 | eval_s : 0.8016  ]
[2026-08-17 00:04:16,816][__main__][INFO] - [RANK 0] [ Train | Step: 33500  |  loss : 0.3753 | accuracy : 0.8203 | opt_sps : 47.6941  ]
[2026-08-17 00:04:17,620][__main__][INFO] - [RANK 0] [ Eval  | Step: 33500  |  loss : 0.3722 | accuracy : 0.8216 | eval_s : 0.8031  ]
[2026-08-17 00:04:27,927][__main__][INFO] - [RANK 0] [ Train | Step: 34000  |  loss : 0.3647 | accuracy : 0.8254 | opt_sps : 47.7061  ]
[2026-08-17 00:04:28,733][__main__][INFO] - [RANK 0] [ Eval  | Step: 34000  |  loss : 0.3654 | accuracy : 0.8250 | eval_s : 0.8046  ]
[2026-08-17 00:04:39,053][__main__][INFO] - [RANK 0] [ Train | Step: 34500  |  loss : 0.3565 | accuracy : 0.8296 | opt_sps : 47.7168  ]
[2026-08-17 00:04:39,857][__main__][INFO] - [RANK 0] [ Eval  | Step: 34500  |  loss : 0.3594 | accuracy : 0.8242 | eval_s : 0.8030  ]
[2026-08-17 00:04:50,206][__main__][INFO] - [RANK 0] [ Train | Step: 35000  |  loss : 0.3561 | accuracy : 0.8279 | opt_sps : 47.7255  ]
[2026-08-17 00:04:51,020][__main__][INFO] - [RANK 0] [ Eval  | Step: 35000  |  loss : 0.3580 | accuracy : 0.8280 | eval_s : 0.8130  ]
[2026-08-17 00:05:01,424][__main__][INFO] - [RANK 0] [ Train | Step: 35500  |  loss : 0.3554 | accuracy : 0.8308 | opt_sps : 47.7303  ]
[2026-08-17 00:05:02,228][__main__][INFO] - [RANK 0] [ Eval  | Step: 35500  |  loss : 0.3568 | accuracy : 0.8297 | eval_s : 0.8026  ]
[2026-08-17 00:05:12,583][__main__][INFO] - [RANK 0] [ Train | Step: 36000  |  loss : 0.3526 | accuracy : 0.8315 | opt_sps : 47.7380  ]
[2026-08-17 00:05:13,388][__main__][INFO] - [RANK 0] [ Eval  | Step: 36000  |  loss : 0.3552 | accuracy : 0.8309 | eval_s : 0.8045  ]
[2026-08-17 00:05:23,762][__main__][INFO] - [RANK 0] [ Train | Step: 36500  |  loss : 0.3520 | accuracy : 0.8294 | opt_sps : 47.7444  ]
[2026-08-17 00:05:24,564][__main__][INFO] - [RANK 0] [ Eval  | Step: 36500  |  loss : 0.3542 | accuracy : 0.8268 | eval_s : 0.8005  ]
[2026-08-17 00:05:34,879][__main__][INFO] - [RANK 0] [ Train | Step: 37000  |  loss : 0.3473 | accuracy : 0.8310 | opt_sps : 47.7543  ]
[2026-08-17 00:05:35,684][__main__][INFO] - [RANK 0] [ Eval  | Step: 37000  |  loss : 0.3478 | accuracy : 0.8308 | eval_s : 0.8037  ]
[2026-08-17 00:05:46,172][__main__][INFO] - [RANK 0] [ Train | Step: 37500  |  loss : 0.3476 | accuracy : 0.8304 | opt_sps : 47.7533  ]
[2026-08-17 00:05:46,979][__main__][INFO] - [RANK 0] [ Eval  | Step: 37500  |  loss : 0.3521 | accuracy : 0.8291 | eval_s : 0.8056  ]
[2026-08-17 00:05:57,274][__main__][INFO] - [RANK 0] [ Train | Step: 38000  |  loss : 0.3434 | accuracy : 0.8304 | opt_sps : 47.7638  ]
[2026-08-17 00:05:58,077][__main__][INFO] - [RANK 0] [ Eval  | Step: 38000  |  loss : 0.3414 | accuracy : 0.8313 | eval_s : 0.8022  ]
[2026-08-17 00:06:08,394][__main__][INFO] - [RANK 0] [ Train | Step: 38500  |  loss : 0.3319 | accuracy : 0.8343 | opt_sps : 47.7729  ]
[2026-08-17 00:06:09,207][__main__][INFO] - [RANK 0] [ Eval  | Step: 38500  |  loss : 0.3267 | accuracy : 0.8341 | eval_s : 0.8115  ]
[2026-08-17 00:06:19,519][__main__][INFO] - [RANK 0] [ Train | Step: 39000  |  loss : 0.3266 | accuracy : 0.8340 | opt_sps : 47.7821  ]
[2026-08-17 00:06:20,323][__main__][INFO] - [RANK 0] [ Eval  | Step: 39000  |  loss : 0.3197 | accuracy : 0.8359 | eval_s : 0.8028  ]
[2026-08-17 00:06:30,572][__main__][INFO] - [RANK 0] [ Train | Step: 39500  |  loss : 0.3251 | accuracy : 0.8343 | opt_sps : 47.7947  ]
[2026-08-17 00:06:31,374][__main__][INFO] - [RANK 0] [ Eval  | Step: 39500  |  loss : 0.3216 | accuracy : 0.8321 | eval_s : 0.8014  ]
[2026-08-17 00:06:41,736][__main__][INFO] - [RANK 0] [ Train | Step: 40000  |  loss : 0.3216 | accuracy : 0.8361 | opt_sps : 47.8003  ]
[2026-08-17 00:06:42,539][__main__][INFO] - [RANK 0] [ Eval  | Step: 40000  |  loss : 0.3229 | accuracy : 0.8369 | eval_s : 0.8025  ]
[2026-08-17 00:06:52,784][__main__][INFO] - [RANK 0] [ Train | Step: 40500  |  loss : 0.3163 | accuracy : 0.8390 | opt_sps : 47.8125  ]
[2026-08-17 00:06:53,586][__main__][INFO] - [RANK 0] [ Eval  | Step: 40500  |  loss : 0.3209 | accuracy : 0.8324 | eval_s : 0.8013  ]
[2026-08-17 00:07:03,986][__main__][INFO] - [RANK 0] [ Train | Step: 41000  |  loss : 0.3189 | accuracy : 0.8365 | opt_sps : 47.8157  ]
[2026-08-17 00:07:04,802][__main__][INFO] - [RANK 0] [ Eval  | Step: 41000  |  loss : 0.3221 | accuracy : 0.8355 | eval_s : 0.8142  ]
[2026-08-17 00:07:15,113][__main__][INFO] - [RANK 0] [ Train | Step: 41500  |  loss : 0.3167 | accuracy : 0.8367 | opt_sps : 47.8237  ]
[2026-08-17 00:07:15,914][__main__][INFO] - [RANK 0] [ Eval  | Step: 41500  |  loss : 0.3188 | accuracy : 0.8350 | eval_s : 0.8007  ]
[2026-08-17 00:07:26,199][__main__][INFO] - [RANK 0] [ Train | Step: 42000  |  loss : 0.3107 | accuracy : 0.8396 | opt_sps : 47.8332  ]
[2026-08-17 00:07:27,012][__main__][INFO] - [RANK 0] [ Eval  | Step: 42000  |  loss : 0.3140 | accuracy : 0.8350 | eval_s : 0.8121  ]
[2026-08-17 00:07:37,328][__main__][INFO] - [RANK 0] [ Train | Step: 42500  |  loss : 0.3150 | accuracy : 0.8392 | opt_sps : 47.8406  ]
[2026-08-17 00:07:38,131][__main__][INFO] - [RANK 0] [ Eval  | Step: 42500  |  loss : 0.3165 | accuracy : 0.8374 | eval_s : 0.8011  ]
[2026-08-17 00:07:48,512][__main__][INFO] - [RANK 0] [ Train | Step: 43000  |  loss : 0.3117 | accuracy : 0.8388 | opt_sps : 47.8444  ]
[2026-08-17 00:07:49,316][__main__][INFO] - [RANK 0] [ Eval  | Step: 43000  |  loss : 0.3168 | accuracy : 0.8389 | eval_s : 0.8031  ]
[2026-08-17 00:07:59,705][__main__][INFO] - [RANK 0] [ Train | Step: 43500  |  loss : 0.3113 | accuracy : 0.8401 | opt_sps : 47.8476  ]
[2026-08-17 00:08:00,508][__main__][INFO] - [RANK 0] [ Eval  | Step: 43500  |  loss : 0.3174 | accuracy : 0.8344 | eval_s : 0.8021  ]
[2026-08-17 00:08:10,774][__main__][INFO] - [RANK 0] [ Train | Step: 44000  |  loss : 0.3091 | accuracy : 0.8421 | opt_sps : 47.8572  ]
[2026-08-17 00:08:11,580][__main__][INFO] - [RANK 0] [ Eval  | Step: 44000  |  loss : 0.3094 | accuracy : 0.8389 | eval_s : 0.8050  ]
[2026-08-17 00:08:21,952][__main__][INFO] - [RANK 0] [ Train | Step: 44500  |  loss : 0.3126 | accuracy : 0.8405 | opt_sps : 47.8612  ]
[2026-08-17 00:08:22,768][__main__][INFO] - [RANK 0] [ Eval  | Step: 44500  |  loss : 0.3164 | accuracy : 0.8372 | eval_s : 0.8150  ]
[2026-08-17 00:08:33,029][__main__][INFO] - [RANK 0] [ Train | Step: 45000  |  loss : 0.3069 | accuracy : 0.8434 | opt_sps : 47.8707  ]
[2026-08-17 00:08:33,832][__main__][INFO] - [RANK 0] [ Eval  | Step: 45000  |  loss : 0.3104 | accuracy : 0.8409 | eval_s : 0.8018  ]
[2026-08-17 00:08:44,077][__main__][INFO] - [RANK 0] [ Train | Step: 45500  |  loss : 0.3097 | accuracy : 0.8430 | opt_sps : 47.8808  ]
[2026-08-17 00:08:44,886][__main__][INFO] - [RANK 0] [ Eval  | Step: 45500  |  loss : 0.3089 | accuracy : 0.8401 | eval_s : 0.8076  ]
[2026-08-17 00:08:55,260][__main__][INFO] - [RANK 0] [ Train | Step: 46000  |  loss : 0.3094 | accuracy : 0.8416 | opt_sps : 47.8843  ]
[2026-08-17 00:08:56,063][__main__][INFO] - [RANK 0] [ Eval  | Step: 46000  |  loss : 0.3078 | accuracy : 0.8427 | eval_s : 0.8026  ]
[2026-08-17 00:09:06,384][__main__][INFO] - [RANK 0] [ Train | Step: 46500  |  loss : 0.3052 | accuracy : 0.8442 | opt_sps : 47.8904  ]
[2026-08-17 00:09:07,197][__main__][INFO] - [RANK 0] [ Eval  | Step: 46500  |  loss : 0.3065 | accuracy : 0.8447 | eval_s : 0.8121  ]
[2026-08-17 00:09:17,645][__main__][INFO] - [RANK 0] [ Train | Step: 47000  |  loss : 0.3058 | accuracy : 0.8455 | opt_sps : 47.8901  ]
[2026-08-17 00:09:18,450][__main__][INFO] - [RANK 0] [ Eval  | Step: 47000  |  loss : 0.3059 | accuracy : 0.8442 | eval_s : 0.8040  ]
[2026-08-17 00:09:28,690][__main__][INFO] - [RANK 0] [ Train | Step: 47500  |  loss : 0.3065 | accuracy : 0.8438 | opt_sps : 47.8999  ]
[2026-08-17 00:09:29,492][__main__][INFO] - [RANK 0] [ Eval  | Step: 47500  |  loss : 0.3038 | accuracy : 0.8420 | eval_s : 0.8011  ]
[2026-08-17 00:09:39,820][__main__][INFO] - [RANK 0] [ Train | Step: 48000  |  loss : 0.3002 | accuracy : 0.8478 | opt_sps : 47.9053  ]
[2026-08-17 00:09:40,633][__main__][INFO] - [RANK 0] [ Eval  | Step: 48000  |  loss : 0.3089 | accuracy : 0.8440 | eval_s : 0.8114  ]
[2026-08-17 00:09:50,958][__main__][INFO] - [RANK 0] [ Train | Step: 48500  |  loss : 0.3007 | accuracy : 0.8481 | opt_sps : 47.9106  ]
[2026-08-17 00:09:51,761][__main__][INFO] - [RANK 0] [ Eval  | Step: 48500  |  loss : 0.3055 | accuracy : 0.8445 | eval_s : 0.8002  ]
[2026-08-17 00:10:02,025][__main__][INFO] - [RANK 0] [ Train | Step: 49000  |  loss : 0.3039 | accuracy : 0.8475 | opt_sps : 47.9187  ]
[2026-08-17 00:10:02,833][__main__][INFO] - [RANK 0] [ Eval  | Step: 49000  |  loss : 0.3025 | accuracy : 0.8461 | eval_s : 0.8065  ]
[2026-08-17 00:10:13,181][__main__][INFO] - [RANK 0] [ Train | Step: 49500  |  loss : 0.2990 | accuracy : 0.8505 | opt_sps : 47.9228  ]
[2026-08-17 00:10:13,983][__main__][INFO] - [RANK 0] [ Eval  | Step: 49500  |  loss : 0.3035 | accuracy : 0.8454 | eval_s : 0.8012  ]
[2026-08-17 00:10:24,440][__main__][INFO] - [RANK 0] [ Train | Step: 50000  |  loss : 0.3002 | accuracy : 0.8505 | opt_sps : 47.9218  ]
[2026-08-17 00:10:25,251][__main__][INFO] - [RANK 0] [ Eval  | Step: 50000  |  loss : 0.3034 | accuracy : 0.8490 | eval_s : 0.8110  ]
[2026-08-17 00:10:35,694][__main__][INFO] - [RANK 0] [ Train | Step: 50500  |  loss : 0.2951 | accuracy : 0.8577 | opt_sps : 47.9214  ]
[2026-08-17 00:10:36,500][__main__][INFO] - [RANK 0] [ Eval  | Step: 50500  |  loss : 0.3002 | accuracy : 0.8550 | eval_s : 0.8046  ]
[2026-08-17 00:10:46,773][__main__][INFO] - [RANK 0] [ Train | Step: 51000  |  loss : 0.2910 | accuracy : 0.8608 | opt_sps : 47.9287  ]
[2026-08-17 00:10:47,575][__main__][INFO] - [RANK 0] [ Eval  | Step: 51000  |  loss : 0.2997 | accuracy : 0.8554 | eval_s : 0.8011  ]
[2026-08-17 00:10:57,905][__main__][INFO] - [RANK 0] [ Train | Step: 51500  |  loss : 0.2885 | accuracy : 0.8627 | opt_sps : 47.9334  ]
[2026-08-17 00:10:58,719][__main__][INFO] - [RANK 0] [ Eval  | Step: 51500  |  loss : 0.2918 | accuracy : 0.8589 | eval_s : 0.8129  ]
[2026-08-17 00:11:09,016][__main__][INFO] - [RANK 0] [ Train | Step: 52000  |  loss : 0.2907 | accuracy : 0.8620 | opt_sps : 47.9394  ]
[2026-08-17 00:11:09,819][__main__][INFO] - [RANK 0] [ Eval  | Step: 52000  |  loss : 0.2881 | accuracy : 0.8615 | eval_s : 0.8021  ]
[2026-08-17 00:11:20,073][__main__][INFO] - [RANK 0] [ Train | Step: 52500  |  loss : 0.2876 | accuracy : 0.8643 | opt_sps : 47.9472  ]
[2026-08-17 00:11:20,875][__main__][INFO] - [RANK 0] [ Eval  | Step: 52500  |  loss : 0.2906 | accuracy : 0.8610 | eval_s : 0.8015  ]
[2026-08-17 00:11:31,234][__main__][INFO] - [RANK 0] [ Train | Step: 53000  |  loss : 0.2837 | accuracy : 0.8663 | opt_sps : 47.9502  ]
[2026-08-17 00:11:32,037][__main__][INFO] - [RANK 0] [ Eval  | Step: 53000  |  loss : 0.2909 | accuracy : 0.8603 | eval_s : 0.8021  ]
[2026-08-17 00:11:42,298][__main__][INFO] - [RANK 0] [ Train | Step: 53500  |  loss : 0.2841 | accuracy : 0.8661 | opt_sps : 47.9574  ]
[2026-08-17 00:11:43,101][__main__][INFO] - [RANK 0] [ Eval  | Step: 53500  |  loss : 0.2903 | accuracy : 0.8616 | eval_s : 0.8015  ]
[2026-08-17 00:11:53,402][__main__][INFO] - [RANK 0] [ Train | Step: 54000  |  loss : 0.2827 | accuracy : 0.8681 | opt_sps : 47.9627  ]
[2026-08-17 00:11:54,213][__main__][INFO] - [RANK 0] [ Eval  | Step: 54000  |  loss : 0.2834 | accuracy : 0.8645 | eval_s : 0.8101  ]
[2026-08-17 00:12:04,477][__main__][INFO] - [RANK 0] [ Train | Step: 54500  |  loss : 0.2820 | accuracy : 0.8676 | opt_sps : 47.9696  ]
[2026-08-17 00:12:05,281][__main__][INFO] - [RANK 0] [ Eval  | Step: 54500  |  loss : 0.2821 | accuracy : 0.8656 | eval_s : 0.8027  ]
[2026-08-17 00:12:15,588][__main__][INFO] - [RANK 0] [ Train | Step: 55000  |  loss : 0.2760 | accuracy : 0.8708 | opt_sps : 47.9745  ]
[2026-08-17 00:12:16,399][__main__][INFO] - [RANK 0] [ Eval  | Step: 55000  |  loss : 0.2866 | accuracy : 0.8644 | eval_s : 0.8100  ]
[2026-08-17 00:12:26,789][__main__][INFO] - [RANK 0] [ Train | Step: 55500  |  loss : 0.2767 | accuracy : 0.8712 | opt_sps : 47.9758  ]
[2026-08-17 00:12:27,610][__main__][INFO] - [RANK 0] [ Eval  | Step: 55500  |  loss : 0.2858 | accuracy : 0.8648 | eval_s : 0.8198  ]
[2026-08-17 00:12:38,022][__main__][INFO] - [RANK 0] [ Train | Step: 56000  |  loss : 0.2787 | accuracy : 0.8701 | opt_sps : 47.9762  ]
[2026-08-17 00:12:38,828][__main__][INFO] - [RANK 0] [ Eval  | Step: 56000  |  loss : 0.2843 | accuracy : 0.8654 | eval_s : 0.8049  ]
[2026-08-17 00:12:49,251][__main__][INFO] - [RANK 0] [ Train | Step: 56500  |  loss : 0.2747 | accuracy : 0.8712 | opt_sps : 47.9762  ]
[2026-08-17 00:12:50,055][__main__][INFO] - [RANK 0] [ Eval  | Step: 56500  |  loss : 0.2824 | accuracy : 0.8654 | eval_s : 0.8036  ]
[2026-08-17 00:13:00,355][__main__][INFO] - [RANK 0] [ Train | Step: 57000  |  loss : 0.2755 | accuracy : 0.8712 | opt_sps : 47.9811  ]
[2026-08-17 00:13:01,159][__main__][INFO] - [RANK 0] [ Eval  | Step: 57000  |  loss : 0.2787 | accuracy : 0.8674 | eval_s : 0.8035  ]
[2026-08-17 00:13:11,535][__main__][INFO] - [RANK 0] [ Train | Step: 57500  |  loss : 0.2772 | accuracy : 0.8708 | opt_sps : 47.9831  ]
[2026-08-17 00:13:12,349][__main__][INFO] - [RANK 0] [ Eval  | Step: 57500  |  loss : 0.2800 | accuracy : 0.8670 | eval_s : 0.8132  ]
[2026-08-17 00:13:22,628][__main__][INFO] - [RANK 0] [ Train | Step: 58000  |  loss : 0.2726 | accuracy : 0.8732 | opt_sps : 47.9887  ]
[2026-08-17 00:13:23,437][__main__][INFO] - [RANK 0] [ Eval  | Step: 58000  |  loss : 0.2763 | accuracy : 0.8696 | eval_s : 0.8078  ]
[2026-08-17 00:13:33,706][__main__][INFO] - [RANK 0] [ Train | Step: 58500  |  loss : 0.2712 | accuracy : 0.8741 | opt_sps : 47.9947  ]
[2026-08-17 00:13:34,517][__main__][INFO] - [RANK 0] [ Eval  | Step: 58500  |  loss : 0.2774 | accuracy : 0.8683 | eval_s : 0.8096  ]
[2026-08-17 00:13:44,796][__main__][INFO] - [RANK 0] [ Train | Step: 59000  |  loss : 0.2689 | accuracy : 0.8754 | opt_sps : 48.0001  ]
[2026-08-17 00:13:45,598][__main__][INFO] - [RANK 0] [ Eval  | Step: 59000  |  loss : 0.2738 | accuracy : 0.8711 | eval_s : 0.8014  ]
[2026-08-17 00:13:55,894][__main__][INFO] - [RANK 0] [ Train | Step: 59500  |  loss : 0.2639 | accuracy : 0.8772 | opt_sps : 48.0049  ]
[2026-08-17 00:13:56,698][__main__][INFO] - [RANK 0] [ Eval  | Step: 59500  |  loss : 0.2704 | accuracy : 0.8731 | eval_s : 0.8035  ]
[2026-08-17 00:14:07,119][__main__][INFO] - [RANK 0] [ Train | Step: 60000  |  loss : 0.2621 | accuracy : 0.8777 | opt_sps : 48.0048  ]
[2026-08-17 00:14:07,921][__main__][INFO] - [RANK 0] [ Eval  | Step: 60000  |  loss : 0.2666 | accuracy : 0.8740 | eval_s : 0.8016  ]
[2026-08-17 00:14:18,189][__main__][INFO] - [RANK 0] [ Train | Step: 60500  |  loss : 0.2580 | accuracy : 0.8787 | opt_sps : 48.0105  ]
[2026-08-17 00:14:18,995][__main__][INFO] - [RANK 0] [ Eval  | Step: 60500  |  loss : 0.2628 | accuracy : 0.8761 | eval_s : 0.8042  ]
[2026-08-17 00:14:29,336][__main__][INFO] - [RANK 0] [ Train | Step: 61000  |  loss : 0.2528 | accuracy : 0.8819 | opt_sps : 48.0133  ]
[2026-08-17 00:14:30,158][__main__][INFO] - [RANK 0] [ Eval  | Step: 61000  |  loss : 0.2534 | accuracy : 0.8807 | eval_s : 0.8209  ]
[2026-08-17 00:14:40,573][__main__][INFO] - [RANK 0] [ Train | Step: 61500  |  loss : 0.2497 | accuracy : 0.8836 | opt_sps : 48.0134  ]
[2026-08-17 00:14:41,375][__main__][INFO] - [RANK 0] [ Eval  | Step: 61500  |  loss : 0.2512 | accuracy : 0.8822 | eval_s : 0.8019  ]
[2026-08-17 00:14:51,662][__main__][INFO] - [RANK 0] [ Train | Step: 62000  |  loss : 0.2461 | accuracy : 0.8854 | opt_sps : 48.0182  ]
[2026-08-17 00:14:52,470][__main__][INFO] - [RANK 0] [ Eval  | Step: 62000  |  loss : 0.2490 | accuracy : 0.8843 | eval_s : 0.8076  ]
[2026-08-17 00:15:02,855][__main__][INFO] - [RANK 0] [ Train | Step: 62500  |  loss : 0.2420 | accuracy : 0.8864 | opt_sps : 48.0194  ]
[2026-08-17 00:15:03,657][__main__][INFO] - [RANK 0] [ Eval  | Step: 62500  |  loss : 0.2480 | accuracy : 0.8859 | eval_s : 0.8011  ]
[2026-08-17 00:15:13,968][__main__][INFO] - [RANK 0] [ Train | Step: 63000  |  loss : 0.2392 | accuracy : 0.8880 | opt_sps : 48.0231  ]
[2026-08-17 00:15:14,773][__main__][INFO] - [RANK 0] [ Eval  | Step: 63000  |  loss : 0.2419 | accuracy : 0.8870 | eval_s : 0.8039  ]
[2026-08-17 00:15:25,102][__main__][INFO] - [RANK 0] [ Train | Step: 63500  |  loss : 0.2340 | accuracy : 0.8908 | opt_sps : 48.0262  ]
[2026-08-17 00:15:25,906][__main__][INFO] - [RANK 0] [ Eval  | Step: 63500  |  loss : 0.2392 | accuracy : 0.8887 | eval_s : 0.8026  ]
[2026-08-17 00:15:36,187][__main__][INFO] - [RANK 0] [ Train | Step: 64000  |  loss : 0.2316 | accuracy : 0.8919 | opt_sps : 48.0310  ]
[2026-08-17 00:15:36,992][__main__][INFO] - [RANK 0] [ Eval  | Step: 64000  |  loss : 0.2350 | accuracy : 0.8905 | eval_s : 0.8046  ]
[2026-08-17 00:15:47,313][__main__][INFO] - [RANK 0] [ Train | Step: 64500  |  loss : 0.2268 | accuracy : 0.8952 | opt_sps : 48.0343  ]
[2026-08-17 00:15:48,130][__main__][INFO] - [RANK 0] [ Eval  | Step: 64500  |  loss : 0.2342 | accuracy : 0.8885 | eval_s : 0.8163  ]
[2026-08-17 00:15:58,413][__main__][INFO] - [RANK 0] [ Train | Step: 65000  |  loss : 0.2251 | accuracy : 0.8961 | opt_sps : 48.0389  ]
[2026-08-17 00:15:59,217][__main__][INFO] - [RANK 0] [ Eval  | Step: 65000  |  loss : 0.2267 | accuracy : 0.8956 | eval_s : 0.8036  ]
[2026-08-17 00:16:09,451][__main__][INFO] - [RANK 0] [ Train | Step: 65500  |  loss : 0.2237 | accuracy : 0.8971 | opt_sps : 48.0451  ]
[2026-08-17 00:16:10,254][__main__][INFO] - [RANK 0] [ Eval  | Step: 65500  |  loss : 0.2286 | accuracy : 0.8942 | eval_s : 0.8016  ]
[2026-08-17 00:16:20,600][__main__][INFO] - [RANK 0] [ Train | Step: 66000  |  loss : 0.2211 | accuracy : 0.8981 | opt_sps : 48.0472  ]
[2026-08-17 00:16:21,402][__main__][INFO] - [RANK 0] [ Eval  | Step: 66000  |  loss : 0.2213 | accuracy : 0.8980 | eval_s : 0.8013  ]
[2026-08-17 00:16:31,592][__main__][INFO] - [RANK 0] [ Train | Step: 66500  |  loss : 0.2165 | accuracy : 0.8999 | opt_sps : 48.0548  ]
[2026-08-17 00:16:32,399][__main__][INFO] - [RANK 0] [ Eval  | Step: 66500  |  loss : 0.2246 | accuracy : 0.8956 | eval_s : 0.8058  ]
[2026-08-17 00:16:42,769][__main__][INFO] - [RANK 0] [ Train | Step: 67000  |  loss : 0.2153 | accuracy : 0.9007 | opt_sps : 48.0560  ]
[2026-08-17 00:16:43,583][__main__][INFO] - [RANK 0] [ Eval  | Step: 67000  |  loss : 0.2224 | accuracy : 0.8966 | eval_s : 0.8138  ]
[2026-08-17 00:16:53,830][__main__][INFO] - [RANK 0] [ Train | Step: 67500  |  loss : 0.2122 | accuracy : 0.9034 | opt_sps : 48.0615  ]
[2026-08-17 00:16:54,634][__main__][INFO] - [RANK 0] [ Eval  | Step: 67500  |  loss : 0.2141 | accuracy : 0.9008 | eval_s : 0.8038  ]
[2026-08-17 00:17:04,897][__main__][INFO] - [RANK 0] [ Train | Step: 68000  |  loss : 0.2055 | accuracy : 0.9066 | opt_sps : 48.0663  ]
[2026-08-17 00:17:05,709][__main__][INFO] - [RANK 0] [ Eval  | Step: 68000  |  loss : 0.2110 | accuracy : 0.9042 | eval_s : 0.8104  ]
[2026-08-17 00:17:16,101][__main__][INFO] - [RANK 0] [ Train | Step: 68500  |  loss : 0.2053 | accuracy : 0.9060 | opt_sps : 48.0668  ]
[2026-08-17 00:17:16,904][__main__][INFO] - [RANK 0] [ Eval  | Step: 68500  |  loss : 0.2137 | accuracy : 0.9015 | eval_s : 0.8021  ]
[2026-08-17 00:17:27,139][__main__][INFO] - [RANK 0] [ Train | Step: 69000  |  loss : 0.2004 | accuracy : 0.9083 | opt_sps : 48.0723  ]
[2026-08-17 00:17:27,942][__main__][INFO] - [RANK 0] [ Eval  | Step: 69000  |  loss : 0.2067 | accuracy : 0.9044 | eval_s : 0.8016  ]
[2026-08-17 00:17:38,330][__main__][INFO] - [RANK 0] [ Train | Step: 69500  |  loss : 0.2015 | accuracy : 0.9073 | opt_sps : 48.0729  ]
[2026-08-17 00:17:39,133][__main__][INFO] - [RANK 0] [ Eval  | Step: 69500  |  loss : 0.2059 | accuracy : 0.9046 | eval_s : 0.8025  ]
[2026-08-17 00:17:49,378][__main__][INFO] - [RANK 0] [ Train | Step: 70000  |  loss : 0.1997 | accuracy : 0.9091 | opt_sps : 48.0781  ]
[2026-08-17 00:17:50,182][__main__][INFO] - [RANK 0] [ Eval  | Step: 70000  |  loss : 0.2051 | accuracy : 0.9057 | eval_s : 0.8032  ]
[2026-08-17 00:18:00,430][__main__][INFO] - [RANK 0] [ Train | Step: 70500  |  loss : 0.1957 | accuracy : 0.9105 | opt_sps : 48.0831  ]
[2026-08-17 00:18:01,243][__main__][INFO] - [RANK 0] [ Eval  | Step: 70500  |  loss : 0.1997 | accuracy : 0.9097 | eval_s : 0.8121  ]
[2026-08-17 00:18:11,490][__main__][INFO] - [RANK 0] [ Train | Step: 71000  |  loss : 0.1923 | accuracy : 0.9135 | opt_sps : 48.0882  ]
[2026-08-17 00:18:12,293][__main__][INFO] - [RANK 0] [ Eval  | Step: 71000  |  loss : 0.1962 | accuracy : 0.9090 | eval_s : 0.8025  ]
[2026-08-17 00:18:22,523][__main__][INFO] - [RANK 0] [ Train | Step: 71500  |  loss : 0.1896 | accuracy : 0.9146 | opt_sps : 48.0937  ]
[2026-08-17 00:18:23,326][__main__][INFO] - [RANK 0] [ Eval  | Step: 71500  |  loss : 0.1921 | accuracy : 0.9144 | eval_s : 0.8014  ]
[2026-08-17 00:18:33,706][__main__][INFO] - [RANK 0] [ Train | Step: 72000  |  loss : 0.1844 | accuracy : 0.9163 | opt_sps : 48.0943  ]
[2026-08-17 00:18:34,514][__main__][INFO] - [RANK 0] [ Eval  | Step: 72000  |  loss : 0.1933 | accuracy : 0.9113 | eval_s : 0.8077  ]
[2026-08-17 00:18:44,960][__main__][INFO] - [RANK 0] [ Train | Step: 72500  |  loss : 0.1809 | accuracy : 0.9185 | opt_sps : 48.0927  ]
[2026-08-17 00:18:45,762][__main__][INFO] - [RANK 0] [ Eval  | Step: 72500  |  loss : 0.1886 | accuracy : 0.9144 | eval_s : 0.8017  ]
[2026-08-17 00:18:56,090][__main__][INFO] - [RANK 0] [ Train | Step: 73000  |  loss : 0.1793 | accuracy : 0.9200 | opt_sps : 48.0950  ]
[2026-08-17 00:18:56,900][__main__][INFO] - [RANK 0] [ Eval  | Step: 73000  |  loss : 0.1856 | accuracy : 0.9158 | eval_s : 0.8084  ]
[2026-08-17 00:19:07,192][__main__][INFO] - [RANK 0] [ Train | Step: 73500  |  loss : 0.1782 | accuracy : 0.9209 | opt_sps : 48.0983  ]
[2026-08-17 00:19:07,996][__main__][INFO] - [RANK 0] [ Eval  | Step: 73500  |  loss : 0.1849 | accuracy : 0.9166 | eval_s : 0.8028  ]
[2026-08-17 00:19:18,347][__main__][INFO] - [RANK 0] [ Train | Step: 74000  |  loss : 0.1784 | accuracy : 0.9201 | opt_sps : 48.0997  ]
[2026-08-17 00:19:19,160][__main__][INFO] - [RANK 0] [ Eval  | Step: 74000  |  loss : 0.1815 | accuracy : 0.9198 | eval_s : 0.8117  ]
[2026-08-17 00:19:29,426][__main__][INFO] - [RANK 0] [ Train | Step: 74500  |  loss : 0.1747 | accuracy : 0.9219 | opt_sps : 48.1038  ]
[2026-08-17 00:19:30,230][__main__][INFO] - [RANK 0] [ Eval  | Step: 74500  |  loss : 0.1761 | accuracy : 0.9211 | eval_s : 0.8032  ]
[2026-08-17 00:19:40,519][__main__][INFO] - [RANK 0] [ Train | Step: 75000  |  loss : 0.1732 | accuracy : 0.9219 | opt_sps : 48.1071  ]
[2026-08-17 00:19:41,323][__main__][INFO] - [RANK 0] [ Eval  | Step: 75000  |  loss : 0.1752 | accuracy : 0.9224 | eval_s : 0.8034  ]
[2026-08-17 00:19:51,761][__main__][INFO] - [RANK 0] [ Train | Step: 75500  |  loss : 0.1698 | accuracy : 0.9241 | opt_sps : 48.1058  ]
[2026-08-17 00:19:52,564][__main__][INFO] - [RANK 0] [ Eval  | Step: 75500  |  loss : 0.1717 | accuracy : 0.9236 | eval_s : 0.8020  ]
[2026-08-17 00:20:02,834][__main__][INFO] - [RANK 0] [ Train | Step: 76000  |  loss : 0.1670 | accuracy : 0.9251 | opt_sps : 48.1097  ]
[2026-08-17 00:20:03,636][__main__][INFO] - [RANK 0] [ Eval  | Step: 76000  |  loss : 0.1709 | accuracy : 0.9238 | eval_s : 0.8017  ]
[2026-08-17 00:20:13,973][__main__][INFO] - [RANK 0] [ Train | Step: 76500  |  loss : 0.1621 | accuracy : 0.9285 | opt_sps : 48.1115  ]
[2026-08-17 00:20:14,785][__main__][INFO] - [RANK 0] [ Eval  | Step: 76500  |  loss : 0.1693 | accuracy : 0.9249 | eval_s : 0.8110  ]
[2026-08-17 00:20:25,055][__main__][INFO] - [RANK 0] [ Train | Step: 77000  |  loss : 0.1650 | accuracy : 0.9266 | opt_sps : 48.1152  ]
[2026-08-17 00:20:25,857][__main__][INFO] - [RANK 0] [ Eval  | Step: 77000  |  loss : 0.1668 | accuracy : 0.9261 | eval_s : 0.8013  ]
[2026-08-17 00:20:36,137][__main__][INFO] - [RANK 0] [ Train | Step: 77500  |  loss : 0.1583 | accuracy : 0.9301 | opt_sps : 48.1186  ]
[2026-08-17 00:20:36,950][__main__][INFO] - [RANK 0] [ Eval  | Step: 77500  |  loss : 0.1648 | accuracy : 0.9287 | eval_s : 0.8117  ]
[2026-08-17 00:20:47,457][__main__][INFO] - [RANK 0] [ Train | Step: 78000  |  loss : 0.1592 | accuracy : 0.9300 | opt_sps : 48.1153  ]
[2026-08-17 00:20:48,260][__main__][INFO] - [RANK 0] [ Eval  | Step: 78000  |  loss : 0.1670 | accuracy : 0.9266 | eval_s : 0.8020  ]
[2026-08-17 00:20:58,513][__main__][INFO] - [RANK 0] [ Train | Step: 78500  |  loss : 0.1553 | accuracy : 0.9314 | opt_sps : 48.1193  ]
[2026-08-17 00:20:59,315][__main__][INFO] - [RANK 0] [ Eval  | Step: 78500  |  loss : 0.1627 | accuracy : 0.9280 | eval_s : 0.8018  ]
[2026-08-17 00:21:09,687][__main__][INFO] - [RANK 0] [ Train | Step: 79000  |  loss : 0.1539 | accuracy : 0.9315 | opt_sps : 48.1200  ]
[2026-08-17 00:21:10,491][__main__][INFO] - [RANK 0] [ Eval  | Step: 79000  |  loss : 0.1583 | accuracy : 0.9312 | eval_s : 0.8025  ]
[2026-08-17 00:21:20,750][__main__][INFO] - [RANK 0] [ Train | Step: 79500  |  loss : 0.1528 | accuracy : 0.9324 | opt_sps : 48.1239  ]
[2026-08-17 00:21:21,552][__main__][INFO] - [RANK 0] [ Eval  | Step: 79500  |  loss : 0.1588 | accuracy : 0.9312 | eval_s : 0.8012  ]
[2026-08-17 00:21:31,873][__main__][INFO] - [RANK 0] [ Train | Step: 80000  |  loss : 0.1525 | accuracy : 0.9327 | opt_sps : 48.1259  ]
[2026-08-17 00:21:32,690][__main__][INFO] - [RANK 0] [ Eval  | Step: 80000  |  loss : 0.1548 | accuracy : 0.9312 | eval_s : 0.8155  ]
[2026-08-17 00:21:42,951][__main__][INFO] - [RANK 0] [ Train | Step: 80500  |  loss : 0.1487 | accuracy : 0.9348 | opt_sps : 48.1296  ]
[2026-08-17 00:21:43,754][__main__][INFO] - [RANK 0] [ Eval  | Step: 80500  |  loss : 0.1563 | accuracy : 0.9302 | eval_s : 0.8022  ]
[2026-08-17 00:21:54,059][__main__][INFO] - [RANK 0] [ Train | Step: 81000  |  loss : 0.1468 | accuracy : 0.9361 | opt_sps : 48.1321  ]
[2026-08-17 00:21:54,869][__main__][INFO] - [RANK 0] [ Eval  | Step: 81000  |  loss : 0.1555 | accuracy : 0.9307 | eval_s : 0.8090  ]
[2026-08-17 00:22:05,167][__main__][INFO] - [RANK 0] [ Train | Step: 81500  |  loss : 0.1459 | accuracy : 0.9364 | opt_sps : 48.1346  ]
[2026-08-17 00:22:05,969][__main__][INFO] - [RANK 0] [ Eval  | Step: 81500  |  loss : 0.1555 | accuracy : 0.9317 | eval_s : 0.8010  ]
[2026-08-17 00:22:16,229][__main__][INFO] - [RANK 0] [ Train | Step: 82000  |  loss : 0.1456 | accuracy : 0.9361 | opt_sps : 48.1382  ]
[2026-08-17 00:22:17,032][__main__][INFO] - [RANK 0] [ Eval  | Step: 82000  |  loss : 0.1505 | accuracy : 0.9340 | eval_s : 0.8017  ]
[2026-08-17 00:22:27,441][__main__][INFO] - [RANK 0] [ Train | Step: 82500  |  loss : 0.1414 | accuracy : 0.9376 | opt_sps : 48.1376  ]
[2026-08-17 00:22:28,244][__main__][INFO] - [RANK 0] [ Eval  | Step: 82500  |  loss : 0.1511 | accuracy : 0.9342 | eval_s : 0.8016  ]
[2026-08-17 00:22:38,557][__main__][INFO] - [RANK 0] [ Train | Step: 83000  |  loss : 0.1417 | accuracy : 0.9377 | opt_sps : 48.1397  ]
[2026-08-17 00:22:39,363][__main__][INFO] - [RANK 0] [ Eval  | Step: 83000  |  loss : 0.1498 | accuracy : 0.9355 | eval_s : 0.8042  ]
[2026-08-17 00:22:49,899][__main__][INFO] - [RANK 0] [ Train | Step: 83500  |  loss : 0.1420 | accuracy : 0.9380 | opt_sps : 48.1356  ]
[2026-08-17 00:22:50,713][__main__][INFO] - [RANK 0] [ Eval  | Step: 83500  |  loss : 0.1505 | accuracy : 0.9348 | eval_s : 0.8125  ]
[2026-08-17 00:23:01,008][__main__][INFO] - [RANK 0] [ Train | Step: 84000  |  loss : 0.1410 | accuracy : 0.9388 | opt_sps : 48.1381  ]
[2026-08-17 00:23:01,812][__main__][INFO] - [RANK 0] [ Eval  | Step: 84000  |  loss : 0.1495 | accuracy : 0.9341 | eval_s : 0.8030  ]
[2026-08-17 00:23:12,119][__main__][INFO] - [RANK 0] [ Train | Step: 84500  |  loss : 0.1392 | accuracy : 0.9394 | opt_sps : 48.1403  ]
[2026-08-17 00:23:12,932][__main__][INFO] - [RANK 0] [ Eval  | Step: 84500  |  loss : 0.1455 | accuracy : 0.9368 | eval_s : 0.8116  ]
[2026-08-17 00:23:23,322][__main__][INFO] - [RANK 0] [ Train | Step: 85000  |  loss : 0.1354 | accuracy : 0.9406 | opt_sps : 48.1403  ]
[2026-08-17 00:23:24,125][__main__][INFO] - [RANK 0] [ Eval  | Step: 85000  |  loss : 0.1459 | accuracy : 0.9356 | eval_s : 0.8021  ]
[2026-08-17 00:23:34,450][__main__][INFO] - [RANK 0] [ Train | Step: 85500  |  loss : 0.1362 | accuracy : 0.9401 | opt_sps : 48.1420  ]
[2026-08-17 00:23:35,263][__main__][INFO] - [RANK 0] [ Eval  | Step: 85500  |  loss : 0.1431 | accuracy : 0.9383 | eval_s : 0.8124  ]
[2026-08-17 00:23:45,677][__main__][INFO] - [RANK 0] [ Train | Step: 86000  |  loss : 0.1346 | accuracy : 0.9415 | opt_sps : 48.1413  ]
[2026-08-17 00:23:46,481][__main__][INFO] - [RANK 0] [ Eval  | Step: 86000  |  loss : 0.1436 | accuracy : 0.9375 | eval_s : 0.8024  ]
[2026-08-17 00:23:56,714][__main__][INFO] - [RANK 0] [ Train | Step: 86500  |  loss : 0.1344 | accuracy : 0.9412 | opt_sps : 48.1454  ]
[2026-08-17 00:23:57,516][__main__][INFO] - [RANK 0] [ Eval  | Step: 86500  |  loss : 0.1426 | accuracy : 0.9397 | eval_s : 0.8008  ]
[2026-08-17 00:24:07,740][__main__][INFO] - [RANK 0] [ Train | Step: 87000  |  loss : 0.1352 | accuracy : 0.9410 | opt_sps : 48.1497  ]
[2026-08-17 00:24:08,552][__main__][INFO] - [RANK 0] [ Eval  | Step: 87000  |  loss : 0.1427 | accuracy : 0.9380 | eval_s : 0.8104  ]
[2026-08-17 00:24:18,811][__main__][INFO] - [RANK 0] [ Train | Step: 87500  |  loss : 0.1333 | accuracy : 0.9413 | opt_sps : 48.1530  ]
[2026-08-17 00:24:19,614][__main__][INFO] - [RANK 0] [ Eval  | Step: 87500  |  loss : 0.1412 | accuracy : 0.9387 | eval_s : 0.8014  ]
[2026-08-17 00:24:29,847][__main__][INFO] - [RANK 0] [ Train | Step: 88000  |  loss : 0.1330 | accuracy : 0.9413 | opt_sps : 48.1570  ]
[2026-08-17 00:24:30,652][__main__][INFO] - [RANK 0] [ Eval  | Step: 88000  |  loss : 0.1395 | accuracy : 0.9391 | eval_s : 0.8039  ]
[2026-08-17 00:24:41,108][__main__][INFO] - [RANK 0] [ Train | Step: 88500  |  loss : 0.1312 | accuracy : 0.9427 | opt_sps : 48.1552  ]
[2026-08-17 00:24:41,912][__main__][INFO] - [RANK 0] [ Eval  | Step: 88500  |  loss : 0.1405 | accuracy : 0.9385 | eval_s : 0.8031  ]
[2026-08-17 00:24:52,407][__main__][INFO] - [RANK 0] [ Train | Step: 89000  |  loss : 0.1297 | accuracy : 0.9444 | opt_sps : 48.1523  ]
[2026-08-17 00:24:53,217][__main__][INFO] - [RANK 0] [ Eval  | Step: 89000  |  loss : 0.1407 | accuracy : 0.9388 | eval_s : 0.8093  ]
[2026-08-17 00:25:03,586][__main__][INFO] - [RANK 0] [ Train | Step: 89500  |  loss : 0.1304 | accuracy : 0.9429 | opt_sps : 48.1526  ]
[2026-08-17 00:25:04,389][__main__][INFO] - [RANK 0] [ Eval  | Step: 89500  |  loss : 0.1380 | accuracy : 0.9400 | eval_s : 0.8016  ]
[2026-08-17 00:25:14,670][__main__][INFO] - [RANK 0] [ Train | Step: 90000  |  loss : 0.1273 | accuracy : 0.9446 | opt_sps : 48.1554  ]
[2026-08-17 00:25:15,472][__main__][INFO] - [RANK 0] [ Eval  | Step: 90000  |  loss : 0.1386 | accuracy : 0.9407 | eval_s : 0.8017  ]
[2026-08-17 00:25:25,836][__main__][INFO] - [RANK 0] [ Train | Step: 90500  |  loss : 0.1284 | accuracy : 0.9441 | opt_sps : 48.1558  ]
[2026-08-17 00:25:26,654][__main__][INFO] - [RANK 0] [ Eval  | Step: 90500  |  loss : 0.1394 | accuracy : 0.9399 | eval_s : 0.8163  ]
[2026-08-17 00:25:36,924][__main__][INFO] - [RANK 0] [ Train | Step: 91000  |  loss : 0.1270 | accuracy : 0.9448 | opt_sps : 48.1587  ]
[2026-08-17 00:25:37,728][__main__][INFO] - [RANK 0] [ Eval  | Step: 91000  |  loss : 0.1383 | accuracy : 0.9400 | eval_s : 0.8025  ]
[2026-08-17 00:25:47,993][__main__][INFO] - [RANK 0] [ Train | Step: 91500  |  loss : 0.1281 | accuracy : 0.9434 | opt_sps : 48.1617  ]
[2026-08-17 00:25:48,800][__main__][INFO] - [RANK 0] [ Eval  | Step: 91500  |  loss : 0.1368 | accuracy : 0.9405 | eval_s : 0.8061  ]
[2026-08-17 00:25:59,222][__main__][INFO] - [RANK 0] [ Train | Step: 92000  |  loss : 0.1292 | accuracy : 0.9433 | opt_sps : 48.1607  ]
[2026-08-17 00:26:00,025][__main__][INFO] - [RANK 0] [ Eval  | Step: 92000  |  loss : 0.1366 | accuracy : 0.9399 | eval_s : 0.8021  ]
[2026-08-17 00:26:10,330][__main__][INFO] - [RANK 0] [ Train | Step: 92500  |  loss : 0.1273 | accuracy : 0.9448 | opt_sps : 48.1627  ]
[2026-08-17 00:26:11,133][__main__][INFO] - [RANK 0] [ Eval  | Step: 92500  |  loss : 0.1363 | accuracy : 0.9410 | eval_s : 0.8021  ]
[2026-08-17 00:26:21,532][__main__][INFO] - [RANK 0] [ Train | Step: 93000  |  loss : 0.1253 | accuracy : 0.9455 | opt_sps : 48.1624  ]
[2026-08-17 00:26:22,339][__main__][INFO] - [RANK 0] [ Eval  | Step: 93000  |  loss : 0.1361 | accuracy : 0.9411 | eval_s : 0.8059  ]
[2026-08-17 00:26:32,586][__main__][INFO] - [RANK 0] [ Train | Step: 93500  |  loss : 0.1254 | accuracy : 0.9446 | opt_sps : 48.1657  ]
[2026-08-17 00:26:33,390][__main__][INFO] - [RANK 0] [ Eval  | Step: 93500  |  loss : 0.1359 | accuracy : 0.9409 | eval_s : 0.8024  ]
[2026-08-17 00:26:43,722][__main__][INFO] - [RANK 0] [ Train | Step: 94000  |  loss : 0.1259 | accuracy : 0.9453 | opt_sps : 48.1670  ]
[2026-08-17 00:26:44,540][__main__][INFO] - [RANK 0] [ Eval  | Step: 94000  |  loss : 0.1365 | accuracy : 0.9402 | eval_s : 0.8174  ]
[2026-08-17 00:26:55,013][__main__][INFO] - [RANK 0] [ Train | Step: 94500  |  loss : 0.1252 | accuracy : 0.9454 | opt_sps : 48.1647  ]
[2026-08-17 00:26:55,815][__main__][INFO] - [RANK 0] [ Eval  | Step: 94500  |  loss : 0.1358 | accuracy : 0.9410 | eval_s : 0.8016  ]
[2026-08-17 00:27:06,106][__main__][INFO] - [RANK 0] [ Train | Step: 95000  |  loss : 0.1248 | accuracy : 0.9458 | opt_sps : 48.1670  ]
[2026-08-17 00:27:06,912][__main__][INFO] - [RANK 0] [ Eval  | Step: 95000  |  loss : 0.1356 | accuracy : 0.9416 | eval_s : 0.8045  ]
[2026-08-17 00:27:17,292][__main__][INFO] - [RANK 0] [ Train | Step: 95500  |  loss : 0.1245 | accuracy : 0.9458 | opt_sps : 48.1670  ]
[2026-08-17 00:27:18,096][__main__][INFO] - [RANK 0] [ Eval  | Step: 95500  |  loss : 0.1360 | accuracy : 0.9410 | eval_s : 0.8025  ]
[2026-08-17 00:27:28,368][__main__][INFO] - [RANK 0] [ Train | Step: 96000  |  loss : 0.1256 | accuracy : 0.9461 | opt_sps : 48.1697  ]
[2026-08-17 00:27:29,170][__main__][INFO] - [RANK 0] [ Eval  | Step: 96000  |  loss : 0.1352 | accuracy : 0.9414 | eval_s : 0.8015  ]
[2026-08-17 00:27:39,523][__main__][INFO] - [RANK 0] [ Train | Step: 96500  |  loss : 0.1229 | accuracy : 0.9461 | opt_sps : 48.1704  ]
[2026-08-17 00:27:40,332][__main__][INFO] - [RANK 0] [ Eval  | Step: 96500  |  loss : 0.1350 | accuracy : 0.9410 | eval_s : 0.8080  ]
[2026-08-17 00:27:50,610][__main__][INFO] - [RANK 0] [ Train | Step: 97000  |  loss : 0.1248 | accuracy : 0.9456 | opt_sps : 48.1728  ]
[2026-08-17 00:27:51,413][__main__][INFO] - [RANK 0] [ Eval  | Step: 97000  |  loss : 0.1352 | accuracy : 0.9413 | eval_s : 0.8016  ]
[2026-08-17 00:28:01,630][__main__][INFO] - [RANK 0] [ Train | Step: 97500  |  loss : 0.1224 | accuracy : 0.9465 | opt_sps : 48.1767  ]
[2026-08-17 00:28:02,442][__main__][INFO] - [RANK 0] [ Eval  | Step: 97500  |  loss : 0.1351 | accuracy : 0.9411 | eval_s : 0.8106  ]
[2026-08-17 00:28:12,792][__main__][INFO] - [RANK 0] [ Train | Step: 98000  |  loss : 0.1222 | accuracy : 0.9469 | opt_sps : 48.1774  ]
[2026-08-17 00:28:13,597][__main__][INFO] - [RANK 0] [ Eval  | Step: 98000  |  loss : 0.1351 | accuracy : 0.9414 | eval_s : 0.8033  ]
[2026-08-17 00:28:23,885][__main__][INFO] - [RANK 0] [ Train | Step: 98500  |  loss : 0.1232 | accuracy : 0.9460 | opt_sps : 48.1795  ]
[2026-08-17 00:28:24,687][__main__][INFO] - [RANK 0] [ Eval  | Step: 98500  |  loss : 0.1350 | accuracy : 0.9412 | eval_s : 0.8009  ]
[2026-08-17 00:28:35,067][__main__][INFO] - [RANK 0] [ Train | Step: 99000  |  loss : 0.1227 | accuracy : 0.9470 | opt_sps : 48.1795  ]
[2026-08-17 00:28:35,870][__main__][INFO] - [RANK 0] [ Eval  | Step: 99000  |  loss : 0.1350 | accuracy : 0.9407 | eval_s : 0.8022  ]
[2026-08-17 00:28:46,201][__main__][INFO] - [RANK 0] [ Train | Step: 99500  |  loss : 0.1253 | accuracy : 0.9452 | opt_sps : 48.1806  ]
[2026-08-17 00:28:47,016][__main__][INFO] - [RANK 0] [ Eval  | Step: 99500  |  loss : 0.1351 | accuracy : 0.9409 | eval_s : 0.8139  ]
[2026-08-17 00:28:57,450][__main__][INFO] - [RANK 0] [ Train | Step: 100000 |  loss : 0.1227 | accuracy : 0.9464 | opt_sps : 48.1793  ]
[2026-08-17 00:28:58,266][__main__][INFO] - [RANK 0] [ Eval  | Step: 100000 |  loss : 0.1350 | accuracy : 0.9406 | eval_s : 0.8151  ]
[2026-08-17 00:28:58,271][__main__][INFO] - [RANK 0] loading best model
[2026-08-17 00:28:58,274][__main__][INFO] - [RANK 0] [Eval  | Summary |  best_loss : 0.1350 | best_step : 100000.0000 ]
[2026-08-17 00:28:59,077][__main__][INFO] - [RANK 0] [Test  | Summary |  loss/cross_entropy : 0.1361 | loss/loss : 0.1361 | callbacks/accuracy : 0.9409 | callbacks/non_relational_accuracy : 1.0000 | callbacks/binary_accuracy : 0.9857 | callbacks/ternary_accuracy : 0.8369 | callbacks/query_shape_accuracy : 1.0000 | callbacks/left_of_centre_accuracy : 1.0000 | callbacks/top_half_accuracy : 1.0000 | callbacks/closest_shape_accuracy : 0.9737 | callbacks/furthest_shape_accuracy : 0.9844 | callbacks/count_same_shape_accuracy : 0.9997 | callbacks/count_in_box_accuracy : 0.8831 | callbacks/on_band_accuracy : 0.8851 | callbacks/count_obtuse_accuracy : 0.7406 | timing/eval_s : 0.8020 ]
wandb: updating run metadata
wandb: uploading history steps 198-199, summary, console lines 500-504
wandb: 
wandb: Run history:
wandb:                  eval_callbacks/accuracy ▁▁▁▂▃▃▃▅▅▅▅▅▅▅▅▅▅▆▆▆▆▆▆▆▆▇▇▇▇▇▇▇▇▇██████
wandb:           eval_callbacks/binary_accuracy ▁▄▄▅▅▅▅▅▅▅▅▅▅███████████████████████████
wandb:    eval_callbacks/closest_shape_accuracy ▁▂▁▂▂▂▂▂▂▂▂▂▄▆▇▇▇▇██████████████████████
wandb:     eval_callbacks/count_in_box_accuracy ▁▁▁▁▁▁▁▁▁▁▁▁▁▁▁▁▃▂▃▃▄▄▅▅▅▆▆▆▇▇▇█████████
wandb:     eval_callbacks/count_obtuse_accuracy ▁▁▁▁▁▁▁▁▁▁▁▁▁▁▁▁▁▁▁▁▁▁▂▃▃▄▄▄▄▆▆▇▇███████
wandb: eval_callbacks/count_same_shape_accuracy ▁▁▁▃▅▆██▇███████████████████████████████
wandb:   eval_callbacks/furthest_shape_accuracy ▁▂▃▃▃▃▃▃▄▄▇█████████████████████████████
wandb:   eval_callbacks/left_of_centre_accuracy ▁▁▁▁▁███████████████████████████████████
wandb:   eval_callbacks/non_relational_accuracy ▁▃▃▃▃███████████████████████████████████
wandb:          eval_callbacks/on_band_accuracy ▂▂▂▂▂▁▂▁▂▂▂▂▁▂▁▂▂▁▁▂▅▅▆▆▆▆▇▇▇▇▇▇████████
wandb:                                      +24 ...
wandb: 
wandb: Run summary:
wandb:                           eval/best_loss 0.13499
wandb:                           eval/best_step 100000
wandb:                  eval_callbacks/accuracy 0.9406
wandb:           eval_callbacks/binary_accuracy 0.98799
wandb:    eval_callbacks/closest_shape_accuracy 0.97788
wandb:     eval_callbacks/count_in_box_accuracy 0.877
wandb:     eval_callbacks/count_obtuse_accuracy 0.74272
wandb: eval_callbacks/count_same_shape_accuracy 0.99967
wandb:   eval_callbacks/furthest_shape_accuracy 0.98639
wandb:   eval_callbacks/left_of_centre_accuracy 1.0
wandb:                                      +42 ...
wandb: 
wandb: 🚀 View run sort_of_clevr/transformer::multirun::2026-08-16_23-30-31::1 at: https://wandb.ai/niks_priv/sort_of_clevr/runs/fpdbny19
wandb: ⭐️ View project at: https://wandb.ai/niks_priv/sort_of_clevr
wandb: Synced 5 W&B file(s), 0 media file(s), 0 artifact file(s) and 0 other file(s)
wandb: Find logs at: ./outputs/sort_of_clevr/multirun/2026-08-16_23-30-31/1/wandb/run-20260816_235137-fpdbny19/logs
[2026-08-17 00:29:00,610][HYDRA] 	#2 : model.hidden_dim=256 model.n_layers=4 train.seed=0 task=sort_of_clevr experiment=sort_of_clevr/baselines/transformer_scale
wandb: setting up run 1jcbdr32
wandb: Tracking run with wandb version 0.27.2
wandb: Run data is saved locally in /home/nik/workspace/ImperialWork/msc_project/SyncNetProject/outputs/sort_of_clevr/multirun/2026-08-16_23-30-31/2/wandb/run-20260817_002902-1jcbdr32
wandb: Run `wandb offline` to turn off syncing.
wandb: Syncing run sort_of_clevr/transformer::multirun::2026-08-16_23-30-31::2
wandb: ⭐️ View project at https://wandb.ai/niks_priv/sort_of_clevr
wandb: 🚀 View run at https://wandb.ai/niks_priv/sort_of_clevr/runs/1jcbdr32
[2026-08-17 00:29:02,803][__main__][INFO] - [RANK 0] Starting training
[2026-08-17 00:29:02,803][__main__][INFO] - [RANK 0] Model: SortOfClevrTransformer
[2026-08-17 00:29:02,803][__main__][INFO] - [RANK 0] Parameters: total=3271626
[2026-08-17 00:29:02,805][__main__][INFO] - [RANK 0] Config:
train:
  seed: 0
  n_steps: 100000
  train_bs: 256
  val_bs: 1024
  early_stop_metric: loss
  early_stop_big_is_better: false
  early_stop_patience: 1000000
  early_stop_min_delta: 0.0
  mixed_precision: bf16
  compile_model: true
  grad_accum: 1
  grad_clip: 1.0
  loader_mode: gpu_cached
  num_workers: 0
logging:
  eval_log_interval: 500
  train_log_interval: 500
  info_metrics:
  - loss
  - accuracy
  save_best: true
wandb:
  enabled: true
  project_name: sort_of_clevr
  entity: niks_priv
  tags: []
  run_name: null
optim:
  optimiser: adamw
  lr: 0.0003
  weight_decay: 0.01
  lr_scheduler: warmup_cosine
  lr_scheduler_params:
    warmup_steps: 2000
dataset:
  name: sort_of_clevr
  root: ./data
  dir: sort_of_clevr-seed1-train36000-test1000-img75-obj5-q10-t-1
  seed: 1
  train_size: 36000
  test_size: 1000
  img_size: 75
  obj_size: 5
  nb_questions: 10
  t_subtype: -1
model:
  name: sort_of_clevr_transformer
  patch_emb_dim: 96
  patch_size: 5
  hidden_dim: 256
  n_heads: 4
  n_layers: 4
  ffn_mult: 4
  dropout: 0.0
  pos_enc: learnt_2d
  q_conditioning: film
  share_layer_weights: false
callbacks:
- name: accuracy
- name: qtype_accuracy
- name: subtype_accuracy

[2026-08-17 00:29:02,806][__main__][INFO] - [RANK 0] Full model:
SortOfClevrTransformer(
  (inner): VQATransformer(
    (q_encoder): IdentityQuestionEncoder()
    (encoder): PatchifyEncoder(
      (patchify): Conv2d(3, 96, kernel_size=(5, 5), stride=(5, 5))
    )
    (tok_proj): Linear(in_features=96, out_features=256, bias=True)
    (film_gamma): Linear(in_features=18, out_features=96, bias=True)
    (film_beta): Linear(in_features=18, out_features=96, bias=True)
    (pos_enc): PositionalEncoder2D()
    (transformer): TransformerEncoder(
      (layers): ModuleList(
        (0-3): 4 x TransformerEncoderLayer(
          (self_attn): MultiheadAttention(
            (out_proj): NonDynamicallyQuantizableLinear(in_features=256, out_features=256, bias=True)
          )
          (linear1): Linear(in_features=256, out_features=1024, bias=True)
          (dropout): Dropout(p=0.0, inplace=False)
          (linear2): Linear(in_features=1024, out_features=256, bias=True)
          (norm1): LayerNorm((256,), eps=1e-05, elementwise_affine=True, bias=True)
          (norm2): LayerNorm((256,), eps=1e-05, elementwise_affine=True, bias=True)
          (dropout1): Dropout(p=0.0, inplace=False)
          (dropout2): Dropout(p=0.0, inplace=False)
        )
      )
    )
    (head): Sequential(
      (0): LayerNorm((256,), eps=1e-05, elementwise_affine=True, bias=True)
      (1): Linear(in_features=256, out_features=256, bias=True)
      (2): GELU(approximate='none')
      (3): Linear(in_features=256, out_features=10, bias=True)
    )
  )
)
[2026-08-17 00:29:22,902][__main__][INFO] - [RANK 0] [ Train | Step: 500    |  loss : 1.1860 | accuracy : 0.4369 | opt_sps : 24.8811  ]
[2026-08-17 00:29:26,405][__main__][INFO] - [RANK 0] [ Eval  | Step: 500    |  loss : 0.8845 | accuracy : 0.4931 | eval_s : 3.5014  ]
[2026-08-17 00:29:38,416][__main__][INFO] - [RANK 0] [ Train | Step: 1000   |  loss : 0.8806 | accuracy : 0.5010 | opt_sps : 31.1499  ]
[2026-08-17 00:29:39,200][__main__][INFO] - [RANK 0] [ Eval  | Step: 1000   |  loss : 0.8728 | accuracy : 0.5158 | eval_s : 0.7831  ]
[2026-08-17 00:29:51,079][__main__][INFO] - [RANK 0] [ Train | Step: 1500   |  loss : 0.8713 | accuracy : 0.5193 | opt_sps : 34.1089  ]
[2026-08-17 00:29:51,874][__main__][INFO] - [RANK 0] [ Eval  | Step: 1500   |  loss : 0.8711 | accuracy : 0.5155 | eval_s : 0.7940  ]
[2026-08-17 00:30:03,797][__main__][INFO] - [RANK 0] [ Train | Step: 2000   |  loss : 0.8710 | accuracy : 0.5216 | opt_sps : 35.7798  ]
[2026-08-17 00:30:04,581][__main__][INFO] - [RANK 0] [ Eval  | Step: 2000   |  loss : 0.8679 | accuracy : 0.5247 | eval_s : 0.7831  ]
[2026-08-17 00:30:16,592][__main__][INFO] - [RANK 0] [ Train | Step: 2500   |  loss : 0.8658 | accuracy : 0.5242 | opt_sps : 36.8161  ]
[2026-08-17 00:30:17,375][__main__][INFO] - [RANK 0] [ Eval  | Step: 2500   |  loss : 0.8457 | accuracy : 0.5432 | eval_s : 0.7824  ]
[2026-08-17 00:30:29,298][__main__][INFO] - [RANK 0] [ Train | Step: 3000   |  loss : 0.8448 | accuracy : 0.5415 | opt_sps : 37.5820  ]
[2026-08-17 00:30:30,086][__main__][INFO] - [RANK 0] [ Eval  | Step: 3000   |  loss : 0.8282 | accuracy : 0.5529 | eval_s : 0.7865  ]
[2026-08-17 00:30:42,022][__main__][INFO] - [RANK 0] [ Train | Step: 3500   |  loss : 0.8224 | accuracy : 0.5585 | opt_sps : 38.1432  ]
[2026-08-17 00:30:42,807][__main__][INFO] - [RANK 0] [ Eval  | Step: 3500   |  loss : 0.8285 | accuracy : 0.5485 | eval_s : 0.7840  ]
[2026-08-17 00:30:54,884][__main__][INFO] - [RANK 0] [ Train | Step: 4000   |  loss : 0.7983 | accuracy : 0.5730 | opt_sps : 38.5222  ]
[2026-08-17 00:30:55,677][__main__][INFO] - [RANK 0] [ Eval  | Step: 4000   |  loss : 0.8004 | accuracy : 0.5652 | eval_s : 0.7917  ]
[2026-08-17 00:31:07,680][__main__][INFO] - [RANK 0] [ Train | Step: 4500   |  loss : 0.7882 | accuracy : 0.5796 | opt_sps : 38.8476  ]
[2026-08-17 00:31:08,464][__main__][INFO] - [RANK 0] [ Eval  | Step: 4500   |  loss : 0.8157 | accuracy : 0.5678 | eval_s : 0.7826  ]
[2026-08-17 00:31:20,475][__main__][INFO] - [RANK 0] [ Train | Step: 5000   |  loss : 0.7704 | accuracy : 0.5912 | opt_sps : 39.1089  ]
[2026-08-17 00:31:21,259][__main__][INFO] - [RANK 0] [ Eval  | Step: 5000   |  loss : 0.7851 | accuracy : 0.5862 | eval_s : 0.7828  ]
[2026-08-17 00:31:33,204][__main__][INFO] - [RANK 0] [ Train | Step: 5500   |  loss : 0.7573 | accuracy : 0.5970 | opt_sps : 39.3443  ]
[2026-08-17 00:31:33,998][__main__][INFO] - [RANK 0] [ Eval  | Step: 5500   |  loss : 0.7064 | accuracy : 0.6189 | eval_s : 0.7922  ]
[2026-08-17 00:31:45,924][__main__][INFO] - [RANK 0] [ Train | Step: 6000   |  loss : 0.7438 | accuracy : 0.6022 | opt_sps : 39.5480  ]
[2026-08-17 00:31:46,711][__main__][INFO] - [RANK 0] [ Eval  | Step: 6000   |  loss : 0.7626 | accuracy : 0.5894 | eval_s : 0.7865  ]
[2026-08-17 00:31:58,706][__main__][INFO] - [RANK 0] [ Train | Step: 6500   |  loss : 0.7360 | accuracy : 0.6054 | opt_sps : 39.7044  ]
[2026-08-17 00:31:59,491][__main__][INFO] - [RANK 0] [ Eval  | Step: 6500   |  loss : 0.9755 | accuracy : 0.5311 | eval_s : 0.7840  ]
[2026-08-17 00:32:11,382][__main__][INFO] - [RANK 0] [ Train | Step: 7000   |  loss : 0.7522 | accuracy : 0.6021 | opt_sps : 39.8632  ]
[2026-08-17 00:32:12,174][__main__][INFO] - [RANK 0] [ Eval  | Step: 7000   |  loss : 0.7319 | accuracy : 0.6085 | eval_s : 0.7903  ]
[2026-08-17 00:32:24,122][__main__][INFO] - [RANK 0] [ Train | Step: 7500   |  loss : 0.7441 | accuracy : 0.6061 | opt_sps : 39.9895  ]
[2026-08-17 00:32:24,906][__main__][INFO] - [RANK 0] [ Eval  | Step: 7500   |  loss : 0.8192 | accuracy : 0.5841 | eval_s : 0.7829  ]
[2026-08-17 00:32:36,891][__main__][INFO] - [RANK 0] [ Train | Step: 8000   |  loss : 0.7493 | accuracy : 0.6049 | opt_sps : 40.0933  ]
[2026-08-17 00:32:37,675][__main__][INFO] - [RANK 0] [ Eval  | Step: 8000   |  loss : 0.9550 | accuracy : 0.5346 | eval_s : 0.7822  ]
[2026-08-17 00:32:49,609][__main__][INFO] - [RANK 0] [ Train | Step: 8500   |  loss : 0.7273 | accuracy : 0.6124 | opt_sps : 40.1950  ]
[2026-08-17 00:32:50,400][__main__][INFO] - [RANK 0] [ Eval  | Step: 8500   |  loss : 0.7464 | accuracy : 0.6040 | eval_s : 0.7897  ]
[2026-08-17 00:33:02,447][__main__][INFO] - [RANK 0] [ Train | Step: 9000   |  loss : 0.7193 | accuracy : 0.6167 | opt_sps : 40.2656  ]
[2026-08-17 00:33:03,230][__main__][INFO] - [RANK 0] [ Eval  | Step: 9000   |  loss : 0.6927 | accuracy : 0.6182 | eval_s : 0.7824  ]
[2026-08-17 00:33:15,249][__main__][INFO] - [RANK 0] [ Train | Step: 9500   |  loss : 0.7055 | accuracy : 0.6227 | opt_sps : 40.3342  ]
[2026-08-17 00:33:16,041][__main__][INFO] - [RANK 0] [ Eval  | Step: 9500   |  loss : 0.6934 | accuracy : 0.6205 | eval_s : 0.7915  ]
[2026-08-17 00:33:27,963][__main__][INFO] - [RANK 0] [ Train | Step: 10000  |  loss : 0.7025 | accuracy : 0.6188 | opt_sps : 40.4115  ]
[2026-08-17 00:33:28,748][__main__][INFO] - [RANK 0] [ Eval  | Step: 10000  |  loss : 0.7317 | accuracy : 0.6064 | eval_s : 0.7835  ]
[2026-08-17 00:33:40,715][__main__][INFO] - [RANK 0] [ Train | Step: 10500  |  loss : 0.7011 | accuracy : 0.6210 | opt_sps : 40.4747  ]
[2026-08-17 00:33:41,499][__main__][INFO] - [RANK 0] [ Eval  | Step: 10500  |  loss : 0.6750 | accuracy : 0.6254 | eval_s : 0.7833  ]
[2026-08-17 00:33:53,450][__main__][INFO] - [RANK 0] [ Train | Step: 11000  |  loss : 0.6904 | accuracy : 0.6256 | opt_sps : 40.5351  ]
[2026-08-17 00:33:54,242][__main__][INFO] - [RANK 0] [ Eval  | Step: 11000  |  loss : 0.6960 | accuracy : 0.6212 | eval_s : 0.7909  ]
[2026-08-17 00:34:06,206][__main__][INFO] - [RANK 0] [ Train | Step: 11500  |  loss : 0.7194 | accuracy : 0.6160 | opt_sps : 40.5882  ]
[2026-08-17 00:34:06,991][__main__][INFO] - [RANK 0] [ Eval  | Step: 11500  |  loss : 0.7029 | accuracy : 0.6175 | eval_s : 0.7842  ]
[2026-08-17 00:34:19,017][__main__][INFO] - [RANK 0] [ Train | Step: 12000  |  loss : 0.6944 | accuracy : 0.6233 | opt_sps : 40.6284  ]
[2026-08-17 00:34:19,802][__main__][INFO] - [RANK 0] [ Eval  | Step: 12000  |  loss : 0.8711 | accuracy : 0.5702 | eval_s : 0.7839  ]
[2026-08-17 00:34:31,715][__main__][INFO] - [RANK 0] [ Train | Step: 12500  |  loss : 0.6983 | accuracy : 0.6248 | opt_sps : 40.6806  ]
[2026-08-17 00:34:32,505][__main__][INFO] - [RANK 0] [ Eval  | Step: 12500  |  loss : 0.6673 | accuracy : 0.6359 | eval_s : 0.7894  ]
[2026-08-17 00:34:44,473][__main__][INFO] - [RANK 0] [ Train | Step: 13000  |  loss : 0.6879 | accuracy : 0.6278 | opt_sps : 40.7220  ]
[2026-08-17 00:34:45,258][__main__][INFO] - [RANK 0] [ Eval  | Step: 13000  |  loss : 0.6574 | accuracy : 0.6342 | eval_s : 0.7832  ]
[2026-08-17 00:34:57,338][__main__][INFO] - [RANK 0] [ Train | Step: 13500  |  loss : 0.6754 | accuracy : 0.6324 | opt_sps : 40.7467  ]
[2026-08-17 00:34:58,122][__main__][INFO] - [RANK 0] [ Eval  | Step: 13500  |  loss : 0.6613 | accuracy : 0.6378 | eval_s : 0.7828  ]
[2026-08-17 00:35:10,078][__main__][INFO] - [RANK 0] [ Train | Step: 14000  |  loss : 0.6799 | accuracy : 0.6298 | opt_sps : 40.7841  ]
[2026-08-17 00:35:10,861][__main__][INFO] - [RANK 0] [ Eval  | Step: 14000  |  loss : 0.6371 | accuracy : 0.6469 | eval_s : 0.7818  ]
[2026-08-17 00:35:22,781][__main__][INFO] - [RANK 0] [ Train | Step: 14500  |  loss : 0.6712 | accuracy : 0.6359 | opt_sps : 40.8232  ]
[2026-08-17 00:35:23,565][__main__][INFO] - [RANK 0] [ Eval  | Step: 14500  |  loss : 0.6435 | accuracy : 0.6447 | eval_s : 0.7822  ]
[2026-08-17 00:35:35,452][__main__][INFO] - [RANK 0] [ Train | Step: 15000  |  loss : 0.6462 | accuracy : 0.6438 | opt_sps : 40.8633  ]
[2026-08-17 00:35:36,241][__main__][INFO] - [RANK 0] [ Eval  | Step: 15000  |  loss : 0.6467 | accuracy : 0.6431 | eval_s : 0.7877  ]
[2026-08-17 00:35:48,121][__main__][INFO] - [RANK 0] [ Train | Step: 15500  |  loss : 0.6455 | accuracy : 0.6495 | opt_sps : 40.9016  ]
[2026-08-17 00:35:48,905][__main__][INFO] - [RANK 0] [ Eval  | Step: 15500  |  loss : 0.6525 | accuracy : 0.6422 | eval_s : 0.7829  ]
[2026-08-17 00:36:00,900][__main__][INFO] - [RANK 0] [ Train | Step: 16000  |  loss : 0.6322 | accuracy : 0.6525 | opt_sps : 40.9257  ]
[2026-08-17 00:36:01,684][__main__][INFO] - [RANK 0] [ Eval  | Step: 16000  |  loss : 0.6277 | accuracy : 0.6517 | eval_s : 0.7824  ]
[2026-08-17 00:36:13,604][__main__][INFO] - [RANK 0] [ Train | Step: 16500  |  loss : 0.6302 | accuracy : 0.6526 | opt_sps : 40.9561  ]
[2026-08-17 00:36:14,396][__main__][INFO] - [RANK 0] [ Eval  | Step: 16500  |  loss : 0.6267 | accuracy : 0.6545 | eval_s : 0.7906  ]
[2026-08-17 00:36:26,289][__main__][INFO] - [RANK 0] [ Train | Step: 17000  |  loss : 0.6237 | accuracy : 0.6542 | opt_sps : 40.9875  ]
[2026-08-17 00:36:27,072][__main__][INFO] - [RANK 0] [ Eval  | Step: 17000  |  loss : 0.6540 | accuracy : 0.6475 | eval_s : 0.7817  ]
[2026-08-17 00:36:39,004][__main__][INFO] - [RANK 0] [ Train | Step: 17500  |  loss : 0.6237 | accuracy : 0.6568 | opt_sps : 41.0130  ]
[2026-08-17 00:36:39,788][__main__][INFO] - [RANK 0] [ Eval  | Step: 17500  |  loss : 0.6161 | accuracy : 0.6576 | eval_s : 0.7831  ]
[2026-08-17 00:36:51,698][__main__][INFO] - [RANK 0] [ Train | Step: 18000  |  loss : 0.6246 | accuracy : 0.6553 | opt_sps : 41.0397  ]
[2026-08-17 00:36:52,486][__main__][INFO] - [RANK 0] [ Eval  | Step: 18000  |  loss : 0.6346 | accuracy : 0.6514 | eval_s : 0.7874  ]
[2026-08-17 00:37:04,555][__main__][INFO] - [RANK 0] [ Train | Step: 18500  |  loss : 0.6171 | accuracy : 0.6591 | opt_sps : 41.0501  ]
[2026-08-17 00:37:05,339][__main__][INFO] - [RANK 0] [ Eval  | Step: 18500  |  loss : 0.6500 | accuracy : 0.6533 | eval_s : 0.7831  ]
[2026-08-17 00:37:17,437][__main__][INFO] - [RANK 0] [ Train | Step: 19000  |  loss : 0.6238 | accuracy : 0.6599 | opt_sps : 41.0574  ]
[2026-08-17 00:37:18,223][__main__][INFO] - [RANK 0] [ Eval  | Step: 19000  |  loss : 0.7008 | accuracy : 0.6293 | eval_s : 0.7848  ]
[2026-08-17 00:37:30,154][__main__][INFO] - [RANK 0] [ Train | Step: 19500  |  loss : 0.6146 | accuracy : 0.6610 | opt_sps : 41.0787  ]
[2026-08-17 00:37:30,941][__main__][INFO] - [RANK 0] [ Eval  | Step: 19500  |  loss : 0.6170 | accuracy : 0.6557 | eval_s : 0.7833  ]
[2026-08-17 00:37:42,942][__main__][INFO] - [RANK 0] [ Train | Step: 20000  |  loss : 0.6117 | accuracy : 0.6619 | opt_sps : 41.0929  ]
[2026-08-17 00:37:43,726][__main__][INFO] - [RANK 0] [ Eval  | Step: 20000  |  loss : 0.6223 | accuracy : 0.6550 | eval_s : 0.7836  ]
[2026-08-17 00:37:55,700][__main__][INFO] - [RANK 0] [ Train | Step: 20500  |  loss : 0.6103 | accuracy : 0.6623 | opt_sps : 41.1089  ]
[2026-08-17 00:37:56,489][__main__][INFO] - [RANK 0] [ Eval  | Step: 20500  |  loss : 0.6411 | accuracy : 0.6493 | eval_s : 0.7877  ]
[2026-08-17 00:38:08,377][__main__][INFO] - [RANK 0] [ Train | Step: 21000  |  loss : 0.6180 | accuracy : 0.6593 | opt_sps : 41.1310  ]
[2026-08-17 00:38:09,162][__main__][INFO] - [RANK 0] [ Eval  | Step: 21000  |  loss : 0.6531 | accuracy : 0.6466 | eval_s : 0.7835  ]
[2026-08-17 00:38:21,117][__main__][INFO] - [RANK 0] [ Train | Step: 21500  |  loss : 0.6125 | accuracy : 0.6613 | opt_sps : 41.1468  ]
[2026-08-17 00:38:21,901][__main__][INFO] - [RANK 0] [ Eval  | Step: 21500  |  loss : 0.6165 | accuracy : 0.6633 | eval_s : 0.7829  ]
[2026-08-17 00:38:33,779][__main__][INFO] - [RANK 0] [ Train | Step: 22000  |  loss : 0.6103 | accuracy : 0.6650 | opt_sps : 41.1678  ]
[2026-08-17 00:38:34,570][__main__][INFO] - [RANK 0] [ Eval  | Step: 22000  |  loss : 0.6211 | accuracy : 0.6613 | eval_s : 0.7896  ]
[2026-08-17 00:38:46,479][__main__][INFO] - [RANK 0] [ Train | Step: 22500  |  loss : 0.6131 | accuracy : 0.6610 | opt_sps : 41.1856  ]
[2026-08-17 00:38:47,262][__main__][INFO] - [RANK 0] [ Eval  | Step: 22500  |  loss : 0.6091 | accuracy : 0.6603 | eval_s : 0.7822  ]
[2026-08-17 00:38:59,327][__main__][INFO] - [RANK 0] [ Train | Step: 23000  |  loss : 0.6094 | accuracy : 0.6642 | opt_sps : 41.1915  ]
[2026-08-17 00:39:00,111][__main__][INFO] - [RANK 0] [ Eval  | Step: 23000  |  loss : 0.6202 | accuracy : 0.6606 | eval_s : 0.7830  ]
[2026-08-17 00:39:12,060][__main__][INFO] - [RANK 0] [ Train | Step: 23500  |  loss : 0.6106 | accuracy : 0.6622 | opt_sps : 41.2051  ]
[2026-08-17 00:39:12,844][__main__][INFO] - [RANK 0] [ Eval  | Step: 23500  |  loss : 0.6081 | accuracy : 0.6632 | eval_s : 0.7832  ]
[2026-08-17 00:39:24,906][__main__][INFO] - [RANK 0] [ Train | Step: 24000  |  loss : 0.6065 | accuracy : 0.6657 | opt_sps : 41.2105  ]
[2026-08-17 00:39:25,690][__main__][INFO] - [RANK 0] [ Eval  | Step: 24000  |  loss : 0.6093 | accuracy : 0.6611 | eval_s : 0.7832  ]
[2026-08-17 00:39:37,656][__main__][INFO] - [RANK 0] [ Train | Step: 24500  |  loss : 0.6065 | accuracy : 0.6672 | opt_sps : 41.2221  ]
[2026-08-17 00:39:38,443][__main__][INFO] - [RANK 0] [ Eval  | Step: 24500  |  loss : 0.6122 | accuracy : 0.6593 | eval_s : 0.7861  ]
[2026-08-17 00:39:50,351][__main__][INFO] - [RANK 0] [ Train | Step: 25000  |  loss : 0.6079 | accuracy : 0.6643 | opt_sps : 41.2372  ]
[2026-08-17 00:39:51,135][__main__][INFO] - [RANK 0] [ Eval  | Step: 25000  |  loss : 0.6070 | accuracy : 0.6664 | eval_s : 0.7833  ]
[2026-08-17 00:40:03,126][__main__][INFO] - [RANK 0] [ Train | Step: 25500  |  loss : 0.6082 | accuracy : 0.6647 | opt_sps : 41.2463  ]
[2026-08-17 00:40:03,912][__main__][INFO] - [RANK 0] [ Eval  | Step: 25500  |  loss : 0.6174 | accuracy : 0.6628 | eval_s : 0.7849  ]
[2026-08-17 00:40:15,862][__main__][INFO] - [RANK 0] [ Train | Step: 26000  |  loss : 0.6067 | accuracy : 0.6652 | opt_sps : 41.2575  ]
[2026-08-17 00:40:16,656][__main__][INFO] - [RANK 0] [ Eval  | Step: 26000  |  loss : 0.6085 | accuracy : 0.6610 | eval_s : 0.7930  ]
[2026-08-17 00:40:28,589][__main__][INFO] - [RANK 0] [ Train | Step: 26500  |  loss : 0.6007 | accuracy : 0.6805 | opt_sps : 41.2695  ]
[2026-08-17 00:40:29,374][__main__][INFO] - [RANK 0] [ Eval  | Step: 26500  |  loss : 0.5637 | accuracy : 0.7133 | eval_s : 0.7841  ]
[2026-08-17 00:40:41,391][__main__][INFO] - [RANK 0] [ Train | Step: 27000  |  loss : 0.5329 | accuracy : 0.7334 | opt_sps : 41.2760  ]
[2026-08-17 00:40:42,175][__main__][INFO] - [RANK 0] [ Eval  | Step: 27000  |  loss : 0.5281 | accuracy : 0.7370 | eval_s : 0.7831  ]
[2026-08-17 00:40:54,120][__main__][INFO] - [RANK 0] [ Train | Step: 27500  |  loss : 0.5230 | accuracy : 0.7401 | opt_sps : 41.2866  ]
[2026-08-17 00:40:54,913][__main__][INFO] - [RANK 0] [ Eval  | Step: 27500  |  loss : 0.5347 | accuracy : 0.7349 | eval_s : 0.7921  ]
[2026-08-17 00:41:06,957][__main__][INFO] - [RANK 0] [ Train | Step: 28000  |  loss : 0.5042 | accuracy : 0.7481 | opt_sps : 41.2906  ]
[2026-08-17 00:41:07,740][__main__][INFO] - [RANK 0] [ Eval  | Step: 28000  |  loss : 0.4776 | accuracy : 0.7638 | eval_s : 0.7823  ]
[2026-08-17 00:41:19,748][__main__][INFO] - [RANK 0] [ Train | Step: 28500  |  loss : 0.4729 | accuracy : 0.7682 | opt_sps : 41.2969  ]
[2026-08-17 00:41:20,542][__main__][INFO] - [RANK 0] [ Eval  | Step: 28500  |  loss : 0.4653 | accuracy : 0.7712 | eval_s : 0.7931  ]
[2026-08-17 00:41:32,443][__main__][INFO] - [RANK 0] [ Train | Step: 29000  |  loss : 0.4612 | accuracy : 0.7724 | opt_sps : 41.3092  ]
[2026-08-17 00:41:33,235][__main__][INFO] - [RANK 0] [ Eval  | Step: 29000  |  loss : 0.4605 | accuracy : 0.7694 | eval_s : 0.7913  ]
[2026-08-17 00:41:45,223][__main__][INFO] - [RANK 0] [ Train | Step: 29500  |  loss : 0.4556 | accuracy : 0.7749 | opt_sps : 41.3161  ]
[2026-08-17 00:41:46,009][__main__][INFO] - [RANK 0] [ Eval  | Step: 29500  |  loss : 0.4601 | accuracy : 0.7726 | eval_s : 0.7842  ]
[2026-08-17 00:41:58,003][__main__][INFO] - [RANK 0] [ Train | Step: 30000  |  loss : 0.4568 | accuracy : 0.7739 | opt_sps : 41.3223  ]
[2026-08-17 00:41:58,792][__main__][INFO] - [RANK 0] [ Eval  | Step: 30000  |  loss : 0.4589 | accuracy : 0.7724 | eval_s : 0.7884  ]
[2026-08-17 00:42:10,695][__main__][INFO] - [RANK 0] [ Train | Step: 30500  |  loss : 0.4529 | accuracy : 0.7761 | opt_sps : 41.3336  ]
[2026-08-17 00:42:11,479][__main__][INFO] - [RANK 0] [ Eval  | Step: 30500  |  loss : 0.4609 | accuracy : 0.7691 | eval_s : 0.7827  ]
[2026-08-17 00:42:23,475][__main__][INFO] - [RANK 0] [ Train | Step: 31000  |  loss : 0.4528 | accuracy : 0.7755 | opt_sps : 41.3391  ]
[2026-08-17 00:42:24,260][__main__][INFO] - [RANK 0] [ Eval  | Step: 31000  |  loss : 0.4577 | accuracy : 0.7731 | eval_s : 0.7848  ]
[2026-08-17 00:42:36,168][__main__][INFO] - [RANK 0] [ Train | Step: 31500  |  loss : 0.4548 | accuracy : 0.7742 | opt_sps : 41.3495  ]
[2026-08-17 00:42:36,958][__main__][INFO] - [RANK 0] [ Eval  | Step: 31500  |  loss : 0.4554 | accuracy : 0.7731 | eval_s : 0.7889  ]
[2026-08-17 00:42:48,860][__main__][INFO] - [RANK 0] [ Train | Step: 32000  |  loss : 0.4519 | accuracy : 0.7770 | opt_sps : 41.3598  ]
[2026-08-17 00:42:49,643][__main__][INFO] - [RANK 0] [ Eval  | Step: 32000  |  loss : 0.4583 | accuracy : 0.7721 | eval_s : 0.7822  ]
[2026-08-17 00:43:01,643][__main__][INFO] - [RANK 0] [ Train | Step: 32500  |  loss : 0.4528 | accuracy : 0.7754 | opt_sps : 41.3645  ]
[2026-08-17 00:43:02,437][__main__][INFO] - [RANK 0] [ Eval  | Step: 32500  |  loss : 0.4522 | accuracy : 0.7702 | eval_s : 0.7922  ]
[2026-08-17 00:43:14,369][__main__][INFO] - [RANK 0] [ Train | Step: 33000  |  loss : 0.4521 | accuracy : 0.7758 | opt_sps : 41.3727  ]
[2026-08-17 00:43:15,159][__main__][INFO] - [RANK 0] [ Eval  | Step: 33000  |  loss : 0.4514 | accuracy : 0.7719 | eval_s : 0.7896  ]
[2026-08-17 00:43:27,190][__main__][INFO] - [RANK 0] [ Train | Step: 33500  |  loss : 0.4486 | accuracy : 0.7784 | opt_sps : 41.3756  ]
[2026-08-17 00:43:27,975][__main__][INFO] - [RANK 0] [ Eval  | Step: 33500  |  loss : 0.4541 | accuracy : 0.7745 | eval_s : 0.7834  ]
[2026-08-17 00:43:39,977][__main__][INFO] - [RANK 0] [ Train | Step: 34000  |  loss : 0.4495 | accuracy : 0.7768 | opt_sps : 41.3798  ]
[2026-08-17 00:43:40,762][__main__][INFO] - [RANK 0] [ Eval  | Step: 34000  |  loss : 0.4560 | accuracy : 0.7736 | eval_s : 0.7839  ]
[2026-08-17 00:43:52,637][__main__][INFO] - [RANK 0] [ Train | Step: 34500  |  loss : 0.4455 | accuracy : 0.7800 | opt_sps : 41.3901  ]
[2026-08-17 00:43:53,423][__main__][INFO] - [RANK 0] [ Eval  | Step: 34500  |  loss : 0.4556 | accuracy : 0.7698 | eval_s : 0.7844  ]
[2026-08-17 00:44:05,447][__main__][INFO] - [RANK 0] [ Train | Step: 35000  |  loss : 0.4480 | accuracy : 0.7773 | opt_sps : 41.3928  ]
[2026-08-17 00:44:06,233][__main__][INFO] - [RANK 0] [ Eval  | Step: 35000  |  loss : 0.4537 | accuracy : 0.7743 | eval_s : 0.7851  ]
[2026-08-17 00:44:18,160][__main__][INFO] - [RANK 0] [ Train | Step: 35500  |  loss : 0.4485 | accuracy : 0.7784 | opt_sps : 41.4002  ]
[2026-08-17 00:44:18,951][__main__][INFO] - [RANK 0] [ Eval  | Step: 35500  |  loss : 0.4535 | accuracy : 0.7745 | eval_s : 0.7907  ]
[2026-08-17 00:44:30,858][__main__][INFO] - [RANK 0] [ Train | Step: 36000  |  loss : 0.4468 | accuracy : 0.7791 | opt_sps : 41.4083  ]
[2026-08-17 00:44:31,643][__main__][INFO] - [RANK 0] [ Eval  | Step: 36000  |  loss : 0.4512 | accuracy : 0.7754 | eval_s : 0.7840  ]
[2026-08-17 00:44:43,623][__main__][INFO] - [RANK 0] [ Train | Step: 36500  |  loss : 0.4472 | accuracy : 0.7773 | opt_sps : 41.4129  ]
[2026-08-17 00:44:44,407][__main__][INFO] - [RANK 0] [ Eval  | Step: 36500  |  loss : 0.4505 | accuracy : 0.7764 | eval_s : 0.7838  ]
[2026-08-17 00:44:56,273][__main__][INFO] - [RANK 0] [ Train | Step: 37000  |  loss : 0.4485 | accuracy : 0.7768 | opt_sps : 41.4227  ]
[2026-08-17 00:44:57,064][__main__][INFO] - [RANK 0] [ Eval  | Step: 37000  |  loss : 0.4495 | accuracy : 0.7759 | eval_s : 0.7900  ]
[2026-08-17 00:45:09,068][__main__][INFO] - [RANK 0] [ Train | Step: 37500  |  loss : 0.4504 | accuracy : 0.7762 | opt_sps : 41.4258  ]
[2026-08-17 00:45:09,854][__main__][INFO] - [RANK 0] [ Eval  | Step: 37500  |  loss : 0.4507 | accuracy : 0.7752 | eval_s : 0.7844  ]
[2026-08-17 00:45:21,882][__main__][INFO] - [RANK 0] [ Train | Step: 38000  |  loss : 0.4476 | accuracy : 0.7786 | opt_sps : 41.4277  ]
[2026-08-17 00:45:22,667][__main__][INFO] - [RANK 0] [ Eval  | Step: 38000  |  loss : 0.4489 | accuracy : 0.7753 | eval_s : 0.7833  ]
[2026-08-17 00:45:34,732][__main__][INFO] - [RANK 0] [ Train | Step: 38500  |  loss : 0.4431 | accuracy : 0.7810 | opt_sps : 41.4280  ]
[2026-08-17 00:45:35,518][__main__][INFO] - [RANK 0] [ Eval  | Step: 38500  |  loss : 0.4483 | accuracy : 0.7774 | eval_s : 0.7849  ]
[2026-08-17 00:45:47,513][__main__][INFO] - [RANK 0] [ Train | Step: 39000  |  loss : 0.4460 | accuracy : 0.7800 | opt_sps : 41.4313  ]
[2026-08-17 00:45:48,299][__main__][INFO] - [RANK 0] [ Eval  | Step: 39000  |  loss : 0.4443 | accuracy : 0.7790 | eval_s : 0.7845  ]
[2026-08-17 00:46:00,242][__main__][INFO] - [RANK 0] [ Train | Step: 39500  |  loss : 0.4410 | accuracy : 0.7836 | opt_sps : 41.4369  ]
[2026-08-17 00:46:01,032][__main__][INFO] - [RANK 0] [ Eval  | Step: 39500  |  loss : 0.4402 | accuracy : 0.7822 | eval_s : 0.7894  ]
[2026-08-17 00:46:12,951][__main__][INFO] - [RANK 0] [ Train | Step: 40000  |  loss : 0.4270 | accuracy : 0.7920 | opt_sps : 41.4434  ]
[2026-08-17 00:46:13,745][__main__][INFO] - [RANK 0] [ Eval  | Step: 40000  |  loss : 0.4372 | accuracy : 0.7883 | eval_s : 0.7935  ]
[2026-08-17 00:46:25,777][__main__][INFO] - [RANK 0] [ Train | Step: 40500  |  loss : 0.4151 | accuracy : 0.8008 | opt_sps : 41.4449  ]
[2026-08-17 00:46:26,562][__main__][INFO] - [RANK 0] [ Eval  | Step: 40500  |  loss : 0.4085 | accuracy : 0.7989 | eval_s : 0.7839  ]
[2026-08-17 00:46:38,534][__main__][INFO] - [RANK 0] [ Train | Step: 41000  |  loss : 0.4008 | accuracy : 0.8084 | opt_sps : 41.4489  ]
[2026-08-17 00:46:39,324][__main__][INFO] - [RANK 0] [ Eval  | Step: 41000  |  loss : 0.3911 | accuracy : 0.8152 | eval_s : 0.7888  ]
[2026-08-17 00:46:51,247][__main__][INFO] - [RANK 0] [ Train | Step: 41500  |  loss : 0.3870 | accuracy : 0.8154 | opt_sps : 41.4548  ]
[2026-08-17 00:46:52,033][__main__][INFO] - [RANK 0] [ Eval  | Step: 41500  |  loss : 0.3862 | accuracy : 0.8148 | eval_s : 0.7849  ]
[2026-08-17 00:47:04,031][__main__][INFO] - [RANK 0] [ Train | Step: 42000  |  loss : 0.3715 | accuracy : 0.8215 | opt_sps : 41.4575  ]
[2026-08-17 00:47:04,817][__main__][INFO] - [RANK 0] [ Eval  | Step: 42000  |  loss : 0.3747 | accuracy : 0.8210 | eval_s : 0.7850  ]
[2026-08-17 00:47:16,836][__main__][INFO] - [RANK 0] [ Train | Step: 42500  |  loss : 0.3723 | accuracy : 0.8246 | opt_sps : 41.4592  ]
[2026-08-17 00:47:17,632][__main__][INFO] - [RANK 0] [ Eval  | Step: 42500  |  loss : 0.3682 | accuracy : 0.8244 | eval_s : 0.7940  ]
[2026-08-17 00:47:29,590][__main__][INFO] - [RANK 0] [ Train | Step: 43000  |  loss : 0.3642 | accuracy : 0.8255 | opt_sps : 41.4635  ]
[2026-08-17 00:47:30,379][__main__][INFO] - [RANK 0] [ Eval  | Step: 43000  |  loss : 0.3643 | accuracy : 0.8272 | eval_s : 0.7886  ]
[2026-08-17 00:47:42,474][__main__][INFO] - [RANK 0] [ Train | Step: 43500  |  loss : 0.3613 | accuracy : 0.8283 | opt_sps : 41.4622  ]
[2026-08-17 00:47:43,259][__main__][INFO] - [RANK 0] [ Eval  | Step: 43500  |  loss : 0.3642 | accuracy : 0.8252 | eval_s : 0.7835  ]
[2026-08-17 00:47:55,179][__main__][INFO] - [RANK 0] [ Train | Step: 44000  |  loss : 0.3586 | accuracy : 0.8304 | opt_sps : 41.4677  ]
[2026-08-17 00:47:55,967][__main__][INFO] - [RANK 0] [ Eval  | Step: 44000  |  loss : 0.3611 | accuracy : 0.8262 | eval_s : 0.7873  ]
[2026-08-17 00:48:07,999][__main__][INFO] - [RANK 0] [ Train | Step: 44500  |  loss : 0.3601 | accuracy : 0.8293 | opt_sps : 41.4688  ]
[2026-08-17 00:48:08,785][__main__][INFO] - [RANK 0] [ Eval  | Step: 44500  |  loss : 0.3605 | accuracy : 0.8270 | eval_s : 0.7852  ]
[2026-08-17 00:48:20,805][__main__][INFO] - [RANK 0] [ Train | Step: 45000  |  loss : 0.3518 | accuracy : 0.8331 | opt_sps : 41.4703  ]
[2026-08-17 00:48:21,594][__main__][INFO] - [RANK 0] [ Eval  | Step: 45000  |  loss : 0.3563 | accuracy : 0.8317 | eval_s : 0.7870  ]
[2026-08-17 00:48:33,491][__main__][INFO] - [RANK 0] [ Train | Step: 45500  |  loss : 0.3556 | accuracy : 0.8314 | opt_sps : 41.4764  ]
[2026-08-17 00:48:34,277][__main__][INFO] - [RANK 0] [ Eval  | Step: 45500  |  loss : 0.3545 | accuracy : 0.8295 | eval_s : 0.7845  ]
[2026-08-17 00:48:46,259][__main__][INFO] - [RANK 0] [ Train | Step: 46000  |  loss : 0.3558 | accuracy : 0.8313 | opt_sps : 41.4792  ]
[2026-08-17 00:48:47,044][__main__][INFO] - [RANK 0] [ Eval  | Step: 46000  |  loss : 0.3557 | accuracy : 0.8334 | eval_s : 0.7842  ]
[2026-08-17 00:48:59,001][__main__][INFO] - [RANK 0] [ Train | Step: 46500  |  loss : 0.3502 | accuracy : 0.8339 | opt_sps : 41.4829  ]
[2026-08-17 00:48:59,791][__main__][INFO] - [RANK 0] [ Eval  | Step: 46500  |  loss : 0.3576 | accuracy : 0.8321 | eval_s : 0.7899  ]
[2026-08-17 00:49:11,822][__main__][INFO] - [RANK 0] [ Train | Step: 47000  |  loss : 0.3488 | accuracy : 0.8364 | opt_sps : 41.4837  ]
[2026-08-17 00:49:12,608][__main__][INFO] - [RANK 0] [ Eval  | Step: 47000  |  loss : 0.3576 | accuracy : 0.8330 | eval_s : 0.7855  ]
[2026-08-17 00:49:24,542][__main__][INFO] - [RANK 0] [ Train | Step: 47500  |  loss : 0.3513 | accuracy : 0.8343 | opt_sps : 41.4880  ]
[2026-08-17 00:49:25,328][__main__][INFO] - [RANK 0] [ Eval  | Step: 47500  |  loss : 0.3526 | accuracy : 0.8324 | eval_s : 0.7858  ]
[2026-08-17 00:49:37,377][__main__][INFO] - [RANK 0] [ Train | Step: 48000  |  loss : 0.3456 | accuracy : 0.8373 | opt_sps : 41.4883  ]
[2026-08-17 00:49:38,172][__main__][INFO] - [RANK 0] [ Eval  | Step: 48000  |  loss : 0.3555 | accuracy : 0.8330 | eval_s : 0.7947  ]
[2026-08-17 00:49:50,098][__main__][INFO] - [RANK 0] [ Train | Step: 48500  |  loss : 0.3445 | accuracy : 0.8393 | opt_sps : 41.4927  ]
[2026-08-17 00:49:50,884][__main__][INFO] - [RANK 0] [ Eval  | Step: 48500  |  loss : 0.3523 | accuracy : 0.8342 | eval_s : 0.7855  ]
[2026-08-17 00:50:02,855][__main__][INFO] - [RANK 0] [ Train | Step: 49000  |  loss : 0.3490 | accuracy : 0.8361 | opt_sps : 41.4956  ]
[2026-08-17 00:50:03,641][__main__][INFO] - [RANK 0] [ Eval  | Step: 49000  |  loss : 0.3503 | accuracy : 0.8362 | eval_s : 0.7846  ]
[2026-08-17 00:50:15,568][__main__][INFO] - [RANK 0] [ Train | Step: 49500  |  loss : 0.3436 | accuracy : 0.8401 | opt_sps : 41.4999  ]
[2026-08-17 00:50:16,357][__main__][INFO] - [RANK 0] [ Eval  | Step: 49500  |  loss : 0.3507 | accuracy : 0.8370 | eval_s : 0.7877  ]
[2026-08-17 00:50:28,340][__main__][INFO] - [RANK 0] [ Train | Step: 50000  |  loss : 0.3464 | accuracy : 0.8383 | opt_sps : 41.5022  ]
[2026-08-17 00:50:29,126][__main__][INFO] - [RANK 0] [ Eval  | Step: 50000  |  loss : 0.3499 | accuracy : 0.8378 | eval_s : 0.7854  ]
[2026-08-17 00:50:41,140][__main__][INFO] - [RANK 0] [ Train | Step: 50500  |  loss : 0.3439 | accuracy : 0.8394 | opt_sps : 41.5034  ]
[2026-08-17 00:50:41,926][__main__][INFO] - [RANK 0] [ Eval  | Step: 50500  |  loss : 0.3478 | accuracy : 0.8357 | eval_s : 0.7851  ]
[2026-08-17 00:50:53,863][__main__][INFO] - [RANK 0] [ Train | Step: 51000  |  loss : 0.3415 | accuracy : 0.8406 | opt_sps : 41.5072  ]
[2026-08-17 00:50:54,649][__main__][INFO] - [RANK 0] [ Eval  | Step: 51000  |  loss : 0.3485 | accuracy : 0.8388 | eval_s : 0.7843  ]
[2026-08-17 00:51:06,647][__main__][INFO] - [RANK 0] [ Train | Step: 51500  |  loss : 0.3412 | accuracy : 0.8422 | opt_sps : 41.5088  ]
[2026-08-17 00:51:07,440][__main__][INFO] - [RANK 0] [ Eval  | Step: 51500  |  loss : 0.3443 | accuracy : 0.8390 | eval_s : 0.7912  ]
[2026-08-17 00:51:19,509][__main__][INFO] - [RANK 0] [ Train | Step: 52000  |  loss : 0.3417 | accuracy : 0.8406 | opt_sps : 41.5081  ]
[2026-08-17 00:51:20,303][__main__][INFO] - [RANK 0] [ Eval  | Step: 52000  |  loss : 0.3469 | accuracy : 0.8376 | eval_s : 0.7934  ]
[2026-08-17 00:51:32,234][__main__][INFO] - [RANK 0] [ Train | Step: 52500  |  loss : 0.3420 | accuracy : 0.8404 | opt_sps : 41.5119  ]
[2026-08-17 00:51:33,019][__main__][INFO] - [RANK 0] [ Eval  | Step: 52500  |  loss : 0.3424 | accuracy : 0.8396 | eval_s : 0.7847  ]
[2026-08-17 00:51:45,170][__main__][INFO] - [RANK 0] [ Train | Step: 53000  |  loss : 0.3379 | accuracy : 0.8423 | opt_sps : 41.5086  ]
[2026-08-17 00:51:45,956][__main__][INFO] - [RANK 0] [ Eval  | Step: 53000  |  loss : 0.3431 | accuracy : 0.8380 | eval_s : 0.7850  ]
[2026-08-17 00:51:57,874][__main__][INFO] - [RANK 0] [ Train | Step: 53500  |  loss : 0.3364 | accuracy : 0.8417 | opt_sps : 41.5127  ]
[2026-08-17 00:51:58,671][__main__][INFO] - [RANK 0] [ Eval  | Step: 53500  |  loss : 0.3382 | accuracy : 0.8412 | eval_s : 0.7954  ]
[2026-08-17 00:52:10,573][__main__][INFO] - [RANK 0] [ Train | Step: 54000  |  loss : 0.3381 | accuracy : 0.8415 | opt_sps : 41.5173  ]
[2026-08-17 00:52:11,357][__main__][INFO] - [RANK 0] [ Eval  | Step: 54000  |  loss : 0.3411 | accuracy : 0.8405 | eval_s : 0.7837  ]
[2026-08-17 00:52:23,344][__main__][INFO] - [RANK 0] [ Train | Step: 54500  |  loss : 0.3362 | accuracy : 0.8428 | opt_sps : 41.5191  ]
[2026-08-17 00:52:24,130][__main__][INFO] - [RANK 0] [ Eval  | Step: 54500  |  loss : 0.3383 | accuracy : 0.8410 | eval_s : 0.7847  ]
[2026-08-17 00:52:36,079][__main__][INFO] - [RANK 0] [ Train | Step: 55000  |  loss : 0.3305 | accuracy : 0.8453 | opt_sps : 41.5220  ]
[2026-08-17 00:52:36,874][__main__][INFO] - [RANK 0] [ Eval  | Step: 55000  |  loss : 0.3371 | accuracy : 0.8400 | eval_s : 0.7937  ]
[2026-08-17 00:52:48,860][__main__][INFO] - [RANK 0] [ Train | Step: 55500  |  loss : 0.3327 | accuracy : 0.8439 | opt_sps : 41.5238  ]
[2026-08-17 00:52:49,647][__main__][INFO] - [RANK 0] [ Eval  | Step: 55500  |  loss : 0.3384 | accuracy : 0.8400 | eval_s : 0.7859  ]
[2026-08-17 00:53:01,662][__main__][INFO] - [RANK 0] [ Train | Step: 56000  |  loss : 0.3313 | accuracy : 0.8439 | opt_sps : 41.5246  ]
[2026-08-17 00:53:02,448][__main__][INFO] - [RANK 0] [ Eval  | Step: 56000  |  loss : 0.3366 | accuracy : 0.8405 | eval_s : 0.7855  ]
[2026-08-17 00:53:14,424][__main__][INFO] - [RANK 0] [ Train | Step: 56500  |  loss : 0.3282 | accuracy : 0.8453 | opt_sps : 41.5267  ]
[2026-08-17 00:53:15,209][__main__][INFO] - [RANK 0] [ Eval  | Step: 56500  |  loss : 0.3349 | accuracy : 0.8401 | eval_s : 0.7834  ]
[2026-08-17 00:53:27,193][__main__][INFO] - [RANK 0] [ Train | Step: 57000  |  loss : 0.3288 | accuracy : 0.8439 | opt_sps : 41.5285  ]
[2026-08-17 00:53:27,978][__main__][INFO] - [RANK 0] [ Eval  | Step: 57000  |  loss : 0.3331 | accuracy : 0.8424 | eval_s : 0.7843  ]
[2026-08-17 00:53:39,911][__main__][INFO] - [RANK 0] [ Train | Step: 57500  |  loss : 0.3315 | accuracy : 0.8425 | opt_sps : 41.5318  ]
[2026-08-17 00:53:40,702][__main__][INFO] - [RANK 0] [ Eval  | Step: 57500  |  loss : 0.3323 | accuracy : 0.8424 | eval_s : 0.7903  ]
[2026-08-17 00:53:52,654][__main__][INFO] - [RANK 0] [ Train | Step: 58000  |  loss : 0.3252 | accuracy : 0.8452 | opt_sps : 41.5345  ]
[2026-08-17 00:53:53,439][__main__][INFO] - [RANK 0] [ Eval  | Step: 58000  |  loss : 0.3300 | accuracy : 0.8447 | eval_s : 0.7843  ]
[2026-08-17 00:54:05,437][__main__][INFO] - [RANK 0] [ Train | Step: 58500  |  loss : 0.3262 | accuracy : 0.8438 | opt_sps : 41.5357  ]
[2026-08-17 00:54:06,222][__main__][INFO] - [RANK 0] [ Eval  | Step: 58500  |  loss : 0.3285 | accuracy : 0.8433 | eval_s : 0.7831  ]
[2026-08-17 00:54:18,144][__main__][INFO] - [RANK 0] [ Train | Step: 59000  |  loss : 0.3234 | accuracy : 0.8438 | opt_sps : 41.5392  ]
[2026-08-17 00:54:18,939][__main__][INFO] - [RANK 0] [ Eval  | Step: 59000  |  loss : 0.3312 | accuracy : 0.8408 | eval_s : 0.7948  ]
[2026-08-17 00:54:30,867][__main__][INFO] - [RANK 0] [ Train | Step: 59500  |  loss : 0.3216 | accuracy : 0.8456 | opt_sps : 41.5424  ]
[2026-08-17 00:54:31,652][__main__][INFO] - [RANK 0] [ Eval  | Step: 59500  |  loss : 0.3279 | accuracy : 0.8423 | eval_s : 0.7836  ]
[2026-08-17 00:54:43,622][__main__][INFO] - [RANK 0] [ Train | Step: 60000  |  loss : 0.3201 | accuracy : 0.8450 | opt_sps : 41.5443  ]
[2026-08-17 00:54:44,407][__main__][INFO] - [RANK 0] [ Eval  | Step: 60000  |  loss : 0.3240 | accuracy : 0.8440 | eval_s : 0.7840  ]
[2026-08-17 00:54:56,274][__main__][INFO] - [RANK 0] [ Train | Step: 60500  |  loss : 0.3167 | accuracy : 0.8468 | opt_sps : 41.5492  ]
[2026-08-17 00:54:57,061][__main__][INFO] - [RANK 0] [ Eval  | Step: 60500  |  loss : 0.3246 | accuracy : 0.8427 | eval_s : 0.7853  ]
[2026-08-17 00:55:09,051][__main__][INFO] - [RANK 0] [ Train | Step: 61000  |  loss : 0.3160 | accuracy : 0.8466 | opt_sps : 41.5505  ]
[2026-08-17 00:55:09,837][__main__][INFO] - [RANK 0] [ Eval  | Step: 61000  |  loss : 0.3234 | accuracy : 0.8427 | eval_s : 0.7854  ]
[2026-08-17 00:55:21,952][__main__][INFO] - [RANK 0] [ Train | Step: 61500  |  loss : 0.3142 | accuracy : 0.8476 | opt_sps : 41.5483  ]
[2026-08-17 00:55:22,738][__main__][INFO] - [RANK 0] [ Eval  | Step: 61500  |  loss : 0.3194 | accuracy : 0.8441 | eval_s : 0.7854  ]
[2026-08-17 00:55:34,670][__main__][INFO] - [RANK 0] [ Train | Step: 62000  |  loss : 0.3147 | accuracy : 0.8477 | opt_sps : 41.5512  ]
[2026-08-17 00:55:35,454][__main__][INFO] - [RANK 0] [ Eval  | Step: 62000  |  loss : 0.3200 | accuracy : 0.8438 | eval_s : 0.7833  ]
[2026-08-17 00:55:47,551][__main__][INFO] - [RANK 0] [ Train | Step: 62500  |  loss : 0.3119 | accuracy : 0.8468 | opt_sps : 41.5494  ]
[2026-08-17 00:55:48,336][__main__][INFO] - [RANK 0] [ Eval  | Step: 62500  |  loss : 0.3165 | accuracy : 0.8454 | eval_s : 0.7843  ]
[2026-08-17 00:56:00,291][__main__][INFO] - [RANK 0] [ Train | Step: 63000  |  loss : 0.3105 | accuracy : 0.8467 | opt_sps : 41.5517  ]
[2026-08-17 00:56:01,087][__main__][INFO] - [RANK 0] [ Eval  | Step: 63000  |  loss : 0.3147 | accuracy : 0.8451 | eval_s : 0.7941  ]
[2026-08-17 00:56:12,993][__main__][INFO] - [RANK 0] [ Train | Step: 63500  |  loss : 0.3076 | accuracy : 0.8501 | opt_sps : 41.5552  ]
[2026-08-17 00:56:13,779][__main__][INFO] - [RANK 0] [ Eval  | Step: 63500  |  loss : 0.3192 | accuracy : 0.8453 | eval_s : 0.7851  ]
[2026-08-17 00:56:25,821][__main__][INFO] - [RANK 0] [ Train | Step: 64000  |  loss : 0.3072 | accuracy : 0.8498 | opt_sps : 41.5549  ]
[2026-08-17 00:56:26,608][__main__][INFO] - [RANK 0] [ Eval  | Step: 64000  |  loss : 0.3098 | accuracy : 0.8471 | eval_s : 0.7856  ]
[2026-08-17 00:56:38,561][__main__][INFO] - [RANK 0] [ Train | Step: 64500  |  loss : 0.3017 | accuracy : 0.8518 | opt_sps : 41.5571  ]
[2026-08-17 00:56:39,353][__main__][INFO] - [RANK 0] [ Eval  | Step: 64500  |  loss : 0.3112 | accuracy : 0.8464 | eval_s : 0.7910  ]
[2026-08-17 00:56:51,295][__main__][INFO] - [RANK 0] [ Train | Step: 65000  |  loss : 0.2986 | accuracy : 0.8536 | opt_sps : 41.5595  ]
[2026-08-17 00:56:52,081][__main__][INFO] - [RANK 0] [ Eval  | Step: 65000  |  loss : 0.3089 | accuracy : 0.8487 | eval_s : 0.7850  ]
[2026-08-17 00:57:04,077][__main__][INFO] - [RANK 0] [ Train | Step: 65500  |  loss : 0.3027 | accuracy : 0.8517 | opt_sps : 41.5605  ]
[2026-08-17 00:57:04,863][__main__][INFO] - [RANK 0] [ Eval  | Step: 65500  |  loss : 0.3048 | accuracy : 0.8509 | eval_s : 0.7853  ]
[2026-08-17 00:57:16,833][__main__][INFO] - [RANK 0] [ Train | Step: 66000  |  loss : 0.3001 | accuracy : 0.8532 | opt_sps : 41.5621  ]
[2026-08-17 00:57:17,626][__main__][INFO] - [RANK 0] [ Eval  | Step: 66000  |  loss : 0.3042 | accuracy : 0.8511 | eval_s : 0.7914  ]
[2026-08-17 00:57:29,679][__main__][INFO] - [RANK 0] [ Train | Step: 66500  |  loss : 0.2978 | accuracy : 0.8542 | opt_sps : 41.5616  ]
[2026-08-17 00:57:30,463][__main__][INFO] - [RANK 0] [ Eval  | Step: 66500  |  loss : 0.3041 | accuracy : 0.8490 | eval_s : 0.7837  ]
[2026-08-17 00:57:42,426][__main__][INFO] - [RANK 0] [ Train | Step: 67000  |  loss : 0.2969 | accuracy : 0.8533 | opt_sps : 41.5634  ]
[2026-08-17 00:57:43,212][__main__][INFO] - [RANK 0] [ Eval  | Step: 67000  |  loss : 0.3035 | accuracy : 0.8526 | eval_s : 0.7851  ]
[2026-08-17 00:57:55,133][__main__][INFO] - [RANK 0] [ Train | Step: 67500  |  loss : 0.2967 | accuracy : 0.8547 | opt_sps : 41.5663  ]
[2026-08-17 00:57:55,923][__main__][INFO] - [RANK 0] [ Eval  | Step: 67500  |  loss : 0.3021 | accuracy : 0.8501 | eval_s : 0.7890  ]
[2026-08-17 00:58:07,849][__main__][INFO] - [RANK 0] [ Train | Step: 68000  |  loss : 0.2920 | accuracy : 0.8567 | opt_sps : 41.5690  ]
[2026-08-17 00:58:08,633][__main__][INFO] - [RANK 0] [ Eval  | Step: 68000  |  loss : 0.2983 | accuracy : 0.8524 | eval_s : 0.7830  ]
[2026-08-17 00:58:20,561][__main__][INFO] - [RANK 0] [ Train | Step: 68500  |  loss : 0.2927 | accuracy : 0.8563 | opt_sps : 41.5716  ]
[2026-08-17 00:58:21,353][__main__][INFO] - [RANK 0] [ Eval  | Step: 68500  |  loss : 0.2969 | accuracy : 0.8532 | eval_s : 0.7911  ]
[2026-08-17 00:58:33,272][__main__][INFO] - [RANK 0] [ Train | Step: 69000  |  loss : 0.2896 | accuracy : 0.8565 | opt_sps : 41.5744  ]
[2026-08-17 00:58:34,057][__main__][INFO] - [RANK 0] [ Eval  | Step: 69000  |  loss : 0.2958 | accuracy : 0.8532 | eval_s : 0.7841  ]
[2026-08-17 00:58:46,062][__main__][INFO] - [RANK 0] [ Train | Step: 69500  |  loss : 0.2910 | accuracy : 0.8578 | opt_sps : 41.5750  ]
[2026-08-17 00:58:46,848][__main__][INFO] - [RANK 0] [ Eval  | Step: 69500  |  loss : 0.2921 | accuracy : 0.8555 | eval_s : 0.7842  ]
[2026-08-17 00:58:58,795][__main__][INFO] - [RANK 0] [ Train | Step: 70000  |  loss : 0.2890 | accuracy : 0.8586 | opt_sps : 41.5770  ]
[2026-08-17 00:58:59,586][__main__][INFO] - [RANK 0] [ Eval  | Step: 70000  |  loss : 0.2912 | accuracy : 0.8547 | eval_s : 0.7901  ]
[2026-08-17 00:59:11,571][__main__][INFO] - [RANK 0] [ Train | Step: 70500  |  loss : 0.2851 | accuracy : 0.8596 | opt_sps : 41.5781  ]
[2026-08-17 00:59:12,358][__main__][INFO] - [RANK 0] [ Eval  | Step: 70500  |  loss : 0.2924 | accuracy : 0.8549 | eval_s : 0.7860  ]
[2026-08-17 00:59:24,418][__main__][INFO] - [RANK 0] [ Train | Step: 71000  |  loss : 0.2833 | accuracy : 0.8597 | opt_sps : 41.5772  ]
[2026-08-17 00:59:25,204][__main__][INFO] - [RANK 0] [ Eval  | Step: 71000  |  loss : 0.2906 | accuracy : 0.8576 | eval_s : 0.7848  ]
[2026-08-17 00:59:37,088][__main__][INFO] - [RANK 0] [ Train | Step: 71500  |  loss : 0.2828 | accuracy : 0.8612 | opt_sps : 41.5807  ]
[2026-08-17 00:59:37,873][__main__][INFO] - [RANK 0] [ Eval  | Step: 71500  |  loss : 0.2889 | accuracy : 0.8585 | eval_s : 0.7837  ]
[2026-08-17 00:59:49,837][__main__][INFO] - [RANK 0] [ Train | Step: 72000  |  loss : 0.2788 | accuracy : 0.8638 | opt_sps : 41.5822  ]
[2026-08-17 00:59:50,623][__main__][INFO] - [RANK 0] [ Eval  | Step: 72000  |  loss : 0.2883 | accuracy : 0.8575 | eval_s : 0.7843  ]
[2026-08-17 01:00:02,625][__main__][INFO] - [RANK 0] [ Train | Step: 72500  |  loss : 0.2787 | accuracy : 0.8647 | opt_sps : 41.5828  ]
[2026-08-17 01:00:03,417][__main__][INFO] - [RANK 0] [ Eval  | Step: 72500  |  loss : 0.2848 | accuracy : 0.8593 | eval_s : 0.7906  ]
[2026-08-17 01:00:15,372][__main__][INFO] - [RANK 0] [ Train | Step: 73000  |  loss : 0.2793 | accuracy : 0.8630 | opt_sps : 41.5845  ]
[2026-08-17 01:00:16,157][__main__][INFO] - [RANK 0] [ Eval  | Step: 73000  |  loss : 0.2837 | accuracy : 0.8602 | eval_s : 0.7843  ]
[2026-08-17 01:00:28,177][__main__][INFO] - [RANK 0] [ Train | Step: 73500  |  loss : 0.2770 | accuracy : 0.8649 | opt_sps : 41.5847  ]
[2026-08-17 01:00:28,962][__main__][INFO] - [RANK 0] [ Eval  | Step: 73500  |  loss : 0.2847 | accuracy : 0.8603 | eval_s : 0.7842  ]
[2026-08-17 01:00:40,925][__main__][INFO] - [RANK 0] [ Train | Step: 74000  |  loss : 0.2784 | accuracy : 0.8647 | opt_sps : 41.5861  ]
[2026-08-17 01:00:41,721][__main__][INFO] - [RANK 0] [ Eval  | Step: 74000  |  loss : 0.2833 | accuracy : 0.8620 | eval_s : 0.7955  ]
[2026-08-17 01:00:53,648][__main__][INFO] - [RANK 0] [ Train | Step: 74500  |  loss : 0.2743 | accuracy : 0.8662 | opt_sps : 41.5884  ]
[2026-08-17 01:00:54,433][__main__][INFO] - [RANK 0] [ Eval  | Step: 74500  |  loss : 0.2787 | accuracy : 0.8628 | eval_s : 0.7840  ]
[2026-08-17 01:01:06,456][__main__][INFO] - [RANK 0] [ Train | Step: 75000  |  loss : 0.2750 | accuracy : 0.8657 | opt_sps : 41.5885  ]
[2026-08-17 01:01:07,241][__main__][INFO] - [RANK 0] [ Eval  | Step: 75000  |  loss : 0.2814 | accuracy : 0.8620 | eval_s : 0.7841  ]
[2026-08-17 01:01:19,193][__main__][INFO] - [RANK 0] [ Train | Step: 75500  |  loss : 0.2749 | accuracy : 0.8658 | opt_sps : 41.5901  ]
[2026-08-17 01:01:19,985][__main__][INFO] - [RANK 0] [ Eval  | Step: 75500  |  loss : 0.2819 | accuracy : 0.8639 | eval_s : 0.7903  ]
[2026-08-17 01:01:32,002][__main__][INFO] - [RANK 0] [ Train | Step: 76000  |  loss : 0.2717 | accuracy : 0.8676 | opt_sps : 41.5902  ]
[2026-08-17 01:01:32,794][__main__][INFO] - [RANK 0] [ Eval  | Step: 76000  |  loss : 0.2811 | accuracy : 0.8618 | eval_s : 0.7915  ]
[2026-08-17 01:01:44,748][__main__][INFO] - [RANK 0] [ Train | Step: 76500  |  loss : 0.2688 | accuracy : 0.8703 | opt_sps : 41.5917  ]
[2026-08-17 01:01:45,533][__main__][INFO] - [RANK 0] [ Eval  | Step: 76500  |  loss : 0.2755 | accuracy : 0.8644 | eval_s : 0.7842  ]
[2026-08-17 01:01:57,456][__main__][INFO] - [RANK 0] [ Train | Step: 77000  |  loss : 0.2717 | accuracy : 0.8677 | opt_sps : 41.5940  ]
[2026-08-17 01:01:58,253][__main__][INFO] - [RANK 0] [ Eval  | Step: 77000  |  loss : 0.2766 | accuracy : 0.8638 | eval_s : 0.7963  ]
[2026-08-17 01:02:10,310][__main__][INFO] - [RANK 0] [ Train | Step: 77500  |  loss : 0.2684 | accuracy : 0.8705 | opt_sps : 41.5932  ]
[2026-08-17 01:02:11,097][__main__][INFO] - [RANK 0] [ Eval  | Step: 77500  |  loss : 0.2751 | accuracy : 0.8644 | eval_s : 0.7854  ]
[2026-08-17 01:02:23,078][__main__][INFO] - [RANK 0] [ Train | Step: 78000  |  loss : 0.2697 | accuracy : 0.8687 | opt_sps : 41.5942  ]
[2026-08-17 01:02:23,871][__main__][INFO] - [RANK 0] [ Eval  | Step: 78000  |  loss : 0.2761 | accuracy : 0.8644 | eval_s : 0.7922  ]
[2026-08-17 01:02:35,787][__main__][INFO] - [RANK 0] [ Train | Step: 78500  |  loss : 0.2670 | accuracy : 0.8697 | opt_sps : 41.5965  ]
[2026-08-17 01:02:36,576][__main__][INFO] - [RANK 0] [ Eval  | Step: 78500  |  loss : 0.2733 | accuracy : 0.8665 | eval_s : 0.7887  ]
[2026-08-17 01:02:48,610][__main__][INFO] - [RANK 0] [ Train | Step: 79000  |  loss : 0.2656 | accuracy : 0.8711 | opt_sps : 41.5963  ]
[2026-08-17 01:02:49,396][__main__][INFO] - [RANK 0] [ Eval  | Step: 79000  |  loss : 0.2720 | accuracy : 0.8679 | eval_s : 0.7856  ]
[2026-08-17 01:03:01,333][__main__][INFO] - [RANK 0] [ Train | Step: 79500  |  loss : 0.2651 | accuracy : 0.8729 | opt_sps : 41.5981  ]
[2026-08-17 01:03:02,128][__main__][INFO] - [RANK 0] [ Eval  | Step: 79500  |  loss : 0.2719 | accuracy : 0.8673 | eval_s : 0.7935  ]
[2026-08-17 01:03:14,076][__main__][INFO] - [RANK 0] [ Train | Step: 80000  |  loss : 0.2651 | accuracy : 0.8725 | opt_sps : 41.5997  ]
[2026-08-17 01:03:14,861][__main__][INFO] - [RANK 0] [ Eval  | Step: 80000  |  loss : 0.2713 | accuracy : 0.8679 | eval_s : 0.7837  ]
[2026-08-17 01:03:26,889][__main__][INFO] - [RANK 0] [ Train | Step: 80500  |  loss : 0.2625 | accuracy : 0.8732 | opt_sps : 41.5996  ]
[2026-08-17 01:03:27,683][__main__][INFO] - [RANK 0] [ Eval  | Step: 80500  |  loss : 0.2694 | accuracy : 0.8697 | eval_s : 0.7937  ]
[2026-08-17 01:03:39,630][__main__][INFO] - [RANK 0] [ Train | Step: 81000  |  loss : 0.2632 | accuracy : 0.8727 | opt_sps : 41.6012  ]
[2026-08-17 01:03:40,418][__main__][INFO] - [RANK 0] [ Eval  | Step: 81000  |  loss : 0.2711 | accuracy : 0.8692 | eval_s : 0.7873  ]
[2026-08-17 01:03:52,421][__main__][INFO] - [RANK 0] [ Train | Step: 81500  |  loss : 0.2618 | accuracy : 0.8735 | opt_sps : 41.6016  ]
[2026-08-17 01:03:53,206][__main__][INFO] - [RANK 0] [ Eval  | Step: 81500  |  loss : 0.2689 | accuracy : 0.8701 | eval_s : 0.7840  ]
[2026-08-17 01:04:05,347][__main__][INFO] - [RANK 0] [ Train | Step: 82000  |  loss : 0.2609 | accuracy : 0.8743 | opt_sps : 41.5991  ]
[2026-08-17 01:04:06,132][__main__][INFO] - [RANK 0] [ Eval  | Step: 82000  |  loss : 0.2683 | accuracy : 0.8700 | eval_s : 0.7841  ]
[2026-08-17 01:04:18,046][__main__][INFO] - [RANK 0] [ Train | Step: 82500  |  loss : 0.2607 | accuracy : 0.8755 | opt_sps : 41.6013  ]
[2026-08-17 01:04:18,830][__main__][INFO] - [RANK 0] [ Eval  | Step: 82500  |  loss : 0.2675 | accuracy : 0.8715 | eval_s : 0.7833  ]
[2026-08-17 01:04:30,827][__main__][INFO] - [RANK 0] [ Train | Step: 83000  |  loss : 0.2597 | accuracy : 0.8754 | opt_sps : 41.6018  ]
[2026-08-17 01:04:31,612][__main__][INFO] - [RANK 0] [ Eval  | Step: 83000  |  loss : 0.2665 | accuracy : 0.8716 | eval_s : 0.7839  ]
[2026-08-17 01:04:43,552][__main__][INFO] - [RANK 0] [ Train | Step: 83500  |  loss : 0.2595 | accuracy : 0.8742 | opt_sps : 41.6035  ]
[2026-08-17 01:04:44,342][__main__][INFO] - [RANK 0] [ Eval  | Step: 83500  |  loss : 0.2671 | accuracy : 0.8723 | eval_s : 0.7884  ]
[2026-08-17 01:04:56,235][__main__][INFO] - [RANK 0] [ Train | Step: 84000  |  loss : 0.2589 | accuracy : 0.8750 | opt_sps : 41.6061  ]
[2026-08-17 01:04:57,019][__main__][INFO] - [RANK 0] [ Eval  | Step: 84000  |  loss : 0.2673 | accuracy : 0.8714 | eval_s : 0.7836  ]
[2026-08-17 01:05:09,039][__main__][INFO] - [RANK 0] [ Train | Step: 84500  |  loss : 0.2580 | accuracy : 0.8766 | opt_sps : 41.6061  ]
[2026-08-17 01:05:09,825][__main__][INFO] - [RANK 0] [ Eval  | Step: 84500  |  loss : 0.2655 | accuracy : 0.8704 | eval_s : 0.7851  ]
[2026-08-17 01:05:21,731][__main__][INFO] - [RANK 0] [ Train | Step: 85000  |  loss : 0.2552 | accuracy : 0.8775 | opt_sps : 41.6084  ]
[2026-08-17 01:05:22,524][__main__][INFO] - [RANK 0] [ Eval  | Step: 85000  |  loss : 0.2662 | accuracy : 0.8732 | eval_s : 0.7921  ]
[2026-08-17 01:05:34,563][__main__][INFO] - [RANK 0] [ Train | Step: 85500  |  loss : 0.2571 | accuracy : 0.8768 | opt_sps : 41.6079  ]
[2026-08-17 01:05:35,349][__main__][INFO] - [RANK 0] [ Eval  | Step: 85500  |  loss : 0.2657 | accuracy : 0.8726 | eval_s : 0.7853  ]
[2026-08-17 01:05:47,354][__main__][INFO] - [RANK 0] [ Train | Step: 86000  |  loss : 0.2563 | accuracy : 0.8766 | opt_sps : 41.6082  ]
[2026-08-17 01:05:48,142][__main__][INFO] - [RANK 0] [ Eval  | Step: 86000  |  loss : 0.2643 | accuracy : 0.8717 | eval_s : 0.7869  ]
[2026-08-17 01:06:00,029][__main__][INFO] - [RANK 0] [ Train | Step: 86500  |  loss : 0.2554 | accuracy : 0.8780 | opt_sps : 41.6108  ]
[2026-08-17 01:06:00,823][__main__][INFO] - [RANK 0] [ Eval  | Step: 86500  |  loss : 0.2640 | accuracy : 0.8725 | eval_s : 0.7930  ]
[2026-08-17 01:06:12,946][__main__][INFO] - [RANK 0] [ Train | Step: 87000  |  loss : 0.2559 | accuracy : 0.8782 | opt_sps : 41.6088  ]
[2026-08-17 01:06:13,733][__main__][INFO] - [RANK 0] [ Eval  | Step: 87000  |  loss : 0.2641 | accuracy : 0.8721 | eval_s : 0.7863  ]
[2026-08-17 01:06:25,751][__main__][INFO] - [RANK 0] [ Train | Step: 87500  |  loss : 0.2553 | accuracy : 0.8771 | opt_sps : 41.6087  ]
[2026-08-17 01:06:26,537][__main__][INFO] - [RANK 0] [ Eval  | Step: 87500  |  loss : 0.2648 | accuracy : 0.8728 | eval_s : 0.7844  ]
[2026-08-17 01:06:38,456][__main__][INFO] - [RANK 0] [ Train | Step: 88000  |  loss : 0.2542 | accuracy : 0.8780 | opt_sps : 41.6107  ]
[2026-08-17 01:06:39,242][__main__][INFO] - [RANK 0] [ Eval  | Step: 88000  |  loss : 0.2638 | accuracy : 0.8729 | eval_s : 0.7852  ]
[2026-08-17 01:06:51,232][__main__][INFO] - [RANK 0] [ Train | Step: 88500  |  loss : 0.2535 | accuracy : 0.8785 | opt_sps : 41.6112  ]
[2026-08-17 01:06:52,018][__main__][INFO] - [RANK 0] [ Eval  | Step: 88500  |  loss : 0.2638 | accuracy : 0.8728 | eval_s : 0.7855  ]
[2026-08-17 01:07:03,953][__main__][INFO] - [RANK 0] [ Train | Step: 89000  |  loss : 0.2530 | accuracy : 0.8782 | opt_sps : 41.6129  ]
[2026-08-17 01:07:04,749][__main__][INFO] - [RANK 0] [ Eval  | Step: 89000  |  loss : 0.2629 | accuracy : 0.8731 | eval_s : 0.7945  ]
[2026-08-17 01:07:16,687][__main__][INFO] - [RANK 0] [ Train | Step: 89500  |  loss : 0.2537 | accuracy : 0.8782 | opt_sps : 41.6144  ]
[2026-08-17 01:07:17,472][__main__][INFO] - [RANK 0] [ Eval  | Step: 89500  |  loss : 0.2634 | accuracy : 0.8744 | eval_s : 0.7840  ]
[2026-08-17 01:07:29,521][__main__][INFO] - [RANK 0] [ Train | Step: 90000  |  loss : 0.2501 | accuracy : 0.8804 | opt_sps : 41.6138  ]
[2026-08-17 01:07:30,307][__main__][INFO] - [RANK 0] [ Eval  | Step: 90000  |  loss : 0.2636 | accuracy : 0.8726 | eval_s : 0.7846  ]
[2026-08-17 01:07:42,336][__main__][INFO] - [RANK 0] [ Train | Step: 90500  |  loss : 0.2517 | accuracy : 0.8796 | opt_sps : 41.6135  ]
[2026-08-17 01:07:43,128][__main__][INFO] - [RANK 0] [ Eval  | Step: 90500  |  loss : 0.2619 | accuracy : 0.8737 | eval_s : 0.7908  ]
[2026-08-17 01:07:55,070][__main__][INFO] - [RANK 0] [ Train | Step: 91000  |  loss : 0.2507 | accuracy : 0.8796 | opt_sps : 41.6149  ]
[2026-08-17 01:07:55,856][__main__][INFO] - [RANK 0] [ Eval  | Step: 91000  |  loss : 0.2617 | accuracy : 0.8747 | eval_s : 0.7857  ]
[2026-08-17 01:08:07,905][__main__][INFO] - [RANK 0] [ Train | Step: 91500  |  loss : 0.2512 | accuracy : 0.8798 | opt_sps : 41.6143  ]
[2026-08-17 01:08:08,701][__main__][INFO] - [RANK 0] [ Eval  | Step: 91500  |  loss : 0.2616 | accuracy : 0.8740 | eval_s : 0.7941  ]
[2026-08-17 01:08:20,685][__main__][INFO] - [RANK 0] [ Train | Step: 92000  |  loss : 0.2527 | accuracy : 0.8797 | opt_sps : 41.6150  ]
[2026-08-17 01:08:21,473][__main__][INFO] - [RANK 0] [ Eval  | Step: 92000  |  loss : 0.2615 | accuracy : 0.8734 | eval_s : 0.7869  ]
[2026-08-17 01:08:33,414][__main__][INFO] - [RANK 0] [ Train | Step: 92500  |  loss : 0.2519 | accuracy : 0.8795 | opt_sps : 41.6164  ]
[2026-08-17 01:08:34,200][__main__][INFO] - [RANK 0] [ Eval  | Step: 92500  |  loss : 0.2616 | accuracy : 0.8749 | eval_s : 0.7852  ]
[2026-08-17 01:08:46,194][__main__][INFO] - [RANK 0] [ Train | Step: 93000  |  loss : 0.2513 | accuracy : 0.8794 | opt_sps : 41.6168  ]
[2026-08-17 01:08:46,979][__main__][INFO] - [RANK 0] [ Eval  | Step: 93000  |  loss : 0.2621 | accuracy : 0.8740 | eval_s : 0.7842  ]
[2026-08-17 01:08:58,883][__main__][INFO] - [RANK 0] [ Train | Step: 93500  |  loss : 0.2494 | accuracy : 0.8805 | opt_sps : 41.6188  ]
[2026-08-17 01:08:59,668][__main__][INFO] - [RANK 0] [ Eval  | Step: 93500  |  loss : 0.2613 | accuracy : 0.8744 | eval_s : 0.7838  ]
[2026-08-17 01:09:11,672][__main__][INFO] - [RANK 0] [ Train | Step: 94000  |  loss : 0.2502 | accuracy : 0.8807 | opt_sps : 41.6191  ]
[2026-08-17 01:09:12,459][__main__][INFO] - [RANK 0] [ Eval  | Step: 94000  |  loss : 0.2612 | accuracy : 0.8753 | eval_s : 0.7860  ]
[2026-08-17 01:09:24,412][__main__][INFO] - [RANK 0] [ Train | Step: 94500  |  loss : 0.2503 | accuracy : 0.8806 | opt_sps : 41.6202  ]
[2026-08-17 01:09:25,205][__main__][INFO] - [RANK 0] [ Eval  | Step: 94500  |  loss : 0.2608 | accuracy : 0.8754 | eval_s : 0.7922  ]
[2026-08-17 01:09:37,196][__main__][INFO] - [RANK 0] [ Train | Step: 95000  |  loss : 0.2487 | accuracy : 0.8806 | opt_sps : 41.6207  ]
[2026-08-17 01:09:37,981][__main__][INFO] - [RANK 0] [ Eval  | Step: 95000  |  loss : 0.2611 | accuracy : 0.8750 | eval_s : 0.7845  ]
[2026-08-17 01:09:50,015][__main__][INFO] - [RANK 0] [ Train | Step: 95500  |  loss : 0.2498 | accuracy : 0.8807 | opt_sps : 41.6203  ]
[2026-08-17 01:09:50,800][__main__][INFO] - [RANK 0] [ Eval  | Step: 95500  |  loss : 0.2608 | accuracy : 0.8746 | eval_s : 0.7839  ]
[2026-08-17 01:10:02,772][__main__][INFO] - [RANK 0] [ Train | Step: 96000  |  loss : 0.2501 | accuracy : 0.8802 | opt_sps : 41.6211  ]
[2026-08-17 01:10:03,567][__main__][INFO] - [RANK 0] [ Eval  | Step: 96000  |  loss : 0.2610 | accuracy : 0.8749 | eval_s : 0.7940  ]
[2026-08-17 01:10:15,618][__main__][INFO] - [RANK 0] [ Train | Step: 96500  |  loss : 0.2494 | accuracy : 0.8819 | opt_sps : 41.6204  ]
[2026-08-17 01:10:16,403][__main__][INFO] - [RANK 0] [ Eval  | Step: 96500  |  loss : 0.2608 | accuracy : 0.8751 | eval_s : 0.7840  ]
[2026-08-17 01:10:28,377][__main__][INFO] - [RANK 0] [ Train | Step: 97000  |  loss : 0.2518 | accuracy : 0.8795 | opt_sps : 41.6211  ]
[2026-08-17 01:10:29,162][__main__][INFO] - [RANK 0] [ Eval  | Step: 97000  |  loss : 0.2608 | accuracy : 0.8749 | eval_s : 0.7838  ]
[2026-08-17 01:10:41,030][__main__][INFO] - [RANK 0] [ Train | Step: 97500  |  loss : 0.2473 | accuracy : 0.8819 | opt_sps : 41.6237  ]
[2026-08-17 01:10:41,820][__main__][INFO] - [RANK 0] [ Eval  | Step: 97500  |  loss : 0.2607 | accuracy : 0.8751 | eval_s : 0.7890  ]
[2026-08-17 01:10:53,709][__main__][INFO] - [RANK 0] [ Train | Step: 98000  |  loss : 0.2456 | accuracy : 0.8827 | opt_sps : 41.6260  ]
[2026-08-17 01:10:54,496][__main__][INFO] - [RANK 0] [ Eval  | Step: 98000  |  loss : 0.2607 | accuracy : 0.8749 | eval_s : 0.7854  ]
[2026-08-17 01:11:06,490][__main__][INFO] - [RANK 0] [ Train | Step: 98500  |  loss : 0.2480 | accuracy : 0.8816 | opt_sps : 41.6263  ]
[2026-08-17 01:11:07,276][__main__][INFO] - [RANK 0] [ Eval  | Step: 98500  |  loss : 0.2607 | accuracy : 0.8751 | eval_s : 0.7852  ]
[2026-08-17 01:11:19,201][__main__][INFO] - [RANK 0] [ Train | Step: 99000  |  loss : 0.2510 | accuracy : 0.8793 | opt_sps : 41.6279  ]
[2026-08-17 01:11:19,986][__main__][INFO] - [RANK 0] [ Eval  | Step: 99000  |  loss : 0.2607 | accuracy : 0.8752 | eval_s : 0.7841  ]
[2026-08-17 01:11:31,994][__main__][INFO] - [RANK 0] [ Train | Step: 99500  |  loss : 0.2511 | accuracy : 0.8794 | opt_sps : 41.6279  ]
[2026-08-17 01:11:32,779][__main__][INFO] - [RANK 0] [ Eval  | Step: 99500  |  loss : 0.2607 | accuracy : 0.8749 | eval_s : 0.7843  ]
[2026-08-17 01:11:44,854][__main__][INFO] - [RANK 0] [ Train | Step: 100000 |  loss : 0.2474 | accuracy : 0.8817 | opt_sps : 41.6268  ]
[2026-08-17 01:11:45,652][__main__][INFO] - [RANK 0] [ Eval  | Step: 100000 |  loss : 0.2607 | accuracy : 0.8752 | eval_s : 0.7970  ]
[2026-08-17 01:11:45,655][__main__][INFO] - [RANK 0] loading best model
[2026-08-17 01:11:45,659][__main__][INFO] - [RANK 0] [Eval  | Summary |  best_loss : 0.2607 | best_step : 99000.0000 ]
[2026-08-17 01:11:46,444][__main__][INFO] - [RANK 0] [Test  | Summary |  loss/cross_entropy : 0.2571 | loss/loss : 0.2571 | callbacks/accuracy : 0.8757 | callbacks/non_relational_accuracy : 1.0000 | callbacks/binary_accuracy : 0.9869 | callbacks/ternary_accuracy : 0.6401 | callbacks/query_shape_accuracy : 1.0000 | callbacks/left_of_centre_accuracy : 1.0000 | callbacks/top_half_accuracy : 1.0000 | callbacks/closest_shape_accuracy : 0.9724 | callbacks/furthest_shape_accuracy : 0.9895 | callbacks/count_same_shape_accuracy : 1.0000 | callbacks/count_in_box_accuracy : 0.7767 | callbacks/on_band_accuracy : 0.6683 | callbacks/count_obtuse_accuracy : 0.4708 | timing/eval_s : 0.7847 ]
wandb: updating run metadata
wandb: uploading history steps 198-199, summary, console lines 500-504
wandb: 
wandb: Run history:
wandb:                  eval_callbacks/accuracy ▁▂▃▃▄▄▄▄▅▆▆▆▆▇▇▇▇▇▇▇▇▇▇▇▇▇█▇████████████
wandb:           eval_callbacks/binary_accuracy ▁▁▂▂▃▃▃▃▃▃▄▃▄▄▄▆▇▇▇▇████████████████████
wandb:    eval_callbacks/closest_shape_accuracy ▁▁▂▂▂▂▂▃▂▂▂▂▂▂▂▂▆▇▇▇█▇██████████████████
wandb:     eval_callbacks/count_in_box_accuracy ▁▁▁▁▁▁▁▁▁▁▁▁▁▁▁▁▁▁▁▁▁▁▁▃▄▅▅▆▆▆▆▇▇▇██████
wandb:     eval_callbacks/count_obtuse_accuracy ▁▁▁▁▁▁▁▁▁▁▁▁▁▁▁▁▁▁▁▁▁▁▂▃▂▄▄▄▅▅▆▇▇▇▇█████
wandb: eval_callbacks/count_same_shape_accuracy ▁▂▁▁▂▇██████████████████████████████████
wandb:   eval_callbacks/furthest_shape_accuracy ▁▂▂▂▂▃▃▃▃▃▃▃▃▃▄▇▇███████████████████████
wandb:   eval_callbacks/left_of_centre_accuracy ▂▂▁▁▂▁▁▂▂▁▂▂▂▁▂█████████████████████████
wandb:   eval_callbacks/non_relational_accuracy ▁▁▂▃▃▃▃▃▃▃▃▃████████████████████████████
wandb:          eval_callbacks/on_band_accuracy ▂▁▁▁▁▂▂▂▂▂▂▂▂▂▂▂▂▂▂▃▂▄▄▅▄▅▅▅▅▅▇▇▆▇██████
wandb:                                      +24 ...
wandb: 
wandb: Run summary:
wandb:                           eval/best_loss 0.26065
wandb:                           eval/best_step 99000
wandb:                  eval_callbacks/accuracy 0.8752
wandb:           eval_callbacks/binary_accuracy 0.9857
wandb:    eval_callbacks/closest_shape_accuracy 0.97542
wandb:     eval_callbacks/count_in_box_accuracy 0.77355
wandb:     eval_callbacks/count_obtuse_accuracy 0.47386
wandb: eval_callbacks/count_same_shape_accuracy 1.0
wandb:   eval_callbacks/furthest_shape_accuracy 0.98173
wandb:   eval_callbacks/left_of_centre_accuracy 1.0
wandb:                                      +42 ...
wandb: 
wandb: 🚀 View run sort_of_clevr/transformer::multirun::2026-08-16_23-30-31::2 at: https://wandb.ai/niks_priv/sort_of_clevr/runs/1jcbdr32
wandb: ⭐️ View project at: https://wandb.ai/niks_priv/sort_of_clevr
wandb: Synced 5 W&B file(s), 0 media file(s), 0 artifact file(s) and 0 other file(s)
wandb: Find logs at: ./outputs/sort_of_clevr/multirun/2026-08-16_23-30-31/2/wandb/run-20260817_002902-1jcbdr32/logs
[2026-08-17 01:11:47,603][HYDRA] 	#3 : model.hidden_dim=256 model.n_layers=8 train.seed=0 task=sort_of_clevr experiment=sort_of_clevr/baselines/transformer_scale
wandb: setting up run 6zsdxojb
wandb: Tracking run with wandb version 0.27.2
wandb: Run data is saved locally in /home/nik/workspace/ImperialWork/msc_project/SyncNetProject/outputs/sort_of_clevr/multirun/2026-08-16_23-30-31/3/wandb/run-20260817_011148-6zsdxojb
wandb: Run `wandb offline` to turn off syncing.
wandb: Syncing run sort_of_clevr/transformer::multirun::2026-08-16_23-30-31::3
wandb: ⭐️ View project at https://wandb.ai/niks_priv/sort_of_clevr
wandb: 🚀 View run at https://wandb.ai/niks_priv/sort_of_clevr/runs/6zsdxojb
[2026-08-17 01:11:49,369][__main__][INFO] - [RANK 0] Starting training
[2026-08-17 01:11:49,369][__main__][INFO] - [RANK 0] Model: SortOfClevrTransformer
[2026-08-17 01:11:49,369][__main__][INFO] - [RANK 0] Parameters: total=6430666
[2026-08-17 01:11:49,372][__main__][INFO] - [RANK 0] Config:
train:
  seed: 0
  n_steps: 100000
  train_bs: 256
  val_bs: 1024
  early_stop_metric: loss
  early_stop_big_is_better: false
  early_stop_patience: 1000000
  early_stop_min_delta: 0.0
  mixed_precision: bf16
  compile_model: true
  grad_accum: 1
  grad_clip: 1.0
  loader_mode: gpu_cached
  num_workers: 0
logging:
  eval_log_interval: 500
  train_log_interval: 500
  info_metrics:
  - loss
  - accuracy
  save_best: true
wandb:
  enabled: true
  project_name: sort_of_clevr
  entity: niks_priv
  tags: []
  run_name: null
optim:
  optimiser: adamw
  lr: 0.0003
  weight_decay: 0.01
  lr_scheduler: warmup_cosine
  lr_scheduler_params:
    warmup_steps: 2000
dataset:
  name: sort_of_clevr
  root: ./data
  dir: sort_of_clevr-seed1-train36000-test1000-img75-obj5-q10-t-1
  seed: 1
  train_size: 36000
  test_size: 1000
  img_size: 75
  obj_size: 5
  nb_questions: 10
  t_subtype: -1
model:
  name: sort_of_clevr_transformer
  patch_emb_dim: 96
  patch_size: 5
  hidden_dim: 256
  n_heads: 4
  n_layers: 8
  ffn_mult: 4
  dropout: 0.0
  pos_enc: learnt_2d
  q_conditioning: film
  share_layer_weights: false
callbacks:
- name: accuracy
- name: qtype_accuracy
- name: subtype_accuracy

[2026-08-17 01:11:49,372][__main__][INFO] - [RANK 0] Full model:
SortOfClevrTransformer(
  (inner): VQATransformer(
    (q_encoder): IdentityQuestionEncoder()
    (encoder): PatchifyEncoder(
      (patchify): Conv2d(3, 96, kernel_size=(5, 5), stride=(5, 5))
    )
    (tok_proj): Linear(in_features=96, out_features=256, bias=True)
    (film_gamma): Linear(in_features=18, out_features=96, bias=True)
    (film_beta): Linear(in_features=18, out_features=96, bias=True)
    (pos_enc): PositionalEncoder2D()
    (transformer): TransformerEncoder(
      (layers): ModuleList(
        (0-7): 8 x TransformerEncoderLayer(
          (self_attn): MultiheadAttention(
            (out_proj): NonDynamicallyQuantizableLinear(in_features=256, out_features=256, bias=True)
          )
          (linear1): Linear(in_features=256, out_features=1024, bias=True)
          (dropout): Dropout(p=0.0, inplace=False)
          (linear2): Linear(in_features=1024, out_features=256, bias=True)
          (norm1): LayerNorm((256,), eps=1e-05, elementwise_affine=True, bias=True)
          (norm2): LayerNorm((256,), eps=1e-05, elementwise_affine=True, bias=True)
          (dropout1): Dropout(p=0.0, inplace=False)
          (dropout2): Dropout(p=0.0, inplace=False)
        )
      )
    )
    (head): Sequential(
      (0): LayerNorm((256,), eps=1e-05, elementwise_affine=True, bias=True)
      (1): Linear(in_features=256, out_features=256, bias=True)
      (2): GELU(approximate='none')
      (3): Linear(in_features=256, out_features=10, bias=True)
    )
  )
)
[2026-08-17 01:12:21,314][__main__][INFO] - [RANK 0] [ Train | Step: 500    |  loss : 1.1691 | accuracy : 0.4434 | opt_sps : 15.6539  ]
W0817 01:12:21.315000 3213019 site-packages/torch/_dynamo/convert_frame.py:1853] [0/8] torch._dynamo hit config.recompile_limit (8)
W0817 01:12:21.315000 3213019 site-packages/torch/_dynamo/convert_frame.py:1853] [0/8]    function: 'forward' (/home/nik/miniforge3/envs/SortOfClevrEnv/lib/python3.11/site-packages/accelerate/utils/operations.py:822)
W0817 01:12:21.315000 3213019 site-packages/torch/_dynamo/convert_frame.py:1853] [0/8]    last reason: 0/7: GLOBAL_STATE changed: grad_mode 
W0817 01:12:21.315000 3213019 site-packages/torch/_dynamo/convert_frame.py:1853] [0/8] To log all recompilation reasons, use TORCH_LOGS="recompiles".
W0817 01:12:21.315000 3213019 site-packages/torch/_dynamo/convert_frame.py:1853] [0/8] To diagnose recompilation issues, see https://docs.pytorch.org/docs/main/user_guide/torch_compiler/compile/programming_model.recompilation.html
[2026-08-17 01:12:23,451][__main__][INFO] - [RANK 0] [ Eval  | Step: 500    |  loss : 0.8848 | accuracy : 0.4959 | eval_s : 2.1364  ]
[2026-08-17 01:12:46,153][__main__][INFO] - [RANK 0] [ Train | Step: 1000   |  loss : 0.8814 | accuracy : 0.4967 | opt_sps : 18.3042  ]
[2026-08-17 01:12:48,289][__main__][INFO] - [RANK 0] [ Eval  | Step: 1000   |  loss : 0.8731 | accuracy : 0.5134 | eval_s : 2.1352  ]
[2026-08-17 01:13:10,956][__main__][INFO] - [RANK 0] [ Train | Step: 1500   |  loss : 0.8707 | accuracy : 0.5176 | opt_sps : 19.4074  ]
[2026-08-17 01:13:13,090][__main__][INFO] - [RANK 0] [ Eval  | Step: 1500   |  loss : 0.8646 | accuracy : 0.5220 | eval_s : 2.1323  ]
[2026-08-17 01:13:35,790][__main__][INFO] - [RANK 0] [ Train | Step: 2000   |  loss : 0.8679 | accuracy : 0.5225 | opt_sps : 20.0034  ]
[2026-08-17 01:13:37,920][__main__][INFO] - [RANK 0] [ Eval  | Step: 2000   |  loss : 0.8690 | accuracy : 0.5294 | eval_s : 2.1289  ]
[2026-08-17 01:14:00,677][__main__][INFO] - [RANK 0] [ Train | Step: 2500   |  loss : 0.8573 | accuracy : 0.5321 | opt_sps : 20.3682  ]
[2026-08-17 01:14:02,809][__main__][INFO] - [RANK 0] [ Eval  | Step: 2500   |  loss : 0.8381 | accuracy : 0.5470 | eval_s : 2.1313  ]
[2026-08-17 01:14:25,562][__main__][INFO] - [RANK 0] [ Train | Step: 3000   |  loss : 0.8354 | accuracy : 0.5491 | opt_sps : 20.6203  ]
[2026-08-17 01:14:27,693][__main__][INFO] - [RANK 0] [ Eval  | Step: 3000   |  loss : 0.8001 | accuracy : 0.5698 | eval_s : 2.1300  ]
[2026-08-17 01:14:50,366][__main__][INFO] - [RANK 0] [ Train | Step: 3500   |  loss : 0.8136 | accuracy : 0.5623 | opt_sps : 20.8144  ]
[2026-08-17 01:14:52,500][__main__][INFO] - [RANK 0] [ Eval  | Step: 3500   |  loss : 0.7827 | accuracy : 0.5753 | eval_s : 2.1326  ]
[2026-08-17 01:15:15,190][__main__][INFO] - [RANK 0] [ Train | Step: 4000   |  loss : 0.7856 | accuracy : 0.5788 | opt_sps : 20.9602  ]
[2026-08-17 01:15:17,325][__main__][INFO] - [RANK 0] [ Eval  | Step: 4000   |  loss : 0.7708 | accuracy : 0.5845 | eval_s : 2.1337  ]
[2026-08-17 01:15:40,003][__main__][INFO] - [RANK 0] [ Train | Step: 4500   |  loss : 0.7772 | accuracy : 0.5840 | opt_sps : 21.0762  ]
[2026-08-17 01:15:42,138][__main__][INFO] - [RANK 0] [ Eval  | Step: 4500   |  loss : 0.7478 | accuracy : 0.6001 | eval_s : 2.1332  ]
[2026-08-17 01:16:04,803][__main__][INFO] - [RANK 0] [ Train | Step: 5000   |  loss : 0.7645 | accuracy : 0.5950 | opt_sps : 21.1711  ]
[2026-08-17 01:16:06,935][__main__][INFO] - [RANK 0] [ Eval  | Step: 5000   |  loss : 0.7617 | accuracy : 0.5872 | eval_s : 2.1310  ]
[2026-08-17 01:16:29,674][__main__][INFO] - [RANK 0] [ Train | Step: 5500   |  loss : 0.7417 | accuracy : 0.6032 | opt_sps : 21.2429  ]
[2026-08-17 01:16:31,804][__main__][INFO] - [RANK 0] [ Eval  | Step: 5500   |  loss : 0.7516 | accuracy : 0.5935 | eval_s : 2.1288  ]
[2026-08-17 01:16:54,486][__main__][INFO] - [RANK 0] [ Train | Step: 6000   |  loss : 0.7530 | accuracy : 0.5992 | opt_sps : 21.3074  ]
[2026-08-17 01:16:56,619][__main__][INFO] - [RANK 0] [ Eval  | Step: 6000   |  loss : 0.9119 | accuracy : 0.5494 | eval_s : 2.1325  ]
[2026-08-17 01:17:19,303][__main__][INFO] - [RANK 0] [ Train | Step: 6500   |  loss : 0.7365 | accuracy : 0.6070 | opt_sps : 21.3622  ]
[2026-08-17 01:17:21,437][__main__][INFO] - [RANK 0] [ Eval  | Step: 6500   |  loss : 0.7011 | accuracy : 0.6187 | eval_s : 2.1338  ]
[2026-08-17 01:17:44,142][__main__][INFO] - [RANK 0] [ Train | Step: 7000   |  loss : 0.7243 | accuracy : 0.6125 | opt_sps : 21.4086  ]
[2026-08-17 01:17:46,273][__main__][INFO] - [RANK 0] [ Eval  | Step: 7000   |  loss : 0.7926 | accuracy : 0.5801 | eval_s : 2.1298  ]
[2026-08-17 01:18:08,962][__main__][INFO] - [RANK 0] [ Train | Step: 7500   |  loss : 0.7415 | accuracy : 0.6070 | opt_sps : 21.4494  ]
[2026-08-17 01:18:11,091][__main__][INFO] - [RANK 0] [ Eval  | Step: 7500   |  loss : 0.7174 | accuracy : 0.6154 | eval_s : 2.1279  ]
[2026-08-17 01:18:33,837][__main__][INFO] - [RANK 0] [ Train | Step: 8000   |  loss : 0.7237 | accuracy : 0.6138 | opt_sps : 21.4819  ]
[2026-08-17 01:18:35,970][__main__][INFO] - [RANK 0] [ Eval  | Step: 8000   |  loss : 0.6923 | accuracy : 0.6154 | eval_s : 2.1313  ]
[2026-08-17 01:18:58,638][__main__][INFO] - [RANK 0] [ Train | Step: 8500   |  loss : 0.7091 | accuracy : 0.6214 | opt_sps : 21.5152  ]
[2026-08-17 01:19:00,770][__main__][INFO] - [RANK 0] [ Eval  | Step: 8500   |  loss : 0.7134 | accuracy : 0.6027 | eval_s : 2.1310  ]
[2026-08-17 01:19:23,513][__main__][INFO] - [RANK 0] [ Train | Step: 9000   |  loss : 0.7344 | accuracy : 0.6114 | opt_sps : 21.5408  ]
[2026-08-17 01:19:25,649][__main__][INFO] - [RANK 0] [ Eval  | Step: 9000   |  loss : 0.6734 | accuracy : 0.6344 | eval_s : 2.1353  ]
[2026-08-17 01:19:48,399][__main__][INFO] - [RANK 0] [ Train | Step: 9500   |  loss : 0.7048 | accuracy : 0.6219 | opt_sps : 21.5637  ]
[2026-08-17 01:19:50,533][__main__][INFO] - [RANK 0] [ Eval  | Step: 9500   |  loss : 0.9085 | accuracy : 0.5656 | eval_s : 2.1331  ]
[2026-08-17 01:20:13,249][__main__][INFO] - [RANK 0] [ Train | Step: 10000  |  loss : 0.7131 | accuracy : 0.6330 | opt_sps : 21.5856  ]
[2026-08-17 01:20:15,381][__main__][INFO] - [RANK 0] [ Eval  | Step: 10000  |  loss : 0.7015 | accuracy : 0.6408 | eval_s : 2.1308  ]
[2026-08-17 01:20:38,093][__main__][INFO] - [RANK 0] [ Train | Step: 10500  |  loss : 0.6261 | accuracy : 0.6957 | opt_sps : 21.6057  ]
[2026-08-17 01:20:40,223][__main__][INFO] - [RANK 0] [ Eval  | Step: 10500  |  loss : 0.5982 | accuracy : 0.7151 | eval_s : 2.1286  ]
[2026-08-17 01:21:02,871][__main__][INFO] - [RANK 0] [ Train | Step: 11000  |  loss : 0.5785 | accuracy : 0.7233 | opt_sps : 21.6269  ]
[2026-08-17 01:21:05,003][__main__][INFO] - [RANK 0] [ Eval  | Step: 11000  |  loss : 0.5267 | accuracy : 0.7384 | eval_s : 2.1308  ]
[2026-08-17 01:21:27,686][__main__][INFO] - [RANK 0] [ Train | Step: 11500  |  loss : 0.5832 | accuracy : 0.7202 | opt_sps : 21.6449  ]
[2026-08-17 01:21:29,824][__main__][INFO] - [RANK 0] [ Eval  | Step: 11500  |  loss : 0.6147 | accuracy : 0.7034 | eval_s : 2.1367  ]
[2026-08-17 01:21:52,535][__main__][INFO] - [RANK 0] [ Train | Step: 12000  |  loss : 0.5660 | accuracy : 0.7243 | opt_sps : 21.6601  ]
[2026-08-17 01:21:54,668][__main__][INFO] - [RANK 0] [ Eval  | Step: 12000  |  loss : 0.5138 | accuracy : 0.7459 | eval_s : 2.1320  ]
[2026-08-17 01:22:17,385][__main__][INFO] - [RANK 0] [ Train | Step: 12500  |  loss : 0.5615 | accuracy : 0.7284 | opt_sps : 21.6740  ]
[2026-08-17 01:22:19,517][__main__][INFO] - [RANK 0] [ Eval  | Step: 12500  |  loss : 0.5682 | accuracy : 0.7271 | eval_s : 2.1305  ]
[2026-08-17 01:22:42,133][__main__][INFO] - [RANK 0] [ Train | Step: 13000  |  loss : 0.5518 | accuracy : 0.7319 | opt_sps : 21.6904  ]
[2026-08-17 01:22:44,264][__main__][INFO] - [RANK 0] [ Eval  | Step: 13000  |  loss : 0.5186 | accuracy : 0.7400 | eval_s : 2.1297  ]
[2026-08-17 01:23:06,838][__main__][INFO] - [RANK 0] [ Train | Step: 13500  |  loss : 0.5443 | accuracy : 0.7341 | opt_sps : 21.7071  ]
[2026-08-17 01:23:08,968][__main__][INFO] - [RANK 0] [ Eval  | Step: 13500  |  loss : 0.5152 | accuracy : 0.7410 | eval_s : 2.1289  ]
[2026-08-17 01:23:31,572][__main__][INFO] - [RANK 0] [ Train | Step: 14000  |  loss : 0.5614 | accuracy : 0.7244 | opt_sps : 21.7215  ]
[2026-08-17 01:23:33,704][__main__][INFO] - [RANK 0] [ Eval  | Step: 14000  |  loss : 0.5191 | accuracy : 0.7423 | eval_s : 2.1307  ]
[2026-08-17 01:23:56,343][__main__][INFO] - [RANK 0] [ Train | Step: 14500  |  loss : 0.5553 | accuracy : 0.7301 | opt_sps : 21.7339  ]
[2026-08-17 01:23:58,478][__main__][INFO] - [RANK 0] [ Eval  | Step: 14500  |  loss : 0.5367 | accuracy : 0.7392 | eval_s : 2.1339  ]
[2026-08-17 01:24:21,139][__main__][INFO] - [RANK 0] [ Train | Step: 15000  |  loss : 0.5650 | accuracy : 0.7276 | opt_sps : 21.7447  ]
[2026-08-17 01:24:23,269][__main__][INFO] - [RANK 0] [ Eval  | Step: 15000  |  loss : 0.5580 | accuracy : 0.7328 | eval_s : 2.1292  ]
[2026-08-17 01:24:45,965][__main__][INFO] - [RANK 0] [ Train | Step: 15500  |  loss : 0.5514 | accuracy : 0.7307 | opt_sps : 21.7538  ]
[2026-08-17 01:24:48,096][__main__][INFO] - [RANK 0] [ Eval  | Step: 15500  |  loss : 0.6021 | accuracy : 0.7099 | eval_s : 2.1297  ]
[2026-08-17 01:25:10,704][__main__][INFO] - [RANK 0] [ Train | Step: 16000  |  loss : 0.5428 | accuracy : 0.7347 | opt_sps : 21.7650  ]
[2026-08-17 01:25:12,834][__main__][INFO] - [RANK 0] [ Eval  | Step: 16000  |  loss : 0.5042 | accuracy : 0.7482 | eval_s : 2.1292  ]
[2026-08-17 01:25:35,414][__main__][INFO] - [RANK 0] [ Train | Step: 16500  |  loss : 0.5430 | accuracy : 0.7348 | opt_sps : 21.7764  ]
[2026-08-17 01:25:37,542][__main__][INFO] - [RANK 0] [ Eval  | Step: 16500  |  loss : 0.5101 | accuracy : 0.7465 | eval_s : 2.1276  ]
[2026-08-17 01:26:00,137][__main__][INFO] - [RANK 0] [ Train | Step: 17000  |  loss : 0.5409 | accuracy : 0.7351 | opt_sps : 21.7866  ]
[2026-08-17 01:26:02,268][__main__][INFO] - [RANK 0] [ Eval  | Step: 17000  |  loss : 0.5134 | accuracy : 0.7392 | eval_s : 2.1303  ]
[2026-08-17 01:26:24,913][__main__][INFO] - [RANK 0] [ Train | Step: 17500  |  loss : 0.5396 | accuracy : 0.7350 | opt_sps : 21.7949  ]
[2026-08-17 01:26:27,046][__main__][INFO] - [RANK 0] [ Eval  | Step: 17500  |  loss : 0.5352 | accuracy : 0.7369 | eval_s : 2.1322  ]
[2026-08-17 01:26:49,732][__main__][INFO] - [RANK 0] [ Train | Step: 18000  |  loss : 0.5465 | accuracy : 0.7330 | opt_sps : 21.8017  ]
[2026-08-17 01:26:51,862][__main__][INFO] - [RANK 0] [ Eval  | Step: 18000  |  loss : 0.6542 | accuracy : 0.7027 | eval_s : 2.1299  ]
[2026-08-17 01:27:14,440][__main__][INFO] - [RANK 0] [ Train | Step: 18500  |  loss : 0.5551 | accuracy : 0.7314 | opt_sps : 21.8108  ]
[2026-08-17 01:27:16,572][__main__][INFO] - [RANK 0] [ Eval  | Step: 18500  |  loss : 0.5674 | accuracy : 0.7188 | eval_s : 2.1306  ]
[2026-08-17 01:27:39,216][__main__][INFO] - [RANK 0] [ Train | Step: 19000  |  loss : 0.5347 | accuracy : 0.7384 | opt_sps : 21.8178  ]
[2026-08-17 01:27:41,346][__main__][INFO] - [RANK 0] [ Eval  | Step: 19000  |  loss : 0.4940 | accuracy : 0.7530 | eval_s : 2.1297  ]
[2026-08-17 01:28:04,055][__main__][INFO] - [RANK 0] [ Train | Step: 19500  |  loss : 0.5286 | accuracy : 0.7409 | opt_sps : 21.8231  ]
[2026-08-17 01:28:06,189][__main__][INFO] - [RANK 0] [ Eval  | Step: 19500  |  loss : 0.5080 | accuracy : 0.7422 | eval_s : 2.1326  ]
[2026-08-17 01:28:28,823][__main__][INFO] - [RANK 0] [ Train | Step: 20000  |  loss : 0.5239 | accuracy : 0.7426 | opt_sps : 21.8297  ]
[2026-08-17 01:28:30,955][__main__][INFO] - [RANK 0] [ Eval  | Step: 20000  |  loss : 0.5681 | accuracy : 0.7208 | eval_s : 2.1308  ]
[2026-08-17 01:28:53,665][__main__][INFO] - [RANK 0] [ Train | Step: 20500  |  loss : 0.5155 | accuracy : 0.7463 | opt_sps : 21.8342  ]
[2026-08-17 01:28:55,798][__main__][INFO] - [RANK 0] [ Eval  | Step: 20500  |  loss : 0.4835 | accuracy : 0.7591 | eval_s : 2.1313  ]
[2026-08-17 01:29:18,442][__main__][INFO] - [RANK 0] [ Train | Step: 21000  |  loss : 0.5079 | accuracy : 0.7509 | opt_sps : 21.8401  ]
[2026-08-17 01:29:20,576][__main__][INFO] - [RANK 0] [ Eval  | Step: 21000  |  loss : 0.4939 | accuracy : 0.7526 | eval_s : 2.1331  ]
[2026-08-17 01:29:43,251][__main__][INFO] - [RANK 0] [ Train | Step: 21500  |  loss : 0.4967 | accuracy : 0.7548 | opt_sps : 21.8449  ]
[2026-08-17 01:29:45,384][__main__][INFO] - [RANK 0] [ Eval  | Step: 21500  |  loss : 0.4771 | accuracy : 0.7621 | eval_s : 2.1311  ]
[2026-08-17 01:30:08,149][__main__][INFO] - [RANK 0] [ Train | Step: 22000  |  loss : 0.4843 | accuracy : 0.7603 | opt_sps : 21.8477  ]
[2026-08-17 01:30:10,281][__main__][INFO] - [RANK 0] [ Eval  | Step: 22000  |  loss : 0.4761 | accuracy : 0.7606 | eval_s : 2.1304  ]
[2026-08-17 01:30:32,918][__main__][INFO] - [RANK 0] [ Train | Step: 22500  |  loss : 0.4923 | accuracy : 0.7572 | opt_sps : 21.8531  ]
[2026-08-17 01:30:35,052][__main__][INFO] - [RANK 0] [ Eval  | Step: 22500  |  loss : 0.4793 | accuracy : 0.7588 | eval_s : 2.1330  ]
[2026-08-17 01:30:57,631][__main__][INFO] - [RANK 0] [ Train | Step: 23000  |  loss : 0.4764 | accuracy : 0.7632 | opt_sps : 21.8594  ]
[2026-08-17 01:30:59,761][__main__][INFO] - [RANK 0] [ Eval  | Step: 23000  |  loss : 0.4761 | accuracy : 0.7623 | eval_s : 2.1296  ]
[2026-08-17 01:31:22,359][__main__][INFO] - [RANK 0] [ Train | Step: 23500  |  loss : 0.4836 | accuracy : 0.7610 | opt_sps : 21.8651  ]
[2026-08-17 01:31:24,490][__main__][INFO] - [RANK 0] [ Eval  | Step: 23500  |  loss : 0.4675 | accuracy : 0.7661 | eval_s : 2.1308  ]
[2026-08-17 01:31:47,152][__main__][INFO] - [RANK 0] [ Train | Step: 24000  |  loss : 0.4775 | accuracy : 0.7641 | opt_sps : 21.8693  ]
[2026-08-17 01:31:49,285][__main__][INFO] - [RANK 0] [ Eval  | Step: 24000  |  loss : 0.4650 | accuracy : 0.7686 | eval_s : 2.1309  ]
[2026-08-17 01:32:12,035][__main__][INFO] - [RANK 0] [ Train | Step: 24500  |  loss : 0.4732 | accuracy : 0.7671 | opt_sps : 21.8716  ]
[2026-08-17 01:32:14,167][__main__][INFO] - [RANK 0] [ Eval  | Step: 24500  |  loss : 0.4640 | accuracy : 0.7695 | eval_s : 2.1307  ]
[2026-08-17 01:32:36,873][__main__][INFO] - [RANK 0] [ Train | Step: 25000  |  loss : 0.4771 | accuracy : 0.7641 | opt_sps : 21.8747  ]
[2026-08-17 01:32:39,008][__main__][INFO] - [RANK 0] [ Eval  | Step: 25000  |  loss : 0.4774 | accuracy : 0.7609 | eval_s : 2.1342  ]
[2026-08-17 01:33:01,680][__main__][INFO] - [RANK 0] [ Train | Step: 25500  |  loss : 0.4756 | accuracy : 0.7639 | opt_sps : 21.8782  ]
[2026-08-17 01:33:03,813][__main__][INFO] - [RANK 0] [ Eval  | Step: 25500  |  loss : 0.4716 | accuracy : 0.7663 | eval_s : 2.1322  ]
[2026-08-17 01:33:26,532][__main__][INFO] - [RANK 0] [ Train | Step: 26000  |  loss : 0.4720 | accuracy : 0.7665 | opt_sps : 21.8806  ]
[2026-08-17 01:33:28,665][__main__][INFO] - [RANK 0] [ Eval  | Step: 26000  |  loss : 0.4747 | accuracy : 0.7670 | eval_s : 2.1318  ]
[2026-08-17 01:33:51,313][__main__][INFO] - [RANK 0] [ Train | Step: 26500  |  loss : 0.4676 | accuracy : 0.7669 | opt_sps : 21.8843  ]
[2026-08-17 01:33:53,446][__main__][INFO] - [RANK 0] [ Eval  | Step: 26500  |  loss : 0.4603 | accuracy : 0.7707 | eval_s : 2.1323  ]
[2026-08-17 01:34:16,209][__main__][INFO] - [RANK 0] [ Train | Step: 27000  |  loss : 0.4637 | accuracy : 0.7704 | opt_sps : 21.8859  ]
[2026-08-17 01:34:18,340][__main__][INFO] - [RANK 0] [ Eval  | Step: 27000  |  loss : 0.4761 | accuracy : 0.7625 | eval_s : 2.1302  ]
[2026-08-17 01:34:41,026][__main__][INFO] - [RANK 0] [ Train | Step: 27500  |  loss : 0.4671 | accuracy : 0.7683 | opt_sps : 21.8887  ]
[2026-08-17 01:34:43,158][__main__][INFO] - [RANK 0] [ Eval  | Step: 27500  |  loss : 0.4601 | accuracy : 0.7702 | eval_s : 2.1309  ]
[2026-08-17 01:35:05,871][__main__][INFO] - [RANK 0] [ Train | Step: 28000  |  loss : 0.4647 | accuracy : 0.7684 | opt_sps : 21.8910  ]
[2026-08-17 01:35:08,005][__main__][INFO] - [RANK 0] [ Eval  | Step: 28000  |  loss : 0.4647 | accuracy : 0.7672 | eval_s : 2.1324  ]
[2026-08-17 01:35:30,602][__main__][INFO] - [RANK 0] [ Train | Step: 28500  |  loss : 0.4638 | accuracy : 0.7693 | opt_sps : 21.8951  ]
[2026-08-17 01:35:32,733][__main__][INFO] - [RANK 0] [ Eval  | Step: 28500  |  loss : 0.4580 | accuracy : 0.7721 | eval_s : 2.1299  ]
[2026-08-17 01:35:55,448][__main__][INFO] - [RANK 0] [ Train | Step: 29000  |  loss : 0.4604 | accuracy : 0.7710 | opt_sps : 21.8972  ]
[2026-08-17 01:35:57,579][__main__][INFO] - [RANK 0] [ Eval  | Step: 29000  |  loss : 0.4600 | accuracy : 0.7717 | eval_s : 2.1300  ]
[2026-08-17 01:36:20,285][__main__][INFO] - [RANK 0] [ Train | Step: 29500  |  loss : 0.4602 | accuracy : 0.7705 | opt_sps : 21.8993  ]
[2026-08-17 01:36:22,418][__main__][INFO] - [RANK 0] [ Eval  | Step: 29500  |  loss : 0.4621 | accuracy : 0.7664 | eval_s : 2.1313  ]
[2026-08-17 01:36:45,147][__main__][INFO] - [RANK 0] [ Train | Step: 30000  |  loss : 0.4631 | accuracy : 0.7691 | opt_sps : 21.9009  ]
[2026-08-17 01:36:47,280][__main__][INFO] - [RANK 0] [ Eval  | Step: 30000  |  loss : 0.4633 | accuracy : 0.7673 | eval_s : 2.1323  ]
[2026-08-17 01:37:10,052][__main__][INFO] - [RANK 0] [ Train | Step: 30500  |  loss : 0.4615 | accuracy : 0.7709 | opt_sps : 21.9018  ]
[2026-08-17 01:37:12,185][__main__][INFO] - [RANK 0] [ Eval  | Step: 30500  |  loss : 0.4634 | accuracy : 0.7661 | eval_s : 2.1317  ]
[2026-08-17 01:37:34,846][__main__][INFO] - [RANK 0] [ Train | Step: 31000  |  loss : 0.4591 | accuracy : 0.7713 | opt_sps : 21.9044  ]
[2026-08-17 01:37:36,981][__main__][INFO] - [RANK 0] [ Eval  | Step: 31000  |  loss : 0.4591 | accuracy : 0.7727 | eval_s : 2.1341  ]
[2026-08-17 01:37:59,634][__main__][INFO] - [RANK 0] [ Train | Step: 31500  |  loss : 0.4633 | accuracy : 0.7698 | opt_sps : 21.9071  ]
[2026-08-17 01:38:01,765][__main__][INFO] - [RANK 0] [ Eval  | Step: 31500  |  loss : 0.4654 | accuracy : 0.7696 | eval_s : 2.1296  ]
[2026-08-17 01:38:24,468][__main__][INFO] - [RANK 0] [ Train | Step: 32000  |  loss : 0.4579 | accuracy : 0.7728 | opt_sps : 21.9089  ]
[2026-08-17 01:38:26,599][__main__][INFO] - [RANK 0] [ Eval  | Step: 32000  |  loss : 0.4576 | accuracy : 0.7723 | eval_s : 2.1299  ]
[2026-08-17 01:38:49,269][__main__][INFO] - [RANK 0] [ Train | Step: 32500  |  loss : 0.4626 | accuracy : 0.7704 | opt_sps : 21.9112  ]
[2026-08-17 01:38:51,400][__main__][INFO] - [RANK 0] [ Eval  | Step: 32500  |  loss : 0.4662 | accuracy : 0.7661 | eval_s : 2.1297  ]
[2026-08-17 01:39:14,119][__main__][INFO] - [RANK 0] [ Train | Step: 33000  |  loss : 0.4602 | accuracy : 0.7706 | opt_sps : 21.9127  ]
[2026-08-17 01:39:16,251][__main__][INFO] - [RANK 0] [ Eval  | Step: 33000  |  loss : 0.4551 | accuracy : 0.7697 | eval_s : 2.1308  ]
[2026-08-17 01:39:38,915][__main__][INFO] - [RANK 0] [ Train | Step: 33500  |  loss : 0.4568 | accuracy : 0.7733 | opt_sps : 21.9149  ]
[2026-08-17 01:39:41,051][__main__][INFO] - [RANK 0] [ Eval  | Step: 33500  |  loss : 0.4567 | accuracy : 0.7722 | eval_s : 2.1353  ]
[2026-08-17 01:40:03,694][__main__][INFO] - [RANK 0] [ Train | Step: 34000  |  loss : 0.4577 | accuracy : 0.7730 | opt_sps : 21.9174  ]
[2026-08-17 01:40:05,828][__main__][INFO] - [RANK 0] [ Eval  | Step: 34000  |  loss : 0.4602 | accuracy : 0.7710 | eval_s : 2.1332  ]
[2026-08-17 01:40:28,611][__main__][INFO] - [RANK 0] [ Train | Step: 34500  |  loss : 0.4517 | accuracy : 0.7756 | opt_sps : 21.9178  ]
[2026-08-17 01:40:30,744][__main__][INFO] - [RANK 0] [ Eval  | Step: 34500  |  loss : 0.4679 | accuracy : 0.7651 | eval_s : 2.1318  ]
[2026-08-17 01:40:53,445][__main__][INFO] - [RANK 0] [ Train | Step: 35000  |  loss : 0.4579 | accuracy : 0.7724 | opt_sps : 21.9193  ]
[2026-08-17 01:40:55,576][__main__][INFO] - [RANK 0] [ Eval  | Step: 35000  |  loss : 0.4609 | accuracy : 0.7713 | eval_s : 2.1297  ]
[2026-08-17 01:41:18,319][__main__][INFO] - [RANK 0] [ Train | Step: 35500  |  loss : 0.4574 | accuracy : 0.7739 | opt_sps : 21.9202  ]
[2026-08-17 01:41:20,449][__main__][INFO] - [RANK 0] [ Eval  | Step: 35500  |  loss : 0.4592 | accuracy : 0.7724 | eval_s : 2.1298  ]
[2026-08-17 01:41:43,131][__main__][INFO] - [RANK 0] [ Train | Step: 36000  |  loss : 0.4547 | accuracy : 0.7739 | opt_sps : 21.9220  ]
[2026-08-17 01:41:45,267][__main__][INFO] - [RANK 0] [ Eval  | Step: 36000  |  loss : 0.4557 | accuracy : 0.7735 | eval_s : 2.1348  ]
[2026-08-17 01:42:08,034][__main__][INFO] - [RANK 0] [ Train | Step: 36500  |  loss : 0.4550 | accuracy : 0.7725 | opt_sps : 21.9225  ]
[2026-08-17 01:42:10,171][__main__][INFO] - [RANK 0] [ Eval  | Step: 36500  |  loss : 0.4563 | accuracy : 0.7712 | eval_s : 2.1355  ]
[2026-08-17 01:42:32,856][__main__][INFO] - [RANK 0] [ Train | Step: 37000  |  loss : 0.4574 | accuracy : 0.7710 | opt_sps : 21.9241  ]
[2026-08-17 01:42:34,987][__main__][INFO] - [RANK 0] [ Eval  | Step: 37000  |  loss : 0.4594 | accuracy : 0.7722 | eval_s : 2.1302  ]
[2026-08-17 01:42:57,663][__main__][INFO] - [RANK 0] [ Train | Step: 37500  |  loss : 0.4575 | accuracy : 0.7712 | opt_sps : 21.9258  ]
[2026-08-17 01:42:59,795][__main__][INFO] - [RANK 0] [ Eval  | Step: 37500  |  loss : 0.4551 | accuracy : 0.7733 | eval_s : 2.1314  ]
[2026-08-17 01:43:22,508][__main__][INFO] - [RANK 0] [ Train | Step: 38000  |  loss : 0.4564 | accuracy : 0.7731 | opt_sps : 21.9269  ]
[2026-08-17 01:43:24,639][__main__][INFO] - [RANK 0] [ Eval  | Step: 38000  |  loss : 0.4618 | accuracy : 0.7714 | eval_s : 2.1304  ]
[2026-08-17 01:43:47,313][__main__][INFO] - [RANK 0] [ Train | Step: 38500  |  loss : 0.4512 | accuracy : 0.7756 | opt_sps : 21.9285  ]
[2026-08-17 01:43:49,452][__main__][INFO] - [RANK 0] [ Eval  | Step: 38500  |  loss : 0.4922 | accuracy : 0.7632 | eval_s : 2.1369  ]
[2026-08-17 01:44:12,215][__main__][INFO] - [RANK 0] [ Train | Step: 39000  |  loss : 0.4554 | accuracy : 0.7733 | opt_sps : 21.9290  ]
[2026-08-17 01:44:14,351][__main__][INFO] - [RANK 0] [ Eval  | Step: 39000  |  loss : 0.4564 | accuracy : 0.7691 | eval_s : 2.1351  ]
[2026-08-17 01:44:37,097][__main__][INFO] - [RANK 0] [ Train | Step: 39500  |  loss : 0.4545 | accuracy : 0.7737 | opt_sps : 21.9297  ]
[2026-08-17 01:44:39,231][__main__][INFO] - [RANK 0] [ Eval  | Step: 39500  |  loss : 0.4535 | accuracy : 0.7701 | eval_s : 2.1326  ]
[2026-08-17 01:45:01,932][__main__][INFO] - [RANK 0] [ Train | Step: 40000  |  loss : 0.4531 | accuracy : 0.7750 | opt_sps : 21.9309  ]
[2026-08-17 01:45:04,066][__main__][INFO] - [RANK 0] [ Eval  | Step: 40000  |  loss : 0.4626 | accuracy : 0.7716 | eval_s : 2.1326  ]
[2026-08-17 01:45:26,762][__main__][INFO] - [RANK 0] [ Train | Step: 40500  |  loss : 0.4514 | accuracy : 0.7762 | opt_sps : 21.9321  ]
[2026-08-17 01:45:28,894][__main__][INFO] - [RANK 0] [ Eval  | Step: 40500  |  loss : 0.4750 | accuracy : 0.7690 | eval_s : 2.1303  ]
[2026-08-17 01:45:51,545][__main__][INFO] - [RANK 0] [ Train | Step: 41000  |  loss : 0.4515 | accuracy : 0.7757 | opt_sps : 21.9338  ]
[2026-08-17 01:45:53,680][__main__][INFO] - [RANK 0] [ Eval  | Step: 41000  |  loss : 0.4625 | accuracy : 0.7702 | eval_s : 2.1344  ]
[2026-08-17 01:46:16,377][__main__][INFO] - [RANK 0] [ Train | Step: 41500  |  loss : 0.4524 | accuracy : 0.7745 | opt_sps : 21.9350  ]
[2026-08-17 01:46:18,514][__main__][INFO] - [RANK 0] [ Eval  | Step: 41500  |  loss : 0.4522 | accuracy : 0.7751 | eval_s : 2.1354  ]
[2026-08-17 01:46:41,253][__main__][INFO] - [RANK 0] [ Train | Step: 42000  |  loss : 0.4475 | accuracy : 0.7758 | opt_sps : 21.9357  ]
[2026-08-17 01:46:43,386][__main__][INFO] - [RANK 0] [ Eval  | Step: 42000  |  loss : 0.4560 | accuracy : 0.7720 | eval_s : 2.1313  ]
[2026-08-17 01:47:06,078][__main__][INFO] - [RANK 0] [ Train | Step: 42500  |  loss : 0.4523 | accuracy : 0.7772 | opt_sps : 21.9368  ]
[2026-08-17 01:47:08,210][__main__][INFO] - [RANK 0] [ Eval  | Step: 42500  |  loss : 0.4630 | accuracy : 0.7721 | eval_s : 2.1311  ]
[2026-08-17 01:47:30,896][__main__][INFO] - [RANK 0] [ Train | Step: 43000  |  loss : 0.4496 | accuracy : 0.7757 | opt_sps : 21.9380  ]
[2026-08-17 01:47:33,027][__main__][INFO] - [RANK 0] [ Eval  | Step: 43000  |  loss : 0.4563 | accuracy : 0.7752 | eval_s : 2.1305  ]
[2026-08-17 01:47:55,665][__main__][INFO] - [RANK 0] [ Train | Step: 43500  |  loss : 0.4486 | accuracy : 0.7774 | opt_sps : 21.9397  ]
[2026-08-17 01:47:57,798][__main__][INFO] - [RANK 0] [ Eval  | Step: 43500  |  loss : 0.4521 | accuracy : 0.7751 | eval_s : 2.1321  ]
[2026-08-17 01:48:20,550][__main__][INFO] - [RANK 0] [ Train | Step: 44000  |  loss : 0.4501 | accuracy : 0.7774 | opt_sps : 21.9402  ]
[2026-08-17 01:48:22,682][__main__][INFO] - [RANK 0] [ Eval  | Step: 44000  |  loss : 0.4576 | accuracy : 0.7718 | eval_s : 2.1316  ]
[2026-08-17 01:48:45,367][__main__][INFO] - [RANK 0] [ Train | Step: 44500  |  loss : 0.4531 | accuracy : 0.7757 | opt_sps : 21.9413  ]
[2026-08-17 01:48:47,502][__main__][INFO] - [RANK 0] [ Eval  | Step: 44500  |  loss : 0.4542 | accuracy : 0.7744 | eval_s : 2.1332  ]
[2026-08-17 01:49:10,181][__main__][INFO] - [RANK 0] [ Train | Step: 45000  |  loss : 0.4457 | accuracy : 0.7788 | opt_sps : 21.9425  ]
[2026-08-17 01:49:12,313][__main__][INFO] - [RANK 0] [ Eval  | Step: 45000  |  loss : 0.4663 | accuracy : 0.7692 | eval_s : 2.1310  ]
[2026-08-17 01:49:35,017][__main__][INFO] - [RANK 0] [ Train | Step: 45500  |  loss : 0.4516 | accuracy : 0.7761 | opt_sps : 21.9434  ]
[2026-08-17 01:49:37,148][__main__][INFO] - [RANK 0] [ Eval  | Step: 45500  |  loss : 0.4525 | accuracy : 0.7720 | eval_s : 2.1308  ]
[2026-08-17 01:49:59,814][__main__][INFO] - [RANK 0] [ Train | Step: 46000  |  loss : 0.4503 | accuracy : 0.7757 | opt_sps : 21.9446  ]
[2026-08-17 01:50:01,947][__main__][INFO] - [RANK 0] [ Eval  | Step: 46000  |  loss : 0.4506 | accuracy : 0.7750 | eval_s : 2.1317  ]
[2026-08-17 01:50:24,693][__main__][INFO] - [RANK 0] [ Train | Step: 46500  |  loss : 0.4458 | accuracy : 0.7787 | opt_sps : 21.9451  ]
[2026-08-17 01:50:26,826][__main__][INFO] - [RANK 0] [ Eval  | Step: 46500  |  loss : 0.4498 | accuracy : 0.7778 | eval_s : 2.1315  ]
[2026-08-17 01:50:49,484][__main__][INFO] - [RANK 0] [ Train | Step: 47000  |  loss : 0.4460 | accuracy : 0.7802 | opt_sps : 21.9464  ]
[2026-08-17 01:50:51,621][__main__][INFO] - [RANK 0] [ Eval  | Step: 47000  |  loss : 0.4513 | accuracy : 0.7754 | eval_s : 2.1359  ]
[2026-08-17 01:51:14,355][__main__][INFO] - [RANK 0] [ Train | Step: 47500  |  loss : 0.4502 | accuracy : 0.7764 | opt_sps : 21.9469  ]
[2026-08-17 01:51:16,485][__main__][INFO] - [RANK 0] [ Eval  | Step: 47500  |  loss : 0.4524 | accuracy : 0.7740 | eval_s : 2.1290  ]
[2026-08-17 01:51:39,171][__main__][INFO] - [RANK 0] [ Train | Step: 48000  |  loss : 0.4447 | accuracy : 0.7784 | opt_sps : 21.9479  ]
[2026-08-17 01:51:41,302][__main__][INFO] - [RANK 0] [ Eval  | Step: 48000  |  loss : 0.4560 | accuracy : 0.7741 | eval_s : 2.1301  ]
[2026-08-17 01:52:03,896][__main__][INFO] - [RANK 0] [ Train | Step: 48500  |  loss : 0.4445 | accuracy : 0.7804 | opt_sps : 21.9498  ]
[2026-08-17 01:52:06,028][__main__][INFO] - [RANK 0] [ Eval  | Step: 48500  |  loss : 0.4562 | accuracy : 0.7758 | eval_s : 2.1310  ]
[2026-08-17 01:52:28,742][__main__][INFO] - [RANK 0] [ Train | Step: 49000  |  loss : 0.4498 | accuracy : 0.7762 | opt_sps : 21.9504  ]
[2026-08-17 01:52:30,875][__main__][INFO] - [RANK 0] [ Eval  | Step: 49000  |  loss : 0.4558 | accuracy : 0.7746 | eval_s : 2.1318  ]
[2026-08-17 01:52:53,590][__main__][INFO] - [RANK 0] [ Train | Step: 49500  |  loss : 0.4462 | accuracy : 0.7771 | opt_sps : 21.9510  ]
[2026-08-17 01:52:55,727][__main__][INFO] - [RANK 0] [ Eval  | Step: 49500  |  loss : 0.4487 | accuracy : 0.7773 | eval_s : 2.1354  ]
[2026-08-17 01:53:18,403][__main__][INFO] - [RANK 0] [ Train | Step: 50000  |  loss : 0.4471 | accuracy : 0.7787 | opt_sps : 21.9520  ]
[2026-08-17 01:53:20,534][__main__][INFO] - [RANK 0] [ Eval  | Step: 50000  |  loss : 0.4515 | accuracy : 0.7754 | eval_s : 2.1303  ]
[2026-08-17 01:53:43,266][__main__][INFO] - [RANK 0] [ Train | Step: 50500  |  loss : 0.4454 | accuracy : 0.7788 | opt_sps : 21.9525  ]
[2026-08-17 01:53:45,397][__main__][INFO] - [RANK 0] [ Eval  | Step: 50500  |  loss : 0.4609 | accuracy : 0.7735 | eval_s : 2.1303  ]
[2026-08-17 01:54:08,084][__main__][INFO] - [RANK 0] [ Train | Step: 51000  |  loss : 0.4449 | accuracy : 0.7795 | opt_sps : 21.9533  ]
[2026-08-17 01:54:10,215][__main__][INFO] - [RANK 0] [ Eval  | Step: 51000  |  loss : 0.4501 | accuracy : 0.7730 | eval_s : 2.1300  ]
[2026-08-17 01:54:32,975][__main__][INFO] - [RANK 0] [ Train | Step: 51500  |  loss : 0.4451 | accuracy : 0.7800 | opt_sps : 21.9535  ]
[2026-08-17 01:54:35,108][__main__][INFO] - [RANK 0] [ Eval  | Step: 51500  |  loss : 0.4502 | accuracy : 0.7766 | eval_s : 2.1319  ]
[2026-08-17 01:54:57,824][__main__][INFO] - [RANK 0] [ Train | Step: 52000  |  loss : 0.4465 | accuracy : 0.7789 | opt_sps : 21.9540  ]
[2026-08-17 01:54:59,960][__main__][INFO] - [RANK 0] [ Eval  | Step: 52000  |  loss : 0.4492 | accuracy : 0.7755 | eval_s : 2.1354  ]
[2026-08-17 01:55:22,600][__main__][INFO] - [RANK 0] [ Train | Step: 52500  |  loss : 0.4457 | accuracy : 0.7795 | opt_sps : 21.9553  ]
[2026-08-17 01:55:24,735][__main__][INFO] - [RANK 0] [ Eval  | Step: 52500  |  loss : 0.4503 | accuracy : 0.7751 | eval_s : 2.1342  ]
[2026-08-17 01:55:47,476][__main__][INFO] - [RANK 0] [ Train | Step: 53000  |  loss : 0.4447 | accuracy : 0.7794 | opt_sps : 21.9556  ]
[2026-08-17 01:55:49,608][__main__][INFO] - [RANK 0] [ Eval  | Step: 53000  |  loss : 0.4499 | accuracy : 0.7760 | eval_s : 2.1309  ]
[2026-08-17 01:56:12,245][__main__][INFO] - [RANK 0] [ Train | Step: 53500  |  loss : 0.4449 | accuracy : 0.7795 | opt_sps : 21.9568  ]
[2026-08-17 01:56:14,379][__main__][INFO] - [RANK 0] [ Eval  | Step: 53500  |  loss : 0.4488 | accuracy : 0.7773 | eval_s : 2.1325  ]
[2026-08-17 01:56:37,159][__main__][INFO] - [RANK 0] [ Train | Step: 54000  |  loss : 0.4463 | accuracy : 0.7793 | opt_sps : 21.9567  ]
[2026-08-17 01:56:39,292][__main__][INFO] - [RANK 0] [ Eval  | Step: 54000  |  loss : 0.4482 | accuracy : 0.7752 | eval_s : 2.1321  ]
[2026-08-17 01:57:01,919][__main__][INFO] - [RANK 0] [ Train | Step: 54500  |  loss : 0.4447 | accuracy : 0.7807 | opt_sps : 21.9580  ]
[2026-08-17 01:57:04,052][__main__][INFO] - [RANK 0] [ Eval  | Step: 54500  |  loss : 0.4479 | accuracy : 0.7771 | eval_s : 2.1325  ]
[2026-08-17 01:57:26,690][__main__][INFO] - [RANK 0] [ Train | Step: 55000  |  loss : 0.4405 | accuracy : 0.7809 | opt_sps : 21.9593  ]
[2026-08-17 01:57:28,827][__main__][INFO] - [RANK 0] [ Eval  | Step: 55000  |  loss : 0.4481 | accuracy : 0.7774 | eval_s : 2.1359  ]
[2026-08-17 01:57:51,624][__main__][INFO] - [RANK 0] [ Train | Step: 55500  |  loss : 0.4426 | accuracy : 0.7812 | opt_sps : 21.9590  ]
[2026-08-17 01:57:53,758][__main__][INFO] - [RANK 0] [ Eval  | Step: 55500  |  loss : 0.4486 | accuracy : 0.7771 | eval_s : 2.1323  ]
[2026-08-17 01:58:16,472][__main__][INFO] - [RANK 0] [ Train | Step: 56000  |  loss : 0.4432 | accuracy : 0.7812 | opt_sps : 21.9595  ]
[2026-08-17 01:58:18,607][__main__][INFO] - [RANK 0] [ Eval  | Step: 56000  |  loss : 0.4531 | accuracy : 0.7756 | eval_s : 2.1336  ]
[2026-08-17 01:58:41,391][__main__][INFO] - [RANK 0] [ Train | Step: 56500  |  loss : 0.4429 | accuracy : 0.7801 | opt_sps : 21.9594  ]
[2026-08-17 01:58:43,523][__main__][INFO] - [RANK 0] [ Eval  | Step: 56500  |  loss : 0.4474 | accuracy : 0.7778 | eval_s : 2.1310  ]
[2026-08-17 01:59:06,183][__main__][INFO] - [RANK 0] [ Train | Step: 57000  |  loss : 0.4432 | accuracy : 0.7816 | opt_sps : 21.9603  ]
[2026-08-17 01:59:08,316][__main__][INFO] - [RANK 0] [ Eval  | Step: 57000  |  loss : 0.4482 | accuracy : 0.7775 | eval_s : 2.1313  ]
[2026-08-17 01:59:30,943][__main__][INFO] - [RANK 0] [ Train | Step: 57500  |  loss : 0.4448 | accuracy : 0.7806 | opt_sps : 21.9615  ]
[2026-08-17 01:59:33,078][__main__][INFO] - [RANK 0] [ Eval  | Step: 57500  |  loss : 0.4492 | accuracy : 0.7759 | eval_s : 2.1333  ]
[2026-08-17 01:59:55,795][__main__][INFO] - [RANK 0] [ Train | Step: 58000  |  loss : 0.4417 | accuracy : 0.7820 | opt_sps : 21.9619  ]
[2026-08-17 01:59:57,927][__main__][INFO] - [RANK 0] [ Eval  | Step: 58000  |  loss : 0.4484 | accuracy : 0.7770 | eval_s : 2.1303  ]
[2026-08-17 02:00:20,645][__main__][INFO] - [RANK 0] [ Train | Step: 58500  |  loss : 0.4430 | accuracy : 0.7824 | opt_sps : 21.9623  ]
[2026-08-17 02:00:22,778][__main__][INFO] - [RANK 0] [ Eval  | Step: 58500  |  loss : 0.4469 | accuracy : 0.7779 | eval_s : 2.1318  ]
[2026-08-17 02:00:45,545][__main__][INFO] - [RANK 0] [ Train | Step: 59000  |  loss : 0.4428 | accuracy : 0.7806 | opt_sps : 21.9624  ]
[2026-08-17 02:00:47,679][__main__][INFO] - [RANK 0] [ Eval  | Step: 59000  |  loss : 0.4462 | accuracy : 0.7789 | eval_s : 2.1326  ]
[2026-08-17 02:01:10,296][__main__][INFO] - [RANK 0] [ Train | Step: 59500  |  loss : 0.4434 | accuracy : 0.7821 | opt_sps : 21.9637  ]
[2026-08-17 02:01:12,429][__main__][INFO] - [RANK 0] [ Eval  | Step: 59500  |  loss : 0.4475 | accuracy : 0.7773 | eval_s : 2.1323  ]
[2026-08-17 02:01:35,042][__main__][INFO] - [RANK 0] [ Train | Step: 60000  |  loss : 0.4418 | accuracy : 0.7830 | opt_sps : 21.9649  ]
[2026-08-17 02:01:37,176][__main__][INFO] - [RANK 0] [ Eval  | Step: 60000  |  loss : 0.4486 | accuracy : 0.7777 | eval_s : 2.1330  ]
[2026-08-17 02:01:59,881][__main__][INFO] - [RANK 0] [ Train | Step: 60500  |  loss : 0.4394 | accuracy : 0.7854 | opt_sps : 21.9653  ]
[2026-08-17 02:02:02,016][__main__][INFO] - [RANK 0] [ Eval  | Step: 60500  |  loss : 0.4466 | accuracy : 0.7800 | eval_s : 2.1343  ]
[2026-08-17 02:02:24,756][__main__][INFO] - [RANK 0] [ Train | Step: 61000  |  loss : 0.4409 | accuracy : 0.7833 | opt_sps : 21.9655  ]
[2026-08-17 02:02:26,889][__main__][INFO] - [RANK 0] [ Eval  | Step: 61000  |  loss : 0.4461 | accuracy : 0.7794 | eval_s : 2.1325  ]
[2026-08-17 02:02:49,588][__main__][INFO] - [RANK 0] [ Train | Step: 61500  |  loss : 0.4402 | accuracy : 0.7849 | opt_sps : 21.9661  ]
[2026-08-17 02:02:51,718][__main__][INFO] - [RANK 0] [ Eval  | Step: 61500  |  loss : 0.4454 | accuracy : 0.7815 | eval_s : 2.1289  ]
[2026-08-17 02:03:14,413][__main__][INFO] - [RANK 0] [ Train | Step: 62000  |  loss : 0.4408 | accuracy : 0.7852 | opt_sps : 21.9667  ]
[2026-08-17 02:03:16,544][__main__][INFO] - [RANK 0] [ Eval  | Step: 62000  |  loss : 0.4470 | accuracy : 0.7833 | eval_s : 2.1294  ]
[2026-08-17 02:03:39,207][__main__][INFO] - [RANK 0] [ Train | Step: 62500  |  loss : 0.4403 | accuracy : 0.7862 | opt_sps : 21.9675  ]
[2026-08-17 02:03:41,345][__main__][INFO] - [RANK 0] [ Eval  | Step: 62500  |  loss : 0.4436 | accuracy : 0.7846 | eval_s : 2.1369  ]
[2026-08-17 02:04:04,065][__main__][INFO] - [RANK 0] [ Train | Step: 63000  |  loss : 0.4389 | accuracy : 0.7863 | opt_sps : 21.9679  ]
[2026-08-17 02:04:06,199][__main__][INFO] - [RANK 0] [ Eval  | Step: 63000  |  loss : 0.4402 | accuracy : 0.7874 | eval_s : 2.1331  ]
[2026-08-17 02:04:28,918][__main__][INFO] - [RANK 0] [ Train | Step: 63500  |  loss : 0.4329 | accuracy : 0.7927 | opt_sps : 21.9682  ]
[2026-08-17 02:04:31,050][__main__][INFO] - [RANK 0] [ Eval  | Step: 63500  |  loss : 0.4337 | accuracy : 0.7926 | eval_s : 2.1315  ]
[2026-08-17 02:04:53,823][__main__][INFO] - [RANK 0] [ Train | Step: 64000  |  loss : 0.4245 | accuracy : 0.7980 | opt_sps : 21.9682  ]
[2026-08-17 02:04:55,958][__main__][INFO] - [RANK 0] [ Eval  | Step: 64000  |  loss : 0.4277 | accuracy : 0.7961 | eval_s : 2.1335  ]
[2026-08-17 02:05:18,634][__main__][INFO] - [RANK 0] [ Train | Step: 64500  |  loss : 0.4166 | accuracy : 0.8020 | opt_sps : 21.9688  ]
[2026-08-17 02:05:20,767][__main__][INFO] - [RANK 0] [ Eval  | Step: 64500  |  loss : 0.4172 | accuracy : 0.7990 | eval_s : 2.1312  ]
[2026-08-17 02:05:43,437][__main__][INFO] - [RANK 0] [ Train | Step: 65000  |  loss : 0.4087 | accuracy : 0.8071 | opt_sps : 21.9695  ]
[2026-08-17 02:05:45,574][__main__][INFO] - [RANK 0] [ Eval  | Step: 65000  |  loss : 0.4188 | accuracy : 0.8040 | eval_s : 2.1358  ]
[2026-08-17 02:06:08,251][__main__][INFO] - [RANK 0] [ Train | Step: 65500  |  loss : 0.4088 | accuracy : 0.8078 | opt_sps : 21.9701  ]
[2026-08-17 02:06:10,388][__main__][INFO] - [RANK 0] [ Eval  | Step: 65500  |  loss : 0.4101 | accuracy : 0.8067 | eval_s : 2.1362  ]
[2026-08-17 02:06:33,100][__main__][INFO] - [RANK 0] [ Train | Step: 66000  |  loss : 0.4024 | accuracy : 0.8119 | opt_sps : 21.9705  ]
[2026-08-17 02:06:35,235][__main__][INFO] - [RANK 0] [ Eval  | Step: 66000  |  loss : 0.4004 | accuracy : 0.8137 | eval_s : 2.1345  ]
[2026-08-17 02:06:58,003][__main__][INFO] - [RANK 0] [ Train | Step: 66500  |  loss : 0.3958 | accuracy : 0.8155 | opt_sps : 21.9705  ]
[2026-08-17 02:07:00,137][__main__][INFO] - [RANK 0] [ Eval  | Step: 66500  |  loss : 0.3973 | accuracy : 0.8160 | eval_s : 2.1329  ]
[2026-08-17 02:07:22,810][__main__][INFO] - [RANK 0] [ Train | Step: 67000  |  loss : 0.3910 | accuracy : 0.8179 | opt_sps : 21.9711  ]
[2026-08-17 02:07:24,943][__main__][INFO] - [RANK 0] [ Eval  | Step: 67000  |  loss : 0.3923 | accuracy : 0.8186 | eval_s : 2.1319  ]
[2026-08-17 02:07:47,597][__main__][INFO] - [RANK 0] [ Train | Step: 67500  |  loss : 0.3904 | accuracy : 0.8175 | opt_sps : 21.9719  ]
[2026-08-17 02:07:49,731][__main__][INFO] - [RANK 0] [ Eval  | Step: 67500  |  loss : 0.3910 | accuracy : 0.8171 | eval_s : 2.1324  ]
[2026-08-17 02:08:12,388][__main__][INFO] - [RANK 0] [ Train | Step: 68000  |  loss : 0.3865 | accuracy : 0.8200 | opt_sps : 21.9726  ]
[2026-08-17 02:08:14,525][__main__][INFO] - [RANK 0] [ Eval  | Step: 68000  |  loss : 0.3864 | accuracy : 0.8201 | eval_s : 2.1365  ]
[2026-08-17 02:08:37,254][__main__][INFO] - [RANK 0] [ Train | Step: 68500  |  loss : 0.3831 | accuracy : 0.8220 | opt_sps : 21.9729  ]
[2026-08-17 02:08:39,388][__main__][INFO] - [RANK 0] [ Eval  | Step: 68500  |  loss : 0.3825 | accuracy : 0.8227 | eval_s : 2.1334  ]
[2026-08-17 02:09:02,065][__main__][INFO] - [RANK 0] [ Train | Step: 69000  |  loss : 0.3826 | accuracy : 0.8217 | opt_sps : 21.9735  ]
[2026-08-17 02:09:04,196][__main__][INFO] - [RANK 0] [ Eval  | Step: 69000  |  loss : 0.3838 | accuracy : 0.8215 | eval_s : 2.1300  ]
[2026-08-17 02:09:26,898][__main__][INFO] - [RANK 0] [ Train | Step: 69500  |  loss : 0.3811 | accuracy : 0.8232 | opt_sps : 21.9738  ]
[2026-08-17 02:09:29,031][__main__][INFO] - [RANK 0] [ Eval  | Step: 69500  |  loss : 0.3798 | accuracy : 0.8229 | eval_s : 2.1328  ]
[2026-08-17 02:09:51,700][__main__][INFO] - [RANK 0] [ Train | Step: 70000  |  loss : 0.3788 | accuracy : 0.8231 | opt_sps : 21.9745  ]
[2026-08-17 02:09:53,835][__main__][INFO] - [RANK 0] [ Eval  | Step: 70000  |  loss : 0.3818 | accuracy : 0.8237 | eval_s : 2.1339  ]
[2026-08-17 02:10:16,588][__main__][INFO] - [RANK 0] [ Train | Step: 70500  |  loss : 0.3819 | accuracy : 0.8260 | opt_sps : 21.9745  ]
[2026-08-17 02:10:18,725][__main__][INFO] - [RANK 0] [ Eval  | Step: 70500  |  loss : 0.3792 | accuracy : 0.8236 | eval_s : 2.1360  ]
[2026-08-17 02:10:41,407][__main__][INFO] - [RANK 0] [ Train | Step: 71000  |  loss : 0.3706 | accuracy : 0.8269 | opt_sps : 21.9750  ]
[2026-08-17 02:10:43,542][__main__][INFO] - [RANK 0] [ Eval  | Step: 71000  |  loss : 0.3771 | accuracy : 0.8248 | eval_s : 2.1333  ]
[2026-08-17 02:11:06,241][__main__][INFO] - [RANK 0] [ Train | Step: 71500  |  loss : 0.3712 | accuracy : 0.8267 | opt_sps : 21.9754  ]
[2026-08-17 02:11:08,374][__main__][INFO] - [RANK 0] [ Eval  | Step: 71500  |  loss : 0.3762 | accuracy : 0.8255 | eval_s : 2.1314  ]
[2026-08-17 02:11:31,015][__main__][INFO] - [RANK 0] [ Train | Step: 72000  |  loss : 0.3693 | accuracy : 0.8282 | opt_sps : 21.9762  ]
[2026-08-17 02:11:33,149][__main__][INFO] - [RANK 0] [ Eval  | Step: 72000  |  loss : 0.3729 | accuracy : 0.8272 | eval_s : 2.1336  ]
[2026-08-17 02:11:55,823][__main__][INFO] - [RANK 0] [ Train | Step: 72500  |  loss : 0.3679 | accuracy : 0.8294 | opt_sps : 21.9767  ]
[2026-08-17 02:11:57,958][__main__][INFO] - [RANK 0] [ Eval  | Step: 72500  |  loss : 0.3732 | accuracy : 0.8253 | eval_s : 2.1335  ]
[2026-08-17 02:12:20,624][__main__][INFO] - [RANK 0] [ Train | Step: 73000  |  loss : 0.3675 | accuracy : 0.8292 | opt_sps : 21.9773  ]
[2026-08-17 02:12:22,762][__main__][INFO] - [RANK 0] [ Eval  | Step: 73000  |  loss : 0.3685 | accuracy : 0.8285 | eval_s : 2.1373  ]
[2026-08-17 02:12:45,485][__main__][INFO] - [RANK 0] [ Train | Step: 73500  |  loss : 0.3640 | accuracy : 0.8297 | opt_sps : 21.9775  ]
[2026-08-17 02:12:47,621][__main__][INFO] - [RANK 0] [ Eval  | Step: 73500  |  loss : 0.3674 | accuracy : 0.8280 | eval_s : 2.1342  ]
[2026-08-17 02:13:10,329][__main__][INFO] - [RANK 0] [ Train | Step: 74000  |  loss : 0.3658 | accuracy : 0.8304 | opt_sps : 21.9778  ]
[2026-08-17 02:13:12,463][__main__][INFO] - [RANK 0] [ Eval  | Step: 74000  |  loss : 0.3677 | accuracy : 0.8290 | eval_s : 2.1323  ]
[2026-08-17 02:13:35,140][__main__][INFO] - [RANK 0] [ Train | Step: 74500  |  loss : 0.3605 | accuracy : 0.8317 | opt_sps : 21.9783  ]
[2026-08-17 02:13:37,272][__main__][INFO] - [RANK 0] [ Eval  | Step: 74500  |  loss : 0.3658 | accuracy : 0.8307 | eval_s : 2.1310  ]
[2026-08-17 02:13:59,974][__main__][INFO] - [RANK 0] [ Train | Step: 75000  |  loss : 0.3634 | accuracy : 0.8313 | opt_sps : 21.9786  ]
[2026-08-17 02:14:02,108][__main__][INFO] - [RANK 0] [ Eval  | Step: 75000  |  loss : 0.3652 | accuracy : 0.8296 | eval_s : 2.1329  ]
[2026-08-17 02:14:24,918][__main__][INFO] - [RANK 0] [ Train | Step: 75500  |  loss : 0.3604 | accuracy : 0.8319 | opt_sps : 21.9783  ]
[2026-08-17 02:14:27,053][__main__][INFO] - [RANK 0] [ Eval  | Step: 75500  |  loss : 0.3644 | accuracy : 0.8301 | eval_s : 2.1340  ]
[2026-08-17 02:14:49,814][__main__][INFO] - [RANK 0] [ Train | Step: 76000  |  loss : 0.3583 | accuracy : 0.8340 | opt_sps : 21.9782  ]
[2026-08-17 02:14:51,950][__main__][INFO] - [RANK 0] [ Eval  | Step: 76000  |  loss : 0.3624 | accuracy : 0.8306 | eval_s : 2.1353  ]
[2026-08-17 02:15:14,677][__main__][INFO] - [RANK 0] [ Train | Step: 76500  |  loss : 0.3558 | accuracy : 0.8346 | opt_sps : 21.9784  ]
[2026-08-17 02:15:16,812][__main__][INFO] - [RANK 0] [ Eval  | Step: 76500  |  loss : 0.3634 | accuracy : 0.8315 | eval_s : 2.1338  ]
[2026-08-17 02:15:39,455][__main__][INFO] - [RANK 0] [ Train | Step: 77000  |  loss : 0.3582 | accuracy : 0.8341 | opt_sps : 21.9791  ]
[2026-08-17 02:15:41,587][__main__][INFO] - [RANK 0] [ Eval  | Step: 77000  |  loss : 0.3608 | accuracy : 0.8311 | eval_s : 2.1318  ]
[2026-08-17 02:16:04,269][__main__][INFO] - [RANK 0] [ Train | Step: 77500  |  loss : 0.3546 | accuracy : 0.8355 | opt_sps : 21.9795  ]
[2026-08-17 02:16:06,403][__main__][INFO] - [RANK 0] [ Eval  | Step: 77500  |  loss : 0.3615 | accuracy : 0.8315 | eval_s : 2.1328  ]
[2026-08-17 02:16:29,175][__main__][INFO] - [RANK 0] [ Train | Step: 78000  |  loss : 0.3548 | accuracy : 0.8346 | opt_sps : 21.9794  ]
[2026-08-17 02:16:31,310][__main__][INFO] - [RANK 0] [ Eval  | Step: 78000  |  loss : 0.3577 | accuracy : 0.8324 | eval_s : 2.1338  ]
[2026-08-17 02:16:54,041][__main__][INFO] - [RANK 0] [ Train | Step: 78500  |  loss : 0.3543 | accuracy : 0.8351 | opt_sps : 21.9795  ]
[2026-08-17 02:16:56,176][__main__][INFO] - [RANK 0] [ Eval  | Step: 78500  |  loss : 0.3567 | accuracy : 0.8338 | eval_s : 2.1331  ]
[2026-08-17 02:17:18,855][__main__][INFO] - [RANK 0] [ Train | Step: 79000  |  loss : 0.3519 | accuracy : 0.8369 | opt_sps : 21.9800  ]
[2026-08-17 02:17:20,988][__main__][INFO] - [RANK 0] [ Eval  | Step: 79000  |  loss : 0.3572 | accuracy : 0.8324 | eval_s : 2.1319  ]
[2026-08-17 02:17:43,671][__main__][INFO] - [RANK 0] [ Train | Step: 79500  |  loss : 0.3502 | accuracy : 0.8380 | opt_sps : 21.9804  ]
[2026-08-17 02:17:45,805][__main__][INFO] - [RANK 0] [ Eval  | Step: 79500  |  loss : 0.3542 | accuracy : 0.8340 | eval_s : 2.1329  ]
[2026-08-17 02:18:08,486][__main__][INFO] - [RANK 0] [ Train | Step: 80000  |  loss : 0.3498 | accuracy : 0.8377 | opt_sps : 21.9808  ]
[2026-08-17 02:18:10,620][__main__][INFO] - [RANK 0] [ Eval  | Step: 80000  |  loss : 0.3567 | accuracy : 0.8333 | eval_s : 2.1330  ]
[2026-08-17 02:18:33,428][__main__][INFO] - [RANK 0] [ Train | Step: 80500  |  loss : 0.3482 | accuracy : 0.8379 | opt_sps : 21.9805  ]
[2026-08-17 02:18:35,563][__main__][INFO] - [RANK 0] [ Eval  | Step: 80500  |  loss : 0.3563 | accuracy : 0.8346 | eval_s : 2.1341  ]
[2026-08-17 02:18:58,200][__main__][INFO] - [RANK 0] [ Train | Step: 81000  |  loss : 0.3449 | accuracy : 0.8401 | opt_sps : 21.9811  ]
[2026-08-17 02:19:00,338][__main__][INFO] - [RANK 0] [ Eval  | Step: 81000  |  loss : 0.3551 | accuracy : 0.8356 | eval_s : 2.1368  ]
[2026-08-17 02:19:22,957][__main__][INFO] - [RANK 0] [ Train | Step: 81500  |  loss : 0.3476 | accuracy : 0.8386 | opt_sps : 21.9819  ]
[2026-08-17 02:19:25,094][__main__][INFO] - [RANK 0] [ Eval  | Step: 81500  |  loss : 0.3535 | accuracy : 0.8336 | eval_s : 2.1367  ]
[2026-08-17 02:19:47,811][__main__][INFO] - [RANK 0] [ Train | Step: 82000  |  loss : 0.3486 | accuracy : 0.8388 | opt_sps : 21.9821  ]
[2026-08-17 02:19:49,945][__main__][INFO] - [RANK 0] [ Eval  | Step: 82000  |  loss : 0.3523 | accuracy : 0.8359 | eval_s : 2.1330  ]
[2026-08-17 02:20:12,653][__main__][INFO] - [RANK 0] [ Train | Step: 82500  |  loss : 0.3463 | accuracy : 0.8399 | opt_sps : 21.9823  ]
[2026-08-17 02:20:14,785][__main__][INFO] - [RANK 0] [ Eval  | Step: 82500  |  loss : 0.3545 | accuracy : 0.8346 | eval_s : 2.1317  ]
[2026-08-17 02:20:37,547][__main__][INFO] - [RANK 0] [ Train | Step: 83000  |  loss : 0.3444 | accuracy : 0.8398 | opt_sps : 21.9822  ]
[2026-08-17 02:20:39,682][__main__][INFO] - [RANK 0] [ Eval  | Step: 83000  |  loss : 0.3509 | accuracy : 0.8363 | eval_s : 2.1336  ]
[2026-08-17 02:21:02,476][__main__][INFO] - [RANK 0] [ Train | Step: 83500  |  loss : 0.3431 | accuracy : 0.8398 | opt_sps : 21.9820  ]
[2026-08-17 02:21:04,612][__main__][INFO] - [RANK 0] [ Eval  | Step: 83500  |  loss : 0.3516 | accuracy : 0.8366 | eval_s : 2.1351  ]
[2026-08-17 02:21:27,259][__main__][INFO] - [RANK 0] [ Train | Step: 84000  |  loss : 0.3431 | accuracy : 0.8407 | opt_sps : 21.9826  ]
[2026-08-17 02:21:29,393][__main__][INFO] - [RANK 0] [ Eval  | Step: 84000  |  loss : 0.3496 | accuracy : 0.8383 | eval_s : 2.1330  ]
[2026-08-17 02:21:51,984][__main__][INFO] - [RANK 0] [ Train | Step: 84500  |  loss : 0.3436 | accuracy : 0.8403 | opt_sps : 21.9835  ]
[2026-08-17 02:21:54,117][__main__][INFO] - [RANK 0] [ Eval  | Step: 84500  |  loss : 0.3497 | accuracy : 0.8371 | eval_s : 2.1324  ]
[2026-08-17 02:22:16,852][__main__][INFO] - [RANK 0] [ Train | Step: 85000  |  loss : 0.3401 | accuracy : 0.8420 | opt_sps : 21.9835  ]
[2026-08-17 02:22:18,987][__main__][INFO] - [RANK 0] [ Eval  | Step: 85000  |  loss : 0.3488 | accuracy : 0.8384 | eval_s : 2.1340  ]
[2026-08-17 02:22:41,627][__main__][INFO] - [RANK 0] [ Train | Step: 85500  |  loss : 0.3409 | accuracy : 0.8413 | opt_sps : 21.9842  ]
[2026-08-17 02:22:43,759][__main__][INFO] - [RANK 0] [ Eval  | Step: 85500  |  loss : 0.3490 | accuracy : 0.8385 | eval_s : 2.1309  ]
[2026-08-17 02:23:06,387][__main__][INFO] - [RANK 0] [ Train | Step: 86000  |  loss : 0.3406 | accuracy : 0.8429 | opt_sps : 21.9848  ]
[2026-08-17 02:23:08,519][__main__][INFO] - [RANK 0] [ Eval  | Step: 86000  |  loss : 0.3485 | accuracy : 0.8397 | eval_s : 2.1307  ]
[2026-08-17 02:23:31,083][__main__][INFO] - [RANK 0] [ Train | Step: 86500  |  loss : 0.3396 | accuracy : 0.8430 | opt_sps : 21.9858  ]
[2026-08-17 02:23:33,217][__main__][INFO] - [RANK 0] [ Eval  | Step: 86500  |  loss : 0.3478 | accuracy : 0.8387 | eval_s : 2.1340  ]
[2026-08-17 02:23:55,926][__main__][INFO] - [RANK 0] [ Train | Step: 87000  |  loss : 0.3407 | accuracy : 0.8424 | opt_sps : 21.9861  ]
[2026-08-17 02:23:58,064][__main__][INFO] - [RANK 0] [ Eval  | Step: 87000  |  loss : 0.3472 | accuracy : 0.8387 | eval_s : 2.1371  ]
[2026-08-17 02:24:20,784][__main__][INFO] - [RANK 0] [ Train | Step: 87500  |  loss : 0.3394 | accuracy : 0.8420 | opt_sps : 21.9862  ]
[2026-08-17 02:24:22,917][__main__][INFO] - [RANK 0] [ Eval  | Step: 87500  |  loss : 0.3470 | accuracy : 0.8391 | eval_s : 2.1319  ]
[2026-08-17 02:24:45,569][__main__][INFO] - [RANK 0] [ Train | Step: 88000  |  loss : 0.3382 | accuracy : 0.8416 | opt_sps : 21.9867  ]
[2026-08-17 02:24:47,703][__main__][INFO] - [RANK 0] [ Eval  | Step: 88000  |  loss : 0.3463 | accuracy : 0.8393 | eval_s : 2.1328  ]
[2026-08-17 02:25:10,476][__main__][INFO] - [RANK 0] [ Train | Step: 88500  |  loss : 0.3381 | accuracy : 0.8439 | opt_sps : 21.9866  ]
[2026-08-17 02:25:12,610][__main__][INFO] - [RANK 0] [ Eval  | Step: 88500  |  loss : 0.3470 | accuracy : 0.8392 | eval_s : 2.1322  ]
[2026-08-17 02:25:35,322][__main__][INFO] - [RANK 0] [ Train | Step: 89000  |  loss : 0.3379 | accuracy : 0.8430 | opt_sps : 21.9867  ]
[2026-08-17 02:25:37,459][__main__][INFO] - [RANK 0] [ Eval  | Step: 89000  |  loss : 0.3465 | accuracy : 0.8399 | eval_s : 2.1355  ]
[2026-08-17 02:26:00,139][__main__][INFO] - [RANK 0] [ Train | Step: 89500  |  loss : 0.3379 | accuracy : 0.8427 | opt_sps : 21.9871  ]
[2026-08-17 02:26:02,275][__main__][INFO] - [RANK 0] [ Eval  | Step: 89500  |  loss : 0.3460 | accuracy : 0.8400 | eval_s : 2.1349  ]
[2026-08-17 02:26:25,005][__main__][INFO] - [RANK 0] [ Train | Step: 90000  |  loss : 0.3336 | accuracy : 0.8467 | opt_sps : 21.9871  ]
[2026-08-17 02:26:27,138][__main__][INFO] - [RANK 0] [ Eval  | Step: 90000  |  loss : 0.3459 | accuracy : 0.8406 | eval_s : 2.1318  ]
[2026-08-17 02:26:49,905][__main__][INFO] - [RANK 0] [ Train | Step: 90500  |  loss : 0.3368 | accuracy : 0.8440 | opt_sps : 21.9870  ]
[2026-08-17 02:26:52,042][__main__][INFO] - [RANK 0] [ Eval  | Step: 90500  |  loss : 0.3459 | accuracy : 0.8402 | eval_s : 2.1355  ]
[2026-08-17 02:27:14,781][__main__][INFO] - [RANK 0] [ Train | Step: 91000  |  loss : 0.3348 | accuracy : 0.8451 | opt_sps : 21.9871  ]
[2026-08-17 02:27:16,913][__main__][INFO] - [RANK 0] [ Eval  | Step: 91000  |  loss : 0.3453 | accuracy : 0.8401 | eval_s : 2.1307  ]
[2026-08-17 02:27:39,517][__main__][INFO] - [RANK 0] [ Train | Step: 91500  |  loss : 0.3362 | accuracy : 0.8442 | opt_sps : 21.9878  ]
[2026-08-17 02:27:41,652][__main__][INFO] - [RANK 0] [ Eval  | Step: 91500  |  loss : 0.3446 | accuracy : 0.8403 | eval_s : 2.1342  ]
[2026-08-17 02:28:04,241][__main__][INFO] - [RANK 0] [ Train | Step: 92000  |  loss : 0.3362 | accuracy : 0.8431 | opt_sps : 21.9886  ]
[2026-08-17 02:28:06,377][__main__][INFO] - [RANK 0] [ Eval  | Step: 92000  |  loss : 0.3444 | accuracy : 0.8400 | eval_s : 2.1348  ]
[2026-08-17 02:28:29,095][__main__][INFO] - [RANK 0] [ Train | Step: 92500  |  loss : 0.3355 | accuracy : 0.8430 | opt_sps : 21.9888  ]
[2026-08-17 02:28:31,232][__main__][INFO] - [RANK 0] [ Eval  | Step: 92500  |  loss : 0.3441 | accuracy : 0.8400 | eval_s : 2.1355  ]
[2026-08-17 02:28:53,982][__main__][INFO] - [RANK 0] [ Train | Step: 93000  |  loss : 0.3338 | accuracy : 0.8448 | opt_sps : 21.9887  ]
[2026-08-17 02:28:56,118][__main__][INFO] - [RANK 0] [ Eval  | Step: 93000  |  loss : 0.3447 | accuracy : 0.8401 | eval_s : 2.1343  ]
[2026-08-17 02:29:18,807][__main__][INFO] - [RANK 0] [ Train | Step: 93500  |  loss : 0.3340 | accuracy : 0.8445 | opt_sps : 21.9890  ]
[2026-08-17 02:29:20,940][__main__][INFO] - [RANK 0] [ Eval  | Step: 93500  |  loss : 0.3447 | accuracy : 0.8410 | eval_s : 2.1313  ]
[2026-08-17 02:29:43,667][__main__][INFO] - [RANK 0] [ Train | Step: 94000  |  loss : 0.3351 | accuracy : 0.8454 | opt_sps : 21.9891  ]
[2026-08-17 02:29:45,799][__main__][INFO] - [RANK 0] [ Eval  | Step: 94000  |  loss : 0.3447 | accuracy : 0.8396 | eval_s : 2.1312  ]
[2026-08-17 02:30:08,491][__main__][INFO] - [RANK 0] [ Train | Step: 94500  |  loss : 0.3348 | accuracy : 0.8440 | opt_sps : 21.9893  ]
[2026-08-17 02:30:10,625][__main__][INFO] - [RANK 0] [ Eval  | Step: 94500  |  loss : 0.3441 | accuracy : 0.8406 | eval_s : 2.1329  ]
[2026-08-17 02:30:33,320][__main__][INFO] - [RANK 0] [ Train | Step: 95000  |  loss : 0.3351 | accuracy : 0.8442 | opt_sps : 21.9896  ]
[2026-08-17 02:30:35,461][__main__][INFO] - [RANK 0] [ Eval  | Step: 95000  |  loss : 0.3440 | accuracy : 0.8408 | eval_s : 2.1399  ]
[2026-08-17 02:30:58,272][__main__][INFO] - [RANK 0] [ Train | Step: 95500  |  loss : 0.3325 | accuracy : 0.8454 | opt_sps : 21.9892  ]
[2026-08-17 02:31:00,409][__main__][INFO] - [RANK 0] [ Eval  | Step: 95500  |  loss : 0.3440 | accuracy : 0.8410 | eval_s : 2.1361  ]
[2026-08-17 02:31:23,155][__main__][INFO] - [RANK 0] [ Train | Step: 96000  |  loss : 0.3337 | accuracy : 0.8446 | opt_sps : 21.9892  ]
[2026-08-17 02:31:25,290][__main__][INFO] - [RANK 0] [ Eval  | Step: 96000  |  loss : 0.3438 | accuracy : 0.8403 | eval_s : 2.1335  ]
[2026-08-17 02:31:47,957][__main__][INFO] - [RANK 0] [ Train | Step: 96500  |  loss : 0.3328 | accuracy : 0.8451 | opt_sps : 21.9896  ]
[2026-08-17 02:31:50,092][__main__][INFO] - [RANK 0] [ Eval  | Step: 96500  |  loss : 0.3440 | accuracy : 0.8408 | eval_s : 2.1344  ]
[2026-08-17 02:32:12,687][__main__][INFO] - [RANK 0] [ Train | Step: 97000  |  loss : 0.3346 | accuracy : 0.8446 | opt_sps : 21.9903  ]
[2026-08-17 02:32:14,823][__main__][INFO] - [RANK 0] [ Eval  | Step: 97000  |  loss : 0.3437 | accuracy : 0.8403 | eval_s : 2.1359  ]
[2026-08-17 02:32:37,506][__main__][INFO] - [RANK 0] [ Train | Step: 97500  |  loss : 0.3313 | accuracy : 0.8454 | opt_sps : 21.9906  ]
[2026-08-17 02:32:39,641][__main__][INFO] - [RANK 0] [ Eval  | Step: 97500  |  loss : 0.3441 | accuracy : 0.8404 | eval_s : 2.1336  ]
[2026-08-17 02:33:02,419][__main__][INFO] - [RANK 0] [ Train | Step: 98000  |  loss : 0.3294 | accuracy : 0.8484 | opt_sps : 21.9904  ]
[2026-08-17 02:33:04,555][__main__][INFO] - [RANK 0] [ Eval  | Step: 98000  |  loss : 0.3439 | accuracy : 0.8407 | eval_s : 2.1345  ]
[2026-08-17 02:33:27,246][__main__][INFO] - [RANK 0] [ Train | Step: 98500  |  loss : 0.3332 | accuracy : 0.8454 | opt_sps : 21.9906  ]
[2026-08-17 02:33:29,378][__main__][INFO] - [RANK 0] [ Eval  | Step: 98500  |  loss : 0.3438 | accuracy : 0.8401 | eval_s : 2.1314  ]
[2026-08-17 02:33:52,031][__main__][INFO] - [RANK 0] [ Train | Step: 99000  |  loss : 0.3350 | accuracy : 0.8436 | opt_sps : 21.9910  ]
[2026-08-17 02:33:54,165][__main__][INFO] - [RANK 0] [ Eval  | Step: 99000  |  loss : 0.3439 | accuracy : 0.8402 | eval_s : 2.1332  ]
[2026-08-17 02:34:16,886][__main__][INFO] - [RANK 0] [ Train | Step: 99500  |  loss : 0.3346 | accuracy : 0.8435 | opt_sps : 21.9911  ]
[2026-08-17 02:34:19,025][__main__][INFO] - [RANK 0] [ Eval  | Step: 99500  |  loss : 0.3439 | accuracy : 0.8405 | eval_s : 2.1383  ]
[2026-08-17 02:34:41,681][__main__][INFO] - [RANK 0] [ Train | Step: 100000 |  loss : 0.3317 | accuracy : 0.8460 | opt_sps : 21.9915  ]
[2026-08-17 02:34:43,818][__main__][INFO] - [RANK 0] [ Eval  | Step: 100000 |  loss : 0.3438 | accuracy : 0.8404 | eval_s : 2.1366  ]
[2026-08-17 02:34:43,823][__main__][INFO] - [RANK 0] loading best model
[2026-08-17 02:34:43,831][__main__][INFO] - [RANK 0] [Eval  | Summary |  best_loss : 0.3437 | best_step : 97000.0000 ]
[2026-08-17 02:34:45,967][__main__][INFO] - [RANK 0] [Test  | Summary |  loss/cross_entropy : 0.3383 | loss/loss : 0.3383 | callbacks/accuracy : 0.8437 | callbacks/non_relational_accuracy : 0.9999 | callbacks/binary_accuracy : 0.9662 | callbacks/ternary_accuracy : 0.5649 | callbacks/query_shape_accuracy : 1.0000 | callbacks/left_of_centre_accuracy : 1.0000 | callbacks/top_half_accuracy : 0.9997 | callbacks/closest_shape_accuracy : 0.9359 | callbacks/furthest_shape_accuracy : 0.9635 | callbacks/count_same_shape_accuracy : 1.0000 | callbacks/count_in_box_accuracy : 0.6968 | callbacks/on_band_accuracy : 0.5782 | callbacks/count_obtuse_accuracy : 0.4169 | timing/eval_s : 2.1357 ]
wandb: updating run metadata
wandb: uploading output.log; uploading wandb-summary.json; uploading config.yaml
wandb: uploading output.log; uploading config.yaml
wandb: 
wandb: Run history:
wandb:                  eval_callbacks/accuracy ▁▃▃▄▅▆▆▆▆▆▆▆▆▆▇▇▇▇▇▇▇███████████████████
wandb:           eval_callbacks/binary_accuracy ▁▁▃▄▁▄▅▅▅▅▅▅▅▅▅▆▅▆▆▆▆▆▆▆▆▇▇█████████████
wandb:    eval_callbacks/closest_shape_accuracy ▁▂▂▁▁▂▂▂▂▂▂▂▃▃▃▃▂▃▃▃▃▃▃▃▃▃▃▃▃▃▆▇▇▇▇█████
wandb:     eval_callbacks/count_in_box_accuracy ▁▁▁▁▁▁▁▁▁▁▁▁▁▁▁▁▁▁▁▁▁▁▁▁▁▁▁▁▁▁▁▁▁▁▁▁▁▁▁▁
wandb:     eval_callbacks/count_obtuse_accuracy ▁▁▁▁▁▁▁▁▁▁▁▁▁▁▁▁▁▁▁▁▁▁▁▁▁▁▁▁▂▂▃▃▄▆▇█▇▇█▇
wandb: eval_callbacks/count_same_shape_accuracy ▁▅▅▄▅▆▆▅▆▁▄▇████████████████████████████
wandb:   eval_callbacks/furthest_shape_accuracy ▁▁▁▁▂▂▂▂▂▂▃▃▃▂▃▃▃▃▃▃▄▄▄▄▄▄▄▆▇▇██████████
wandb:   eval_callbacks/left_of_centre_accuracy ▁▁▁▁████████████████████████████████████
wandb:   eval_callbacks/non_relational_accuracy ▁▃▃▃▃███████████████████████████████████
wandb:          eval_callbacks/on_band_accuracy ▄▁▃▁▃▃▃▃▁▃▁▃▁▃▃▃▃▁▃▃▄▄▇▇▇▇▇▇▇▇▇██▇██████
wandb:                                      +24 ...
wandb: 
wandb: Run summary:
wandb:                           eval/best_loss 0.34372
wandb:                           eval/best_step 97000
wandb:                  eval_callbacks/accuracy 0.8404
wandb:           eval_callbacks/binary_accuracy 0.9618
wandb:    eval_callbacks/closest_shape_accuracy 0.92736
wandb:     eval_callbacks/count_in_box_accuracy 0.68622
wandb:     eval_callbacks/count_obtuse_accuracy 0.4075
wandb: eval_callbacks/count_same_shape_accuracy 0.99936
wandb:   eval_callbacks/furthest_shape_accuracy 0.95802
wandb:   eval_callbacks/left_of_centre_accuracy 1.0
wandb:                                      +42 ...
wandb: 
wandb: 🚀 View run sort_of_clevr/transformer::multirun::2026-08-16_23-30-31::3 at: https://wandb.ai/niks_priv/sort_of_clevr/runs/6zsdxojb
wandb: ⭐️ View project at: https://wandb.ai/niks_priv/sort_of_clevr
wandb: Synced 5 W&B file(s), 0 media file(s), 0 artifact file(s) and 0 other file(s)
wandb: Find logs at: ./outputs/sort_of_clevr/multirun/2026-08-16_23-30-31/3/wandb/run-20260817_011148-6zsdxojb/logs
[2026-08-17 02:34:47,275][HYDRA] 	#4 : model.hidden_dim=384 model.n_layers=4 train.seed=0 task=sort_of_clevr experiment=sort_of_clevr/baselines/transformer_scale
wandb: setting up run kl8gf87c
wandb: Tracking run with wandb version 0.27.2
wandb: Run data is saved locally in /home/nik/workspace/ImperialWork/msc_project/SyncNetProject/outputs/sort_of_clevr/multirun/2026-08-16_23-30-31/4/wandb/run-20260817_023448-kl8gf87c
wandb: Run `wandb offline` to turn off syncing.
wandb: Syncing run sort_of_clevr/transformer::multirun::2026-08-16_23-30-31::4
wandb: ⭐️ View project at https://wandb.ai/niks_priv/sort_of_clevr
wandb: 🚀 View run at https://wandb.ai/niks_priv/sort_of_clevr/runs/kl8gf87c
[2026-08-17 02:34:49,170][__main__][INFO] - [RANK 0] Starting training
[2026-08-17 02:34:49,170][__main__][INFO] - [RANK 0] Model: SortOfClevrTransformer
[2026-08-17 02:34:49,171][__main__][INFO] - [RANK 0] Parameters: total=7310410
[2026-08-17 02:34:49,174][__main__][INFO] - [RANK 0] Config:
train:
  seed: 0
  n_steps: 100000
  train_bs: 256
  val_bs: 1024
  early_stop_metric: loss
  early_stop_big_is_better: false
  early_stop_patience: 1000000
  early_stop_min_delta: 0.0
  mixed_precision: bf16
  compile_model: true
  grad_accum: 1
  grad_clip: 1.0
  loader_mode: gpu_cached
  num_workers: 0
logging:
  eval_log_interval: 500
  train_log_interval: 500
  info_metrics:
  - loss
  - accuracy
  save_best: true
wandb:
  enabled: true
  project_name: sort_of_clevr
  entity: niks_priv
  tags: []
  run_name: null
optim:
  optimiser: adamw
  lr: 0.0003
  weight_decay: 0.01
  lr_scheduler: warmup_cosine
  lr_scheduler_params:
    warmup_steps: 2000
dataset:
  name: sort_of_clevr
  root: ./data
  dir: sort_of_clevr-seed1-train36000-test1000-img75-obj5-q10-t-1
  seed: 1
  train_size: 36000
  test_size: 1000
  img_size: 75
  obj_size: 5
  nb_questions: 10
  t_subtype: -1
model:
  name: sort_of_clevr_transformer
  patch_emb_dim: 96
  patch_size: 5
  hidden_dim: 384
  n_heads: 4
  n_layers: 4
  ffn_mult: 4
  dropout: 0.0
  pos_enc: learnt_2d
  q_conditioning: film
  share_layer_weights: false
callbacks:
- name: accuracy
- name: qtype_accuracy
- name: subtype_accuracy

[2026-08-17 02:34:49,174][__main__][INFO] - [RANK 0] Full model:
SortOfClevrTransformer(
  (inner): VQATransformer(
    (q_encoder): IdentityQuestionEncoder()
    (encoder): PatchifyEncoder(
      (patchify): Conv2d(3, 96, kernel_size=(5, 5), stride=(5, 5))
    )
    (tok_proj): Linear(in_features=96, out_features=384, bias=True)
    (film_gamma): Linear(in_features=18, out_features=96, bias=True)
    (film_beta): Linear(in_features=18, out_features=96, bias=True)
    (pos_enc): PositionalEncoder2D()
    (transformer): TransformerEncoder(
      (layers): ModuleList(
        (0-3): 4 x TransformerEncoderLayer(
          (self_attn): MultiheadAttention(
            (out_proj): NonDynamicallyQuantizableLinear(in_features=384, out_features=384, bias=True)
          )
          (linear1): Linear(in_features=384, out_features=1536, bias=True)
          (dropout): Dropout(p=0.0, inplace=False)
          (linear2): Linear(in_features=1536, out_features=384, bias=True)
          (norm1): LayerNorm((384,), eps=1e-05, elementwise_affine=True, bias=True)
          (norm2): LayerNorm((384,), eps=1e-05, elementwise_affine=True, bias=True)
          (dropout1): Dropout(p=0.0, inplace=False)
          (dropout2): Dropout(p=0.0, inplace=False)
        )
      )
    )
    (head): Sequential(
      (0): LayerNorm((384,), eps=1e-05, elementwise_affine=True, bias=True)
      (1): Linear(in_features=384, out_features=384, bias=True)
      (2): GELU(approximate='none')
      (3): Linear(in_features=384, out_features=10, bias=True)
    )
  )
)
[2026-08-17 02:35:17,144][__main__][INFO] - [RANK 0] [ Train | Step: 500    |  loss : 1.1188 | accuracy : 0.4505 | opt_sps : 17.8769  ]
[2026-08-17 02:35:18,990][__main__][INFO] - [RANK 0] [ Eval  | Step: 500    |  loss : 0.8796 | accuracy : 0.5197 | eval_s : 1.8446  ]
[2026-08-17 02:35:46,938][__main__][INFO] - [RANK 0] [ Train | Step: 1000   |  loss : 0.8789 | accuracy : 0.5067 | opt_sps : 17.8853  ]
[2026-08-17 02:35:48,785][__main__][INFO] - [RANK 0] [ Eval  | Step: 1000   |  loss : 0.8744 | accuracy : 0.5131 | eval_s : 1.8461  ]
[2026-08-17 02:36:16,785][__main__][INFO] - [RANK 0] [ Train | Step: 1500   |  loss : 0.8698 | accuracy : 0.5203 | opt_sps : 17.8771  ]
[2026-08-17 02:36:18,632][__main__][INFO] - [RANK 0] [ Eval  | Step: 1500   |  loss : 0.8578 | accuracy : 0.5338 | eval_s : 1.8464  ]
[2026-08-17 02:36:46,645][__main__][INFO] - [RANK 0] [ Train | Step: 2000   |  loss : 0.8721 | accuracy : 0.5168 | opt_sps : 17.8707  ]
[2026-08-17 02:36:48,497][__main__][INFO] - [RANK 0] [ Eval  | Step: 2000   |  loss : 0.8826 | accuracy : 0.5128 | eval_s : 1.8505  ]
[2026-08-17 02:37:16,477][__main__][INFO] - [RANK 0] [ Train | Step: 2500   |  loss : 0.8662 | accuracy : 0.5229 | opt_sps : 17.8705  ]
[2026-08-17 02:37:18,328][__main__][INFO] - [RANK 0] [ Eval  | Step: 2500   |  loss : 0.8589 | accuracy : 0.5238 | eval_s : 1.8500  ]
[2026-08-17 02:37:46,264][__main__][INFO] - [RANK 0] [ Train | Step: 3000   |  loss : 0.8501 | accuracy : 0.5365 | opt_sps : 17.8751  ]
[2026-08-17 02:37:48,116][__main__][INFO] - [RANK 0] [ Eval  | Step: 3000   |  loss : 0.8364 | accuracy : 0.5472 | eval_s : 1.8512  ]
[2026-08-17 02:38:16,074][__main__][INFO] - [RANK 0] [ Train | Step: 3500   |  loss : 0.8130 | accuracy : 0.5646 | opt_sps : 17.8769  ]
[2026-08-17 02:38:17,922][__main__][INFO] - [RANK 0] [ Eval  | Step: 3500   |  loss : 0.7756 | accuracy : 0.6004 | eval_s : 1.8463  ]
[2026-08-17 02:38:45,905][__main__][INFO] - [RANK 0] [ Train | Step: 4000   |  loss : 0.6958 | accuracy : 0.6524 | opt_sps : 17.8761  ]
[2026-08-17 02:38:47,752][__main__][INFO] - [RANK 0] [ Eval  | Step: 4000   |  loss : 0.6342 | accuracy : 0.6863 | eval_s : 1.8458  ]
[2026-08-17 02:39:15,821][__main__][INFO] - [RANK 0] [ Train | Step: 4500   |  loss : 0.6372 | accuracy : 0.6855 | opt_sps : 17.8695  ]
[2026-08-17 02:39:17,668][__main__][INFO] - [RANK 0] [ Eval  | Step: 4500   |  loss : 0.6523 | accuracy : 0.6814 | eval_s : 1.8459  ]
[2026-08-17 02:39:45,596][__main__][INFO] - [RANK 0] [ Train | Step: 5000   |  loss : 0.6221 | accuracy : 0.6940 | opt_sps : 17.8728  ]
[2026-08-17 02:39:47,442][__main__][INFO] - [RANK 0] [ Eval  | Step: 5000   |  loss : 0.6054 | accuracy : 0.7054 | eval_s : 1.8451  ]
[2026-08-17 02:40:15,382][__main__][INFO] - [RANK 0] [ Train | Step: 5500   |  loss : 0.6118 | accuracy : 0.6990 | opt_sps : 17.8752  ]
[2026-08-17 02:40:17,234][__main__][INFO] - [RANK 0] [ Eval  | Step: 5500   |  loss : 0.5963 | accuracy : 0.7039 | eval_s : 1.8509  ]
[2026-08-17 02:40:45,198][__main__][INFO] - [RANK 0] [ Train | Step: 6000   |  loss : 0.5954 | accuracy : 0.7084 | opt_sps : 17.8758  ]
[2026-08-17 02:40:47,047][__main__][INFO] - [RANK 0] [ Eval  | Step: 6000   |  loss : 0.5868 | accuracy : 0.7081 | eval_s : 1.8476  ]
[2026-08-17 02:41:15,014][__main__][INFO] - [RANK 0] [ Train | Step: 6500   |  loss : 0.5751 | accuracy : 0.7149 | opt_sps : 17.8762  ]
[2026-08-17 02:41:16,861][__main__][INFO] - [RANK 0] [ Eval  | Step: 6500   |  loss : 0.5629 | accuracy : 0.7257 | eval_s : 1.8462  ]
[2026-08-17 02:41:44,814][__main__][INFO] - [RANK 0] [ Train | Step: 7000   |  loss : 0.5471 | accuracy : 0.7320 | opt_sps : 17.8772  ]
[2026-08-17 02:41:46,658][__main__][INFO] - [RANK 0] [ Eval  | Step: 7000   |  loss : 0.5028 | accuracy : 0.7509 | eval_s : 1.8431  ]
[2026-08-17 02:42:14,631][__main__][INFO] - [RANK 0] [ Train | Step: 7500   |  loss : 0.5379 | accuracy : 0.7361 | opt_sps : 17.8772  ]
[2026-08-17 02:42:16,479][__main__][INFO] - [RANK 0] [ Eval  | Step: 7500   |  loss : 0.5040 | accuracy : 0.7477 | eval_s : 1.8461  ]
[2026-08-17 02:42:44,460][__main__][INFO] - [RANK 0] [ Train | Step: 8000   |  loss : 0.5331 | accuracy : 0.7409 | opt_sps : 17.8767  ]
[2026-08-17 02:42:46,308][__main__][INFO] - [RANK 0] [ Eval  | Step: 8000   |  loss : 0.5110 | accuracy : 0.7470 | eval_s : 1.8474  ]
[2026-08-17 02:43:14,275][__main__][INFO] - [RANK 0] [ Train | Step: 8500   |  loss : 0.5179 | accuracy : 0.7475 | opt_sps : 17.8768  ]
[2026-08-17 02:43:16,126][__main__][INFO] - [RANK 0] [ Eval  | Step: 8500   |  loss : 0.6383 | accuracy : 0.7072 | eval_s : 1.8493  ]
[2026-08-17 02:43:44,074][__main__][INFO] - [RANK 0] [ Train | Step: 9000   |  loss : 0.5105 | accuracy : 0.7504 | opt_sps : 17.8775  ]
[2026-08-17 02:43:45,924][__main__][INFO] - [RANK 0] [ Eval  | Step: 9000   |  loss : 0.4868 | accuracy : 0.7589 | eval_s : 1.8491  ]
[2026-08-17 02:44:13,875][__main__][INFO] - [RANK 0] [ Train | Step: 9500   |  loss : 0.4976 | accuracy : 0.7555 | opt_sps : 17.8783  ]
[2026-08-17 02:44:15,724][__main__][INFO] - [RANK 0] [ Eval  | Step: 9500   |  loss : 0.5147 | accuracy : 0.7445 | eval_s : 1.8472  ]
[2026-08-17 02:44:43,665][__main__][INFO] - [RANK 0] [ Train | Step: 10000  |  loss : 0.4953 | accuracy : 0.7550 | opt_sps : 17.8791  ]
[2026-08-17 02:44:45,512][__main__][INFO] - [RANK 0] [ Eval  | Step: 10000  |  loss : 0.4696 | accuracy : 0.7636 | eval_s : 1.8461  ]
[2026-08-17 02:45:13,508][__main__][INFO] - [RANK 0] [ Train | Step: 10500  |  loss : 0.4864 | accuracy : 0.7597 | opt_sps : 17.8783  ]
[2026-08-17 02:45:15,358][__main__][INFO] - [RANK 0] [ Eval  | Step: 10500  |  loss : 0.4855 | accuracy : 0.7604 | eval_s : 1.8493  ]
[2026-08-17 02:45:43,286][__main__][INFO] - [RANK 0] [ Train | Step: 11000  |  loss : 0.5033 | accuracy : 0.7547 | opt_sps : 17.8795  ]
[2026-08-17 02:45:45,133][__main__][INFO] - [RANK 0] [ Eval  | Step: 11000  |  loss : 0.5160 | accuracy : 0.7479 | eval_s : 1.8457  ]
[2026-08-17 02:46:13,044][__main__][INFO] - [RANK 0] [ Train | Step: 11500  |  loss : 0.4983 | accuracy : 0.7562 | opt_sps : 17.8810  ]
[2026-08-17 02:46:14,897][__main__][INFO] - [RANK 0] [ Eval  | Step: 11500  |  loss : 0.4667 | accuracy : 0.7693 | eval_s : 1.8519  ]
[2026-08-17 02:46:42,792][__main__][INFO] - [RANK 0] [ Train | Step: 12000  |  loss : 0.4822 | accuracy : 0.7619 | opt_sps : 17.8829  ]
[2026-08-17 02:46:44,642][__main__][INFO] - [RANK 0] [ Eval  | Step: 12000  |  loss : 0.4968 | accuracy : 0.7517 | eval_s : 1.8493  ]
[2026-08-17 02:47:12,628][__main__][INFO] - [RANK 0] [ Train | Step: 12500  |  loss : 0.4926 | accuracy : 0.7588 | opt_sps : 17.8822  ]
[2026-08-17 02:47:14,474][__main__][INFO] - [RANK 0] [ Eval  | Step: 12500  |  loss : 0.4685 | accuracy : 0.7638 | eval_s : 1.8450  ]
[2026-08-17 02:47:42,336][__main__][INFO] - [RANK 0] [ Train | Step: 13000  |  loss : 0.4887 | accuracy : 0.7628 | opt_sps : 17.8846  ]
[2026-08-17 02:47:44,181][__main__][INFO] - [RANK 0] [ Eval  | Step: 13000  |  loss : 0.4738 | accuracy : 0.7652 | eval_s : 1.8442  ]
[2026-08-17 02:48:12,126][__main__][INFO] - [RANK 0] [ Train | Step: 13500  |  loss : 0.4726 | accuracy : 0.7670 | opt_sps : 17.8849  ]
[2026-08-17 02:48:13,975][__main__][INFO] - [RANK 0] [ Eval  | Step: 13500  |  loss : 0.4657 | accuracy : 0.7689 | eval_s : 1.8483  ]
[2026-08-17 02:48:41,917][__main__][INFO] - [RANK 0] [ Train | Step: 14000  |  loss : 0.4752 | accuracy : 0.7642 | opt_sps : 17.8854  ]
[2026-08-17 02:48:43,765][__main__][INFO] - [RANK 0] [ Eval  | Step: 14000  |  loss : 0.4603 | accuracy : 0.7672 | eval_s : 1.8475  ]
[2026-08-17 02:49:11,716][__main__][INFO] - [RANK 0] [ Train | Step: 14500  |  loss : 0.4771 | accuracy : 0.7654 | opt_sps : 17.8856  ]
[2026-08-17 02:49:13,567][__main__][INFO] - [RANK 0] [ Eval  | Step: 14500  |  loss : 0.4610 | accuracy : 0.7709 | eval_s : 1.8497  ]
[2026-08-17 02:49:41,532][__main__][INFO] - [RANK 0] [ Train | Step: 15000  |  loss : 0.4773 | accuracy : 0.7651 | opt_sps : 17.8854  ]
[2026-08-17 02:49:43,379][__main__][INFO] - [RANK 0] [ Eval  | Step: 15000  |  loss : 0.4619 | accuracy : 0.7668 | eval_s : 1.8457  ]
[2026-08-17 02:50:11,262][__main__][INFO] - [RANK 0] [ Train | Step: 15500  |  loss : 0.4766 | accuracy : 0.7648 | opt_sps : 17.8869  ]
[2026-08-17 02:50:13,111][__main__][INFO] - [RANK 0] [ Eval  | Step: 15500  |  loss : 0.4861 | accuracy : 0.7523 | eval_s : 1.8474  ]
[2026-08-17 02:50:41,102][__main__][INFO] - [RANK 0] [ Train | Step: 16000  |  loss : 0.4680 | accuracy : 0.7675 | opt_sps : 17.8861  ]
[2026-08-17 02:50:42,951][__main__][INFO] - [RANK 0] [ Eval  | Step: 16000  |  loss : 0.4608 | accuracy : 0.7668 | eval_s : 1.8479  ]
[2026-08-17 02:51:10,953][__main__][INFO] - [RANK 0] [ Train | Step: 16500  |  loss : 0.4745 | accuracy : 0.7652 | opt_sps : 17.8852  ]
[2026-08-17 02:51:12,802][__main__][INFO] - [RANK 0] [ Eval  | Step: 16500  |  loss : 0.4616 | accuracy : 0.7656 | eval_s : 1.8481  ]
[2026-08-17 02:51:40,892][__main__][INFO] - [RANK 0] [ Train | Step: 17000  |  loss : 0.4749 | accuracy : 0.7654 | opt_sps : 17.8827  ]
[2026-08-17 02:51:42,743][__main__][INFO] - [RANK 0] [ Eval  | Step: 17000  |  loss : 0.4688 | accuracy : 0.7630 | eval_s : 1.8501  ]
[2026-08-17 02:52:10,683][__main__][INFO] - [RANK 0] [ Train | Step: 17500  |  loss : 0.4744 | accuracy : 0.7654 | opt_sps : 17.8831  ]
[2026-08-17 02:52:12,534][__main__][INFO] - [RANK 0] [ Eval  | Step: 17500  |  loss : 0.4653 | accuracy : 0.7677 | eval_s : 1.8498  ]
[2026-08-17 02:52:40,418][__main__][INFO] - [RANK 0] [ Train | Step: 18000  |  loss : 0.4668 | accuracy : 0.7672 | opt_sps : 17.8844  ]
[2026-08-17 02:52:42,269][__main__][INFO] - [RANK 0] [ Eval  | Step: 18000  |  loss : 0.4606 | accuracy : 0.7706 | eval_s : 1.8499  ]
[2026-08-17 02:53:10,208][__main__][INFO] - [RANK 0] [ Train | Step: 18500  |  loss : 0.4634 | accuracy : 0.7686 | opt_sps : 17.8847  ]
[2026-08-17 02:53:12,055][__main__][INFO] - [RANK 0] [ Eval  | Step: 18500  |  loss : 0.4665 | accuracy : 0.7651 | eval_s : 1.8461  ]
[2026-08-17 02:53:40,068][__main__][INFO] - [RANK 0] [ Train | Step: 19000  |  loss : 0.4654 | accuracy : 0.7701 | opt_sps : 17.8838  ]
[2026-08-17 02:53:41,915][__main__][INFO] - [RANK 0] [ Eval  | Step: 19000  |  loss : 0.4642 | accuracy : 0.7701 | eval_s : 1.8466  ]
[2026-08-17 02:54:09,846][__main__][INFO] - [RANK 0] [ Train | Step: 19500  |  loss : 0.4625 | accuracy : 0.7712 | opt_sps : 17.8842  ]
[2026-08-17 02:54:11,693][__main__][INFO] - [RANK 0] [ Eval  | Step: 19500  |  loss : 0.4836 | accuracy : 0.7639 | eval_s : 1.8468  ]
[2026-08-17 02:54:39,583][__main__][INFO] - [RANK 0] [ Train | Step: 20000  |  loss : 0.4611 | accuracy : 0.7723 | opt_sps : 17.8853  ]
[2026-08-17 02:54:41,429][__main__][INFO] - [RANK 0] [ Eval  | Step: 20000  |  loss : 0.4672 | accuracy : 0.7687 | eval_s : 1.8453  ]
[2026-08-17 02:55:09,249][__main__][INFO] - [RANK 0] [ Train | Step: 20500  |  loss : 0.4657 | accuracy : 0.7691 | opt_sps : 17.8874  ]
[2026-08-17 02:55:11,098][__main__][INFO] - [RANK 0] [ Eval  | Step: 20500  |  loss : 0.4609 | accuracy : 0.7668 | eval_s : 1.8482  ]
[2026-08-17 02:55:39,053][__main__][INFO] - [RANK 0] [ Train | Step: 21000  |  loss : 0.4705 | accuracy : 0.7673 | opt_sps : 17.8874  ]
[2026-08-17 02:55:40,901][__main__][INFO] - [RANK 0] [ Eval  | Step: 21000  |  loss : 0.4805 | accuracy : 0.7648 | eval_s : 1.8471  ]
[2026-08-17 02:56:08,804][__main__][INFO] - [RANK 0] [ Train | Step: 21500  |  loss : 0.4760 | accuracy : 0.7656 | opt_sps : 17.8881  ]
[2026-08-17 02:56:10,651][__main__][INFO] - [RANK 0] [ Eval  | Step: 21500  |  loss : 0.4813 | accuracy : 0.7642 | eval_s : 1.8456  ]
[2026-08-17 02:56:38,577][__main__][INFO] - [RANK 0] [ Train | Step: 22000  |  loss : 0.5046 | accuracy : 0.7547 | opt_sps : 17.8885  ]
[2026-08-17 02:56:40,422][__main__][INFO] - [RANK 0] [ Eval  | Step: 22000  |  loss : 0.6569 | accuracy : 0.6755 | eval_s : 1.8448  ]
[2026-08-17 02:57:08,371][__main__][INFO] - [RANK 0] [ Train | Step: 22500  |  loss : 0.5163 | accuracy : 0.7450 | opt_sps : 17.8885  ]
[2026-08-17 02:57:10,217][__main__][INFO] - [RANK 0] [ Eval  | Step: 22500  |  loss : 0.4874 | accuracy : 0.7535 | eval_s : 1.8450  ]
[2026-08-17 02:57:38,293][__main__][INFO] - [RANK 0] [ Train | Step: 23000  |  loss : 0.4716 | accuracy : 0.7665 | opt_sps : 17.8868  ]
[2026-08-17 02:57:40,144][__main__][INFO] - [RANK 0] [ Eval  | Step: 23000  |  loss : 0.4735 | accuracy : 0.7618 | eval_s : 1.8493  ]
[2026-08-17 02:58:08,004][__main__][INFO] - [RANK 0] [ Train | Step: 23500  |  loss : 0.4719 | accuracy : 0.7656 | opt_sps : 17.8881  ]
[2026-08-17 02:58:09,855][__main__][INFO] - [RANK 0] [ Eval  | Step: 23500  |  loss : 0.5241 | accuracy : 0.7489 | eval_s : 1.8498  ]
[2026-08-17 02:58:37,669][__main__][INFO] - [RANK 0] [ Train | Step: 24000  |  loss : 0.4719 | accuracy : 0.7672 | opt_sps : 17.8899  ]
[2026-08-17 02:58:39,513][__main__][INFO] - [RANK 0] [ Eval  | Step: 24000  |  loss : 0.5504 | accuracy : 0.7387 | eval_s : 1.8427  ]
[2026-08-17 02:59:07,420][__main__][INFO] - [RANK 0] [ Train | Step: 24500  |  loss : 0.5454 | accuracy : 0.7459 | opt_sps : 17.8904  ]
[2026-08-17 02:59:09,265][__main__][INFO] - [RANK 0] [ Eval  | Step: 24500  |  loss : 0.4905 | accuracy : 0.7566 | eval_s : 1.8436  ]
[2026-08-17 02:59:37,195][__main__][INFO] - [RANK 0] [ Train | Step: 25000  |  loss : 0.4944 | accuracy : 0.7597 | opt_sps : 17.8907  ]
[2026-08-17 02:59:39,041][__main__][INFO] - [RANK 0] [ Eval  | Step: 25000  |  loss : 0.4777 | accuracy : 0.7625 | eval_s : 1.8444  ]
[2026-08-17 03:00:06,967][__main__][INFO] - [RANK 0] [ Train | Step: 25500  |  loss : 0.4781 | accuracy : 0.7645 | opt_sps : 17.8909  ]
[2026-08-17 03:00:08,813][__main__][INFO] - [RANK 0] [ Eval  | Step: 25500  |  loss : 0.4608 | accuracy : 0.7714 | eval_s : 1.8451  ]
[2026-08-17 03:00:36,736][__main__][INFO] - [RANK 0] [ Train | Step: 26000  |  loss : 0.4915 | accuracy : 0.7609 | opt_sps : 17.8912  ]
[2026-08-17 03:00:38,586][__main__][INFO] - [RANK 0] [ Eval  | Step: 26000  |  loss : 0.4635 | accuracy : 0.7698 | eval_s : 1.8494  ]
[2026-08-17 03:01:06,515][__main__][INFO] - [RANK 0] [ Train | Step: 26500  |  loss : 0.5518 | accuracy : 0.7494 | opt_sps : 17.8914  ]
[2026-08-17 03:01:08,365][__main__][INFO] - [RANK 0] [ Eval  | Step: 26500  |  loss : 0.5616 | accuracy : 0.7388 | eval_s : 1.8485  ]
[2026-08-17 03:01:36,282][__main__][INFO] - [RANK 0] [ Train | Step: 27000  |  loss : 0.5096 | accuracy : 0.7606 | opt_sps : 17.8918  ]
[2026-08-17 03:01:38,132][__main__][INFO] - [RANK 0] [ Eval  | Step: 27000  |  loss : 0.4601 | accuracy : 0.7686 | eval_s : 1.8485  ]
[2026-08-17 03:02:06,065][__main__][INFO] - [RANK 0] [ Train | Step: 27500  |  loss : 0.6066 | accuracy : 0.7361 | opt_sps : 17.8920  ]
[2026-08-17 03:02:07,910][__main__][INFO] - [RANK 0] [ Eval  | Step: 27500  |  loss : 0.4737 | accuracy : 0.7665 | eval_s : 1.8442  ]
[2026-08-17 03:02:35,901][__main__][INFO] - [RANK 0] [ Train | Step: 28000  |  loss : 0.6139 | accuracy : 0.7246 | opt_sps : 17.8915  ]
[2026-08-17 03:02:37,747][__main__][INFO] - [RANK 0] [ Eval  | Step: 28000  |  loss : 0.5769 | accuracy : 0.7175 | eval_s : 1.8446  ]
[2026-08-17 03:03:05,753][__main__][INFO] - [RANK 0] [ Train | Step: 28500  |  loss : 0.6201 | accuracy : 0.7122 | opt_sps : 17.8908  ]
[2026-08-17 03:03:07,599][__main__][INFO] - [RANK 0] [ Eval  | Step: 28500  |  loss : 0.6501 | accuracy : 0.6961 | eval_s : 1.8448  ]
[2026-08-17 03:03:35,631][__main__][INFO] - [RANK 0] [ Train | Step: 29000  |  loss : 0.6304 | accuracy : 0.7064 | opt_sps : 17.8899  ]
[2026-08-17 03:03:37,486][__main__][INFO] - [RANK 0] [ Eval  | Step: 29000  |  loss : 0.5373 | accuracy : 0.7373 | eval_s : 1.8535  ]
[2026-08-17 03:04:05,448][__main__][INFO] - [RANK 0] [ Train | Step: 29500  |  loss : 0.5730 | accuracy : 0.7338 | opt_sps : 17.8897  ]
[2026-08-17 03:04:07,299][__main__][INFO] - [RANK 0] [ Eval  | Step: 29500  |  loss : 0.6566 | accuracy : 0.6514 | eval_s : 1.8501  ]
[2026-08-17 03:04:35,256][__main__][INFO] - [RANK 0] [ Train | Step: 30000  |  loss : 0.6575 | accuracy : 0.6603 | opt_sps : 17.8896  ]
[2026-08-17 03:04:37,102][__main__][INFO] - [RANK 0] [ Eval  | Step: 30000  |  loss : 0.6455 | accuracy : 0.6626 | eval_s : 1.8452  ]
[2026-08-17 03:05:05,074][__main__][INFO] - [RANK 0] [ Train | Step: 30500  |  loss : 0.6289 | accuracy : 0.6918 | opt_sps : 17.8894  ]
[2026-08-17 03:05:06,919][__main__][INFO] - [RANK 0] [ Eval  | Step: 30500  |  loss : 0.6298 | accuracy : 0.6994 | eval_s : 1.8436  ]
[2026-08-17 03:05:34,906][__main__][INFO] - [RANK 0] [ Train | Step: 31000  |  loss : 0.6452 | accuracy : 0.6920 | opt_sps : 17.8890  ]
[2026-08-17 03:05:36,754][__main__][INFO] - [RANK 0] [ Eval  | Step: 31000  |  loss : 0.5761 | accuracy : 0.7181 | eval_s : 1.8468  ]
[2026-08-17 03:06:04,811][__main__][INFO] - [RANK 0] [ Train | Step: 31500  |  loss : 0.6414 | accuracy : 0.6642 | opt_sps : 17.8879  ]
[2026-08-17 03:06:06,659][__main__][INFO] - [RANK 0] [ Eval  | Step: 31500  |  loss : 0.6495 | accuracy : 0.6555 | eval_s : 1.8466  ]
[2026-08-17 03:06:34,588][__main__][INFO] - [RANK 0] [ Train | Step: 32000  |  loss : 0.6464 | accuracy : 0.6684 | opt_sps : 17.8881  ]
[2026-08-17 03:06:36,438][__main__][INFO] - [RANK 0] [ Eval  | Step: 32000  |  loss : 0.6411 | accuracy : 0.6757 | eval_s : 1.8481  ]
[2026-08-17 03:07:04,256][__main__][INFO] - [RANK 0] [ Train | Step: 32500  |  loss : 0.6038 | accuracy : 0.7012 | opt_sps : 17.8895  ]
[2026-08-17 03:07:06,103][__main__][INFO] - [RANK 0] [ Eval  | Step: 32500  |  loss : 0.5622 | accuracy : 0.7165 | eval_s : 1.8455  ]
[2026-08-17 03:07:34,057][__main__][INFO] - [RANK 0] [ Train | Step: 33000  |  loss : 0.5268 | accuracy : 0.7397 | opt_sps : 17.8894  ]
[2026-08-17 03:07:35,905][__main__][INFO] - [RANK 0] [ Eval  | Step: 33000  |  loss : 0.4847 | accuracy : 0.7597 | eval_s : 1.8472  ]
[2026-08-17 03:08:03,960][__main__][INFO] - [RANK 0] [ Train | Step: 33500  |  loss : 0.4943 | accuracy : 0.7567 | opt_sps : 17.8884  ]
[2026-08-17 03:08:05,808][__main__][INFO] - [RANK 0] [ Eval  | Step: 33500  |  loss : 0.4810 | accuracy : 0.7620 | eval_s : 1.8473  ]
[2026-08-17 03:08:33,784][__main__][INFO] - [RANK 0] [ Train | Step: 34000  |  loss : 0.5138 | accuracy : 0.7505 | opt_sps : 17.8882  ]
[2026-08-17 03:08:35,629][__main__][INFO] - [RANK 0] [ Eval  | Step: 34000  |  loss : 0.4703 | accuracy : 0.7666 | eval_s : 1.8439  ]
[2026-08-17 03:09:03,576][__main__][INFO] - [RANK 0] [ Train | Step: 34500  |  loss : 0.4876 | accuracy : 0.7612 | opt_sps : 17.8882  ]
[2026-08-17 03:09:05,424][__main__][INFO] - [RANK 0] [ Eval  | Step: 34500  |  loss : 0.4702 | accuracy : 0.7654 | eval_s : 1.8467  ]
[2026-08-17 03:09:33,397][__main__][INFO] - [RANK 0] [ Train | Step: 35000  |  loss : 0.4865 | accuracy : 0.7600 | opt_sps : 17.8880  ]
[2026-08-17 03:09:35,251][__main__][INFO] - [RANK 0] [ Eval  | Step: 35000  |  loss : 0.4816 | accuracy : 0.7607 | eval_s : 1.8525  ]
[2026-08-17 03:10:03,286][__main__][INFO] - [RANK 0] [ Train | Step: 35500  |  loss : 0.4834 | accuracy : 0.7635 | opt_sps : 17.8873  ]
[2026-08-17 03:10:05,135][__main__][INFO] - [RANK 0] [ Eval  | Step: 35500  |  loss : 0.4932 | accuracy : 0.7533 | eval_s : 1.8480  ]
[2026-08-17 03:10:33,091][__main__][INFO] - [RANK 0] [ Train | Step: 36000  |  loss : 0.4784 | accuracy : 0.7644 | opt_sps : 17.8872  ]
[2026-08-17 03:10:34,940][__main__][INFO] - [RANK 0] [ Eval  | Step: 36000  |  loss : 0.4673 | accuracy : 0.7676 | eval_s : 1.8474  ]
[2026-08-17 03:11:02,918][__main__][INFO] - [RANK 0] [ Train | Step: 36500  |  loss : 0.4743 | accuracy : 0.7649 | opt_sps : 17.8870  ]
[2026-08-17 03:11:04,764][__main__][INFO] - [RANK 0] [ Eval  | Step: 36500  |  loss : 0.4597 | accuracy : 0.7722 | eval_s : 1.8450  ]
[2026-08-17 03:11:32,747][__main__][INFO] - [RANK 0] [ Train | Step: 37000  |  loss : 0.4648 | accuracy : 0.7682 | opt_sps : 17.8868  ]
[2026-08-17 03:11:34,593][__main__][INFO] - [RANK 0] [ Eval  | Step: 37000  |  loss : 0.4599 | accuracy : 0.7705 | eval_s : 1.8443  ]
[2026-08-17 03:12:02,645][__main__][INFO] - [RANK 0] [ Train | Step: 37500  |  loss : 0.4636 | accuracy : 0.7685 | opt_sps : 17.8859  ]
[2026-08-17 03:12:04,492][__main__][INFO] - [RANK 0] [ Eval  | Step: 37500  |  loss : 0.4600 | accuracy : 0.7708 | eval_s : 1.8452  ]
[2026-08-17 03:12:32,379][__main__][INFO] - [RANK 0] [ Train | Step: 38000  |  loss : 0.4642 | accuracy : 0.7689 | opt_sps : 17.8865  ]
[2026-08-17 03:12:34,229][__main__][INFO] - [RANK 0] [ Eval  | Step: 38000  |  loss : 0.4647 | accuracy : 0.7671 | eval_s : 1.8491  ]
[2026-08-17 03:13:02,096][__main__][INFO] - [RANK 0] [ Train | Step: 38500  |  loss : 0.4590 | accuracy : 0.7734 | opt_sps : 17.8872  ]
[2026-08-17 03:13:03,945][__main__][INFO] - [RANK 0] [ Eval  | Step: 38500  |  loss : 0.4616 | accuracy : 0.7713 | eval_s : 1.8471  ]
[2026-08-17 03:13:31,847][__main__][INFO] - [RANK 0] [ Train | Step: 39000  |  loss : 0.4596 | accuracy : 0.7711 | opt_sps : 17.8876  ]
[2026-08-17 03:13:33,692][__main__][INFO] - [RANK 0] [ Eval  | Step: 39000  |  loss : 0.4636 | accuracy : 0.7667 | eval_s : 1.8441  ]
[2026-08-17 03:14:01,750][__main__][INFO] - [RANK 0] [ Train | Step: 39500  |  loss : 0.4642 | accuracy : 0.7687 | opt_sps : 17.8868  ]
[2026-08-17 03:14:03,596][__main__][INFO] - [RANK 0] [ Eval  | Step: 39500  |  loss : 0.4581 | accuracy : 0.7693 | eval_s : 1.8452  ]
[2026-08-17 03:14:31,488][__main__][INFO] - [RANK 0] [ Train | Step: 40000  |  loss : 0.4609 | accuracy : 0.7717 | opt_sps : 17.8873  ]
[2026-08-17 03:14:33,333][__main__][INFO] - [RANK 0] [ Eval  | Step: 40000  |  loss : 0.4642 | accuracy : 0.7701 | eval_s : 1.8436  ]
[2026-08-17 03:15:01,251][__main__][INFO] - [RANK 0] [ Train | Step: 40500  |  loss : 0.4625 | accuracy : 0.7717 | opt_sps : 17.8876  ]
[2026-08-17 03:15:03,096][__main__][INFO] - [RANK 0] [ Eval  | Step: 40500  |  loss : 0.4805 | accuracy : 0.7647 | eval_s : 1.8440  ]
[2026-08-17 03:15:30,996][__main__][INFO] - [RANK 0] [ Train | Step: 41000  |  loss : 0.4611 | accuracy : 0.7705 | opt_sps : 17.8880  ]
[2026-08-17 03:15:32,846][__main__][INFO] - [RANK 0] [ Eval  | Step: 41000  |  loss : 0.4844 | accuracy : 0.7602 | eval_s : 1.8497  ]
[2026-08-17 03:16:00,823][__main__][INFO] - [RANK 0] [ Train | Step: 41500  |  loss : 0.5043 | accuracy : 0.7543 | opt_sps : 17.8878  ]
[2026-08-17 03:16:02,672][__main__][INFO] - [RANK 0] [ Eval  | Step: 41500  |  loss : 0.4926 | accuracy : 0.7567 | eval_s : 1.8483  ]
[2026-08-17 03:16:30,533][__main__][INFO] - [RANK 0] [ Train | Step: 42000  |  loss : 0.4539 | accuracy : 0.7718 | opt_sps : 17.8885  ]
[2026-08-17 03:16:32,377][__main__][INFO] - [RANK 0] [ Eval  | Step: 42000  |  loss : 0.4581 | accuracy : 0.7681 | eval_s : 1.8431  ]
[2026-08-17 03:17:00,216][__main__][INFO] - [RANK 0] [ Train | Step: 42500  |  loss : 0.4617 | accuracy : 0.7727 | opt_sps : 17.8894  ]
[2026-08-17 03:17:02,061][__main__][INFO] - [RANK 0] [ Eval  | Step: 42500  |  loss : 0.4573 | accuracy : 0.7731 | eval_s : 1.8446  ]
[2026-08-17 03:17:30,073][__main__][INFO] - [RANK 0] [ Train | Step: 43000  |  loss : 0.4600 | accuracy : 0.7711 | opt_sps : 17.8890  ]
[2026-08-17 03:17:31,920][__main__][INFO] - [RANK 0] [ Eval  | Step: 43000  |  loss : 0.4756 | accuracy : 0.7640 | eval_s : 1.8464  ]
[2026-08-17 03:17:59,898][__main__][INFO] - [RANK 0] [ Train | Step: 43500  |  loss : 0.4565 | accuracy : 0.7723 | opt_sps : 17.8888  ]
[2026-08-17 03:18:01,748][__main__][INFO] - [RANK 0] [ Eval  | Step: 43500  |  loss : 0.4609 | accuracy : 0.7658 | eval_s : 1.8490  ]
[2026-08-17 03:18:29,660][__main__][INFO] - [RANK 0] [ Train | Step: 44000  |  loss : 0.4650 | accuracy : 0.7706 | opt_sps : 17.8890  ]
[2026-08-17 03:18:31,510][__main__][INFO] - [RANK 0] [ Eval  | Step: 44000  |  loss : 0.4605 | accuracy : 0.7711 | eval_s : 1.8481  ]
[2026-08-17 03:18:59,441][__main__][INFO] - [RANK 0] [ Train | Step: 44500  |  loss : 0.4816 | accuracy : 0.7630 | opt_sps : 17.8892  ]
[2026-08-17 03:19:01,285][__main__][INFO] - [RANK 0] [ Eval  | Step: 44500  |  loss : 0.4566 | accuracy : 0.7690 | eval_s : 1.8436  ]
[2026-08-17 03:19:29,202][__main__][INFO] - [RANK 0] [ Train | Step: 45000  |  loss : 0.4536 | accuracy : 0.7730 | opt_sps : 17.8895  ]
[2026-08-17 03:19:31,048][__main__][INFO] - [RANK 0] [ Eval  | Step: 45000  |  loss : 0.4546 | accuracy : 0.7734 | eval_s : 1.8451  ]
[2026-08-17 03:19:59,053][__main__][INFO] - [RANK 0] [ Train | Step: 45500  |  loss : 0.4587 | accuracy : 0.7722 | opt_sps : 17.8891  ]
[2026-08-17 03:20:00,899][__main__][INFO] - [RANK 0] [ Eval  | Step: 45500  |  loss : 0.4610 | accuracy : 0.7660 | eval_s : 1.8449  ]
[2026-08-17 03:20:28,931][__main__][INFO] - [RANK 0] [ Train | Step: 46000  |  loss : 0.4610 | accuracy : 0.7704 | opt_sps : 17.8885  ]
[2026-08-17 03:20:30,777][__main__][INFO] - [RANK 0] [ Eval  | Step: 46000  |  loss : 0.4547 | accuracy : 0.7730 | eval_s : 1.8452  ]
[2026-08-17 03:20:58,698][__main__][INFO] - [RANK 0] [ Train | Step: 46500  |  loss : 0.4572 | accuracy : 0.7735 | opt_sps : 17.8887  ]
[2026-08-17 03:21:00,548][__main__][INFO] - [RANK 0] [ Eval  | Step: 46500  |  loss : 0.4578 | accuracy : 0.7718 | eval_s : 1.8486  ]
[2026-08-17 03:21:28,426][__main__][INFO] - [RANK 0] [ Train | Step: 47000  |  loss : 0.4551 | accuracy : 0.7754 | opt_sps : 17.8892  ]
[2026-08-17 03:21:30,272][__main__][INFO] - [RANK 0] [ Eval  | Step: 47000  |  loss : 0.4576 | accuracy : 0.7700 | eval_s : 1.8455  ]
[2026-08-17 03:21:58,297][__main__][INFO] - [RANK 0] [ Train | Step: 47500  |  loss : 0.4680 | accuracy : 0.7688 | opt_sps : 17.8887  ]
[2026-08-17 03:22:00,145][__main__][INFO] - [RANK 0] [ Eval  | Step: 47500  |  loss : 0.4542 | accuracy : 0.7695 | eval_s : 1.8474  ]
[2026-08-17 03:22:28,155][__main__][INFO] - [RANK 0] [ Train | Step: 48000  |  loss : 0.4550 | accuracy : 0.7731 | opt_sps : 17.8884  ]
[2026-08-17 03:22:30,003][__main__][INFO] - [RANK 0] [ Eval  | Step: 48000  |  loss : 0.4552 | accuracy : 0.7742 | eval_s : 1.8467  ]
[2026-08-17 03:22:57,961][__main__][INFO] - [RANK 0] [ Train | Step: 48500  |  loss : 0.4581 | accuracy : 0.7732 | opt_sps : 17.8883  ]
[2026-08-17 03:22:59,809][__main__][INFO] - [RANK 0] [ Eval  | Step: 48500  |  loss : 0.4638 | accuracy : 0.7698 | eval_s : 1.8467  ]
[2026-08-17 03:23:27,757][__main__][INFO] - [RANK 0] [ Train | Step: 49000  |  loss : 0.4795 | accuracy : 0.7680 | opt_sps : 17.8883  ]
[2026-08-17 03:23:29,604][__main__][INFO] - [RANK 0] [ Eval  | Step: 49000  |  loss : 0.5515 | accuracy : 0.7343 | eval_s : 1.8452  ]
[2026-08-17 03:23:57,589][__main__][INFO] - [RANK 0] [ Train | Step: 49500  |  loss : 0.4672 | accuracy : 0.7692 | opt_sps : 17.8881  ]
[2026-08-17 03:23:59,442][__main__][INFO] - [RANK 0] [ Eval  | Step: 49500  |  loss : 0.4574 | accuracy : 0.7734 | eval_s : 1.8521  ]
[2026-08-17 03:24:27,395][__main__][INFO] - [RANK 0] [ Train | Step: 50000  |  loss : 0.4599 | accuracy : 0.7730 | opt_sps : 17.8881  ]
[2026-08-17 03:24:29,243][__main__][INFO] - [RANK 0] [ Eval  | Step: 50000  |  loss : 0.4572 | accuracy : 0.7732 | eval_s : 1.8475  ]
[2026-08-17 03:24:57,170][__main__][INFO] - [RANK 0] [ Train | Step: 50500  |  loss : 0.4607 | accuracy : 0.7737 | opt_sps : 17.8883  ]
[2026-08-17 03:24:59,017][__main__][INFO] - [RANK 0] [ Eval  | Step: 50500  |  loss : 0.4546 | accuracy : 0.7738 | eval_s : 1.8460  ]
[2026-08-17 03:25:26,950][__main__][INFO] - [RANK 0] [ Train | Step: 51000  |  loss : 0.4603 | accuracy : 0.7731 | opt_sps : 17.8884  ]
[2026-08-17 03:25:28,795][__main__][INFO] - [RANK 0] [ Eval  | Step: 51000  |  loss : 0.4587 | accuracy : 0.7699 | eval_s : 1.8438  ]
[2026-08-17 03:25:56,760][__main__][INFO] - [RANK 0] [ Train | Step: 51500  |  loss : 0.4564 | accuracy : 0.7745 | opt_sps : 17.8883  ]
[2026-08-17 03:25:58,607][__main__][INFO] - [RANK 0] [ Eval  | Step: 51500  |  loss : 0.4557 | accuracy : 0.7713 | eval_s : 1.8464  ]
[2026-08-17 03:26:26,600][__main__][INFO] - [RANK 0] [ Train | Step: 52000  |  loss : 0.4646 | accuracy : 0.7732 | opt_sps : 17.8880  ]
[2026-08-17 03:26:28,444][__main__][INFO] - [RANK 0] [ Eval  | Step: 52000  |  loss : 0.4574 | accuracy : 0.7734 | eval_s : 1.8433  ]
[2026-08-17 03:26:56,354][__main__][INFO] - [RANK 0] [ Train | Step: 52500  |  loss : 0.4597 | accuracy : 0.7721 | opt_sps : 17.8883  ]
[2026-08-17 03:26:58,205][__main__][INFO] - [RANK 0] [ Eval  | Step: 52500  |  loss : 0.4589 | accuracy : 0.7725 | eval_s : 1.8494  ]
[2026-08-17 03:27:26,135][__main__][INFO] - [RANK 0] [ Train | Step: 53000  |  loss : 0.4857 | accuracy : 0.7671 | opt_sps : 17.8884  ]
[2026-08-17 03:27:27,984][__main__][INFO] - [RANK 0] [ Eval  | Step: 53000  |  loss : 0.4579 | accuracy : 0.7727 | eval_s : 1.8482  ]
[2026-08-17 03:27:55,909][__main__][INFO] - [RANK 0] [ Train | Step: 53500  |  loss : 0.4657 | accuracy : 0.7691 | opt_sps : 17.8886  ]
[2026-08-17 03:27:57,756][__main__][INFO] - [RANK 0] [ Eval  | Step: 53500  |  loss : 0.4600 | accuracy : 0.7712 | eval_s : 1.8457  ]
[2026-08-17 03:28:25,772][__main__][INFO] - [RANK 0] [ Train | Step: 54000  |  loss : 0.4648 | accuracy : 0.7704 | opt_sps : 17.8882  ]
[2026-08-17 03:28:27,620][__main__][INFO] - [RANK 0] [ Eval  | Step: 54000  |  loss : 0.4551 | accuracy : 0.7732 | eval_s : 1.8467  ]
[2026-08-17 03:28:55,544][__main__][INFO] - [RANK 0] [ Train | Step: 54500  |  loss : 0.4767 | accuracy : 0.7697 | opt_sps : 17.8883  ]
[2026-08-17 03:28:57,390][__main__][INFO] - [RANK 0] [ Eval  | Step: 54500  |  loss : 1.5357 | accuracy : 0.6681 | eval_s : 1.8449  ]
[2026-08-17 03:29:25,333][__main__][INFO] - [RANK 0] [ Train | Step: 55000  |  loss : 0.4934 | accuracy : 0.7665 | opt_sps : 17.8884  ]
[2026-08-17 03:29:27,179][__main__][INFO] - [RANK 0] [ Eval  | Step: 55000  |  loss : 0.4631 | accuracy : 0.7707 | eval_s : 1.8443  ]
[2026-08-17 03:29:55,108][__main__][INFO] - [RANK 0] [ Train | Step: 55500  |  loss : 0.5115 | accuracy : 0.7629 | opt_sps : 17.8885  ]
[2026-08-17 03:29:56,958][__main__][INFO] - [RANK 0] [ Eval  | Step: 55500  |  loss : 0.4647 | accuracy : 0.7701 | eval_s : 1.8490  ]
[2026-08-17 03:30:24,943][__main__][INFO] - [RANK 0] [ Train | Step: 56000  |  loss : 0.4659 | accuracy : 0.7730 | opt_sps : 17.8883  ]
[2026-08-17 03:30:26,791][__main__][INFO] - [RANK 0] [ Eval  | Step: 56000  |  loss : 0.4845 | accuracy : 0.7646 | eval_s : 1.8477  ]
[2026-08-17 03:30:54,705][__main__][INFO] - [RANK 0] [ Train | Step: 56500  |  loss : 0.4975 | accuracy : 0.7661 | opt_sps : 17.8885  ]
[2026-08-17 03:30:56,552][__main__][INFO] - [RANK 0] [ Eval  | Step: 56500  |  loss : 0.4848 | accuracy : 0.7640 | eval_s : 1.8468  ]
[2026-08-17 03:31:24,518][__main__][INFO] - [RANK 0] [ Train | Step: 57000  |  loss : 0.4927 | accuracy : 0.7652 | opt_sps : 17.8884  ]
[2026-08-17 03:31:26,364][__main__][INFO] - [RANK 0] [ Eval  | Step: 57000  |  loss : 0.4613 | accuracy : 0.7686 | eval_s : 1.8451  ]
[2026-08-17 03:31:54,325][__main__][INFO] - [RANK 0] [ Train | Step: 57500  |  loss : 0.5180 | accuracy : 0.7591 | opt_sps : 17.8884  ]
[2026-08-17 03:31:56,170][__main__][INFO] - [RANK 0] [ Eval  | Step: 57500  |  loss : 0.5651 | accuracy : 0.7328 | eval_s : 1.8445  ]
[2026-08-17 03:32:24,199][__main__][INFO] - [RANK 0] [ Train | Step: 58000  |  loss : 0.5688 | accuracy : 0.7201 | opt_sps : 17.8880  ]
[2026-08-17 03:32:26,045][__main__][INFO] - [RANK 0] [ Eval  | Step: 58000  |  loss : 0.4590 | accuracy : 0.7723 | eval_s : 1.8453  ]
[2026-08-17 03:32:54,063][__main__][INFO] - [RANK 0] [ Train | Step: 58500  |  loss : 0.4681 | accuracy : 0.7692 | opt_sps : 17.8876  ]
[2026-08-17 03:32:55,910][__main__][INFO] - [RANK 0] [ Eval  | Step: 58500  |  loss : 0.4556 | accuracy : 0.7689 | eval_s : 1.8465  ]
[2026-08-17 03:33:23,792][__main__][INFO] - [RANK 0] [ Train | Step: 59000  |  loss : 0.4768 | accuracy : 0.7673 | opt_sps : 17.8880  ]
[2026-08-17 03:33:25,641][__main__][INFO] - [RANK 0] [ Eval  | Step: 59000  |  loss : 0.4551 | accuracy : 0.7734 | eval_s : 1.8483  ]
[2026-08-17 03:33:53,539][__main__][INFO] - [RANK 0] [ Train | Step: 59500  |  loss : 0.4928 | accuracy : 0.7668 | opt_sps : 17.8883  ]
[2026-08-17 03:33:55,387][__main__][INFO] - [RANK 0] [ Eval  | Step: 59500  |  loss : 0.4637 | accuracy : 0.7697 | eval_s : 1.8465  ]
[2026-08-17 03:34:23,398][__main__][INFO] - [RANK 0] [ Train | Step: 60000  |  loss : 0.6201 | accuracy : 0.7211 | opt_sps : 17.8880  ]
[2026-08-17 03:34:25,243][__main__][INFO] - [RANK 0] [ Eval  | Step: 60000  |  loss : 0.6469 | accuracy : 0.6575 | eval_s : 1.8439  ]
[2026-08-17 03:34:53,222][__main__][INFO] - [RANK 0] [ Train | Step: 60500  |  loss : 0.6434 | accuracy : 0.6694 | opt_sps : 17.8878  ]
[2026-08-17 03:34:55,069][__main__][INFO] - [RANK 0] [ Eval  | Step: 60500  |  loss : 0.6345 | accuracy : 0.6871 | eval_s : 1.8460  ]
[2026-08-17 03:35:22,989][__main__][INFO] - [RANK 0] [ Train | Step: 61000  |  loss : 0.6210 | accuracy : 0.6935 | opt_sps : 17.8880  ]
[2026-08-17 03:35:24,837][__main__][INFO] - [RANK 0] [ Eval  | Step: 61000  |  loss : 0.5799 | accuracy : 0.7184 | eval_s : 1.8468  ]
[2026-08-17 03:35:52,760][__main__][INFO] - [RANK 0] [ Train | Step: 61500  |  loss : 0.5577 | accuracy : 0.7272 | opt_sps : 17.8881  ]
[2026-08-17 03:35:54,613][__main__][INFO] - [RANK 0] [ Eval  | Step: 61500  |  loss : 0.5372 | accuracy : 0.7396 | eval_s : 1.8523  ]
[2026-08-17 03:36:22,597][__main__][INFO] - [RANK 0] [ Train | Step: 62000  |  loss : 0.5299 | accuracy : 0.7413 | opt_sps : 17.8880  ]
[2026-08-17 03:36:24,446][__main__][INFO] - [RANK 0] [ Eval  | Step: 62000  |  loss : 0.5249 | accuracy : 0.7437 | eval_s : 1.8483  ]
[2026-08-17 03:36:52,407][__main__][INFO] - [RANK 0] [ Train | Step: 62500  |  loss : 0.5134 | accuracy : 0.7490 | opt_sps : 17.8879  ]
[2026-08-17 03:36:54,253][__main__][INFO] - [RANK 0] [ Eval  | Step: 62500  |  loss : 0.4997 | accuracy : 0.7563 | eval_s : 1.8455  ]
[2026-08-17 03:37:22,244][__main__][INFO] - [RANK 0] [ Train | Step: 63000  |  loss : 0.5004 | accuracy : 0.7557 | opt_sps : 17.8877  ]
[2026-08-17 03:37:24,094][__main__][INFO] - [RANK 0] [ Eval  | Step: 63000  |  loss : 0.5763 | accuracy : 0.7173 | eval_s : 1.8485  ]
[2026-08-17 03:37:52,095][__main__][INFO] - [RANK 0] [ Train | Step: 63500  |  loss : 0.4938 | accuracy : 0.7591 | opt_sps : 17.8875  ]
[2026-08-17 03:37:53,942][__main__][INFO] - [RANK 0] [ Eval  | Step: 63500  |  loss : 0.4990 | accuracy : 0.7581 | eval_s : 1.8464  ]
[2026-08-17 03:38:21,918][__main__][INFO] - [RANK 0] [ Train | Step: 64000  |  loss : 0.4917 | accuracy : 0.7600 | opt_sps : 17.8874  ]
[2026-08-17 03:38:23,764][__main__][INFO] - [RANK 0] [ Eval  | Step: 64000  |  loss : 0.4862 | accuracy : 0.7608 | eval_s : 1.8454  ]
[2026-08-17 03:38:51,783][__main__][INFO] - [RANK 0] [ Train | Step: 64500  |  loss : 0.4788 | accuracy : 0.7640 | opt_sps : 17.8870  ]
[2026-08-17 03:38:53,632][__main__][INFO] - [RANK 0] [ Eval  | Step: 64500  |  loss : 0.4913 | accuracy : 0.7537 | eval_s : 1.8486  ]
[2026-08-17 03:39:21,503][__main__][INFO] - [RANK 0] [ Train | Step: 65000  |  loss : 0.4728 | accuracy : 0.7664 | opt_sps : 17.8874  ]
[2026-08-17 03:39:23,356][__main__][INFO] - [RANK 0] [ Eval  | Step: 65000  |  loss : 0.4720 | accuracy : 0.7631 | eval_s : 1.8515  ]
[2026-08-17 03:39:51,339][__main__][INFO] - [RANK 0] [ Train | Step: 65500  |  loss : 0.4722 | accuracy : 0.7667 | opt_sps : 17.8873  ]
[2026-08-17 03:39:53,186][__main__][INFO] - [RANK 0] [ Eval  | Step: 65500  |  loss : 0.4719 | accuracy : 0.7681 | eval_s : 1.8461  ]
[2026-08-17 03:40:21,223][__main__][INFO] - [RANK 0] [ Train | Step: 66000  |  loss : 0.4697 | accuracy : 0.7686 | opt_sps : 17.8869  ]
[2026-08-17 03:40:23,069][__main__][INFO] - [RANK 0] [ Eval  | Step: 66000  |  loss : 0.5189 | accuracy : 0.7515 | eval_s : 1.8444  ]
[2026-08-17 03:40:51,083][__main__][INFO] - [RANK 0] [ Train | Step: 66500  |  loss : 0.4658 | accuracy : 0.7702 | opt_sps : 17.8866  ]
[2026-08-17 03:40:52,931][__main__][INFO] - [RANK 0] [ Eval  | Step: 66500  |  loss : 0.4766 | accuracy : 0.7668 | eval_s : 1.8464  ]
[2026-08-17 03:41:20,906][__main__][INFO] - [RANK 0] [ Train | Step: 67000  |  loss : 0.4620 | accuracy : 0.7710 | opt_sps : 17.8865  ]
[2026-08-17 03:41:22,752][__main__][INFO] - [RANK 0] [ Eval  | Step: 67000  |  loss : 0.4672 | accuracy : 0.7696 | eval_s : 1.8454  ]
[2026-08-17 03:41:50,657][__main__][INFO] - [RANK 0] [ Train | Step: 67500  |  loss : 0.4652 | accuracy : 0.7691 | opt_sps : 17.8867  ]
[2026-08-17 03:41:52,507][__main__][INFO] - [RANK 0] [ Eval  | Step: 67500  |  loss : 0.4712 | accuracy : 0.7693 | eval_s : 1.8484  ]
[2026-08-17 03:42:20,497][__main__][INFO] - [RANK 0] [ Train | Step: 68000  |  loss : 0.4615 | accuracy : 0.7723 | opt_sps : 17.8865  ]
[2026-08-17 03:42:22,350][__main__][INFO] - [RANK 0] [ Eval  | Step: 68000  |  loss : 0.4823 | accuracy : 0.7648 | eval_s : 1.8518  ]
[2026-08-17 03:42:50,302][__main__][INFO] - [RANK 0] [ Train | Step: 68500  |  loss : 0.4600 | accuracy : 0.7736 | opt_sps : 17.8865  ]
[2026-08-17 03:42:52,149][__main__][INFO] - [RANK 0] [ Eval  | Step: 68500  |  loss : 0.4649 | accuracy : 0.7713 | eval_s : 1.8460  ]
[2026-08-17 03:43:20,123][__main__][INFO] - [RANK 0] [ Train | Step: 69000  |  loss : 0.4589 | accuracy : 0.7720 | opt_sps : 17.8865  ]
[2026-08-17 03:43:21,972][__main__][INFO] - [RANK 0] [ Eval  | Step: 69000  |  loss : 0.4647 | accuracy : 0.7707 | eval_s : 1.8479  ]
[2026-08-17 03:43:49,972][__main__][INFO] - [RANK 0] [ Train | Step: 69500  |  loss : 0.4592 | accuracy : 0.7740 | opt_sps : 17.8862  ]
[2026-08-17 03:43:51,817][__main__][INFO] - [RANK 0] [ Eval  | Step: 69500  |  loss : 0.4671 | accuracy : 0.7705 | eval_s : 1.8446  ]
[2026-08-17 03:44:19,721][__main__][INFO] - [RANK 0] [ Train | Step: 70000  |  loss : 0.4594 | accuracy : 0.7734 | opt_sps : 17.8865  ]
[2026-08-17 03:44:21,572][__main__][INFO] - [RANK 0] [ Eval  | Step: 70000  |  loss : 0.4680 | accuracy : 0.7692 | eval_s : 1.8496  ]
[2026-08-17 03:44:49,465][__main__][INFO] - [RANK 0] [ Train | Step: 70500  |  loss : 0.4542 | accuracy : 0.7757 | opt_sps : 17.8868  ]
[2026-08-17 03:44:51,318][__main__][INFO] - [RANK 0] [ Eval  | Step: 70500  |  loss : 0.4650 | accuracy : 0.7719 | eval_s : 1.8515  ]
[2026-08-17 03:45:19,317][__main__][INFO] - [RANK 0] [ Train | Step: 71000  |  loss : 0.4546 | accuracy : 0.7745 | opt_sps : 17.8865  ]
[2026-08-17 03:45:21,165][__main__][INFO] - [RANK 0] [ Eval  | Step: 71000  |  loss : 0.4625 | accuracy : 0.7726 | eval_s : 1.8471  ]
[2026-08-17 03:45:49,094][__main__][INFO] - [RANK 0] [ Train | Step: 71500  |  loss : 0.4547 | accuracy : 0.7740 | opt_sps : 17.8867  ]
[2026-08-17 03:45:50,943][__main__][INFO] - [RANK 0] [ Eval  | Step: 71500  |  loss : 0.4653 | accuracy : 0.7719 | eval_s : 1.8472  ]
[2026-08-17 03:46:18,913][__main__][INFO] - [RANK 0] [ Train | Step: 72000  |  loss : 0.4556 | accuracy : 0.7731 | opt_sps : 17.8866  ]
[2026-08-17 03:46:20,761][__main__][INFO] - [RANK 0] [ Eval  | Step: 72000  |  loss : 0.4625 | accuracy : 0.7728 | eval_s : 1.8478  ]
[2026-08-17 03:46:48,700][__main__][INFO] - [RANK 0] [ Train | Step: 72500  |  loss : 0.4518 | accuracy : 0.7751 | opt_sps : 17.8867  ]
[2026-08-17 03:46:50,548][__main__][INFO] - [RANK 0] [ Eval  | Step: 72500  |  loss : 0.4638 | accuracy : 0.7714 | eval_s : 1.8467  ]
[2026-08-17 03:47:18,562][__main__][INFO] - [RANK 0] [ Train | Step: 73000  |  loss : 0.4558 | accuracy : 0.7742 | opt_sps : 17.8864  ]
[2026-08-17 03:47:20,409][__main__][INFO] - [RANK 0] [ Eval  | Step: 73000  |  loss : 0.4649 | accuracy : 0.7719 | eval_s : 1.8460  ]
[2026-08-17 03:47:48,371][__main__][INFO] - [RANK 0] [ Train | Step: 73500  |  loss : 0.4532 | accuracy : 0.7745 | opt_sps : 17.8864  ]
[2026-08-17 03:47:50,221][__main__][INFO] - [RANK 0] [ Eval  | Step: 73500  |  loss : 0.4620 | accuracy : 0.7717 | eval_s : 1.8490  ]
[2026-08-17 03:48:18,132][__main__][INFO] - [RANK 0] [ Train | Step: 74000  |  loss : 0.4545 | accuracy : 0.7750 | opt_sps : 17.8865  ]
[2026-08-17 03:48:19,981][__main__][INFO] - [RANK 0] [ Eval  | Step: 74000  |  loss : 0.4637 | accuracy : 0.7719 | eval_s : 1.8478  ]
[2026-08-17 03:48:47,941][__main__][INFO] - [RANK 0] [ Train | Step: 74500  |  loss : 0.4508 | accuracy : 0.7760 | opt_sps : 17.8865  ]
[2026-08-17 03:48:49,787][__main__][INFO] - [RANK 0] [ Eval  | Step: 74500  |  loss : 0.4611 | accuracy : 0.7721 | eval_s : 1.8457  ]
[2026-08-17 03:49:17,770][__main__][INFO] - [RANK 0] [ Train | Step: 75000  |  loss : 0.4538 | accuracy : 0.7758 | opt_sps : 17.8864  ]
[2026-08-17 03:49:19,617][__main__][INFO] - [RANK 0] [ Eval  | Step: 75000  |  loss : 0.4638 | accuracy : 0.7721 | eval_s : 1.8455  ]
[2026-08-17 03:49:47,561][__main__][INFO] - [RANK 0] [ Train | Step: 75500  |  loss : 0.4514 | accuracy : 0.7772 | opt_sps : 17.8864  ]
[2026-08-17 03:49:49,409][__main__][INFO] - [RANK 0] [ Eval  | Step: 75500  |  loss : 0.4646 | accuracy : 0.7714 | eval_s : 1.8465  ]
[2026-08-17 03:50:17,357][__main__][INFO] - [RANK 0] [ Train | Step: 76000  |  loss : 0.4534 | accuracy : 0.7773 | opt_sps : 17.8865  ]
[2026-08-17 03:50:19,206][__main__][INFO] - [RANK 0] [ Eval  | Step: 76000  |  loss : 0.4613 | accuracy : 0.7726 | eval_s : 1.8479  ]
[2026-08-17 03:50:47,164][__main__][INFO] - [RANK 0] [ Train | Step: 76500  |  loss : 0.4506 | accuracy : 0.7756 | opt_sps : 17.8864  ]
[2026-08-17 03:50:49,014][__main__][INFO] - [RANK 0] [ Eval  | Step: 76500  |  loss : 0.4597 | accuracy : 0.7750 | eval_s : 1.8484  ]
[2026-08-17 03:51:16,985][__main__][INFO] - [RANK 0] [ Train | Step: 77000  |  loss : 0.4540 | accuracy : 0.7748 | opt_sps : 17.8864  ]
[2026-08-17 03:51:18,835][__main__][INFO] - [RANK 0] [ Eval  | Step: 77000  |  loss : 0.4591 | accuracy : 0.7748 | eval_s : 1.8486  ]
[2026-08-17 03:51:46,742][__main__][INFO] - [RANK 0] [ Train | Step: 77500  |  loss : 0.4497 | accuracy : 0.7774 | opt_sps : 17.8866  ]
[2026-08-17 03:51:48,590][__main__][INFO] - [RANK 0] [ Eval  | Step: 77500  |  loss : 0.4611 | accuracy : 0.7732 | eval_s : 1.8467  ]
[2026-08-17 03:52:16,430][__main__][INFO] - [RANK 0] [ Train | Step: 78000  |  loss : 0.4517 | accuracy : 0.7749 | opt_sps : 17.8870  ]
[2026-08-17 03:52:18,275][__main__][INFO] - [RANK 0] [ Eval  | Step: 78000  |  loss : 0.4631 | accuracy : 0.7713 | eval_s : 1.8442  ]
[2026-08-17 03:52:46,175][__main__][INFO] - [RANK 0] [ Train | Step: 78500  |  loss : 0.4519 | accuracy : 0.7764 | opt_sps : 17.8872  ]
[2026-08-17 03:52:48,022][__main__][INFO] - [RANK 0] [ Eval  | Step: 78500  |  loss : 0.4593 | accuracy : 0.7744 | eval_s : 1.8456  ]
[2026-08-17 03:53:16,026][__main__][INFO] - [RANK 0] [ Train | Step: 79000  |  loss : 0.4493 | accuracy : 0.7773 | opt_sps : 17.8870  ]
[2026-08-17 03:53:17,874][__main__][INFO] - [RANK 0] [ Eval  | Step: 79000  |  loss : 0.4577 | accuracy : 0.7749 | eval_s : 1.8466  ]
[2026-08-17 03:53:45,796][__main__][INFO] - [RANK 0] [ Train | Step: 79500  |  loss : 0.4488 | accuracy : 0.7788 | opt_sps : 17.8872  ]
[2026-08-17 03:53:47,650][__main__][INFO] - [RANK 0] [ Eval  | Step: 79500  |  loss : 0.4580 | accuracy : 0.7742 | eval_s : 1.8524  ]
[2026-08-17 03:54:15,608][__main__][INFO] - [RANK 0] [ Train | Step: 80000  |  loss : 0.4488 | accuracy : 0.7777 | opt_sps : 17.8871  ]
[2026-08-17 03:54:17,458][__main__][INFO] - [RANK 0] [ Eval  | Step: 80000  |  loss : 0.4587 | accuracy : 0.7739 | eval_s : 1.8488  ]
[2026-08-17 03:54:45,428][__main__][INFO] - [RANK 0] [ Train | Step: 80500  |  loss : 0.4479 | accuracy : 0.7776 | opt_sps : 17.8871  ]
[2026-08-17 03:54:47,277][__main__][INFO] - [RANK 0] [ Eval  | Step: 80500  |  loss : 0.4580 | accuracy : 0.7725 | eval_s : 1.8483  ]
[2026-08-17 03:55:15,305][__main__][INFO] - [RANK 0] [ Train | Step: 81000  |  loss : 0.4480 | accuracy : 0.7776 | opt_sps : 17.8868  ]
[2026-08-17 03:55:17,151][__main__][INFO] - [RANK 0] [ Eval  | Step: 81000  |  loss : 0.4581 | accuracy : 0.7745 | eval_s : 1.8455  ]
[2026-08-17 03:55:45,110][__main__][INFO] - [RANK 0] [ Train | Step: 81500  |  loss : 0.4485 | accuracy : 0.7791 | opt_sps : 17.8868  ]
[2026-08-17 03:55:46,958][__main__][INFO] - [RANK 0] [ Eval  | Step: 81500  |  loss : 0.4629 | accuracy : 0.7729 | eval_s : 1.8464  ]
[2026-08-17 03:56:14,919][__main__][INFO] - [RANK 0] [ Train | Step: 82000  |  loss : 0.4494 | accuracy : 0.7780 | opt_sps : 17.8867  ]
[2026-08-17 03:56:16,766][__main__][INFO] - [RANK 0] [ Eval  | Step: 82000  |  loss : 0.4568 | accuracy : 0.7748 | eval_s : 1.8459  ]
[2026-08-17 03:56:44,794][__main__][INFO] - [RANK 0] [ Train | Step: 82500  |  loss : 0.4491 | accuracy : 0.7777 | opt_sps : 17.8864  ]
[2026-08-17 03:56:46,645][__main__][INFO] - [RANK 0] [ Eval  | Step: 82500  |  loss : 0.4573 | accuracy : 0.7748 | eval_s : 1.8493  ]
[2026-08-17 03:57:14,580][__main__][INFO] - [RANK 0] [ Train | Step: 83000  |  loss : 0.4492 | accuracy : 0.7767 | opt_sps : 17.8865  ]
[2026-08-17 03:57:16,432][__main__][INFO] - [RANK 0] [ Eval  | Step: 83000  |  loss : 0.4552 | accuracy : 0.7757 | eval_s : 1.8509  ]
[2026-08-17 03:57:44,318][__main__][INFO] - [RANK 0] [ Train | Step: 83500  |  loss : 0.4464 | accuracy : 0.7782 | opt_sps : 17.8868  ]
[2026-08-17 03:57:46,165][__main__][INFO] - [RANK 0] [ Eval  | Step: 83500  |  loss : 0.4566 | accuracy : 0.7741 | eval_s : 1.8457  ]
[2026-08-17 03:58:14,084][__main__][INFO] - [RANK 0] [ Train | Step: 84000  |  loss : 0.4458 | accuracy : 0.7775 | opt_sps : 17.8869  ]
[2026-08-17 03:58:15,933][__main__][INFO] - [RANK 0] [ Eval  | Step: 84000  |  loss : 0.4559 | accuracy : 0.7748 | eval_s : 1.8483  ]
[2026-08-17 03:58:43,865][__main__][INFO] - [RANK 0] [ Train | Step: 84500  |  loss : 0.4480 | accuracy : 0.7781 | opt_sps : 17.8870  ]
[2026-08-17 03:58:45,712][__main__][INFO] - [RANK 0] [ Eval  | Step: 84500  |  loss : 0.4570 | accuracy : 0.7736 | eval_s : 1.8459  ]
[2026-08-17 03:59:13,639][__main__][INFO] - [RANK 0] [ Train | Step: 85000  |  loss : 0.4465 | accuracy : 0.7773 | opt_sps : 17.8871  ]
[2026-08-17 03:59:15,490][__main__][INFO] - [RANK 0] [ Eval  | Step: 85000  |  loss : 0.4574 | accuracy : 0.7744 | eval_s : 1.8497  ]
[2026-08-17 03:59:43,484][__main__][INFO] - [RANK 0] [ Train | Step: 85500  |  loss : 0.4480 | accuracy : 0.7772 | opt_sps : 17.8869  ]
[2026-08-17 03:59:45,337][__main__][INFO] - [RANK 0] [ Eval  | Step: 85500  |  loss : 0.4559 | accuracy : 0.7753 | eval_s : 1.8512  ]
[2026-08-17 04:00:13,277][__main__][INFO] - [RANK 0] [ Train | Step: 86000  |  loss : 0.4469 | accuracy : 0.7779 | opt_sps : 17.8870  ]
[2026-08-17 04:00:15,127][__main__][INFO] - [RANK 0] [ Eval  | Step: 86000  |  loss : 0.4556 | accuracy : 0.7750 | eval_s : 1.8492  ]
[2026-08-17 04:00:43,162][__main__][INFO] - [RANK 0] [ Train | Step: 86500  |  loss : 0.4449 | accuracy : 0.7794 | opt_sps : 17.8867  ]
[2026-08-17 04:00:45,010][__main__][INFO] - [RANK 0] [ Eval  | Step: 86500  |  loss : 0.4568 | accuracy : 0.7756 | eval_s : 1.8471  ]
[2026-08-17 04:01:12,940][__main__][INFO] - [RANK 0] [ Train | Step: 87000  |  loss : 0.4465 | accuracy : 0.7799 | opt_sps : 17.8868  ]
[2026-08-17 04:01:14,787][__main__][INFO] - [RANK 0] [ Eval  | Step: 87000  |  loss : 0.4573 | accuracy : 0.7753 | eval_s : 1.8461  ]
[2026-08-17 04:01:42,848][__main__][INFO] - [RANK 0] [ Train | Step: 87500  |  loss : 0.4470 | accuracy : 0.7797 | opt_sps : 17.8864  ]
[2026-08-17 04:01:44,695][__main__][INFO] - [RANK 0] [ Eval  | Step: 87500  |  loss : 0.4564 | accuracy : 0.7750 | eval_s : 1.8468  ]
[2026-08-17 04:02:12,703][__main__][INFO] - [RANK 0] [ Train | Step: 88000  |  loss : 0.4463 | accuracy : 0.7785 | opt_sps : 17.8862  ]
[2026-08-17 04:02:14,553][__main__][INFO] - [RANK 0] [ Eval  | Step: 88000  |  loss : 0.4556 | accuracy : 0.7757 | eval_s : 1.8485  ]
[2026-08-17 04:02:42,611][__main__][INFO] - [RANK 0] [ Train | Step: 88500  |  loss : 0.4449 | accuracy : 0.7793 | opt_sps : 17.8858  ]
[2026-08-17 04:02:44,464][__main__][INFO] - [RANK 0] [ Eval  | Step: 88500  |  loss : 0.4586 | accuracy : 0.7749 | eval_s : 1.8514  ]
[2026-08-17 04:03:12,383][__main__][INFO] - [RANK 0] [ Train | Step: 89000  |  loss : 0.4470 | accuracy : 0.7786 | opt_sps : 17.8859  ]
[2026-08-17 04:03:14,235][__main__][INFO] - [RANK 0] [ Eval  | Step: 89000  |  loss : 0.4571 | accuracy : 0.7756 | eval_s : 1.8509  ]
[2026-08-17 04:03:42,191][__main__][INFO] - [RANK 0] [ Train | Step: 89500  |  loss : 0.4464 | accuracy : 0.7778 | opt_sps : 17.8859  ]
[2026-08-17 04:03:44,037][__main__][INFO] - [RANK 0] [ Eval  | Step: 89500  |  loss : 0.4555 | accuracy : 0.7755 | eval_s : 1.8454  ]
[2026-08-17 04:04:11,987][__main__][INFO] - [RANK 0] [ Train | Step: 90000  |  loss : 0.4429 | accuracy : 0.7810 | opt_sps : 17.8859  ]
[2026-08-17 04:04:13,833][__main__][INFO] - [RANK 0] [ Eval  | Step: 90000  |  loss : 0.4554 | accuracy : 0.7755 | eval_s : 1.8449  ]
[2026-08-17 04:04:41,828][__main__][INFO] - [RANK 0] [ Train | Step: 90500  |  loss : 0.4467 | accuracy : 0.7780 | opt_sps : 17.8858  ]
[2026-08-17 04:04:43,675][__main__][INFO] - [RANK 0] [ Eval  | Step: 90500  |  loss : 0.4561 | accuracy : 0.7749 | eval_s : 1.8467  ]
[2026-08-17 04:05:11,636][__main__][INFO] - [RANK 0] [ Train | Step: 91000  |  loss : 0.4434 | accuracy : 0.7806 | opt_sps : 17.8858  ]
[2026-08-17 04:05:13,484][__main__][INFO] - [RANK 0] [ Eval  | Step: 91000  |  loss : 0.4559 | accuracy : 0.7755 | eval_s : 1.8470  ]
[2026-08-17 04:05:41,472][__main__][INFO] - [RANK 0] [ Train | Step: 91500  |  loss : 0.4471 | accuracy : 0.7784 | opt_sps : 17.8857  ]
[2026-08-17 04:05:43,321][__main__][INFO] - [RANK 0] [ Eval  | Step: 91500  |  loss : 0.4559 | accuracy : 0.7755 | eval_s : 1.8472  ]
[2026-08-17 04:06:11,255][__main__][INFO] - [RANK 0] [ Train | Step: 92000  |  loss : 0.4470 | accuracy : 0.7772 | opt_sps : 17.8857  ]
[2026-08-17 04:06:13,106][__main__][INFO] - [RANK 0] [ Eval  | Step: 92000  |  loss : 0.4555 | accuracy : 0.7755 | eval_s : 1.8500  ]
[2026-08-17 04:06:40,975][__main__][INFO] - [RANK 0] [ Train | Step: 92500  |  loss : 0.4458 | accuracy : 0.7782 | opt_sps : 17.8860  ]
[2026-08-17 04:06:42,826][__main__][INFO] - [RANK 0] [ Eval  | Step: 92500  |  loss : 0.4560 | accuracy : 0.7760 | eval_s : 1.8492  ]
[2026-08-17 04:07:10,804][__main__][INFO] - [RANK 0] [ Train | Step: 93000  |  loss : 0.4423 | accuracy : 0.7806 | opt_sps : 17.8860  ]
[2026-08-17 04:07:12,651][__main__][INFO] - [RANK 0] [ Eval  | Step: 93000  |  loss : 0.4552 | accuracy : 0.7758 | eval_s : 1.8464  ]
[2026-08-17 04:07:40,649][__main__][INFO] - [RANK 0] [ Train | Step: 93500  |  loss : 0.4460 | accuracy : 0.7791 | opt_sps : 17.8858  ]
[2026-08-17 04:07:42,495][__main__][INFO] - [RANK 0] [ Eval  | Step: 93500  |  loss : 0.4553 | accuracy : 0.7756 | eval_s : 1.8451  ]
[2026-08-17 04:08:10,419][__main__][INFO] - [RANK 0] [ Train | Step: 94000  |  loss : 0.4464 | accuracy : 0.7791 | opt_sps : 17.8859  ]
[2026-08-17 04:08:12,267][__main__][INFO] - [RANK 0] [ Eval  | Step: 94000  |  loss : 0.4560 | accuracy : 0.7758 | eval_s : 1.8463  ]
[2026-08-17 04:08:40,196][__main__][INFO] - [RANK 0] [ Train | Step: 94500  |  loss : 0.4459 | accuracy : 0.7792 | opt_sps : 17.8860  ]
[2026-08-17 04:08:42,046][__main__][INFO] - [RANK 0] [ Eval  | Step: 94500  |  loss : 0.4554 | accuracy : 0.7756 | eval_s : 1.8494  ]
[2026-08-17 04:09:09,983][__main__][INFO] - [RANK 0] [ Train | Step: 95000  |  loss : 0.4455 | accuracy : 0.7785 | opt_sps : 17.8861  ]
[2026-08-17 04:09:11,832][__main__][INFO] - [RANK 0] [ Eval  | Step: 95000  |  loss : 0.4553 | accuracy : 0.7761 | eval_s : 1.8478  ]
[2026-08-17 04:09:39,768][__main__][INFO] - [RANK 0] [ Train | Step: 95500  |  loss : 0.4440 | accuracy : 0.7799 | opt_sps : 17.8861  ]
[2026-08-17 04:09:41,614][__main__][INFO] - [RANK 0] [ Eval  | Step: 95500  |  loss : 0.4552 | accuracy : 0.7763 | eval_s : 1.8452  ]
[2026-08-17 04:10:09,586][__main__][INFO] - [RANK 0] [ Train | Step: 96000  |  loss : 0.4443 | accuracy : 0.7785 | opt_sps : 17.8861  ]
[2026-08-17 04:10:11,435][__main__][INFO] - [RANK 0] [ Eval  | Step: 96000  |  loss : 0.4553 | accuracy : 0.7760 | eval_s : 1.8484  ]
[2026-08-17 04:10:39,461][__main__][INFO] - [RANK 0] [ Train | Step: 96500  |  loss : 0.4444 | accuracy : 0.7785 | opt_sps : 17.8858  ]
[2026-08-17 04:10:41,306][__main__][INFO] - [RANK 0] [ Eval  | Step: 96500  |  loss : 0.4557 | accuracy : 0.7761 | eval_s : 1.8447  ]
[2026-08-17 04:11:09,257][__main__][INFO] - [RANK 0] [ Train | Step: 97000  |  loss : 0.4455 | accuracy : 0.7789 | opt_sps : 17.8858  ]
[2026-08-17 04:11:11,106][__main__][INFO] - [RANK 0] [ Eval  | Step: 97000  |  loss : 0.4555 | accuracy : 0.7761 | eval_s : 1.8483  ]
[2026-08-17 04:11:38,991][__main__][INFO] - [RANK 0] [ Train | Step: 97500  |  loss : 0.4405 | accuracy : 0.7816 | opt_sps : 17.8861  ]
[2026-08-17 04:11:40,845][__main__][INFO] - [RANK 0] [ Eval  | Step: 97500  |  loss : 0.4556 | accuracy : 0.7759 | eval_s : 1.8530  ]
[2026-08-17 04:12:08,756][__main__][INFO] - [RANK 0] [ Train | Step: 98000  |  loss : 0.4419 | accuracy : 0.7823 | opt_sps : 17.8862  ]
[2026-08-17 04:12:10,607][__main__][INFO] - [RANK 0] [ Eval  | Step: 98000  |  loss : 0.4554 | accuracy : 0.7761 | eval_s : 1.8492  ]
[2026-08-17 04:12:38,558][__main__][INFO] - [RANK 0] [ Train | Step: 98500  |  loss : 0.4443 | accuracy : 0.7795 | opt_sps : 17.8862  ]
[2026-08-17 04:12:40,404][__main__][INFO] - [RANK 0] [ Eval  | Step: 98500  |  loss : 0.4553 | accuracy : 0.7759 | eval_s : 1.8454  ]
[2026-08-17 04:13:08,374][__main__][INFO] - [RANK 0] [ Train | Step: 99000  |  loss : 0.4467 | accuracy : 0.7776 | opt_sps : 17.8862  ]
[2026-08-17 04:13:10,221][__main__][INFO] - [RANK 0] [ Eval  | Step: 99000  |  loss : 0.4554 | accuracy : 0.7761 | eval_s : 1.8467  ]
[2026-08-17 04:13:38,103][__main__][INFO] - [RANK 0] [ Train | Step: 99500  |  loss : 0.4472 | accuracy : 0.7764 | opt_sps : 17.8864  ]
[2026-08-17 04:13:39,950][__main__][INFO] - [RANK 0] [ Eval  | Step: 99500  |  loss : 0.4553 | accuracy : 0.7757 | eval_s : 1.8462  ]
[2026-08-17 04:14:07,825][__main__][INFO] - [RANK 0] [ Train | Step: 100000 |  loss : 0.4431 | accuracy : 0.7802 | opt_sps : 17.8867  ]
[2026-08-17 04:14:09,673][__main__][INFO] - [RANK 0] [ Eval  | Step: 100000 |  loss : 0.4553 | accuracy : 0.7756 | eval_s : 1.8467  ]
[2026-08-17 04:14:09,676][__main__][INFO] - [RANK 0] loading best model
[2026-08-17 04:14:09,684][__main__][INFO] - [RANK 0] [Eval  | Summary |  best_loss : 0.4542 | best_step : 47500.0000 ]
[2026-08-17 04:14:11,530][__main__][INFO] - [RANK 0] [Test  | Summary |  loss/cross_entropy : 0.4494 | loss/loss : 0.4494 | callbacks/accuracy : 0.7734 | callbacks/non_relational_accuracy : 0.9991 | callbacks/binary_accuracy : 0.7925 | callbacks/ternary_accuracy : 0.5287 | callbacks/query_shape_accuracy : 0.9989 | callbacks/left_of_centre_accuracy : 0.9991 | callbacks/top_half_accuracy : 0.9994 | callbacks/closest_shape_accuracy : 0.6710 | callbacks/furthest_shape_accuracy : 0.7167 | callbacks/count_same_shape_accuracy : 0.9966 | callbacks/count_in_box_accuracy : 0.6965 | callbacks/on_band_accuracy : 0.4816 | callbacks/count_obtuse_accuracy : 0.4052 | timing/eval_s : 1.8451 ]
wandb: updating run metadata
wandb: uploading output.log; uploading wandb-summary.json; uploading config.yaml
wandb: uploading history steps 198-199, summary, console lines 500-504
wandb: 
wandb: Run history:
wandb:                  eval_callbacks/accuracy ▁▆▅▆▇▇████▇▇▇▅▆█▇██████▆▇███████████████
wandb:           eval_callbacks/binary_accuracy ▁▃▆▆▇█▇▇▆▅▂▆████████▇▅█▂▅███████████████
wandb:    eval_callbacks/closest_shape_accuracy ▁▅▇▇█▆██▄▆▇▆▄█▇███████▅▆▇██▇████████████
wandb:     eval_callbacks/count_in_box_accuracy ▁▁▁▁▁▁▁▁▁▁▁▁▁▁▁▁▁▁▁▁▁▁▁▁▁▁▁▁▁▁▁▁▁▁▁▁▁▁▁▁
wandb:     eval_callbacks/count_obtuse_accuracy ▁▁▁▁▁▁▁▁▁▁▁▁▁▁▁▁▁▁▁▁▁▁▁▁▁▁▁▁▁▁▁▁▁▁▁▁▁▁▁▁
wandb: eval_callbacks/count_same_shape_accuracy ▂▃▆▆███▇▁▇█▅▁▁▇████████▇▄▃▇▇████████████
wandb:   eval_callbacks/furthest_shape_accuracy ▃▅▆▇▇▇▇▇▇▆▇▅▂▆▇▇▇▇▇▇▁▅▇▇▇▇██████████████
wandb:   eval_callbacks/left_of_centre_accuracy ▁███████████████████████████████████████
wandb:   eval_callbacks/non_relational_accuracy ▁▂██████████████████████████████████████
wandb:          eval_callbacks/on_band_accuracy ▂▇▁█▁▁▁█▂████▁▁█▁█████████████▇█████████
wandb:                                      +24 ...
wandb: 
wandb: Run summary:
wandb:                           eval/best_loss 0.45416
wandb:                           eval/best_step 47500
wandb:                  eval_callbacks/accuracy 0.77563
wandb:           eval_callbacks/binary_accuracy 0.79576
wandb:    eval_callbacks/closest_shape_accuracy 0.67576
wandb:     eval_callbacks/count_in_box_accuracy 0.68622
wandb:     eval_callbacks/count_obtuse_accuracy 0.39547
wandb: eval_callbacks/count_same_shape_accuracy 0.98721
wandb:   eval_callbacks/furthest_shape_accuracy 0.72812
wandb:   eval_callbacks/left_of_centre_accuracy 1.0
wandb:                                      +42 ...
wandb: 
wandb: 🚀 View run sort_of_clevr/transformer::multirun::2026-08-16_23-30-31::4 at: https://wandb.ai/niks_priv/sort_of_clevr/runs/kl8gf87c
wandb: ⭐️ View project at: https://wandb.ai/niks_priv/sort_of_clevr
wandb: Synced 5 W&B file(s), 0 media file(s), 0 artifact file(s) and 0 other file(s)
wandb: Find logs at: ./outputs/sort_of_clevr/multirun/2026-08-16_23-30-31/4/wandb/run-20260817_023448-kl8gf87c/logs
[2026-08-17 04:14:12,625][HYDRA] 	#5 : model.hidden_dim=384 model.n_layers=8 train.seed=0 task=sort_of_clevr experiment=sort_of_clevr/baselines/transformer_scale
wandb: setting up run as6njqbw
wandb: Tracking run with wandb version 0.27.2
wandb: Run data is saved locally in /home/nik/workspace/ImperialWork/msc_project/SyncNetProject/outputs/sort_of_clevr/multirun/2026-08-16_23-30-31/5/wandb/run-20260817_041414-as6njqbw
wandb: Run `wandb offline` to turn off syncing.
wandb: Syncing run sort_of_clevr/transformer::multirun::2026-08-16_23-30-31::5
wandb: ⭐️ View project at https://wandb.ai/niks_priv/sort_of_clevr
wandb: 🚀 View run at https://wandb.ai/niks_priv/sort_of_clevr/runs/as6njqbw
[2026-08-17 04:14:15,648][__main__][INFO] - [RANK 0] Starting training
[2026-08-17 04:14:15,648][__main__][INFO] - [RANK 0] Model: SortOfClevrTransformer
[2026-08-17 04:14:15,649][__main__][INFO] - [RANK 0] Parameters: total=14408266
[2026-08-17 04:14:15,651][__main__][INFO] - [RANK 0] Config:
train:
  seed: 0
  n_steps: 100000
  train_bs: 256
  val_bs: 1024
  early_stop_metric: loss
  early_stop_big_is_better: false
  early_stop_patience: 1000000
  early_stop_min_delta: 0.0
  mixed_precision: bf16
  compile_model: true
  grad_accum: 1
  grad_clip: 1.0
  loader_mode: gpu_cached
  num_workers: 0
logging:
  eval_log_interval: 500
  train_log_interval: 500
  info_metrics:
  - loss
  - accuracy
  save_best: true
wandb:
  enabled: true
  project_name: sort_of_clevr
  entity: niks_priv
  tags: []
  run_name: null
optim:
  optimiser: adamw
  lr: 0.0003
  weight_decay: 0.01
  lr_scheduler: warmup_cosine
  lr_scheduler_params:
    warmup_steps: 2000
dataset:
  name: sort_of_clevr
  root: ./data
  dir: sort_of_clevr-seed1-train36000-test1000-img75-obj5-q10-t-1
  seed: 1
  train_size: 36000
  test_size: 1000
  img_size: 75
  obj_size: 5
  nb_questions: 10
  t_subtype: -1
model:
  name: sort_of_clevr_transformer
  patch_emb_dim: 96
  patch_size: 5
  hidden_dim: 384
  n_heads: 4
  n_layers: 8
  ffn_mult: 4
  dropout: 0.0
  pos_enc: learnt_2d
  q_conditioning: film
  share_layer_weights: false
callbacks:
- name: accuracy
- name: qtype_accuracy
- name: subtype_accuracy

[2026-08-17 04:14:15,651][__main__][INFO] - [RANK 0] Full model:
SortOfClevrTransformer(
  (inner): VQATransformer(
    (q_encoder): IdentityQuestionEncoder()
    (encoder): PatchifyEncoder(
      (patchify): Conv2d(3, 96, kernel_size=(5, 5), stride=(5, 5))
    )
    (tok_proj): Linear(in_features=96, out_features=384, bias=True)
    (film_gamma): Linear(in_features=18, out_features=96, bias=True)
    (film_beta): Linear(in_features=18, out_features=96, bias=True)
    (pos_enc): PositionalEncoder2D()
    (transformer): TransformerEncoder(
      (layers): ModuleList(
        (0-7): 8 x TransformerEncoderLayer(
          (self_attn): MultiheadAttention(
            (out_proj): NonDynamicallyQuantizableLinear(in_features=384, out_features=384, bias=True)
          )
          (linear1): Linear(in_features=384, out_features=1536, bias=True)
          (dropout): Dropout(p=0.0, inplace=False)
          (linear2): Linear(in_features=1536, out_features=384, bias=True)
          (norm1): LayerNorm((384,), eps=1e-05, elementwise_affine=True, bias=True)
          (norm2): LayerNorm((384,), eps=1e-05, elementwise_affine=True, bias=True)
          (dropout1): Dropout(p=0.0, inplace=False)
          (dropout2): Dropout(p=0.0, inplace=False)
        )
      )
    )
    (head): Sequential(
      (0): LayerNorm((384,), eps=1e-05, elementwise_affine=True, bias=True)
      (1): Linear(in_features=384, out_features=384, bias=True)
      (2): GELU(approximate='none')
      (3): Linear(in_features=384, out_features=10, bias=True)
    )
  )
)
[2026-08-17 04:15:09,895][__main__][INFO] - [RANK 0] [ Train | Step: 500    |  loss : 1.1076 | accuracy : 0.4504 | opt_sps : 9.2178  ]
[2026-08-17 04:15:13,472][__main__][INFO] - [RANK 0] [ Eval  | Step: 500    |  loss : 0.8814 | accuracy : 0.5111 | eval_s : 3.5757  ]
[2026-08-17 04:16:07,713][__main__][INFO] - [RANK 0] [ Train | Step: 1000   |  loss : 0.8790 | accuracy : 0.5055 | opt_sps : 9.2188  ]
[2026-08-17 04:16:11,288][__main__][INFO] - [RANK 0] [ Eval  | Step: 1000   |  loss : 0.8738 | accuracy : 0.5152 | eval_s : 3.5739  ]
[2026-08-17 04:17:05,593][__main__][INFO] - [RANK 0] [ Train | Step: 1500   |  loss : 0.8729 | accuracy : 0.5140 | opt_sps : 9.2154  ]
[2026-08-17 04:17:09,169][__main__][INFO] - [RANK 0] [ Eval  | Step: 1500   |  loss : 0.8709 | accuracy : 0.5206 | eval_s : 3.5749  ]
[2026-08-17 04:18:03,511][__main__][INFO] - [RANK 0] [ Train | Step: 2000   |  loss : 0.8728 | accuracy : 0.5161 | opt_sps : 9.2122  ]
[2026-08-17 04:18:07,085][__main__][INFO] - [RANK 0] [ Eval  | Step: 2000   |  loss : 0.8848 | accuracy : 0.4896 | eval_s : 3.5736  ]
[2026-08-17 04:19:01,373][__main__][INFO] - [RANK 0] [ Train | Step: 2500   |  loss : 0.8686 | accuracy : 0.5194 | opt_sps : 9.2118  ]
[2026-08-17 04:19:04,952][__main__][INFO] - [RANK 0] [ Eval  | Step: 2500   |  loss : 0.8518 | accuracy : 0.5361 | eval_s : 3.5773  ]
[2026-08-17 04:19:59,264][__main__][INFO] - [RANK 0] [ Train | Step: 3000   |  loss : 0.8590 | accuracy : 0.5263 | opt_sps : 9.2111  ]
[2026-08-17 04:20:02,842][__main__][INFO] - [RANK 0] [ Eval  | Step: 3000   |  loss : 0.8551 | accuracy : 0.5325 | eval_s : 3.5770  ]
[2026-08-17 04:20:57,145][__main__][INFO] - [RANK 0] [ Train | Step: 3500   |  loss : 0.8308 | accuracy : 0.5468 | opt_sps : 9.2106  ]
[2026-08-17 04:21:00,727][__main__][INFO] - [RANK 0] [ Eval  | Step: 3500   |  loss : 0.8296 | accuracy : 0.5471 | eval_s : 3.5800  ]
[2026-08-17 04:21:55,056][__main__][INFO] - [RANK 0] [ Train | Step: 4000   |  loss : 0.7803 | accuracy : 0.5936 | opt_sps : 9.2098  ]
[2026-08-17 04:21:58,636][__main__][INFO] - [RANK 0] [ Eval  | Step: 4000   |  loss : 0.6741 | accuracy : 0.6668 | eval_s : 3.5791  ]
[2026-08-17 04:22:52,956][__main__][INFO] - [RANK 0] [ Train | Step: 4500   |  loss : 0.6618 | accuracy : 0.6746 | opt_sps : 9.2094  ]
[2026-08-17 04:22:56,538][__main__][INFO] - [RANK 0] [ Eval  | Step: 4500   |  loss : 0.6532 | accuracy : 0.6713 | eval_s : 3.5807  ]
[2026-08-17 04:23:50,856][__main__][INFO] - [RANK 0] [ Train | Step: 5000   |  loss : 0.6466 | accuracy : 0.6812 | opt_sps : 9.2092  ]
[2026-08-17 04:23:54,434][__main__][INFO] - [RANK 0] [ Eval  | Step: 5000   |  loss : 0.6538 | accuracy : 0.6705 | eval_s : 3.5773  ]
[2026-08-17 04:24:48,718][__main__][INFO] - [RANK 0] [ Train | Step: 5500   |  loss : 0.6336 | accuracy : 0.6872 | opt_sps : 9.2093  ]
[2026-08-17 04:24:52,298][__main__][INFO] - [RANK 0] [ Eval  | Step: 5500   |  loss : 0.6323 | accuracy : 0.6777 | eval_s : 3.5791  ]
[2026-08-17 04:25:46,649][__main__][INFO] - [RANK 0] [ Train | Step: 6000   |  loss : 0.6247 | accuracy : 0.6916 | opt_sps : 9.2086  ]
[2026-08-17 04:25:50,226][__main__][INFO] - [RANK 0] [ Eval  | Step: 6000   |  loss : 0.6117 | accuracy : 0.7000 | eval_s : 3.5757  ]
[2026-08-17 04:26:44,533][__main__][INFO] - [RANK 0] [ Train | Step: 6500   |  loss : 0.6028 | accuracy : 0.7025 | opt_sps : 9.2086  ]
[2026-08-17 04:26:48,112][__main__][INFO] - [RANK 0] [ Eval  | Step: 6500   |  loss : 0.6274 | accuracy : 0.6907 | eval_s : 3.5776  ]
[2026-08-17 04:27:42,383][__main__][INFO] - [RANK 0] [ Train | Step: 7000   |  loss : 0.5941 | accuracy : 0.7075 | opt_sps : 9.2089  ]
[2026-08-17 04:27:45,964][__main__][INFO] - [RANK 0] [ Eval  | Step: 7000   |  loss : 0.5833 | accuracy : 0.7113 | eval_s : 3.5804  ]
[2026-08-17 04:28:40,334][__main__][INFO] - [RANK 0] [ Train | Step: 7500   |  loss : 0.5844 | accuracy : 0.7128 | opt_sps : 9.2082  ]
[2026-08-17 04:28:43,909][__main__][INFO] - [RANK 0] [ Eval  | Step: 7500   |  loss : 0.5460 | accuracy : 0.7272 | eval_s : 3.5739  ]
[2026-08-17 04:29:38,179][__main__][INFO] - [RANK 0] [ Train | Step: 8000   |  loss : 0.5495 | accuracy : 0.7318 | opt_sps : 9.2086  ]
[2026-08-17 04:29:41,761][__main__][INFO] - [RANK 0] [ Eval  | Step: 8000   |  loss : 0.5342 | accuracy : 0.7345 | eval_s : 3.5810  ]
[2026-08-17 04:30:36,040][__main__][INFO] - [RANK 0] [ Train | Step: 8500   |  loss : 0.5440 | accuracy : 0.7341 | opt_sps : 9.2088  ]
[2026-08-17 04:30:39,617][__main__][INFO] - [RANK 0] [ Eval  | Step: 8500   |  loss : 0.5140 | accuracy : 0.7479 | eval_s : 3.5762  ]
[2026-08-17 04:31:33,869][__main__][INFO] - [RANK 0] [ Train | Step: 9000   |  loss : 0.5318 | accuracy : 0.7390 | opt_sps : 9.2093  ]
[2026-08-17 04:31:37,449][__main__][INFO] - [RANK 0] [ Eval  | Step: 9000   |  loss : 0.5147 | accuracy : 0.7438 | eval_s : 3.5789  ]
[2026-08-17 04:32:31,733][__main__][INFO] - [RANK 0] [ Train | Step: 9500   |  loss : 0.5277 | accuracy : 0.7419 | opt_sps : 9.2094  ]
[2026-08-17 04:32:35,311][__main__][INFO] - [RANK 0] [ Eval  | Step: 9500   |  loss : 0.5478 | accuracy : 0.7279 | eval_s : 3.5767  ]
[2026-08-17 04:33:29,585][__main__][INFO] - [RANK 0] [ Train | Step: 10000  |  loss : 0.5148 | accuracy : 0.7454 | opt_sps : 9.2096  ]
[2026-08-17 04:33:33,166][__main__][INFO] - [RANK 0] [ Eval  | Step: 10000  |  loss : 0.5027 | accuracy : 0.7517 | eval_s : 3.5800  ]
[2026-08-17 04:34:27,504][__main__][INFO] - [RANK 0] [ Train | Step: 10500  |  loss : 0.5059 | accuracy : 0.7516 | opt_sps : 9.2093  ]
[2026-08-17 04:34:31,085][__main__][INFO] - [RANK 0] [ Eval  | Step: 10500  |  loss : 0.5547 | accuracy : 0.7248 | eval_s : 3.5794  ]
[2026-08-17 04:35:25,336][__main__][INFO] - [RANK 0] [ Train | Step: 11000  |  loss : 0.5052 | accuracy : 0.7526 | opt_sps : 9.2096  ]
[2026-08-17 04:35:28,917][__main__][INFO] - [RANK 0] [ Eval  | Step: 11000  |  loss : 0.4851 | accuracy : 0.7618 | eval_s : 3.5801  ]
[2026-08-17 04:36:23,219][__main__][INFO] - [RANK 0] [ Train | Step: 11500  |  loss : 0.4993 | accuracy : 0.7544 | opt_sps : 9.2096  ]
[2026-08-17 04:36:26,798][__main__][INFO] - [RANK 0] [ Eval  | Step: 11500  |  loss : 0.4899 | accuracy : 0.7596 | eval_s : 3.5772  ]
[2026-08-17 04:37:21,116][__main__][INFO] - [RANK 0] [ Train | Step: 12000  |  loss : 0.4939 | accuracy : 0.7570 | opt_sps : 9.2094  ]
[2026-08-17 04:37:24,696][__main__][INFO] - [RANK 0] [ Eval  | Step: 12000  |  loss : 0.4803 | accuracy : 0.7627 | eval_s : 3.5788  ]
[2026-08-17 04:38:18,984][__main__][INFO] - [RANK 0] [ Train | Step: 12500  |  loss : 0.4937 | accuracy : 0.7568 | opt_sps : 9.2095  ]
[2026-08-17 04:38:22,563][__main__][INFO] - [RANK 0] [ Eval  | Step: 12500  |  loss : 0.5027 | accuracy : 0.7504 | eval_s : 3.5780  ]
[2026-08-17 04:39:16,878][__main__][INFO] - [RANK 0] [ Train | Step: 13000  |  loss : 0.4911 | accuracy : 0.7603 | opt_sps : 9.2093  ]
[2026-08-17 04:39:20,459][__main__][INFO] - [RANK 0] [ Eval  | Step: 13000  |  loss : 0.4745 | accuracy : 0.7683 | eval_s : 3.5801  ]
[2026-08-17 04:40:14,761][__main__][INFO] - [RANK 0] [ Train | Step: 13500  |  loss : 0.4849 | accuracy : 0.7621 | opt_sps : 9.2093  ]
[2026-08-17 04:40:18,340][__main__][INFO] - [RANK 0] [ Eval  | Step: 13500  |  loss : 0.4849 | accuracy : 0.7622 | eval_s : 3.5784  ]
[2026-08-17 04:41:12,627][__main__][INFO] - [RANK 0] [ Train | Step: 14000  |  loss : 0.4854 | accuracy : 0.7597 | opt_sps : 9.2094  ]
[2026-08-17 04:41:16,207][__main__][INFO] - [RANK 0] [ Eval  | Step: 14000  |  loss : 0.4852 | accuracy : 0.7555 | eval_s : 3.5791  ]
[2026-08-17 04:42:10,516][__main__][INFO] - [RANK 0] [ Train | Step: 14500  |  loss : 0.4881 | accuracy : 0.7607 | opt_sps : 9.2093  ]
[2026-08-17 04:42:14,100][__main__][INFO] - [RANK 0] [ Eval  | Step: 14500  |  loss : 0.4672 | accuracy : 0.7697 | eval_s : 3.5824  ]
[2026-08-17 04:43:08,423][__main__][INFO] - [RANK 0] [ Train | Step: 15000  |  loss : 0.4786 | accuracy : 0.7633 | opt_sps : 9.2091  ]
[2026-08-17 04:43:12,001][__main__][INFO] - [RANK 0] [ Eval  | Step: 15000  |  loss : 0.4782 | accuracy : 0.7659 | eval_s : 3.5764  ]
[2026-08-17 04:44:06,302][__main__][INFO] - [RANK 0] [ Train | Step: 15500  |  loss : 0.4799 | accuracy : 0.7635 | opt_sps : 9.2091  ]
[2026-08-17 04:44:09,881][__main__][INFO] - [RANK 0] [ Eval  | Step: 15500  |  loss : 0.4732 | accuracy : 0.7639 | eval_s : 3.5777  ]
[2026-08-17 04:45:04,171][__main__][INFO] - [RANK 0] [ Train | Step: 16000  |  loss : 0.4763 | accuracy : 0.7636 | opt_sps : 9.2091  ]
[2026-08-17 04:45:07,752][__main__][INFO] - [RANK 0] [ Eval  | Step: 16000  |  loss : 0.4764 | accuracy : 0.7609 | eval_s : 3.5800  ]
[2026-08-17 04:46:02,084][__main__][INFO] - [RANK 0] [ Train | Step: 16500  |  loss : 0.4741 | accuracy : 0.7658 | opt_sps : 9.2089  ]
[2026-08-17 04:46:05,665][__main__][INFO] - [RANK 0] [ Eval  | Step: 16500  |  loss : 0.5015 | accuracy : 0.7483 | eval_s : 3.5801  ]
[2026-08-17 04:47:00,008][__main__][INFO] - [RANK 0] [ Train | Step: 17000  |  loss : 0.4751 | accuracy : 0.7663 | opt_sps : 9.2087  ]
[2026-08-17 04:47:03,590][__main__][INFO] - [RANK 0] [ Eval  | Step: 17000  |  loss : 0.4991 | accuracy : 0.7556 | eval_s : 3.5807  ]
[2026-08-17 04:47:57,900][__main__][INFO] - [RANK 0] [ Train | Step: 17500  |  loss : 0.4715 | accuracy : 0.7672 | opt_sps : 9.2086  ]
[2026-08-17 04:48:01,480][__main__][INFO] - [RANK 0] [ Eval  | Step: 17500  |  loss : 0.4626 | accuracy : 0.7709 | eval_s : 3.5787  ]
[2026-08-17 04:48:55,826][__main__][INFO] - [RANK 0] [ Train | Step: 18000  |  loss : 0.4722 | accuracy : 0.7671 | opt_sps : 9.2084  ]
[2026-08-17 04:48:59,406][__main__][INFO] - [RANK 0] [ Eval  | Step: 18000  |  loss : 0.4842 | accuracy : 0.7631 | eval_s : 3.5795  ]
[2026-08-17 04:49:53,678][__main__][INFO] - [RANK 0] [ Train | Step: 18500  |  loss : 0.4692 | accuracy : 0.7674 | opt_sps : 9.2086  ]
[2026-08-17 04:49:57,259][__main__][INFO] - [RANK 0] [ Eval  | Step: 18500  |  loss : 0.4751 | accuracy : 0.7631 | eval_s : 3.5795  ]
[2026-08-17 04:50:51,575][__main__][INFO] - [RANK 0] [ Train | Step: 19000  |  loss : 0.4687 | accuracy : 0.7691 | opt_sps : 9.2085  ]
[2026-08-17 04:50:55,154][__main__][INFO] - [RANK 0] [ Eval  | Step: 19000  |  loss : 0.4754 | accuracy : 0.7674 | eval_s : 3.5775  ]
[2026-08-17 04:51:49,467][__main__][INFO] - [RANK 0] [ Train | Step: 19500  |  loss : 0.4626 | accuracy : 0.7719 | opt_sps : 9.2084  ]
[2026-08-17 04:51:53,048][__main__][INFO] - [RANK 0] [ Eval  | Step: 19500  |  loss : 0.4611 | accuracy : 0.7713 | eval_s : 3.5805  ]
[2026-08-17 04:52:47,378][__main__][INFO] - [RANK 0] [ Train | Step: 20000  |  loss : 0.4635 | accuracy : 0.7713 | opt_sps : 9.2083  ]
[2026-08-17 04:52:50,961][__main__][INFO] - [RANK 0] [ Eval  | Step: 20000  |  loss : 0.4583 | accuracy : 0.7722 | eval_s : 3.5817  ]
[2026-08-17 04:53:45,378][__main__][INFO] - [RANK 0] [ Train | Step: 20500  |  loss : 0.4637 | accuracy : 0.7702 | opt_sps : 9.2079  ]
[2026-08-17 04:53:48,961][__main__][INFO] - [RANK 0] [ Eval  | Step: 20500  |  loss : 0.4709 | accuracy : 0.7679 | eval_s : 3.5821  ]
[2026-08-17 04:54:43,309][__main__][INFO] - [RANK 0] [ Train | Step: 21000  |  loss : 0.4657 | accuracy : 0.7703 | opt_sps : 9.2077  ]
[2026-08-17 04:54:46,892][__main__][INFO] - [RANK 0] [ Eval  | Step: 21000  |  loss : 0.4668 | accuracy : 0.7694 | eval_s : 3.5820  ]
[2026-08-17 04:55:41,235][__main__][INFO] - [RANK 0] [ Train | Step: 21500  |  loss : 0.4647 | accuracy : 0.7694 | opt_sps : 9.2075  ]
[2026-08-17 04:55:44,816][__main__][INFO] - [RANK 0] [ Eval  | Step: 21500  |  loss : 0.4646 | accuracy : 0.7702 | eval_s : 3.5798  ]
[2026-08-17 04:56:39,144][__main__][INFO] - [RANK 0] [ Train | Step: 22000  |  loss : 0.4583 | accuracy : 0.7741 | opt_sps : 9.2074  ]
[2026-08-17 04:56:42,727][__main__][INFO] - [RANK 0] [ Eval  | Step: 22000  |  loss : 0.4628 | accuracy : 0.7681 | eval_s : 3.5819  ]
[2026-08-17 04:57:37,034][__main__][INFO] - [RANK 0] [ Train | Step: 22500  |  loss : 0.4628 | accuracy : 0.7705 | opt_sps : 9.2074  ]
[2026-08-17 04:57:40,617][__main__][INFO] - [RANK 0] [ Eval  | Step: 22500  |  loss : 0.4607 | accuracy : 0.7671 | eval_s : 3.5821  ]
[2026-08-17 04:58:34,944][__main__][INFO] - [RANK 0] [ Train | Step: 23000  |  loss : 0.4585 | accuracy : 0.7730 | opt_sps : 9.2073  ]
[2026-08-17 04:58:38,526][__main__][INFO] - [RANK 0] [ Eval  | Step: 23000  |  loss : 0.4564 | accuracy : 0.7690 | eval_s : 3.5801  ]
[2026-08-17 04:59:32,871][__main__][INFO] - [RANK 0] [ Train | Step: 23500  |  loss : 0.4622 | accuracy : 0.7713 | opt_sps : 9.2072  ]
[2026-08-17 04:59:36,454][__main__][INFO] - [RANK 0] [ Eval  | Step: 23500  |  loss : 0.4586 | accuracy : 0.7728 | eval_s : 3.5826  ]
[2026-08-17 05:00:30,805][__main__][INFO] - [RANK 0] [ Train | Step: 24000  |  loss : 0.4591 | accuracy : 0.7744 | opt_sps : 9.2070  ]
[2026-08-17 05:00:34,385][__main__][INFO] - [RANK 0] [ Eval  | Step: 24000  |  loss : 0.4626 | accuracy : 0.7683 | eval_s : 3.5791  ]
[2026-08-17 05:01:28,743][__main__][INFO] - [RANK 0] [ Train | Step: 24500  |  loss : 0.4573 | accuracy : 0.7739 | opt_sps : 9.2069  ]
[2026-08-17 05:01:32,329][__main__][INFO] - [RANK 0] [ Eval  | Step: 24500  |  loss : 0.4575 | accuracy : 0.7735 | eval_s : 3.5840  ]
[2026-08-17 05:02:26,600][__main__][INFO] - [RANK 0] [ Train | Step: 25000  |  loss : 0.4570 | accuracy : 0.7735 | opt_sps : 9.2070  ]
[2026-08-17 05:02:30,184][__main__][INFO] - [RANK 0] [ Eval  | Step: 25000  |  loss : 0.4609 | accuracy : 0.7724 | eval_s : 3.5830  ]
[2026-08-17 05:03:24,490][__main__][INFO] - [RANK 0] [ Train | Step: 25500  |  loss : 0.4569 | accuracy : 0.7741 | opt_sps : 9.2070  ]
[2026-08-17 05:03:28,073][__main__][INFO] - [RANK 0] [ Eval  | Step: 25500  |  loss : 0.4612 | accuracy : 0.7727 | eval_s : 3.5824  ]
[2026-08-17 05:04:22,328][__main__][INFO] - [RANK 0] [ Train | Step: 26000  |  loss : 0.4579 | accuracy : 0.7735 | opt_sps : 9.2072  ]
[2026-08-17 05:04:25,909][__main__][INFO] - [RANK 0] [ Eval  | Step: 26000  |  loss : 0.4617 | accuracy : 0.7724 | eval_s : 3.5798  ]
[2026-08-17 05:05:20,147][__main__][INFO] - [RANK 0] [ Train | Step: 26500  |  loss : 0.4587 | accuracy : 0.7743 | opt_sps : 9.2074  ]
[2026-08-17 05:05:23,730][__main__][INFO] - [RANK 0] [ Eval  | Step: 26500  |  loss : 0.4584 | accuracy : 0.7734 | eval_s : 3.5822  ]
[2026-08-17 05:06:18,096][__main__][INFO] - [RANK 0] [ Train | Step: 27000  |  loss : 0.4552 | accuracy : 0.7766 | opt_sps : 9.2072  ]
[2026-08-17 05:06:21,677][__main__][INFO] - [RANK 0] [ Eval  | Step: 27000  |  loss : 0.4584 | accuracy : 0.7740 | eval_s : 3.5801  ]
[2026-08-17 05:07:15,993][__main__][INFO] - [RANK 0] [ Train | Step: 27500  |  loss : 0.4552 | accuracy : 0.7758 | opt_sps : 9.2071  ]
[2026-08-17 05:07:19,573][__main__][INFO] - [RANK 0] [ Eval  | Step: 27500  |  loss : 0.4540 | accuracy : 0.7757 | eval_s : 3.5788  ]
[2026-08-17 05:08:13,993][__main__][INFO] - [RANK 0] [ Train | Step: 28000  |  loss : 0.4547 | accuracy : 0.7751 | opt_sps : 9.2068  ]
[2026-08-17 05:08:17,576][__main__][INFO] - [RANK 0] [ Eval  | Step: 28000  |  loss : 0.4606 | accuracy : 0.7737 | eval_s : 3.5825  ]
[2026-08-17 05:09:11,868][__main__][INFO] - [RANK 0] [ Train | Step: 28500  |  loss : 0.4513 | accuracy : 0.7786 | opt_sps : 9.2069  ]
[2026-08-17 05:09:15,446][__main__][INFO] - [RANK 0] [ Eval  | Step: 28500  |  loss : 0.4452 | accuracy : 0.7810 | eval_s : 3.5772  ]
[2026-08-17 05:10:09,813][__main__][INFO] - [RANK 0] [ Train | Step: 29000  |  loss : 0.4453 | accuracy : 0.7824 | opt_sps : 9.2067  ]
[2026-08-17 05:10:13,397][__main__][INFO] - [RANK 0] [ Eval  | Step: 29000  |  loss : 0.4457 | accuracy : 0.7817 | eval_s : 3.5834  ]
[2026-08-17 05:11:07,690][__main__][INFO] - [RANK 0] [ Train | Step: 29500  |  loss : 0.4400 | accuracy : 0.7855 | opt_sps : 9.2068  ]
[2026-08-17 05:11:11,272][__main__][INFO] - [RANK 0] [ Eval  | Step: 29500  |  loss : 0.4444 | accuracy : 0.7813 | eval_s : 3.5818  ]
[2026-08-17 05:12:05,632][__main__][INFO] - [RANK 0] [ Train | Step: 30000  |  loss : 0.4396 | accuracy : 0.7854 | opt_sps : 9.2066  ]
[2026-08-17 05:12:09,213][__main__][INFO] - [RANK 0] [ Eval  | Step: 30000  |  loss : 0.4483 | accuracy : 0.7812 | eval_s : 3.5799  ]
[2026-08-17 05:13:03,499][__main__][INFO] - [RANK 0] [ Train | Step: 30500  |  loss : 0.4318 | accuracy : 0.7905 | opt_sps : 9.2067  ]
[2026-08-17 05:13:07,082][__main__][INFO] - [RANK 0] [ Eval  | Step: 30500  |  loss : 0.4313 | accuracy : 0.7869 | eval_s : 3.5821  ]
[2026-08-17 05:14:01,455][__main__][INFO] - [RANK 0] [ Train | Step: 31000  |  loss : 0.4295 | accuracy : 0.7933 | opt_sps : 9.2066  ]
[2026-08-17 05:14:05,037][__main__][INFO] - [RANK 0] [ Eval  | Step: 31000  |  loss : 0.4418 | accuracy : 0.7875 | eval_s : 3.5808  ]
[2026-08-17 05:14:59,354][__main__][INFO] - [RANK 0] [ Train | Step: 31500  |  loss : 0.4293 | accuracy : 0.7937 | opt_sps : 9.2065  ]
[2026-08-17 05:15:02,935][__main__][INFO] - [RANK 0] [ Eval  | Step: 31500  |  loss : 0.4505 | accuracy : 0.7878 | eval_s : 3.5802  ]
[2026-08-17 05:15:57,262][__main__][INFO] - [RANK 0] [ Train | Step: 32000  |  loss : 0.4213 | accuracy : 0.7985 | opt_sps : 9.2065  ]
[2026-08-17 05:16:00,847][__main__][INFO] - [RANK 0] [ Eval  | Step: 32000  |  loss : 0.4204 | accuracy : 0.7989 | eval_s : 3.5838  ]
[2026-08-17 05:16:55,183][__main__][INFO] - [RANK 0] [ Train | Step: 32500  |  loss : 0.4183 | accuracy : 0.8008 | opt_sps : 9.2065  ]
[2026-08-17 05:16:58,763][__main__][INFO] - [RANK 0] [ Eval  | Step: 32500  |  loss : 0.4100 | accuracy : 0.8008 | eval_s : 3.5794  ]
[2026-08-17 05:17:53,078][__main__][INFO] - [RANK 0] [ Train | Step: 33000  |  loss : 0.4167 | accuracy : 0.8000 | opt_sps : 9.2065  ]
[2026-08-17 05:17:56,658][__main__][INFO] - [RANK 0] [ Eval  | Step: 33000  |  loss : 0.4170 | accuracy : 0.8039 | eval_s : 3.5783  ]
[2026-08-17 05:18:50,968][__main__][INFO] - [RANK 0] [ Train | Step: 33500  |  loss : 0.4101 | accuracy : 0.8060 | opt_sps : 9.2065  ]
[2026-08-17 05:18:54,554][__main__][INFO] - [RANK 0] [ Eval  | Step: 33500  |  loss : 0.4063 | accuracy : 0.8061 | eval_s : 3.5844  ]
[2026-08-17 05:19:48,867][__main__][INFO] - [RANK 0] [ Train | Step: 34000  |  loss : 0.4064 | accuracy : 0.8071 | opt_sps : 9.2065  ]
[2026-08-17 05:19:52,450][__main__][INFO] - [RANK 0] [ Eval  | Step: 34000  |  loss : 0.4051 | accuracy : 0.8079 | eval_s : 3.5820  ]
[2026-08-17 05:20:46,768][__main__][INFO] - [RANK 0] [ Train | Step: 34500  |  loss : 0.4037 | accuracy : 0.8093 | opt_sps : 9.2065  ]
[2026-08-17 05:20:50,351][__main__][INFO] - [RANK 0] [ Eval  | Step: 34500  |  loss : 0.4052 | accuracy : 0.8028 | eval_s : 3.5816  ]
[2026-08-17 05:21:44,689][__main__][INFO] - [RANK 0] [ Train | Step: 35000  |  loss : 0.4047 | accuracy : 0.8064 | opt_sps : 9.2064  ]
[2026-08-17 05:21:48,275][__main__][INFO] - [RANK 0] [ Eval  | Step: 35000  |  loss : 0.4014 | accuracy : 0.8107 | eval_s : 3.5846  ]
[2026-08-17 05:22:42,631][__main__][INFO] - [RANK 0] [ Train | Step: 35500  |  loss : 0.4045 | accuracy : 0.8090 | opt_sps : 9.2063  ]
[2026-08-17 05:22:46,212][__main__][INFO] - [RANK 0] [ Eval  | Step: 35500  |  loss : 0.3996 | accuracy : 0.8122 | eval_s : 3.5800  ]
[2026-08-17 05:23:40,537][__main__][INFO] - [RANK 0] [ Train | Step: 36000  |  loss : 0.4024 | accuracy : 0.8096 | opt_sps : 9.2063  ]
[2026-08-17 05:23:44,120][__main__][INFO] - [RANK 0] [ Eval  | Step: 36000  |  loss : 0.4091 | accuracy : 0.8063 | eval_s : 3.5821  ]
[2026-08-17 05:24:38,479][__main__][INFO] - [RANK 0] [ Train | Step: 36500  |  loss : 0.4017 | accuracy : 0.8079 | opt_sps : 9.2062  ]
[2026-08-17 05:24:42,060][__main__][INFO] - [RANK 0] [ Eval  | Step: 36500  |  loss : 0.4056 | accuracy : 0.8080 | eval_s : 3.5801  ]
[2026-08-17 05:25:36,392][__main__][INFO] - [RANK 0] [ Train | Step: 37000  |  loss : 0.3994 | accuracy : 0.8095 | opt_sps : 9.2062  ]
[2026-08-17 05:25:39,975][__main__][INFO] - [RANK 0] [ Eval  | Step: 37000  |  loss : 0.3975 | accuracy : 0.8103 | eval_s : 3.5821  ]
[2026-08-17 05:26:34,357][__main__][INFO] - [RANK 0] [ Train | Step: 37500  |  loss : 0.3989 | accuracy : 0.8108 | opt_sps : 9.2060  ]
[2026-08-17 05:26:37,941][__main__][INFO] - [RANK 0] [ Eval  | Step: 37500  |  loss : 0.3943 | accuracy : 0.8126 | eval_s : 3.5829  ]
[2026-08-17 05:27:32,277][__main__][INFO] - [RANK 0] [ Train | Step: 38000  |  loss : 0.3968 | accuracy : 0.8117 | opt_sps : 9.2060  ]
[2026-08-17 05:27:35,858][__main__][INFO] - [RANK 0] [ Eval  | Step: 38000  |  loss : 0.3952 | accuracy : 0.8135 | eval_s : 3.5802  ]
[2026-08-17 05:28:30,214][__main__][INFO] - [RANK 0] [ Train | Step: 38500  |  loss : 0.3953 | accuracy : 0.8126 | opt_sps : 9.2059  ]
[2026-08-17 05:28:33,798][__main__][INFO] - [RANK 0] [ Eval  | Step: 38500  |  loss : 0.3889 | accuracy : 0.8156 | eval_s : 3.5833  ]
[2026-08-17 05:29:28,147][__main__][INFO] - [RANK 0] [ Train | Step: 39000  |  loss : 0.3951 | accuracy : 0.8126 | opt_sps : 9.2058  ]
[2026-08-17 05:29:31,727][__main__][INFO] - [RANK 0] [ Eval  | Step: 39000  |  loss : 0.3904 | accuracy : 0.8154 | eval_s : 3.5788  ]
[2026-08-17 05:30:26,065][__main__][INFO] - [RANK 0] [ Train | Step: 39500  |  loss : 0.3945 | accuracy : 0.8130 | opt_sps : 9.2058  ]
[2026-08-17 05:30:29,646][__main__][INFO] - [RANK 0] [ Eval  | Step: 39500  |  loss : 0.3892 | accuracy : 0.8115 | eval_s : 3.5796  ]
[2026-08-17 05:31:23,938][__main__][INFO] - [RANK 0] [ Train | Step: 40000  |  loss : 0.3905 | accuracy : 0.8139 | opt_sps : 9.2058  ]
[2026-08-17 05:31:27,521][__main__][INFO] - [RANK 0] [ Eval  | Step: 40000  |  loss : 0.3897 | accuracy : 0.8162 | eval_s : 3.5812  ]
[2026-08-17 05:32:21,816][__main__][INFO] - [RANK 0] [ Train | Step: 40500  |  loss : 0.3868 | accuracy : 0.8175 | opt_sps : 9.2059  ]
[2026-08-17 05:32:25,396][__main__][INFO] - [RANK 0] [ Eval  | Step: 40500  |  loss : 0.3866 | accuracy : 0.8127 | eval_s : 3.5788  ]
[2026-08-17 05:33:19,720][__main__][INFO] - [RANK 0] [ Train | Step: 41000  |  loss : 0.3891 | accuracy : 0.8138 | opt_sps : 9.2059  ]
[2026-08-17 05:33:23,304][__main__][INFO] - [RANK 0] [ Eval  | Step: 41000  |  loss : 0.3844 | accuracy : 0.8187 | eval_s : 3.5821  ]
[2026-08-17 05:34:17,674][__main__][INFO] - [RANK 0] [ Train | Step: 41500  |  loss : 0.3871 | accuracy : 0.8155 | opt_sps : 9.2058  ]
[2026-08-17 05:34:21,255][__main__][INFO] - [RANK 0] [ Eval  | Step: 41500  |  loss : 0.3951 | accuracy : 0.8143 | eval_s : 3.5800  ]
[2026-08-17 05:35:15,586][__main__][INFO] - [RANK 0] [ Train | Step: 42000  |  loss : 0.3826 | accuracy : 0.8179 | opt_sps : 9.2057  ]
[2026-08-17 05:35:19,170][__main__][INFO] - [RANK 0] [ Eval  | Step: 42000  |  loss : 0.3888 | accuracy : 0.8117 | eval_s : 3.5832  ]
[2026-08-17 05:36:13,498][__main__][INFO] - [RANK 0] [ Train | Step: 42500  |  loss : 0.3837 | accuracy : 0.8189 | opt_sps : 9.2057  ]
[2026-08-17 05:36:17,081][__main__][INFO] - [RANK 0] [ Eval  | Step: 42500  |  loss : 0.3782 | accuracy : 0.8218 | eval_s : 3.5820  ]
[2026-08-17 05:37:11,461][__main__][INFO] - [RANK 0] [ Train | Step: 43000  |  loss : 0.3792 | accuracy : 0.8196 | opt_sps : 9.2056  ]
[2026-08-17 05:37:15,044][__main__][INFO] - [RANK 0] [ Eval  | Step: 43000  |  loss : 0.3757 | accuracy : 0.8212 | eval_s : 3.5826  ]
[2026-08-17 05:38:09,343][__main__][INFO] - [RANK 0] [ Train | Step: 43500  |  loss : 0.3749 | accuracy : 0.8212 | opt_sps : 9.2056  ]
[2026-08-17 05:38:12,927][__main__][INFO] - [RANK 0] [ Eval  | Step: 43500  |  loss : 0.3765 | accuracy : 0.8202 | eval_s : 3.5829  ]
[2026-08-17 05:39:07,189][__main__][INFO] - [RANK 0] [ Train | Step: 44000  |  loss : 0.3737 | accuracy : 0.8233 | opt_sps : 9.2057  ]
[2026-08-17 05:39:10,773][__main__][INFO] - [RANK 0] [ Eval  | Step: 44000  |  loss : 0.3744 | accuracy : 0.8222 | eval_s : 3.5831  ]
[2026-08-17 05:40:05,073][__main__][INFO] - [RANK 0] [ Train | Step: 44500  |  loss : 0.3738 | accuracy : 0.8227 | opt_sps : 9.2058  ]
[2026-08-17 05:40:08,658][__main__][INFO] - [RANK 0] [ Eval  | Step: 44500  |  loss : 0.3712 | accuracy : 0.8202 | eval_s : 3.5842  ]
[2026-08-17 05:41:03,015][__main__][INFO] - [RANK 0] [ Train | Step: 45000  |  loss : 0.3656 | accuracy : 0.8254 | opt_sps : 9.2057  ]
[2026-08-17 05:41:06,599][__main__][INFO] - [RANK 0] [ Eval  | Step: 45000  |  loss : 0.3694 | accuracy : 0.8248 | eval_s : 3.5826  ]
[2026-08-17 05:42:00,919][__main__][INFO] - [RANK 0] [ Train | Step: 45500  |  loss : 0.3668 | accuracy : 0.8249 | opt_sps : 9.2057  ]
[2026-08-17 05:42:04,500][__main__][INFO] - [RANK 0] [ Eval  | Step: 45500  |  loss : 0.3669 | accuracy : 0.8220 | eval_s : 3.5802  ]
[2026-08-17 05:42:58,837][__main__][INFO] - [RANK 0] [ Train | Step: 46000  |  loss : 0.3674 | accuracy : 0.8242 | opt_sps : 9.2057  ]
[2026-08-17 05:43:02,417][__main__][INFO] - [RANK 0] [ Eval  | Step: 46000  |  loss : 0.3766 | accuracy : 0.8235 | eval_s : 3.5782  ]
[2026-08-17 05:43:56,697][__main__][INFO] - [RANK 0] [ Train | Step: 46500  |  loss : 0.3594 | accuracy : 0.8285 | opt_sps : 9.2058  ]
[2026-08-17 05:44:00,282][__main__][INFO] - [RANK 0] [ Eval  | Step: 46500  |  loss : 0.3669 | accuracy : 0.8256 | eval_s : 3.5836  ]
[2026-08-17 05:44:54,631][__main__][INFO] - [RANK 0] [ Train | Step: 47000  |  loss : 0.3586 | accuracy : 0.8308 | opt_sps : 9.2057  ]
[2026-08-17 05:44:58,211][__main__][INFO] - [RANK 0] [ Eval  | Step: 47000  |  loss : 0.3549 | accuracy : 0.8329 | eval_s : 3.5799  ]
[2026-08-17 05:45:52,511][__main__][INFO] - [RANK 0] [ Train | Step: 47500  |  loss : 0.3587 | accuracy : 0.8281 | opt_sps : 9.2058  ]
[2026-08-17 05:45:56,095][__main__][INFO] - [RANK 0] [ Eval  | Step: 47500  |  loss : 0.3542 | accuracy : 0.8277 | eval_s : 3.5823  ]
[2026-08-17 05:46:50,525][__main__][INFO] - [RANK 0] [ Train | Step: 48000  |  loss : 0.3525 | accuracy : 0.8318 | opt_sps : 9.2056  ]
[2026-08-17 05:46:54,106][__main__][INFO] - [RANK 0] [ Eval  | Step: 48000  |  loss : 0.3560 | accuracy : 0.8309 | eval_s : 3.5808  ]
[2026-08-17 05:47:48,449][__main__][INFO] - [RANK 0] [ Train | Step: 48500  |  loss : 0.3531 | accuracy : 0.8313 | opt_sps : 9.2055  ]
[2026-08-17 05:47:52,032][__main__][INFO] - [RANK 0] [ Eval  | Step: 48500  |  loss : 0.3559 | accuracy : 0.8293 | eval_s : 3.5820  ]
[2026-08-17 05:48:46,370][__main__][INFO] - [RANK 0] [ Train | Step: 49000  |  loss : 0.3546 | accuracy : 0.8299 | opt_sps : 9.2055  ]
[2026-08-17 05:48:49,952][__main__][INFO] - [RANK 0] [ Eval  | Step: 49000  |  loss : 0.3554 | accuracy : 0.8302 | eval_s : 3.5810  ]
[2026-08-17 05:49:44,274][__main__][INFO] - [RANK 0] [ Train | Step: 49500  |  loss : 0.3479 | accuracy : 0.8325 | opt_sps : 9.2055  ]
[2026-08-17 05:49:47,858][__main__][INFO] - [RANK 0] [ Eval  | Step: 49500  |  loss : 0.3523 | accuracy : 0.8308 | eval_s : 3.5827  ]
[2026-08-17 05:50:42,243][__main__][INFO] - [RANK 0] [ Train | Step: 50000  |  loss : 0.3531 | accuracy : 0.8306 | opt_sps : 9.2054  ]
[2026-08-17 05:50:45,827][__main__][INFO] - [RANK 0] [ Eval  | Step: 50000  |  loss : 0.3535 | accuracy : 0.8320 | eval_s : 3.5826  ]
[2026-08-17 05:51:40,181][__main__][INFO] - [RANK 0] [ Train | Step: 50500  |  loss : 0.3487 | accuracy : 0.8317 | opt_sps : 9.2053  ]
[2026-08-17 05:51:43,762][__main__][INFO] - [RANK 0] [ Eval  | Step: 50500  |  loss : 0.3505 | accuracy : 0.8317 | eval_s : 3.5798  ]
[2026-08-17 05:52:38,117][__main__][INFO] - [RANK 0] [ Train | Step: 51000  |  loss : 0.3468 | accuracy : 0.8333 | opt_sps : 9.2053  ]
[2026-08-17 05:52:41,704][__main__][INFO] - [RANK 0] [ Eval  | Step: 51000  |  loss : 0.3499 | accuracy : 0.8293 | eval_s : 3.5861  ]
[2026-08-17 05:53:36,062][__main__][INFO] - [RANK 0] [ Train | Step: 51500  |  loss : 0.3469 | accuracy : 0.8338 | opt_sps : 9.2052  ]
[2026-08-17 05:53:39,645][__main__][INFO] - [RANK 0] [ Eval  | Step: 51500  |  loss : 0.3548 | accuracy : 0.8318 | eval_s : 3.5816  ]
[2026-08-17 05:54:33,966][__main__][INFO] - [RANK 0] [ Train | Step: 52000  |  loss : 0.3495 | accuracy : 0.8336 | opt_sps : 9.2052  ]
[2026-08-17 05:54:37,552][__main__][INFO] - [RANK 0] [ Eval  | Step: 52000  |  loss : 0.3480 | accuracy : 0.8321 | eval_s : 3.5842  ]
[2026-08-17 05:55:31,894][__main__][INFO] - [RANK 0] [ Train | Step: 52500  |  loss : 0.3478 | accuracy : 0.8336 | opt_sps : 9.2052  ]
[2026-08-17 05:55:35,479][__main__][INFO] - [RANK 0] [ Eval  | Step: 52500  |  loss : 0.3492 | accuracy : 0.8308 | eval_s : 3.5842  ]
[2026-08-17 05:56:29,749][__main__][INFO] - [RANK 0] [ Train | Step: 53000  |  loss : 0.3440 | accuracy : 0.8364 | opt_sps : 9.2052  ]
[2026-08-17 05:56:33,333][__main__][INFO] - [RANK 0] [ Eval  | Step: 53000  |  loss : 0.3489 | accuracy : 0.8327 | eval_s : 3.5828  ]
[2026-08-17 05:57:27,618][__main__][INFO] - [RANK 0] [ Train | Step: 53500  |  loss : 0.3438 | accuracy : 0.8354 | opt_sps : 9.2053  ]
[2026-08-17 05:57:31,199][__main__][INFO] - [RANK 0] [ Eval  | Step: 53500  |  loss : 0.3462 | accuracy : 0.8333 | eval_s : 3.5801  ]
[2026-08-17 05:58:25,551][__main__][INFO] - [RANK 0] [ Train | Step: 54000  |  loss : 0.3446 | accuracy : 0.8368 | opt_sps : 9.2053  ]
[2026-08-17 05:58:29,133][__main__][INFO] - [RANK 0] [ Eval  | Step: 54000  |  loss : 0.3438 | accuracy : 0.8351 | eval_s : 3.5809  ]
[2026-08-17 05:59:23,514][__main__][INFO] - [RANK 0] [ Train | Step: 54500  |  loss : 0.3425 | accuracy : 0.8360 | opt_sps : 9.2052  ]
[2026-08-17 05:59:27,097][__main__][INFO] - [RANK 0] [ Eval  | Step: 54500  |  loss : 0.3483 | accuracy : 0.8353 | eval_s : 3.5821  ]
[2026-08-17 06:00:21,416][__main__][INFO] - [RANK 0] [ Train | Step: 55000  |  loss : 0.3375 | accuracy : 0.8390 | opt_sps : 9.2052  ]
[2026-08-17 06:00:24,997][__main__][INFO] - [RANK 0] [ Eval  | Step: 55000  |  loss : 0.3433 | accuracy : 0.8371 | eval_s : 3.5799  ]
[2026-08-17 06:01:19,363][__main__][INFO] - [RANK 0] [ Train | Step: 55500  |  loss : 0.3382 | accuracy : 0.8382 | opt_sps : 9.2051  ]
[2026-08-17 06:01:22,948][__main__][INFO] - [RANK 0] [ Eval  | Step: 55500  |  loss : 0.3454 | accuracy : 0.8336 | eval_s : 3.5848  ]
[2026-08-17 06:02:17,278][__main__][INFO] - [RANK 0] [ Train | Step: 56000  |  loss : 0.3386 | accuracy : 0.8405 | opt_sps : 9.2051  ]
[2026-08-17 06:02:20,860][__main__][INFO] - [RANK 0] [ Eval  | Step: 56000  |  loss : 0.3419 | accuracy : 0.8374 | eval_s : 3.5808  ]
[2026-08-17 06:03:15,159][__main__][INFO] - [RANK 0] [ Train | Step: 56500  |  loss : 0.3373 | accuracy : 0.8407 | opt_sps : 9.2051  ]
[2026-08-17 06:03:18,743][__main__][INFO] - [RANK 0] [ Eval  | Step: 56500  |  loss : 0.3439 | accuracy : 0.8353 | eval_s : 3.5832  ]
[2026-08-17 06:04:13,098][__main__][INFO] - [RANK 0] [ Train | Step: 57000  |  loss : 0.3375 | accuracy : 0.8400 | opt_sps : 9.2051  ]
[2026-08-17 06:04:16,680][__main__][INFO] - [RANK 0] [ Eval  | Step: 57000  |  loss : 0.3419 | accuracy : 0.8363 | eval_s : 3.5809  ]
[2026-08-17 06:05:10,961][__main__][INFO] - [RANK 0] [ Train | Step: 57500  |  loss : 0.3381 | accuracy : 0.8400 | opt_sps : 9.2051  ]
[2026-08-17 06:05:14,543][__main__][INFO] - [RANK 0] [ Eval  | Step: 57500  |  loss : 0.3374 | accuracy : 0.8390 | eval_s : 3.5809  ]
[2026-08-17 06:06:08,842][__main__][INFO] - [RANK 0] [ Train | Step: 58000  |  loss : 0.3325 | accuracy : 0.8431 | opt_sps : 9.2052  ]
[2026-08-17 06:06:12,425][__main__][INFO] - [RANK 0] [ Eval  | Step: 58000  |  loss : 0.3364 | accuracy : 0.8408 | eval_s : 3.5823  ]
[2026-08-17 06:07:06,728][__main__][INFO] - [RANK 0] [ Train | Step: 58500  |  loss : 0.3352 | accuracy : 0.8421 | opt_sps : 9.2052  ]
[2026-08-17 06:07:10,312][__main__][INFO] - [RANK 0] [ Eval  | Step: 58500  |  loss : 0.3393 | accuracy : 0.8404 | eval_s : 3.5831  ]
[2026-08-17 06:08:04,689][__main__][INFO] - [RANK 0] [ Train | Step: 59000  |  loss : 0.3317 | accuracy : 0.8427 | opt_sps : 9.2051  ]
[2026-08-17 06:08:08,273][__main__][INFO] - [RANK 0] [ Eval  | Step: 59000  |  loss : 0.3379 | accuracy : 0.8402 | eval_s : 3.5834  ]
[2026-08-17 06:09:02,608][__main__][INFO] - [RANK 0] [ Train | Step: 59500  |  loss : 0.3315 | accuracy : 0.8436 | opt_sps : 9.2051  ]
[2026-08-17 06:09:06,191][__main__][INFO] - [RANK 0] [ Eval  | Step: 59500  |  loss : 0.3390 | accuracy : 0.8400 | eval_s : 3.5822  ]
[2026-08-17 06:10:00,569][__main__][INFO] - [RANK 0] [ Train | Step: 60000  |  loss : 0.3294 | accuracy : 0.8435 | opt_sps : 9.2050  ]
[2026-08-17 06:10:04,153][__main__][INFO] - [RANK 0] [ Eval  | Step: 60000  |  loss : 0.3334 | accuracy : 0.8422 | eval_s : 3.5825  ]
[2026-08-17 06:10:58,501][__main__][INFO] - [RANK 0] [ Train | Step: 60500  |  loss : 0.3269 | accuracy : 0.8462 | opt_sps : 9.2050  ]
[2026-08-17 06:11:02,080][__main__][INFO] - [RANK 0] [ Eval  | Step: 60500  |  loss : 0.3307 | accuracy : 0.8442 | eval_s : 3.5787  ]
[2026-08-17 06:11:56,487][__main__][INFO] - [RANK 0] [ Train | Step: 61000  |  loss : 0.3264 | accuracy : 0.8439 | opt_sps : 9.2049  ]
[2026-08-17 06:12:00,073][__main__][INFO] - [RANK 0] [ Eval  | Step: 61000  |  loss : 0.3303 | accuracy : 0.8425 | eval_s : 3.5848  ]
[2026-08-17 06:12:54,445][__main__][INFO] - [RANK 0] [ Train | Step: 61500  |  loss : 0.3262 | accuracy : 0.8457 | opt_sps : 9.2048  ]
[2026-08-17 06:12:58,029][__main__][INFO] - [RANK 0] [ Eval  | Step: 61500  |  loss : 0.3293 | accuracy : 0.8436 | eval_s : 3.5828  ]
[2026-08-17 06:13:52,429][__main__][INFO] - [RANK 0] [ Train | Step: 62000  |  loss : 0.3259 | accuracy : 0.8453 | opt_sps : 9.2047  ]
[2026-08-17 06:13:56,015][__main__][INFO] - [RANK 0] [ Eval  | Step: 62000  |  loss : 0.3311 | accuracy : 0.8436 | eval_s : 3.5846  ]
[2026-08-17 06:14:50,363][__main__][INFO] - [RANK 0] [ Train | Step: 62500  |  loss : 0.3211 | accuracy : 0.8458 | opt_sps : 9.2047  ]
[2026-08-17 06:14:53,944][__main__][INFO] - [RANK 0] [ Eval  | Step: 62500  |  loss : 0.3288 | accuracy : 0.8411 | eval_s : 3.5807  ]
[2026-08-17 06:15:48,275][__main__][INFO] - [RANK 0] [ Train | Step: 63000  |  loss : 0.3211 | accuracy : 0.8454 | opt_sps : 9.2047  ]
[2026-08-17 06:15:51,857][__main__][INFO] - [RANK 0] [ Eval  | Step: 63000  |  loss : 0.3260 | accuracy : 0.8443 | eval_s : 3.5813  ]
[2026-08-17 06:16:46,201][__main__][INFO] - [RANK 0] [ Train | Step: 63500  |  loss : 0.3181 | accuracy : 0.8476 | opt_sps : 9.2047  ]
[2026-08-17 06:16:49,783][__main__][INFO] - [RANK 0] [ Eval  | Step: 63500  |  loss : 0.3233 | accuracy : 0.8442 | eval_s : 3.5816  ]
[2026-08-17 06:17:44,179][__main__][INFO] - [RANK 0] [ Train | Step: 64000  |  loss : 0.3177 | accuracy : 0.8467 | opt_sps : 9.2046  ]
[2026-08-17 06:17:47,764][__main__][INFO] - [RANK 0] [ Eval  | Step: 64000  |  loss : 0.3214 | accuracy : 0.8447 | eval_s : 3.5841  ]
[2026-08-17 06:18:42,079][__main__][INFO] - [RANK 0] [ Train | Step: 64500  |  loss : 0.3132 | accuracy : 0.8496 | opt_sps : 9.2046  ]
[2026-08-17 06:18:45,664][__main__][INFO] - [RANK 0] [ Eval  | Step: 64500  |  loss : 0.3194 | accuracy : 0.8437 | eval_s : 3.5833  ]
[2026-08-17 06:19:40,015][__main__][INFO] - [RANK 0] [ Train | Step: 65000  |  loss : 0.3106 | accuracy : 0.8500 | opt_sps : 9.2046  ]
[2026-08-17 06:19:43,600][__main__][INFO] - [RANK 0] [ Eval  | Step: 65000  |  loss : 0.3161 | accuracy : 0.8483 | eval_s : 3.5838  ]
[2026-08-17 06:20:37,894][__main__][INFO] - [RANK 0] [ Train | Step: 65500  |  loss : 0.3110 | accuracy : 0.8507 | opt_sps : 9.2046  ]
[2026-08-17 06:20:41,482][__main__][INFO] - [RANK 0] [ Eval  | Step: 65500  |  loss : 0.3151 | accuracy : 0.8481 | eval_s : 3.5866  ]
[2026-08-17 06:21:35,824][__main__][INFO] - [RANK 0] [ Train | Step: 66000  |  loss : 0.3087 | accuracy : 0.8515 | opt_sps : 9.2046  ]
[2026-08-17 06:21:39,407][__main__][INFO] - [RANK 0] [ Eval  | Step: 66000  |  loss : 0.3165 | accuracy : 0.8495 | eval_s : 3.5817  ]
[2026-08-17 06:22:33,750][__main__][INFO] - [RANK 0] [ Train | Step: 66500  |  loss : 0.3056 | accuracy : 0.8535 | opt_sps : 9.2046  ]
[2026-08-17 06:22:37,336][__main__][INFO] - [RANK 0] [ Eval  | Step: 66500  |  loss : 0.3115 | accuracy : 0.8513 | eval_s : 3.5848  ]
[2026-08-17 06:23:31,692][__main__][INFO] - [RANK 0] [ Train | Step: 67000  |  loss : 0.3053 | accuracy : 0.8524 | opt_sps : 9.2045  ]
[2026-08-17 06:23:35,277][__main__][INFO] - [RANK 0] [ Eval  | Step: 67000  |  loss : 0.3112 | accuracy : 0.8506 | eval_s : 3.5840  ]
[2026-08-17 06:24:29,674][__main__][INFO] - [RANK 0] [ Train | Step: 67500  |  loss : 0.3040 | accuracy : 0.8536 | opt_sps : 9.2044  ]
[2026-08-17 06:24:33,258][__main__][INFO] - [RANK 0] [ Eval  | Step: 67500  |  loss : 0.3082 | accuracy : 0.8550 | eval_s : 3.5824  ]
[2026-08-17 06:25:27,613][__main__][INFO] - [RANK 0] [ Train | Step: 68000  |  loss : 0.3003 | accuracy : 0.8558 | opt_sps : 9.2044  ]
[2026-08-17 06:25:31,197][__main__][INFO] - [RANK 0] [ Eval  | Step: 68000  |  loss : 0.3099 | accuracy : 0.8533 | eval_s : 3.5838  ]
[2026-08-17 06:26:25,554][__main__][INFO] - [RANK 0] [ Train | Step: 68500  |  loss : 0.2994 | accuracy : 0.8565 | opt_sps : 9.2044  ]
[2026-08-17 06:26:29,134][__main__][INFO] - [RANK 0] [ Eval  | Step: 68500  |  loss : 0.3056 | accuracy : 0.8545 | eval_s : 3.5793  ]
[2026-08-17 06:27:23,496][__main__][INFO] - [RANK 0] [ Train | Step: 69000  |  loss : 0.2966 | accuracy : 0.8576 | opt_sps : 9.2043  ]
[2026-08-17 06:27:27,080][__main__][INFO] - [RANK 0] [ Eval  | Step: 69000  |  loss : 0.3006 | accuracy : 0.8560 | eval_s : 3.5833  ]
[2026-08-17 06:28:21,450][__main__][INFO] - [RANK 0] [ Train | Step: 69500  |  loss : 0.2956 | accuracy : 0.8596 | opt_sps : 9.2043  ]
[2026-08-17 06:28:25,034][__main__][INFO] - [RANK 0] [ Eval  | Step: 69500  |  loss : 0.3002 | accuracy : 0.8558 | eval_s : 3.5829  ]
[2026-08-17 06:29:19,404][__main__][INFO] - [RANK 0] [ Train | Step: 70000  |  loss : 0.2948 | accuracy : 0.8599 | opt_sps : 9.2042  ]
[2026-08-17 06:29:22,989][__main__][INFO] - [RANK 0] [ Eval  | Step: 70000  |  loss : 0.2981 | accuracy : 0.8571 | eval_s : 3.5847  ]
[2026-08-17 06:30:17,378][__main__][INFO] - [RANK 0] [ Train | Step: 70500  |  loss : 0.2893 | accuracy : 0.8616 | opt_sps : 9.2042  ]
[2026-08-17 06:30:20,960][__main__][INFO] - [RANK 0] [ Eval  | Step: 70500  |  loss : 0.2981 | accuracy : 0.8571 | eval_s : 3.5814  ]
[2026-08-17 06:31:15,292][__main__][INFO] - [RANK 0] [ Train | Step: 71000  |  loss : 0.2889 | accuracy : 0.8606 | opt_sps : 9.2042  ]
[2026-08-17 06:31:18,878][__main__][INFO] - [RANK 0] [ Eval  | Step: 71000  |  loss : 0.2945 | accuracy : 0.8591 | eval_s : 3.5852  ]
[2026-08-17 06:32:13,220][__main__][INFO] - [RANK 0] [ Train | Step: 71500  |  loss : 0.2886 | accuracy : 0.8624 | opt_sps : 9.2041  ]
[2026-08-17 06:32:16,804][__main__][INFO] - [RANK 0] [ Eval  | Step: 71500  |  loss : 0.2935 | accuracy : 0.8600 | eval_s : 3.5820  ]
[2026-08-17 06:33:11,169][__main__][INFO] - [RANK 0] [ Train | Step: 72000  |  loss : 0.2853 | accuracy : 0.8643 | opt_sps : 9.2041  ]
[2026-08-17 06:33:14,753][__main__][INFO] - [RANK 0] [ Eval  | Step: 72000  |  loss : 0.2933 | accuracy : 0.8612 | eval_s : 3.5828  ]
[2026-08-17 06:34:09,160][__main__][INFO] - [RANK 0] [ Train | Step: 72500  |  loss : 0.2842 | accuracy : 0.8651 | opt_sps : 9.2040  ]
[2026-08-17 06:34:12,743][__main__][INFO] - [RANK 0] [ Eval  | Step: 72500  |  loss : 0.2922 | accuracy : 0.8613 | eval_s : 3.5823  ]
[2026-08-17 06:35:07,115][__main__][INFO] - [RANK 0] [ Train | Step: 73000  |  loss : 0.2835 | accuracy : 0.8648 | opt_sps : 9.2040  ]
[2026-08-17 06:35:10,700][__main__][INFO] - [RANK 0] [ Eval  | Step: 73000  |  loss : 0.2885 | accuracy : 0.8632 | eval_s : 3.5837  ]
[2026-08-17 06:36:05,069][__main__][INFO] - [RANK 0] [ Train | Step: 73500  |  loss : 0.2813 | accuracy : 0.8665 | opt_sps : 9.2039  ]
[2026-08-17 06:36:08,653][__main__][INFO] - [RANK 0] [ Eval  | Step: 73500  |  loss : 0.2912 | accuracy : 0.8621 | eval_s : 3.5834  ]
[2026-08-17 06:37:03,007][__main__][INFO] - [RANK 0] [ Train | Step: 74000  |  loss : 0.2818 | accuracy : 0.8665 | opt_sps : 9.2039  ]
[2026-08-17 06:37:06,592][__main__][INFO] - [RANK 0] [ Eval  | Step: 74000  |  loss : 0.2883 | accuracy : 0.8627 | eval_s : 3.5838  ]
[2026-08-17 06:38:00,972][__main__][INFO] - [RANK 0] [ Train | Step: 74500  |  loss : 0.2788 | accuracy : 0.8671 | opt_sps : 9.2038  ]
[2026-08-17 06:38:04,560][__main__][INFO] - [RANK 0] [ Eval  | Step: 74500  |  loss : 0.2843 | accuracy : 0.8637 | eval_s : 3.5868  ]
[2026-08-17 06:38:58,971][__main__][INFO] - [RANK 0] [ Train | Step: 75000  |  loss : 0.2799 | accuracy : 0.8683 | opt_sps : 9.2038  ]
[2026-08-17 06:39:02,555][__main__][INFO] - [RANK 0] [ Eval  | Step: 75000  |  loss : 0.2862 | accuracy : 0.8630 | eval_s : 3.5833  ]
[2026-08-17 06:39:56,912][__main__][INFO] - [RANK 0] [ Train | Step: 75500  |  loss : 0.2778 | accuracy : 0.8684 | opt_sps : 9.2037  ]
[2026-08-17 06:40:00,499][__main__][INFO] - [RANK 0] [ Eval  | Step: 75500  |  loss : 0.2846 | accuracy : 0.8660 | eval_s : 3.5865  ]
[2026-08-17 06:40:54,833][__main__][INFO] - [RANK 0] [ Train | Step: 76000  |  loss : 0.2761 | accuracy : 0.8699 | opt_sps : 9.2037  ]
[2026-08-17 06:40:58,416][__main__][INFO] - [RANK 0] [ Eval  | Step: 76000  |  loss : 0.2823 | accuracy : 0.8652 | eval_s : 3.5822  ]
[2026-08-17 06:41:52,758][__main__][INFO] - [RANK 0] [ Train | Step: 76500  |  loss : 0.2728 | accuracy : 0.8713 | opt_sps : 9.2037  ]
[2026-08-17 06:41:56,343][__main__][INFO] - [RANK 0] [ Eval  | Step: 76500  |  loss : 0.2817 | accuracy : 0.8651 | eval_s : 3.5836  ]
[2026-08-17 06:42:50,679][__main__][INFO] - [RANK 0] [ Train | Step: 77000  |  loss : 0.2756 | accuracy : 0.8684 | opt_sps : 9.2037  ]
[2026-08-17 06:42:54,261][__main__][INFO] - [RANK 0] [ Eval  | Step: 77000  |  loss : 0.2809 | accuracy : 0.8658 | eval_s : 3.5817  ]
[2026-08-17 06:43:48,532][__main__][INFO] - [RANK 0] [ Train | Step: 77500  |  loss : 0.2720 | accuracy : 0.8713 | opt_sps : 9.2038  ]
[2026-08-17 06:43:52,113][__main__][INFO] - [RANK 0] [ Eval  | Step: 77500  |  loss : 0.2809 | accuracy : 0.8667 | eval_s : 3.5799  ]
[2026-08-17 06:44:46,501][__main__][INFO] - [RANK 0] [ Train | Step: 78000  |  loss : 0.2749 | accuracy : 0.8690 | opt_sps : 9.2037  ]
[2026-08-17 06:44:50,088][__main__][INFO] - [RANK 0] [ Eval  | Step: 78000  |  loss : 0.2800 | accuracy : 0.8670 | eval_s : 3.5865  ]
[2026-08-17 06:45:44,473][__main__][INFO] - [RANK 0] [ Train | Step: 78500  |  loss : 0.2696 | accuracy : 0.8734 | opt_sps : 9.2037  ]
[2026-08-17 06:45:48,054][__main__][INFO] - [RANK 0] [ Eval  | Step: 78500  |  loss : 0.2798 | accuracy : 0.8683 | eval_s : 3.5809  ]
[2026-08-17 06:46:42,424][__main__][INFO] - [RANK 0] [ Train | Step: 79000  |  loss : 0.2697 | accuracy : 0.8724 | opt_sps : 9.2036  ]
[2026-08-17 06:46:46,010][__main__][INFO] - [RANK 0] [ Eval  | Step: 79000  |  loss : 0.2783 | accuracy : 0.8692 | eval_s : 3.5854  ]
[2026-08-17 06:47:40,376][__main__][INFO] - [RANK 0] [ Train | Step: 79500  |  loss : 0.2679 | accuracy : 0.8743 | opt_sps : 9.2036  ]
[2026-08-17 06:47:43,959][__main__][INFO] - [RANK 0] [ Eval  | Step: 79500  |  loss : 0.2769 | accuracy : 0.8685 | eval_s : 3.5816  ]
[2026-08-17 06:48:38,375][__main__][INFO] - [RANK 0] [ Train | Step: 80000  |  loss : 0.2684 | accuracy : 0.8740 | opt_sps : 9.2035  ]
[2026-08-17 06:48:41,958][__main__][INFO] - [RANK 0] [ Eval  | Step: 80000  |  loss : 0.2783 | accuracy : 0.8688 | eval_s : 3.5817  ]
[2026-08-17 06:49:36,272][__main__][INFO] - [RANK 0] [ Train | Step: 80500  |  loss : 0.2660 | accuracy : 0.8741 | opt_sps : 9.2035  ]
[2026-08-17 06:49:39,860][__main__][INFO] - [RANK 0] [ Eval  | Step: 80500  |  loss : 0.2757 | accuracy : 0.8690 | eval_s : 3.5860  ]
[2026-08-17 06:50:34,246][__main__][INFO] - [RANK 0] [ Train | Step: 81000  |  loss : 0.2652 | accuracy : 0.8762 | opt_sps : 9.2035  ]
[2026-08-17 06:50:37,830][__main__][INFO] - [RANK 0] [ Eval  | Step: 81000  |  loss : 0.2749 | accuracy : 0.8709 | eval_s : 3.5829  ]
[2026-08-17 06:51:32,120][__main__][INFO] - [RANK 0] [ Train | Step: 81500  |  loss : 0.2654 | accuracy : 0.8752 | opt_sps : 9.2035  ]
[2026-08-17 06:51:35,709][__main__][INFO] - [RANK 0] [ Eval  | Step: 81500  |  loss : 0.2735 | accuracy : 0.8711 | eval_s : 3.5831  ]
[2026-08-17 06:52:30,021][__main__][INFO] - [RANK 0] [ Train | Step: 82000  |  loss : 0.2651 | accuracy : 0.8750 | opt_sps : 9.2036  ]
[2026-08-17 06:52:33,607][__main__][INFO] - [RANK 0] [ Eval  | Step: 82000  |  loss : 0.2743 | accuracy : 0.8708 | eval_s : 3.5853  ]
[2026-08-17 06:53:27,901][__main__][INFO] - [RANK 0] [ Train | Step: 82500  |  loss : 0.2652 | accuracy : 0.8747 | opt_sps : 9.2036  ]
[2026-08-17 06:53:31,488][__main__][INFO] - [RANK 0] [ Eval  | Step: 82500  |  loss : 0.2727 | accuracy : 0.8701 | eval_s : 3.5858  ]
[2026-08-17 06:54:25,846][__main__][INFO] - [RANK 0] [ Train | Step: 83000  |  loss : 0.2623 | accuracy : 0.8758 | opt_sps : 9.2036  ]
[2026-08-17 06:54:29,430][__main__][INFO] - [RANK 0] [ Eval  | Step: 83000  |  loss : 0.2728 | accuracy : 0.8710 | eval_s : 3.5835  ]
[2026-08-17 06:55:23,787][__main__][INFO] - [RANK 0] [ Train | Step: 83500  |  loss : 0.2614 | accuracy : 0.8768 | opt_sps : 9.2035  ]
[2026-08-17 06:55:27,371][__main__][INFO] - [RANK 0] [ Eval  | Step: 83500  |  loss : 0.2725 | accuracy : 0.8722 | eval_s : 3.5830  ]
[2026-08-17 06:56:21,590][__main__][INFO] - [RANK 0] [ Train | Step: 84000  |  loss : 0.2620 | accuracy : 0.8775 | opt_sps : 9.2037  ]
[2026-08-17 06:56:25,169][__main__][INFO] - [RANK 0] [ Eval  | Step: 84000  |  loss : 0.2734 | accuracy : 0.8702 | eval_s : 3.5788  ]
[2026-08-17 06:57:19,510][__main__][INFO] - [RANK 0] [ Train | Step: 84500  |  loss : 0.2618 | accuracy : 0.8759 | opt_sps : 9.2036  ]
[2026-08-17 06:57:23,093][__main__][INFO] - [RANK 0] [ Eval  | Step: 84500  |  loss : 0.2701 | accuracy : 0.8727 | eval_s : 3.5824  ]
[2026-08-17 06:58:17,494][__main__][INFO] - [RANK 0] [ Train | Step: 85000  |  loss : 0.2583 | accuracy : 0.8784 | opt_sps : 9.2036  ]
[2026-08-17 06:58:21,077][__main__][INFO] - [RANK 0] [ Eval  | Step: 85000  |  loss : 0.2693 | accuracy : 0.8718 | eval_s : 3.5821  ]
[2026-08-17 06:59:15,430][__main__][INFO] - [RANK 0] [ Train | Step: 85500  |  loss : 0.2601 | accuracy : 0.8780 | opt_sps : 9.2036  ]
[2026-08-17 06:59:19,018][__main__][INFO] - [RANK 0] [ Eval  | Step: 85500  |  loss : 0.2691 | accuracy : 0.8727 | eval_s : 3.5866  ]
[2026-08-17 07:00:13,371][__main__][INFO] - [RANK 0] [ Train | Step: 86000  |  loss : 0.2590 | accuracy : 0.8780 | opt_sps : 9.2035  ]
[2026-08-17 07:00:16,957][__main__][INFO] - [RANK 0] [ Eval  | Step: 86000  |  loss : 0.2709 | accuracy : 0.8737 | eval_s : 3.5844  ]
[2026-08-17 07:01:11,277][__main__][INFO] - [RANK 0] [ Train | Step: 86500  |  loss : 0.2585 | accuracy : 0.8786 | opt_sps : 9.2035  ]
[2026-08-17 07:01:14,860][__main__][INFO] - [RANK 0] [ Eval  | Step: 86500  |  loss : 0.2681 | accuracy : 0.8727 | eval_s : 3.5826  ]
[2026-08-17 07:02:09,200][__main__][INFO] - [RANK 0] [ Train | Step: 87000  |  loss : 0.2581 | accuracy : 0.8778 | opt_sps : 9.2035  ]
[2026-08-17 07:02:12,786][__main__][INFO] - [RANK 0] [ Eval  | Step: 87000  |  loss : 0.2687 | accuracy : 0.8733 | eval_s : 3.5847  ]
[2026-08-17 07:03:07,142][__main__][INFO] - [RANK 0] [ Train | Step: 87500  |  loss : 0.2574 | accuracy : 0.8783 | opt_sps : 9.2035  ]
[2026-08-17 07:03:10,726][__main__][INFO] - [RANK 0] [ Eval  | Step: 87500  |  loss : 0.2698 | accuracy : 0.8733 | eval_s : 3.5833  ]
[2026-08-17 07:04:05,059][__main__][INFO] - [RANK 0] [ Train | Step: 88000  |  loss : 0.2567 | accuracy : 0.8783 | opt_sps : 9.2035  ]
[2026-08-17 07:04:08,646][__main__][INFO] - [RANK 0] [ Eval  | Step: 88000  |  loss : 0.2672 | accuracy : 0.8737 | eval_s : 3.5856  ]
[2026-08-17 07:05:03,041][__main__][INFO] - [RANK 0] [ Train | Step: 88500  |  loss : 0.2553 | accuracy : 0.8794 | opt_sps : 9.2035  ]
[2026-08-17 07:05:06,627][__main__][INFO] - [RANK 0] [ Eval  | Step: 88500  |  loss : 0.2670 | accuracy : 0.8752 | eval_s : 3.5848  ]
[2026-08-17 07:06:00,966][__main__][INFO] - [RANK 0] [ Train | Step: 89000  |  loss : 0.2571 | accuracy : 0.8787 | opt_sps : 9.2034  ]
[2026-08-17 07:06:04,552][__main__][INFO] - [RANK 0] [ Eval  | Step: 89000  |  loss : 0.2672 | accuracy : 0.8731 | eval_s : 3.5843  ]
[2026-08-17 07:06:58,855][__main__][INFO] - [RANK 0] [ Train | Step: 89500  |  loss : 0.2572 | accuracy : 0.8788 | opt_sps : 9.2035  ]
[2026-08-17 07:07:02,437][__main__][INFO] - [RANK 0] [ Eval  | Step: 89500  |  loss : 0.2659 | accuracy : 0.8745 | eval_s : 3.5808  ]
[2026-08-17 07:07:56,785][__main__][INFO] - [RANK 0] [ Train | Step: 90000  |  loss : 0.2518 | accuracy : 0.8809 | opt_sps : 9.2035  ]
[2026-08-17 07:08:00,372][__main__][INFO] - [RANK 0] [ Eval  | Step: 90000  |  loss : 0.2656 | accuracy : 0.8751 | eval_s : 3.5866  ]
[2026-08-17 07:08:54,687][__main__][INFO] - [RANK 0] [ Train | Step: 90500  |  loss : 0.2542 | accuracy : 0.8803 | opt_sps : 9.2035  ]
[2026-08-17 07:08:58,271][__main__][INFO] - [RANK 0] [ Eval  | Step: 90500  |  loss : 0.2662 | accuracy : 0.8747 | eval_s : 3.5823  ]
[2026-08-17 07:09:52,626][__main__][INFO] - [RANK 0] [ Train | Step: 91000  |  loss : 0.2521 | accuracy : 0.8824 | opt_sps : 9.2035  ]
[2026-08-17 07:09:56,208][__main__][INFO] - [RANK 0] [ Eval  | Step: 91000  |  loss : 0.2656 | accuracy : 0.8742 | eval_s : 3.5809  ]
[2026-08-17 07:10:50,577][__main__][INFO] - [RANK 0] [ Train | Step: 91500  |  loss : 0.2539 | accuracy : 0.8809 | opt_sps : 9.2034  ]
[2026-08-17 07:10:54,161][__main__][INFO] - [RANK 0] [ Eval  | Step: 91500  |  loss : 0.2651 | accuracy : 0.8747 | eval_s : 3.5824  ]
[2026-08-17 07:11:48,549][__main__][INFO] - [RANK 0] [ Train | Step: 92000  |  loss : 0.2547 | accuracy : 0.8798 | opt_sps : 9.2034  ]
[2026-08-17 07:11:52,135][__main__][INFO] - [RANK 0] [ Eval  | Step: 92000  |  loss : 0.2653 | accuracy : 0.8753 | eval_s : 3.5850  ]
[2026-08-17 07:12:46,489][__main__][INFO] - [RANK 0] [ Train | Step: 92500  |  loss : 0.2533 | accuracy : 0.8807 | opt_sps : 9.2034  ]
[2026-08-17 07:12:50,077][__main__][INFO] - [RANK 0] [ Eval  | Step: 92500  |  loss : 0.2651 | accuracy : 0.8752 | eval_s : 3.5861  ]
[2026-08-17 07:13:44,434][__main__][INFO] - [RANK 0] [ Train | Step: 93000  |  loss : 0.2535 | accuracy : 0.8808 | opt_sps : 9.2033  ]
[2026-08-17 07:13:48,019][__main__][INFO] - [RANK 0] [ Eval  | Step: 93000  |  loss : 0.2645 | accuracy : 0.8753 | eval_s : 3.5836  ]
[2026-08-17 07:14:42,371][__main__][INFO] - [RANK 0] [ Train | Step: 93500  |  loss : 0.2536 | accuracy : 0.8795 | opt_sps : 9.2033  ]
[2026-08-17 07:14:45,957][__main__][INFO] - [RANK 0] [ Eval  | Step: 93500  |  loss : 0.2642 | accuracy : 0.8755 | eval_s : 3.5853  ]
[2026-08-17 07:15:40,357][__main__][INFO] - [RANK 0] [ Train | Step: 94000  |  loss : 0.2528 | accuracy : 0.8810 | opt_sps : 9.2033  ]
[2026-08-17 07:15:43,940][__main__][INFO] - [RANK 0] [ Eval  | Step: 94000  |  loss : 0.2640 | accuracy : 0.8743 | eval_s : 3.5818  ]
[2026-08-17 07:16:38,285][__main__][INFO] - [RANK 0] [ Train | Step: 94500  |  loss : 0.2518 | accuracy : 0.8824 | opt_sps : 9.2032  ]
[2026-08-17 07:16:41,869][__main__][INFO] - [RANK 0] [ Eval  | Step: 94500  |  loss : 0.2637 | accuracy : 0.8747 | eval_s : 3.5830  ]
[2026-08-17 07:17:36,250][__main__][INFO] - [RANK 0] [ Train | Step: 95000  |  loss : 0.2532 | accuracy : 0.8803 | opt_sps : 9.2032  ]
[2026-08-17 07:17:39,838][__main__][INFO] - [RANK 0] [ Eval  | Step: 95000  |  loss : 0.2635 | accuracy : 0.8751 | eval_s : 3.5863  ]
[2026-08-17 07:18:34,193][__main__][INFO] - [RANK 0] [ Train | Step: 95500  |  loss : 0.2520 | accuracy : 0.8821 | opt_sps : 9.2032  ]
[2026-08-17 07:18:37,779][__main__][INFO] - [RANK 0] [ Eval  | Step: 95500  |  loss : 0.2635 | accuracy : 0.8751 | eval_s : 3.5849  ]
[2026-08-17 07:19:32,149][__main__][INFO] - [RANK 0] [ Train | Step: 96000  |  loss : 0.2520 | accuracy : 0.8808 | opt_sps : 9.2032  ]
[2026-08-17 07:19:35,729][__main__][INFO] - [RANK 0] [ Eval  | Step: 96000  |  loss : 0.2636 | accuracy : 0.8760 | eval_s : 3.5794  ]
[2026-08-17 07:20:30,022][__main__][INFO] - [RANK 0] [ Train | Step: 96500  |  loss : 0.2505 | accuracy : 0.8825 | opt_sps : 9.2032  ]
[2026-08-17 07:20:33,609][__main__][INFO] - [RANK 0] [ Eval  | Step: 96500  |  loss : 0.2634 | accuracy : 0.8756 | eval_s : 3.5855  ]
[2026-08-17 07:21:27,968][__main__][INFO] - [RANK 0] [ Train | Step: 97000  |  loss : 0.2512 | accuracy : 0.8822 | opt_sps : 9.2032  ]
[2026-08-17 07:21:31,554][__main__][INFO] - [RANK 0] [ Eval  | Step: 97000  |  loss : 0.2634 | accuracy : 0.8756 | eval_s : 3.5856  ]
[2026-08-17 07:22:25,898][__main__][INFO] - [RANK 0] [ Train | Step: 97500  |  loss : 0.2488 | accuracy : 0.8837 | opt_sps : 9.2032  ]
[2026-08-17 07:22:29,484][__main__][INFO] - [RANK 0] [ Eval  | Step: 97500  |  loss : 0.2636 | accuracy : 0.8757 | eval_s : 3.5851  ]
[2026-08-17 07:23:23,877][__main__][INFO] - [RANK 0] [ Train | Step: 98000  |  loss : 0.2490 | accuracy : 0.8827 | opt_sps : 9.2031  ]
[2026-08-17 07:23:27,464][__main__][INFO] - [RANK 0] [ Eval  | Step: 98000  |  loss : 0.2634 | accuracy : 0.8758 | eval_s : 3.5861  ]
[2026-08-17 07:24:21,851][__main__][INFO] - [RANK 0] [ Train | Step: 98500  |  loss : 0.2501 | accuracy : 0.8819 | opt_sps : 9.2031  ]
[2026-08-17 07:24:25,435][__main__][INFO] - [RANK 0] [ Eval  | Step: 98500  |  loss : 0.2633 | accuracy : 0.8759 | eval_s : 3.5837  ]
[2026-08-17 07:25:19,782][__main__][INFO] - [RANK 0] [ Train | Step: 99000  |  loss : 0.2523 | accuracy : 0.8809 | opt_sps : 9.2031  ]
[2026-08-17 07:25:23,365][__main__][INFO] - [RANK 0] [ Eval  | Step: 99000  |  loss : 0.2633 | accuracy : 0.8760 | eval_s : 3.5812  ]
[2026-08-17 07:26:17,724][__main__][INFO] - [RANK 0] [ Train | Step: 99500  |  loss : 0.2517 | accuracy : 0.8804 | opt_sps : 9.2030  ]
[2026-08-17 07:26:21,310][__main__][INFO] - [RANK 0] [ Eval  | Step: 99500  |  loss : 0.2633 | accuracy : 0.8756 | eval_s : 3.5841  ]
[2026-08-17 07:27:15,633][__main__][INFO] - [RANK 0] [ Train | Step: 100000 |  loss : 0.2495 | accuracy : 0.8826 | opt_sps : 9.2031  ]
[2026-08-17 07:27:19,216][__main__][INFO] - [RANK 0] [ Eval  | Step: 100000 |  loss : 0.2633 | accuracy : 0.8757 | eval_s : 3.5819  ]
[2026-08-17 07:27:19,222][__main__][INFO] - [RANK 0] loading best model
[2026-08-17 07:27:19,237][__main__][INFO] - [RANK 0] [Eval  | Summary |  best_loss : 0.2633 | best_step : 99000.0000 ]
[2026-08-17 07:27:22,821][__main__][INFO] - [RANK 0] [Test  | Summary |  loss/cross_entropy : 0.2596 | loss/loss : 0.2596 | callbacks/accuracy : 0.8766 | callbacks/non_relational_accuracy : 0.9997 | callbacks/binary_accuracy : 0.9823 | callbacks/ternary_accuracy : 0.6477 | callbacks/query_shape_accuracy : 1.0000 | callbacks/left_of_centre_accuracy : 0.9994 | callbacks/top_half_accuracy : 0.9997 | callbacks/closest_shape_accuracy : 0.9682 | callbacks/furthest_shape_accuracy : 0.9809 | callbacks/count_same_shape_accuracy : 0.9985 | callbacks/count_in_box_accuracy : 0.7591 | callbacks/on_band_accuracy : 0.6937 | callbacks/count_obtuse_accuracy : 0.4861 | timing/eval_s : 3.5835 ]
wandb: updating run metadata
wandb: uploading history steps 199-199, summary, console lines 501-504
wandb: 
wandb: Run history:
wandb:                  eval_callbacks/accuracy ▁▄▄▅▅▆▆▆▆▆▆▆▆▆▆▇▇▇▇▇▇▇▇▇▇▇▇▇████████████
wandb:           eval_callbacks/binary_accuracy ▁▁▃▄▄▅▅▅▅▅▆▆▆▇▇▇▇▇██████████████████████
wandb:    eval_callbacks/closest_shape_accuracy ▂▁▁▁▂▃▃▃▃▃▃▃▃▃▃▅▅▅▇▇████████████████████
wandb:     eval_callbacks/count_in_box_accuracy ▁▁▁▁▁▁▁▁▁▁▁▁▁▁▁▁▁▁▁▁▂▃▄▄▅▅▅▅▆▆▆▇▆▇▇▇████
wandb:     eval_callbacks/count_obtuse_accuracy ▁▁▁▁▁▁▁▁▁▁▁▁▁▁▁▁▁▁▁▁▂▂▃▃▃▅▅▅▅▅▆▇▆▆▆▇████
wandb: eval_callbacks/count_same_shape_accuracy ▁▁▂▂▂▇██████▇█▇█████████████████████████
wandb:   eval_callbacks/furthest_shape_accuracy ▁▃▄▃▄▄▄▅▇▇▇▇▇▇▇▇████████████████████████
wandb:   eval_callbacks/left_of_centre_accuracy ▇▇▇▇▅█▇█▆▁▇██▇██████████████████████████
wandb:   eval_callbacks/non_relational_accuracy ▂▁▂▃████████████████████████████████████
wandb:          eval_callbacks/on_band_accuracy ▁▁▂▂▂▁▁▂▂▁▂▂▁▂▂▁▂▂▂▂▂▂▁▁▂▃▃▃▄▄▄▅▆▇▇█████
wandb:                                      +24 ...
wandb: 
wandb: Run summary:
wandb:                           eval/best_loss 0.26329
wandb:                           eval/best_step 99000
wandb:                  eval_callbacks/accuracy 0.87567
wandb:           eval_callbacks/binary_accuracy 0.98391
wandb:    eval_callbacks/closest_shape_accuracy 0.97145
wandb:     eval_callbacks/count_in_box_accuracy 0.75597
wandb:     eval_callbacks/count_obtuse_accuracy 0.46942
wandb: eval_callbacks/count_same_shape_accuracy 1.0
wandb:   eval_callbacks/furthest_shape_accuracy 0.98029
wandb:   eval_callbacks/left_of_centre_accuracy 1.0
wandb:                                      +42 ...
wandb: 
wandb: 🚀 View run sort_of_clevr/transformer::multirun::2026-08-16_23-30-31::5 at: https://wandb.ai/niks_priv/sort_of_clevr/runs/as6njqbw
wandb: ⭐️ View project at: https://wandb.ai/niks_priv/sort_of_clevr
wandb: Synced 5 W&B file(s), 0 media file(s), 0 artifact file(s) and 0 other file(s)
wandb: Find logs at: ./outputs/sort_of_clevr/multirun/2026-08-16_23-30-31/5/wandb/run-20260817_041414-as6njqbw/logs
