[2026-08-17 07:27:28,444][HYDRA] Launching 12 jobs locally
[2026-08-17 07:27:28,444][HYDRA] 	#0 : model.module_dim=128 model.n_modules=4 model.partition=quadrant train.seed=0 task=sort_of_clevr experiment=sort_of_clevr/syncnet/scale
wandb: [wandb.login()] Loaded credentials for https://api.wandb.ai from /home/nik/.netrc.
wandb: Currently logged in as: nikiwillems9 (niks_priv) to https://api.wandb.ai. Use `wandb login --relogin` to force relogin
wandb: setting up run qe6ntboo
wandb: Tracking run with wandb version 0.27.2
wandb: Run data is saved locally in /home/nik/workspace/ImperialWork/msc_project/SyncNetProject/outputs/sort_of_clevr/multirun/2026-08-17_07-27-27/0/wandb/run-20260817_072730-qe6ntboo
wandb: Run `wandb offline` to turn off syncing.
wandb: Syncing run sort_of_clevr/syncnet::multirun::2026-08-17_07-27-27::0
wandb: ⭐️ View project at https://wandb.ai/niks_priv/sort_of_clevr
wandb: 🚀 View run at https://wandb.ai/niks_priv/sort_of_clevr/runs/qe6ntboo
[2026-08-17 07:27:31,927][__main__][INFO] - [RANK 0] Starting training
[2026-08-17 07:27:31,928][__main__][INFO] - [RANK 0] Model: SortOfClevrSyncNet
[2026-08-17 07:27:31,928][__main__][INFO] - [RANK 0] Parameters: total=332368
[2026-08-17 07:27:31,931][__main__][INFO] - [RANK 0] Config:
train:
  seed: 0
  n_steps: 100000
  train_bs: 256
  val_bs: 1024
  early_stop_metric: loss
  early_stop_big_is_better: false
  early_stop_patience: 1000000
  early_stop_min_delta: 0.0
  mixed_precision: bf16
  compile_model: false
  grad_accum: 1
  grad_clip: 1.0
  loader_mode: gpu_cached
  num_workers: 0
logging:
  eval_log_interval: 500
  train_log_interval: 500
  info_metrics:
  - loss
  - accuracy
  save_best: true
wandb:
  enabled: true
  project_name: sort_of_clevr
  entity: niks_priv
  tags: []
  run_name: null
optim:
  optimiser: adamw
  lr: 0.0003
  weight_decay: 0.01
  lr_scheduler: warmup_cosine
  lr_scheduler_params:
    warmup_steps: 2000
dataset:
  name: sort_of_clevr
  root: ./data
  dir: sort_of_clevr-seed1-train36000-test1000-img75-obj5-q10-t-1
  seed: 1
  train_size: 36000
  test_size: 1000
  img_size: 75
  obj_size: 5
  nb_questions: 10
  t_subtype: -1
model:
  name: sort_of_clevr_syncnet
  q_conditioning: film
  q_emb_dim: 32
  partition: quadrant
  use_pos_emb: true
  n_modules: 4
  module_dim: 128
  content_dim: 8
  query_hidden: 64
  beta_init: 5.0
  learn_beta: true
  use_module_embed: false
  embed_scale: 1.0
  gate_mode: phase
  T: 6
  dt: 0.1
  omega_init: 0.5
  learn_omega: true
  k_hidden: 64
  deterministic_phase: false
  msg_dim: 64
  msg_agg: mean
  readout_mode: sum
  hidden_dim: 128
  use_prior_head: true
  vote_sees_q: true
  encoder:
    name: patchify
    ch: 128
    patch_size: 5
    hidden: 64
callbacks:
- name: accuracy
- name: qtype_accuracy
- name: subtype_accuracy

[2026-08-17 07:27:31,931][__main__][INFO] - [RANK 0] Full model:
SortOfClevrSyncNet(
  (inner): VQASyncNet(
    (q_encoder): IdentityQuestionEncoder()
    (film_gamma): Linear(in_features=18, out_features=128, bias=True)
    (film_beta): Linear(in_features=18, out_features=128, bias=True)
    (encoders): ModuleList(
      (0): PatchifyEncoder(
        (patchify): Conv2d(3, 128, kernel_size=(5, 5), stride=(5, 5))
      )
    )
    (norms): ModuleList(
      (0): GroupNorm(8, 128, eps=1e-05, affine=True, bias=True)
    )
    (h_init): Sequential(
      (0): Linear(in_features=18, out_features=64, bias=True)
      (1): GELU(approximate='none')
      (2): Linear(in_features=64, out_features=512, bias=True)
    )
    (attn_query): Linear(in_features=128, out_features=128, bias=True)
    (msg_proj): Linear(in_features=128, out_features=64, bias=True)
    (cell): GRUCell(192, 128)
    (k_mlp): Sequential(
      (0): Linear(in_features=256, out_features=64, bias=True)
      (1): GELU(approximate='none')
      (2): Linear(in_features=64, out_features=1, bias=True)
      (3): Tanh()
    )
    (content_head): Linear(in_features=128, out_features=8, bias=True)
    (vote_heads): ModuleList(
      (0-3): 4 x Sequential(
        (0): Linear(in_features=154, out_features=128, bias=True)
        (1): GELU(approximate='none')
        (2): Linear(in_features=128, out_features=10, bias=True)
      )
    )
    (prior_head): Sequential(
      (0): Linear(in_features=18, out_features=128, bias=True)
      (1): GELU(approximate='none')
      (2): Linear(in_features=128, out_features=10, bias=True)
    )
  )
)
[2026-08-17 07:27:38,953][__main__][INFO] - [RANK 0] [ Train | Step: 500    |  loss : 1.4778 | accuracy : 0.3804 | opt_sps : 71.2141  ]
[2026-08-17 07:27:39,252][__main__][INFO] - [RANK 0] [ Eval  | Step: 500    |  loss : 0.8880 | accuracy : 0.4943 | eval_s : 0.2980  ]
[2026-08-17 07:27:45,823][__main__][INFO] - [RANK 0] [ Train | Step: 1000   |  loss : 0.8811 | accuracy : 0.4935 | opt_sps : 73.5772  ]
[2026-08-17 07:27:46,119][__main__][INFO] - [RANK 0] [ Eval  | Step: 1000   |  loss : 0.8772 | accuracy : 0.5090 | eval_s : 0.2953  ]
[2026-08-17 07:27:52,655][__main__][INFO] - [RANK 0] [ Train | Step: 1500   |  loss : 0.8582 | accuracy : 0.5293 | opt_sps : 74.5306  ]
[2026-08-17 07:27:52,951][__main__][INFO] - [RANK 0] [ Eval  | Step: 1500   |  loss : 0.8111 | accuracy : 0.5780 | eval_s : 0.2959  ]
[2026-08-17 07:27:59,485][__main__][INFO] - [RANK 0] [ Train | Step: 2000   |  loss : 0.7571 | accuracy : 0.6099 | opt_sps : 75.0219  ]
[2026-08-17 07:27:59,782][__main__][INFO] - [RANK 0] [ Eval  | Step: 2000   |  loss : 0.7234 | accuracy : 0.6406 | eval_s : 0.2956  ]
[2026-08-17 07:28:06,330][__main__][INFO] - [RANK 0] [ Train | Step: 2500   |  loss : 0.7140 | accuracy : 0.6390 | opt_sps : 75.2874  ]
[2026-08-17 07:28:06,626][__main__][INFO] - [RANK 0] [ Eval  | Step: 2500   |  loss : 0.6960 | accuracy : 0.6501 | eval_s : 0.2956  ]
[2026-08-17 07:28:13,162][__main__][INFO] - [RANK 0] [ Train | Step: 3000   |  loss : 0.6976 | accuracy : 0.6507 | opt_sps : 75.4881  ]
[2026-08-17 07:28:13,461][__main__][INFO] - [RANK 0] [ Eval  | Step: 3000   |  loss : 0.6802 | accuracy : 0.6643 | eval_s : 0.2973  ]
[2026-08-17 07:28:19,954][__main__][INFO] - [RANK 0] [ Train | Step: 3500   |  loss : 0.6811 | accuracy : 0.6601 | opt_sps : 75.7012  ]
[2026-08-17 07:28:20,255][__main__][INFO] - [RANK 0] [ Eval  | Step: 3500   |  loss : 0.6963 | accuracy : 0.6483 | eval_s : 0.2991  ]
[2026-08-17 07:28:26,912][__main__][INFO] - [RANK 0] [ Train | Step: 4000   |  loss : 0.6771 | accuracy : 0.6642 | opt_sps : 75.6263  ]
[2026-08-17 07:28:27,209][__main__][INFO] - [RANK 0] [ Eval  | Step: 4000   |  loss : 0.6692 | accuracy : 0.6708 | eval_s : 0.2963  ]
[2026-08-17 07:28:33,878][__main__][INFO] - [RANK 0] [ Train | Step: 4500   |  loss : 0.6694 | accuracy : 0.6688 | opt_sps : 75.5536  ]
[2026-08-17 07:28:34,175][__main__][INFO] - [RANK 0] [ Eval  | Step: 4500   |  loss : 0.6636 | accuracy : 0.6695 | eval_s : 0.2958  ]
[2026-08-17 07:28:40,711][__main__][INFO] - [RANK 0] [ Train | Step: 5000   |  loss : 0.6622 | accuracy : 0.6740 | opt_sps : 75.6481  ]
[2026-08-17 07:28:41,007][__main__][INFO] - [RANK 0] [ Eval  | Step: 5000   |  loss : 0.6540 | accuracy : 0.6769 | eval_s : 0.2947  ]
[2026-08-17 07:28:47,572][__main__][INFO] - [RANK 0] [ Train | Step: 5500   |  loss : 0.6587 | accuracy : 0.6747 | opt_sps : 75.6950  ]
[2026-08-17 07:28:47,868][__main__][INFO] - [RANK 0] [ Eval  | Step: 5500   |  loss : 0.6502 | accuracy : 0.6780 | eval_s : 0.2951  ]
[2026-08-17 07:28:54,385][__main__][INFO] - [RANK 0] [ Train | Step: 6000   |  loss : 0.6514 | accuracy : 0.6770 | opt_sps : 75.7805  ]
[2026-08-17 07:28:54,681][__main__][INFO] - [RANK 0] [ Eval  | Step: 6000   |  loss : 0.6488 | accuracy : 0.6817 | eval_s : 0.2955  ]
[2026-08-17 07:29:01,254][__main__][INFO] - [RANK 0] [ Train | Step: 6500   |  loss : 0.6495 | accuracy : 0.6799 | opt_sps : 75.8033  ]
[2026-08-17 07:29:01,550][__main__][INFO] - [RANK 0] [ Eval  | Step: 6500   |  loss : 0.6530 | accuracy : 0.6760 | eval_s : 0.2951  ]
[2026-08-17 07:29:08,024][__main__][INFO] - [RANK 0] [ Train | Step: 7000   |  loss : 0.6456 | accuracy : 0.6814 | opt_sps : 75.9036  ]
[2026-08-17 07:29:08,325][__main__][INFO] - [RANK 0] [ Eval  | Step: 7000   |  loss : 0.6433 | accuracy : 0.6818 | eval_s : 0.2995  ]
[2026-08-17 07:29:14,803][__main__][INFO] - [RANK 0] [ Train | Step: 7500   |  loss : 0.6450 | accuracy : 0.6820 | opt_sps : 75.9879  ]
[2026-08-17 07:29:15,102][__main__][INFO] - [RANK 0] [ Eval  | Step: 7500   |  loss : 0.6475 | accuracy : 0.6870 | eval_s : 0.2979  ]
[2026-08-17 07:29:21,620][__main__][INFO] - [RANK 0] [ Train | Step: 8000   |  loss : 0.6445 | accuracy : 0.6805 | opt_sps : 76.0329  ]
[2026-08-17 07:29:21,916][__main__][INFO] - [RANK 0] [ Eval  | Step: 8000   |  loss : 0.6649 | accuracy : 0.6674 | eval_s : 0.2955  ]
[2026-08-17 07:29:28,470][__main__][INFO] - [RANK 0] [ Train | Step: 8500   |  loss : 0.6410 | accuracy : 0.6838 | opt_sps : 76.0481  ]
[2026-08-17 07:29:28,767][__main__][INFO] - [RANK 0] [ Eval  | Step: 8500   |  loss : 0.6434 | accuracy : 0.6820 | eval_s : 0.2966  ]
[2026-08-17 07:29:35,448][__main__][INFO] - [RANK 0] [ Train | Step: 9000   |  loss : 0.6383 | accuracy : 0.6838 | opt_sps : 75.9801  ]
[2026-08-17 07:29:35,745][__main__][INFO] - [RANK 0] [ Eval  | Step: 9000   |  loss : 0.6575 | accuracy : 0.6727 | eval_s : 0.2957  ]
[2026-08-17 07:29:42,416][__main__][INFO] - [RANK 0] [ Train | Step: 9500   |  loss : 0.6358 | accuracy : 0.6880 | opt_sps : 75.9248  ]
[2026-08-17 07:29:42,712][__main__][INFO] - [RANK 0] [ Eval  | Step: 9500   |  loss : 0.6368 | accuracy : 0.6903 | eval_s : 0.2946  ]
[2026-08-17 07:29:49,256][__main__][INFO] - [RANK 0] [ Train | Step: 10000  |  loss : 0.6381 | accuracy : 0.6850 | opt_sps : 75.9493  ]
[2026-08-17 07:29:49,552][__main__][INFO] - [RANK 0] [ Eval  | Step: 10000  |  loss : 0.6420 | accuracy : 0.6798 | eval_s : 0.2957  ]
[2026-08-17 07:29:56,091][__main__][INFO] - [RANK 0] [ Train | Step: 10500  |  loss : 0.6368 | accuracy : 0.6873 | opt_sps : 75.9736  ]
[2026-08-17 07:29:56,390][__main__][INFO] - [RANK 0] [ Eval  | Step: 10500  |  loss : 0.6412 | accuracy : 0.6831 | eval_s : 0.2977  ]
[2026-08-17 07:30:02,824][__main__][INFO] - [RANK 0] [ Train | Step: 11000  |  loss : 0.6346 | accuracy : 0.6882 | opt_sps : 76.0510  ]
[2026-08-17 07:30:03,123][__main__][INFO] - [RANK 0] [ Eval  | Step: 11000  |  loss : 0.6376 | accuracy : 0.6874 | eval_s : 0.2979  ]
[2026-08-17 07:30:09,648][__main__][INFO] - [RANK 0] [ Train | Step: 11500  |  loss : 0.6280 | accuracy : 0.6922 | opt_sps : 76.0756  ]
[2026-08-17 07:30:09,944][__main__][INFO] - [RANK 0] [ Eval  | Step: 11500  |  loss : 0.6378 | accuracy : 0.6839 | eval_s : 0.2950  ]
[2026-08-17 07:30:16,473][__main__][INFO] - [RANK 0] [ Train | Step: 12000  |  loss : 0.6338 | accuracy : 0.6876 | opt_sps : 76.0965  ]
[2026-08-17 07:30:16,769][__main__][INFO] - [RANK 0] [ Eval  | Step: 12000  |  loss : 0.6306 | accuracy : 0.6962 | eval_s : 0.2950  ]
[2026-08-17 07:30:23,318][__main__][INFO] - [RANK 0] [ Train | Step: 12500  |  loss : 0.6320 | accuracy : 0.6905 | opt_sps : 76.1068  ]
[2026-08-17 07:30:23,614][__main__][INFO] - [RANK 0] [ Eval  | Step: 12500  |  loss : 0.6273 | accuracy : 0.6930 | eval_s : 0.2944  ]
[2026-08-17 07:30:30,102][__main__][INFO] - [RANK 0] [ Train | Step: 13000  |  loss : 0.6287 | accuracy : 0.6910 | opt_sps : 76.1434  ]
[2026-08-17 07:30:30,398][__main__][INFO] - [RANK 0] [ Eval  | Step: 13000  |  loss : 0.6295 | accuracy : 0.6954 | eval_s : 0.2949  ]
[2026-08-17 07:30:37,027][__main__][INFO] - [RANK 0] [ Train | Step: 13500  |  loss : 0.6285 | accuracy : 0.6929 | opt_sps : 76.1163  ]
[2026-08-17 07:30:37,324][__main__][INFO] - [RANK 0] [ Eval  | Step: 13500  |  loss : 0.6311 | accuracy : 0.6893 | eval_s : 0.2956  ]
[2026-08-17 07:30:43,927][__main__][INFO] - [RANK 0] [ Train | Step: 14000  |  loss : 0.6236 | accuracy : 0.6952 | opt_sps : 76.1024  ]
[2026-08-17 07:30:44,224][__main__][INFO] - [RANK 0] [ Eval  | Step: 14000  |  loss : 0.6293 | accuracy : 0.6908 | eval_s : 0.2960  ]
[2026-08-17 07:30:50,718][__main__][INFO] - [RANK 0] [ Train | Step: 14500  |  loss : 0.6271 | accuracy : 0.6946 | opt_sps : 76.1325  ]
[2026-08-17 07:30:51,017][__main__][INFO] - [RANK 0] [ Eval  | Step: 14500  |  loss : 0.6242 | accuracy : 0.6971 | eval_s : 0.2983  ]
[2026-08-17 07:30:57,490][__main__][INFO] - [RANK 0] [ Train | Step: 15000  |  loss : 0.6145 | accuracy : 0.7032 | opt_sps : 76.1695  ]
[2026-08-17 07:30:57,790][__main__][INFO] - [RANK 0] [ Eval  | Step: 15000  |  loss : 0.6137 | accuracy : 0.7005 | eval_s : 0.2993  ]
[2026-08-17 07:31:04,266][__main__][INFO] - [RANK 0] [ Train | Step: 15500  |  loss : 0.6032 | accuracy : 0.7088 | opt_sps : 76.2028  ]
[2026-08-17 07:31:04,562][__main__][INFO] - [RANK 0] [ Eval  | Step: 15500  |  loss : 0.5967 | accuracy : 0.7126 | eval_s : 0.2945  ]
[2026-08-17 07:31:11,075][__main__][INFO] - [RANK 0] [ Train | Step: 16000  |  loss : 0.5952 | accuracy : 0.7146 | opt_sps : 76.2207  ]
[2026-08-17 07:31:11,372][__main__][INFO] - [RANK 0] [ Eval  | Step: 16000  |  loss : 0.6027 | accuracy : 0.7059 | eval_s : 0.2962  ]
[2026-08-17 07:31:17,899][__main__][INFO] - [RANK 0] [ Train | Step: 16500  |  loss : 0.5802 | accuracy : 0.7230 | opt_sps : 76.2321  ]
[2026-08-17 07:31:18,196][__main__][INFO] - [RANK 0] [ Eval  | Step: 16500  |  loss : 0.5736 | accuracy : 0.7231 | eval_s : 0.2954  ]
[2026-08-17 07:31:24,711][__main__][INFO] - [RANK 0] [ Train | Step: 17000  |  loss : 0.5778 | accuracy : 0.7223 | opt_sps : 76.2472  ]
[2026-08-17 07:31:25,008][__main__][INFO] - [RANK 0] [ Eval  | Step: 17000  |  loss : 0.5914 | accuracy : 0.7111 | eval_s : 0.2951  ]
[2026-08-17 07:31:31,544][__main__][INFO] - [RANK 0] [ Train | Step: 17500  |  loss : 0.5676 | accuracy : 0.7285 | opt_sps : 76.2541  ]
[2026-08-17 07:31:31,840][__main__][INFO] - [RANK 0] [ Eval  | Step: 17500  |  loss : 0.5513 | accuracy : 0.7323 | eval_s : 0.2953  ]
[2026-08-17 07:31:38,453][__main__][INFO] - [RANK 0] [ Train | Step: 18000  |  loss : 0.5662 | accuracy : 0.7270 | opt_sps : 76.2363  ]
[2026-08-17 07:31:38,752][__main__][INFO] - [RANK 0] [ Eval  | Step: 18000  |  loss : 0.5626 | accuracy : 0.7266 | eval_s : 0.2980  ]
[2026-08-17 07:31:45,599][__main__][INFO] - [RANK 0] [ Train | Step: 18500  |  loss : 0.5539 | accuracy : 0.7345 | opt_sps : 76.1459  ]
[2026-08-17 07:31:45,898][__main__][INFO] - [RANK 0] [ Eval  | Step: 18500  |  loss : 0.5391 | accuracy : 0.7384 | eval_s : 0.2985  ]
[2026-08-17 07:31:52,351][__main__][INFO] - [RANK 0] [ Train | Step: 19000  |  loss : 0.5606 | accuracy : 0.7299 | opt_sps : 76.1810  ]
[2026-08-17 07:31:52,651][__main__][INFO] - [RANK 0] [ Eval  | Step: 19000  |  loss : 0.5534 | accuracy : 0.7317 | eval_s : 0.2992  ]
[2026-08-17 07:31:59,139][__main__][INFO] - [RANK 0] [ Train | Step: 19500  |  loss : 0.5492 | accuracy : 0.7362 | opt_sps : 76.2034  ]
[2026-08-17 07:31:59,435][__main__][INFO] - [RANK 0] [ Eval  | Step: 19500  |  loss : 0.5389 | accuracy : 0.7305 | eval_s : 0.2953  ]
[2026-08-17 07:32:05,961][__main__][INFO] - [RANK 0] [ Train | Step: 20000  |  loss : 0.5580 | accuracy : 0.7326 | opt_sps : 76.2139  ]
[2026-08-17 07:32:06,257][__main__][INFO] - [RANK 0] [ Eval  | Step: 20000  |  loss : 0.5568 | accuracy : 0.7280 | eval_s : 0.2949  ]
[2026-08-17 07:32:12,857][__main__][INFO] - [RANK 0] [ Train | Step: 20500  |  loss : 0.5497 | accuracy : 0.7347 | opt_sps : 76.2027  ]
[2026-08-17 07:32:13,154][__main__][INFO] - [RANK 0] [ Eval  | Step: 20500  |  loss : 0.5672 | accuracy : 0.7219 | eval_s : 0.2960  ]
[2026-08-17 07:32:19,668][__main__][INFO] - [RANK 0] [ Train | Step: 21000  |  loss : 0.5371 | accuracy : 0.7405 | opt_sps : 76.2158  ]
[2026-08-17 07:32:19,963][__main__][INFO] - [RANK 0] [ Eval  | Step: 21000  |  loss : 0.5384 | accuracy : 0.7382 | eval_s : 0.2947  ]
[2026-08-17 07:32:26,430][__main__][INFO] - [RANK 0] [ Train | Step: 21500  |  loss : 0.5330 | accuracy : 0.7411 | opt_sps : 76.2414  ]
[2026-08-17 07:32:26,726][__main__][INFO] - [RANK 0] [ Eval  | Step: 21500  |  loss : 0.5194 | accuracy : 0.7456 | eval_s : 0.2952  ]
[2026-08-17 07:32:33,256][__main__][INFO] - [RANK 0] [ Train | Step: 22000  |  loss : 0.5384 | accuracy : 0.7394 | opt_sps : 76.2492  ]
[2026-08-17 07:32:33,551][__main__][INFO] - [RANK 0] [ Eval  | Step: 22000  |  loss : 0.5181 | accuracy : 0.7461 | eval_s : 0.2947  ]
[2026-08-17 07:32:40,008][__main__][INFO] - [RANK 0] [ Train | Step: 22500  |  loss : 0.5356 | accuracy : 0.7400 | opt_sps : 76.2754  ]
[2026-08-17 07:32:40,309][__main__][INFO] - [RANK 0] [ Eval  | Step: 22500  |  loss : 0.5655 | accuracy : 0.7292 | eval_s : 0.3001  ]
[2026-08-17 07:32:46,936][__main__][INFO] - [RANK 0] [ Train | Step: 23000  |  loss : 0.5248 | accuracy : 0.7439 | opt_sps : 76.2572  ]
[2026-08-17 07:32:47,238][__main__][INFO] - [RANK 0] [ Eval  | Step: 23000  |  loss : 0.5094 | accuracy : 0.7464 | eval_s : 0.3007  ]
[2026-08-17 07:32:53,849][__main__][INFO] - [RANK 0] [ Train | Step: 23500  |  loss : 0.5261 | accuracy : 0.7445 | opt_sps : 76.2440  ]
[2026-08-17 07:32:54,145][__main__][INFO] - [RANK 0] [ Eval  | Step: 23500  |  loss : 0.5507 | accuracy : 0.7330 | eval_s : 0.2952  ]
[2026-08-17 07:33:00,678][__main__][INFO] - [RANK 0] [ Train | Step: 24000  |  loss : 0.5214 | accuracy : 0.7457 | opt_sps : 76.2501  ]
[2026-08-17 07:33:00,974][__main__][INFO] - [RANK 0] [ Eval  | Step: 24000  |  loss : 0.5042 | accuracy : 0.7493 | eval_s : 0.2953  ]
[2026-08-17 07:33:07,525][__main__][INFO] - [RANK 0] [ Train | Step: 24500  |  loss : 0.5219 | accuracy : 0.7462 | opt_sps : 76.2519  ]
[2026-08-17 07:33:07,821][__main__][INFO] - [RANK 0] [ Eval  | Step: 24500  |  loss : 0.5239 | accuracy : 0.7441 | eval_s : 0.2953  ]
[2026-08-17 07:33:14,400][__main__][INFO] - [RANK 0] [ Train | Step: 25000  |  loss : 0.5105 | accuracy : 0.7504 | opt_sps : 76.2468  ]
[2026-08-17 07:33:14,696][__main__][INFO] - [RANK 0] [ Eval  | Step: 25000  |  loss : 0.5011 | accuracy : 0.7529 | eval_s : 0.2957  ]
[2026-08-17 07:33:21,201][__main__][INFO] - [RANK 0] [ Train | Step: 25500  |  loss : 0.5212 | accuracy : 0.7490 | opt_sps : 76.2592  ]
[2026-08-17 07:33:21,496][__main__][INFO] - [RANK 0] [ Eval  | Step: 25500  |  loss : 0.5193 | accuracy : 0.7406 | eval_s : 0.2945  ]
[2026-08-17 07:33:27,973][__main__][INFO] - [RANK 0] [ Train | Step: 26000  |  loss : 0.5092 | accuracy : 0.7529 | opt_sps : 76.2771  ]
[2026-08-17 07:33:28,276][__main__][INFO] - [RANK 0] [ Eval  | Step: 26000  |  loss : 0.4953 | accuracy : 0.7574 | eval_s : 0.3027  ]
[2026-08-17 07:33:34,714][__main__][INFO] - [RANK 0] [ Train | Step: 26500  |  loss : 0.5066 | accuracy : 0.7558 | opt_sps : 76.3031  ]
[2026-08-17 07:33:35,011][__main__][INFO] - [RANK 0] [ Eval  | Step: 26500  |  loss : 0.4970 | accuracy : 0.7579 | eval_s : 0.2958  ]
[2026-08-17 07:33:41,450][__main__][INFO] - [RANK 0] [ Train | Step: 27000  |  loss : 0.5106 | accuracy : 0.7550 | opt_sps : 76.3275  ]
[2026-08-17 07:33:41,746][__main__][INFO] - [RANK 0] [ Eval  | Step: 27000  |  loss : 0.5135 | accuracy : 0.7520 | eval_s : 0.2951  ]
[2026-08-17 07:33:48,529][__main__][INFO] - [RANK 0] [ Train | Step: 27500  |  loss : 0.4957 | accuracy : 0.7614 | opt_sps : 76.2785  ]
[2026-08-17 07:33:48,834][__main__][INFO] - [RANK 0] [ Eval  | Step: 27500  |  loss : 0.5006 | accuracy : 0.7559 | eval_s : 0.3045  ]
[2026-08-17 07:33:55,552][__main__][INFO] - [RANK 0] [ Train | Step: 28000  |  loss : 0.5020 | accuracy : 0.7589 | opt_sps : 76.2446  ]
[2026-08-17 07:33:55,849][__main__][INFO] - [RANK 0] [ Eval  | Step: 28000  |  loss : 0.4844 | accuracy : 0.7648 | eval_s : 0.2957  ]
[2026-08-17 07:34:02,418][__main__][INFO] - [RANK 0] [ Train | Step: 28500  |  loss : 0.4988 | accuracy : 0.7611 | opt_sps : 76.2424  ]
[2026-08-17 07:34:02,715][__main__][INFO] - [RANK 0] [ Eval  | Step: 28500  |  loss : 0.4919 | accuracy : 0.7614 | eval_s : 0.2956  ]
[2026-08-17 07:34:09,259][__main__][INFO] - [RANK 0] [ Train | Step: 29000  |  loss : 0.4941 | accuracy : 0.7644 | opt_sps : 76.2451  ]
[2026-08-17 07:34:09,555][__main__][INFO] - [RANK 0] [ Eval  | Step: 29000  |  loss : 0.4920 | accuracy : 0.7585 | eval_s : 0.2955  ]
[2026-08-17 07:34:16,146][__main__][INFO] - [RANK 0] [ Train | Step: 29500  |  loss : 0.4839 | accuracy : 0.7672 | opt_sps : 76.2387  ]
[2026-08-17 07:34:16,443][__main__][INFO] - [RANK 0] [ Eval  | Step: 29500  |  loss : 0.4886 | accuracy : 0.7611 | eval_s : 0.2962  ]
[2026-08-17 07:34:22,975][__main__][INFO] - [RANK 0] [ Train | Step: 30000  |  loss : 0.4819 | accuracy : 0.7710 | opt_sps : 76.2438  ]
[2026-08-17 07:34:23,276][__main__][INFO] - [RANK 0] [ Eval  | Step: 30000  |  loss : 0.4745 | accuracy : 0.7729 | eval_s : 0.2999  ]
[2026-08-17 07:34:29,764][__main__][INFO] - [RANK 0] [ Train | Step: 30500  |  loss : 0.4701 | accuracy : 0.7742 | opt_sps : 76.2572  ]
[2026-08-17 07:34:30,062][__main__][INFO] - [RANK 0] [ Eval  | Step: 30500  |  loss : 0.5091 | accuracy : 0.7573 | eval_s : 0.2973  ]
[2026-08-17 07:34:36,537][__main__][INFO] - [RANK 0] [ Train | Step: 31000  |  loss : 0.4676 | accuracy : 0.7772 | opt_sps : 76.2726  ]
[2026-08-17 07:34:36,833][__main__][INFO] - [RANK 0] [ Eval  | Step: 31000  |  loss : 0.4650 | accuracy : 0.7737 | eval_s : 0.2955  ]
[2026-08-17 07:34:43,380][__main__][INFO] - [RANK 0] [ Train | Step: 31500  |  loss : 0.4614 | accuracy : 0.7773 | opt_sps : 76.2743  ]
[2026-08-17 07:34:43,676][__main__][INFO] - [RANK 0] [ Eval  | Step: 31500  |  loss : 0.4562 | accuracy : 0.7790 | eval_s : 0.2945  ]
[2026-08-17 07:34:50,245][__main__][INFO] - [RANK 0] [ Train | Step: 32000  |  loss : 0.4534 | accuracy : 0.7809 | opt_sps : 76.2719  ]
[2026-08-17 07:34:50,541][__main__][INFO] - [RANK 0] [ Eval  | Step: 32000  |  loss : 0.4517 | accuracy : 0.7814 | eval_s : 0.2949  ]
[2026-08-17 07:34:57,306][__main__][INFO] - [RANK 0] [ Train | Step: 32500  |  loss : 0.4479 | accuracy : 0.7834 | opt_sps : 76.2346  ]
[2026-08-17 07:34:57,606][__main__][INFO] - [RANK 0] [ Eval  | Step: 32500  |  loss : 0.4518 | accuracy : 0.7785 | eval_s : 0.2998  ]
[2026-08-17 07:35:04,161][__main__][INFO] - [RANK 0] [ Train | Step: 33000  |  loss : 0.4483 | accuracy : 0.7834 | opt_sps : 76.2354  ]
[2026-08-17 07:35:04,456][__main__][INFO] - [RANK 0] [ Eval  | Step: 33000  |  loss : 0.4427 | accuracy : 0.7835 | eval_s : 0.2943  ]
[2026-08-17 07:35:11,020][__main__][INFO] - [RANK 0] [ Train | Step: 33500  |  loss : 0.4472 | accuracy : 0.7829 | opt_sps : 76.2346  ]
[2026-08-17 07:35:11,317][__main__][INFO] - [RANK 0] [ Eval  | Step: 33500  |  loss : 0.4359 | accuracy : 0.7865 | eval_s : 0.2958  ]
[2026-08-17 07:35:17,821][__main__][INFO] - [RANK 0] [ Train | Step: 34000  |  loss : 0.4440 | accuracy : 0.7859 | opt_sps : 76.2441  ]
[2026-08-17 07:35:18,120][__main__][INFO] - [RANK 0] [ Eval  | Step: 34000  |  loss : 0.4362 | accuracy : 0.7870 | eval_s : 0.2981  ]
[2026-08-17 07:35:24,646][__main__][INFO] - [RANK 0] [ Train | Step: 34500  |  loss : 0.4395 | accuracy : 0.7887 | opt_sps : 76.2494  ]
[2026-08-17 07:35:24,947][__main__][INFO] - [RANK 0] [ Eval  | Step: 34500  |  loss : 0.4319 | accuracy : 0.7892 | eval_s : 0.3003  ]
[2026-08-17 07:35:31,463][__main__][INFO] - [RANK 0] [ Train | Step: 35000  |  loss : 0.4374 | accuracy : 0.7894 | opt_sps : 76.2564  ]
[2026-08-17 07:35:31,760][__main__][INFO] - [RANK 0] [ Eval  | Step: 35000  |  loss : 0.4364 | accuracy : 0.7846 | eval_s : 0.2957  ]
[2026-08-17 07:35:38,300][__main__][INFO] - [RANK 0] [ Train | Step: 35500  |  loss : 0.4350 | accuracy : 0.7908 | opt_sps : 76.2591  ]
[2026-08-17 07:35:38,597][__main__][INFO] - [RANK 0] [ Eval  | Step: 35500  |  loss : 0.4307 | accuracy : 0.7915 | eval_s : 0.2961  ]
[2026-08-17 07:35:45,199][__main__][INFO] - [RANK 0] [ Train | Step: 36000  |  loss : 0.4302 | accuracy : 0.7911 | opt_sps : 76.2519  ]
[2026-08-17 07:35:45,495][__main__][INFO] - [RANK 0] [ Eval  | Step: 36000  |  loss : 0.4250 | accuracy : 0.7902 | eval_s : 0.2952  ]
[2026-08-17 07:35:52,114][__main__][INFO] - [RANK 0] [ Train | Step: 36500  |  loss : 0.4355 | accuracy : 0.7892 | opt_sps : 76.2423  ]
[2026-08-17 07:35:52,410][__main__][INFO] - [RANK 0] [ Eval  | Step: 36500  |  loss : 0.4238 | accuracy : 0.7938 | eval_s : 0.2950  ]
[2026-08-17 07:35:59,043][__main__][INFO] - [RANK 0] [ Train | Step: 37000  |  loss : 0.4292 | accuracy : 0.7930 | opt_sps : 76.2305  ]
[2026-08-17 07:35:59,339][__main__][INFO] - [RANK 0] [ Eval  | Step: 37000  |  loss : 0.4356 | accuracy : 0.7867 | eval_s : 0.2950  ]
[2026-08-17 07:36:05,948][__main__][INFO] - [RANK 0] [ Train | Step: 37500  |  loss : 0.4234 | accuracy : 0.7928 | opt_sps : 76.2227  ]
[2026-08-17 07:36:06,244][__main__][INFO] - [RANK 0] [ Eval  | Step: 37500  |  loss : 0.4276 | accuracy : 0.7902 | eval_s : 0.2948  ]
[2026-08-17 07:36:12,719][__main__][INFO] - [RANK 0] [ Train | Step: 38000  |  loss : 0.4248 | accuracy : 0.7941 | opt_sps : 76.2356  ]
[2026-08-17 07:36:13,020][__main__][INFO] - [RANK 0] [ Eval  | Step: 38000  |  loss : 0.4273 | accuracy : 0.7916 | eval_s : 0.2995  ]
[2026-08-17 07:36:19,588][__main__][INFO] - [RANK 0] [ Train | Step: 38500  |  loss : 0.4205 | accuracy : 0.7964 | opt_sps : 76.2341  ]
[2026-08-17 07:36:19,889][__main__][INFO] - [RANK 0] [ Eval  | Step: 38500  |  loss : 0.4211 | accuracy : 0.7929 | eval_s : 0.2996  ]
[2026-08-17 07:36:26,451][__main__][INFO] - [RANK 0] [ Train | Step: 39000  |  loss : 0.4191 | accuracy : 0.7988 | opt_sps : 76.2338  ]
[2026-08-17 07:36:26,747][__main__][INFO] - [RANK 0] [ Eval  | Step: 39000  |  loss : 0.4207 | accuracy : 0.7942 | eval_s : 0.2954  ]
[2026-08-17 07:36:33,274][__main__][INFO] - [RANK 0] [ Train | Step: 39500  |  loss : 0.4206 | accuracy : 0.7962 | opt_sps : 76.2387  ]
[2026-08-17 07:36:33,569][__main__][INFO] - [RANK 0] [ Eval  | Step: 39500  |  loss : 0.4200 | accuracy : 0.7925 | eval_s : 0.2949  ]
[2026-08-17 07:36:40,101][__main__][INFO] - [RANK 0] [ Train | Step: 40000  |  loss : 0.4180 | accuracy : 0.7973 | opt_sps : 76.2426  ]
[2026-08-17 07:36:40,397][__main__][INFO] - [RANK 0] [ Eval  | Step: 40000  |  loss : 0.4164 | accuracy : 0.7956 | eval_s : 0.2952  ]
[2026-08-17 07:36:46,946][__main__][INFO] - [RANK 0] [ Train | Step: 40500  |  loss : 0.4174 | accuracy : 0.7991 | opt_sps : 76.2441  ]
[2026-08-17 07:36:47,242][__main__][INFO] - [RANK 0] [ Eval  | Step: 40500  |  loss : 0.4222 | accuracy : 0.7939 | eval_s : 0.2955  ]
[2026-08-17 07:36:53,817][__main__][INFO] - [RANK 0] [ Train | Step: 41000  |  loss : 0.4190 | accuracy : 0.7983 | opt_sps : 76.2416  ]
[2026-08-17 07:36:54,114][__main__][INFO] - [RANK 0] [ Eval  | Step: 41000  |  loss : 0.4179 | accuracy : 0.7961 | eval_s : 0.2957  ]
[2026-08-17 07:37:00,692][__main__][INFO] - [RANK 0] [ Train | Step: 41500  |  loss : 0.4172 | accuracy : 0.7979 | opt_sps : 76.2389  ]
[2026-08-17 07:37:00,992][__main__][INFO] - [RANK 0] [ Eval  | Step: 41500  |  loss : 0.4135 | accuracy : 0.7980 | eval_s : 0.2999  ]
[2026-08-17 07:37:07,696][__main__][INFO] - [RANK 0] [ Train | Step: 42000  |  loss : 0.4112 | accuracy : 0.8018 | opt_sps : 76.2189  ]
[2026-08-17 07:37:07,996][__main__][INFO] - [RANK 0] [ Eval  | Step: 42000  |  loss : 0.4320 | accuracy : 0.7916 | eval_s : 0.2983  ]
[2026-08-17 07:37:14,459][__main__][INFO] - [RANK 0] [ Train | Step: 42500  |  loss : 0.4104 | accuracy : 0.8015 | opt_sps : 76.2321  ]
[2026-08-17 07:37:14,757][__main__][INFO] - [RANK 0] [ Eval  | Step: 42500  |  loss : 0.4113 | accuracy : 0.7989 | eval_s : 0.2974  ]
[2026-08-17 07:37:21,237][__main__][INFO] - [RANK 0] [ Train | Step: 43000  |  loss : 0.4101 | accuracy : 0.8017 | opt_sps : 76.2429  ]
[2026-08-17 07:37:21,533][__main__][INFO] - [RANK 0] [ Eval  | Step: 43000  |  loss : 0.4097 | accuracy : 0.7977 | eval_s : 0.2948  ]
[2026-08-17 07:37:28,031][__main__][INFO] - [RANK 0] [ Train | Step: 43500  |  loss : 0.4107 | accuracy : 0.8019 | opt_sps : 76.2510  ]
[2026-08-17 07:37:28,327][__main__][INFO] - [RANK 0] [ Eval  | Step: 43500  |  loss : 0.4079 | accuracy : 0.8020 | eval_s : 0.2945  ]
[2026-08-17 07:37:34,872][__main__][INFO] - [RANK 0] [ Train | Step: 44000  |  loss : 0.4073 | accuracy : 0.8029 | opt_sps : 76.2527  ]
[2026-08-17 07:37:35,168][__main__][INFO] - [RANK 0] [ Eval  | Step: 44000  |  loss : 0.4071 | accuracy : 0.8006 | eval_s : 0.2952  ]
[2026-08-17 07:37:41,686][__main__][INFO] - [RANK 0] [ Train | Step: 44500  |  loss : 0.4080 | accuracy : 0.8023 | opt_sps : 76.2580  ]
[2026-08-17 07:37:41,982][__main__][INFO] - [RANK 0] [ Eval  | Step: 44500  |  loss : 0.4081 | accuracy : 0.8004 | eval_s : 0.2953  ]
[2026-08-17 07:37:48,540][__main__][INFO] - [RANK 0] [ Train | Step: 45000  |  loss : 0.4023 | accuracy : 0.8062 | opt_sps : 76.2579  ]
[2026-08-17 07:37:48,836][__main__][INFO] - [RANK 0] [ Eval  | Step: 45000  |  loss : 0.4055 | accuracy : 0.8030 | eval_s : 0.2951  ]
[2026-08-17 07:37:55,407][__main__][INFO] - [RANK 0] [ Train | Step: 45500  |  loss : 0.4044 | accuracy : 0.8059 | opt_sps : 76.2561  ]
[2026-08-17 07:37:55,706][__main__][INFO] - [RANK 0] [ Eval  | Step: 45500  |  loss : 0.4466 | accuracy : 0.7862 | eval_s : 0.2983  ]
[2026-08-17 07:38:02,178][__main__][INFO] - [RANK 0] [ Train | Step: 46000  |  loss : 0.4035 | accuracy : 0.8042 | opt_sps : 76.2668  ]
[2026-08-17 07:38:02,477][__main__][INFO] - [RANK 0] [ Eval  | Step: 46000  |  loss : 0.4040 | accuracy : 0.7997 | eval_s : 0.2978  ]
[2026-08-17 07:38:09,075][__main__][INFO] - [RANK 0] [ Train | Step: 46500  |  loss : 0.4044 | accuracy : 0.8050 | opt_sps : 76.2617  ]
[2026-08-17 07:38:09,371][__main__][INFO] - [RANK 0] [ Eval  | Step: 46500  |  loss : 0.4033 | accuracy : 0.8024 | eval_s : 0.2955  ]
[2026-08-17 07:38:15,971][__main__][INFO] - [RANK 0] [ Train | Step: 47000  |  loss : 0.3979 | accuracy : 0.8088 | opt_sps : 76.2564  ]
[2026-08-17 07:38:16,267][__main__][INFO] - [RANK 0] [ Eval  | Step: 47000  |  loss : 0.4032 | accuracy : 0.8033 | eval_s : 0.2952  ]
[2026-08-17 07:38:22,885][__main__][INFO] - [RANK 0] [ Train | Step: 47500  |  loss : 0.3996 | accuracy : 0.8075 | opt_sps : 76.2491  ]
[2026-08-17 07:38:23,181][__main__][INFO] - [RANK 0] [ Eval  | Step: 47500  |  loss : 0.4066 | accuracy : 0.8030 | eval_s : 0.2953  ]
[2026-08-17 07:38:29,741][__main__][INFO] - [RANK 0] [ Train | Step: 48000  |  loss : 0.3975 | accuracy : 0.8081 | opt_sps : 76.2488  ]
[2026-08-17 07:38:30,038][__main__][INFO] - [RANK 0] [ Eval  | Step: 48000  |  loss : 0.4092 | accuracy : 0.8014 | eval_s : 0.2966  ]
[2026-08-17 07:38:36,540][__main__][INFO] - [RANK 0] [ Train | Step: 48500  |  loss : 0.4016 | accuracy : 0.8059 | opt_sps : 76.2555  ]
[2026-08-17 07:38:36,836][__main__][INFO] - [RANK 0] [ Eval  | Step: 48500  |  loss : 0.3988 | accuracy : 0.8077 | eval_s : 0.2946  ]
[2026-08-17 07:38:43,314][__main__][INFO] - [RANK 0] [ Train | Step: 49000  |  loss : 0.3977 | accuracy : 0.8096 | opt_sps : 76.2648  ]
[2026-08-17 07:38:43,610][__main__][INFO] - [RANK 0] [ Eval  | Step: 49000  |  loss : 0.3991 | accuracy : 0.8066 | eval_s : 0.2945  ]
[2026-08-17 07:38:50,029][__main__][INFO] - [RANK 0] [ Train | Step: 49500  |  loss : 0.3930 | accuracy : 0.8100 | opt_sps : 76.2809  ]
[2026-08-17 07:38:50,327][__main__][INFO] - [RANK 0] [ Eval  | Step: 49500  |  loss : 0.3978 | accuracy : 0.8063 | eval_s : 0.2965  ]
[2026-08-17 07:38:56,771][__main__][INFO] - [RANK 0] [ Train | Step: 50000  |  loss : 0.3974 | accuracy : 0.8074 | opt_sps : 76.2939  ]
[2026-08-17 07:38:57,068][__main__][INFO] - [RANK 0] [ Eval  | Step: 50000  |  loss : 0.3976 | accuracy : 0.8063 | eval_s : 0.2964  ]
[2026-08-17 07:39:03,543][__main__][INFO] - [RANK 0] [ Train | Step: 50500  |  loss : 0.3918 | accuracy : 0.8112 | opt_sps : 76.3030  ]
[2026-08-17 07:39:03,838][__main__][INFO] - [RANK 0] [ Eval  | Step: 50500  |  loss : 0.3944 | accuracy : 0.8078 | eval_s : 0.2944  ]
[2026-08-17 07:39:10,392][__main__][INFO] - [RANK 0] [ Train | Step: 51000  |  loss : 0.3897 | accuracy : 0.8134 | opt_sps : 76.3030  ]
[2026-08-17 07:39:10,692][__main__][INFO] - [RANK 0] [ Eval  | Step: 51000  |  loss : 0.3979 | accuracy : 0.8060 | eval_s : 0.2989  ]
[2026-08-17 07:39:17,387][__main__][INFO] - [RANK 0] [ Train | Step: 51500  |  loss : 0.3905 | accuracy : 0.8133 | opt_sps : 76.2870  ]
[2026-08-17 07:39:17,684][__main__][INFO] - [RANK 0] [ Eval  | Step: 51500  |  loss : 0.3937 | accuracy : 0.8076 | eval_s : 0.2961  ]
[2026-08-17 07:39:24,171][__main__][INFO] - [RANK 0] [ Train | Step: 52000  |  loss : 0.3921 | accuracy : 0.8114 | opt_sps : 76.2946  ]
[2026-08-17 07:39:24,466][__main__][INFO] - [RANK 0] [ Eval  | Step: 52000  |  loss : 0.3989 | accuracy : 0.8061 | eval_s : 0.2946  ]
[2026-08-17 07:39:30,954][__main__][INFO] - [RANK 0] [ Train | Step: 52500  |  loss : 0.3896 | accuracy : 0.8133 | opt_sps : 76.3020  ]
[2026-08-17 07:39:31,250][__main__][INFO] - [RANK 0] [ Eval  | Step: 52500  |  loss : 0.3942 | accuracy : 0.8063 | eval_s : 0.2956  ]
[2026-08-17 07:39:37,779][__main__][INFO] - [RANK 0] [ Train | Step: 53000  |  loss : 0.3891 | accuracy : 0.8139 | opt_sps : 76.3046  ]
[2026-08-17 07:39:38,080][__main__][INFO] - [RANK 0] [ Eval  | Step: 53000  |  loss : 0.3939 | accuracy : 0.8085 | eval_s : 0.3005  ]
[2026-08-17 07:39:44,509][__main__][INFO] - [RANK 0] [ Train | Step: 53500  |  loss : 0.3911 | accuracy : 0.8123 | opt_sps : 76.3181  ]
[2026-08-17 07:39:44,809][__main__][INFO] - [RANK 0] [ Eval  | Step: 53500  |  loss : 0.3919 | accuracy : 0.8101 | eval_s : 0.2991  ]
[2026-08-17 07:39:51,334][__main__][INFO] - [RANK 0] [ Train | Step: 54000  |  loss : 0.3891 | accuracy : 0.8126 | opt_sps : 76.3210  ]
[2026-08-17 07:39:51,632][__main__][INFO] - [RANK 0] [ Eval  | Step: 54000  |  loss : 0.3912 | accuracy : 0.8094 | eval_s : 0.2965  ]
[2026-08-17 07:39:58,244][__main__][INFO] - [RANK 0] [ Train | Step: 54500  |  loss : 0.3882 | accuracy : 0.8119 | opt_sps : 76.3146  ]
[2026-08-17 07:39:58,543][__main__][INFO] - [RANK 0] [ Eval  | Step: 54500  |  loss : 0.3922 | accuracy : 0.8090 | eval_s : 0.2982  ]
[2026-08-17 07:40:05,107][__main__][INFO] - [RANK 0] [ Train | Step: 55000  |  loss : 0.3853 | accuracy : 0.8144 | opt_sps : 76.3133  ]
[2026-08-17 07:40:05,403][__main__][INFO] - [RANK 0] [ Eval  | Step: 55000  |  loss : 0.3886 | accuracy : 0.8117 | eval_s : 0.2951  ]
[2026-08-17 07:40:11,966][__main__][INFO] - [RANK 0] [ Train | Step: 55500  |  loss : 0.3839 | accuracy : 0.8152 | opt_sps : 76.3122  ]
[2026-08-17 07:40:12,263][__main__][INFO] - [RANK 0] [ Eval  | Step: 55500  |  loss : 0.3911 | accuracy : 0.8098 | eval_s : 0.2958  ]
[2026-08-17 07:40:18,954][__main__][INFO] - [RANK 0] [ Train | Step: 56000  |  loss : 0.3845 | accuracy : 0.8167 | opt_sps : 76.2977  ]
[2026-08-17 07:40:19,252][__main__][INFO] - [RANK 0] [ Eval  | Step: 56000  |  loss : 0.3892 | accuracy : 0.8114 | eval_s : 0.2969  ]
[2026-08-17 07:40:25,936][__main__][INFO] - [RANK 0] [ Train | Step: 56500  |  loss : 0.3824 | accuracy : 0.8164 | opt_sps : 76.2843  ]
[2026-08-17 07:40:26,233][__main__][INFO] - [RANK 0] [ Eval  | Step: 56500  |  loss : 0.3904 | accuracy : 0.8120 | eval_s : 0.2958  ]
[2026-08-17 07:40:32,714][__main__][INFO] - [RANK 0] [ Train | Step: 57000  |  loss : 0.3854 | accuracy : 0.8141 | opt_sps : 76.2918  ]
[2026-08-17 07:40:33,018][__main__][INFO] - [RANK 0] [ Eval  | Step: 57000  |  loss : 0.3860 | accuracy : 0.8129 | eval_s : 0.3031  ]
[2026-08-17 07:40:39,485][__main__][INFO] - [RANK 0] [ Train | Step: 57500  |  loss : 0.3793 | accuracy : 0.8190 | opt_sps : 76.3006  ]
[2026-08-17 07:40:39,783][__main__][INFO] - [RANK 0] [ Eval  | Step: 57500  |  loss : 0.3851 | accuracy : 0.8143 | eval_s : 0.2968  ]
[2026-08-17 07:40:46,256][__main__][INFO] - [RANK 0] [ Train | Step: 58000  |  loss : 0.3801 | accuracy : 0.8177 | opt_sps : 76.3087  ]
[2026-08-17 07:40:46,553][__main__][INFO] - [RANK 0] [ Eval  | Step: 58000  |  loss : 0.3887 | accuracy : 0.8102 | eval_s : 0.2957  ]
[2026-08-17 07:40:53,074][__main__][INFO] - [RANK 0] [ Train | Step: 58500  |  loss : 0.3823 | accuracy : 0.8168 | opt_sps : 76.3117  ]
[2026-08-17 07:40:53,370][__main__][INFO] - [RANK 0] [ Eval  | Step: 58500  |  loss : 0.3895 | accuracy : 0.8122 | eval_s : 0.2954  ]
[2026-08-17 07:40:59,969][__main__][INFO] - [RANK 0] [ Train | Step: 59000  |  loss : 0.3795 | accuracy : 0.8193 | opt_sps : 76.3072  ]
[2026-08-17 07:41:00,265][__main__][INFO] - [RANK 0] [ Eval  | Step: 59000  |  loss : 0.3877 | accuracy : 0.8123 | eval_s : 0.2950  ]
[2026-08-17 07:41:06,782][__main__][INFO] - [RANK 0] [ Train | Step: 59500  |  loss : 0.3762 | accuracy : 0.8193 | opt_sps : 76.3106  ]
[2026-08-17 07:41:07,080][__main__][INFO] - [RANK 0] [ Eval  | Step: 59500  |  loss : 0.3865 | accuracy : 0.8121 | eval_s : 0.2973  ]
[2026-08-17 07:41:13,609][__main__][INFO] - [RANK 0] [ Train | Step: 60000  |  loss : 0.3791 | accuracy : 0.8174 | opt_sps : 76.3129  ]
[2026-08-17 07:41:13,905][__main__][INFO] - [RANK 0] [ Eval  | Step: 60000  |  loss : 0.3846 | accuracy : 0.8152 | eval_s : 0.2956  ]
[2026-08-17 07:41:20,550][__main__][INFO] - [RANK 0] [ Train | Step: 60500  |  loss : 0.3813 | accuracy : 0.8166 | opt_sps : 76.3040  ]
[2026-08-17 07:41:20,849][__main__][INFO] - [RANK 0] [ Eval  | Step: 60500  |  loss : 0.3827 | accuracy : 0.8142 | eval_s : 0.2973  ]
[2026-08-17 07:41:27,408][__main__][INFO] - [RANK 0] [ Train | Step: 61000  |  loss : 0.3748 | accuracy : 0.8198 | opt_sps : 76.3034  ]
[2026-08-17 07:41:27,709][__main__][INFO] - [RANK 0] [ Eval  | Step: 61000  |  loss : 0.3828 | accuracy : 0.8151 | eval_s : 0.2994  ]
[2026-08-17 07:41:34,168][__main__][INFO] - [RANK 0] [ Train | Step: 61500  |  loss : 0.3770 | accuracy : 0.8192 | opt_sps : 76.3123  ]
[2026-08-17 07:41:34,466][__main__][INFO] - [RANK 0] [ Eval  | Step: 61500  |  loss : 0.3828 | accuracy : 0.8151 | eval_s : 0.2973  ]
[2026-08-17 07:41:40,936][__main__][INFO] - [RANK 0] [ Train | Step: 62000  |  loss : 0.3758 | accuracy : 0.8199 | opt_sps : 76.3199  ]
[2026-08-17 07:41:41,232][__main__][INFO] - [RANK 0] [ Eval  | Step: 62000  |  loss : 0.3845 | accuracy : 0.8153 | eval_s : 0.2947  ]
[2026-08-17 07:41:47,785][__main__][INFO] - [RANK 0] [ Train | Step: 62500  |  loss : 0.3757 | accuracy : 0.8209 | opt_sps : 76.3198  ]
[2026-08-17 07:41:48,082][__main__][INFO] - [RANK 0] [ Eval  | Step: 62500  |  loss : 0.3842 | accuracy : 0.8140 | eval_s : 0.2959  ]
[2026-08-17 07:41:54,646][__main__][INFO] - [RANK 0] [ Train | Step: 63000  |  loss : 0.3713 | accuracy : 0.8241 | opt_sps : 76.3186  ]
[2026-08-17 07:41:54,941][__main__][INFO] - [RANK 0] [ Eval  | Step: 63000  |  loss : 0.3825 | accuracy : 0.8156 | eval_s : 0.2945  ]
[2026-08-17 07:42:01,523][__main__][INFO] - [RANK 0] [ Train | Step: 63500  |  loss : 0.3723 | accuracy : 0.8212 | opt_sps : 76.3159  ]
[2026-08-17 07:42:01,821][__main__][INFO] - [RANK 0] [ Eval  | Step: 63500  |  loss : 0.3827 | accuracy : 0.8151 | eval_s : 0.2968  ]
[2026-08-17 07:42:08,391][__main__][INFO] - [RANK 0] [ Train | Step: 64000  |  loss : 0.3714 | accuracy : 0.8216 | opt_sps : 76.3142  ]
[2026-08-17 07:42:08,688][__main__][INFO] - [RANK 0] [ Eval  | Step: 64000  |  loss : 0.3816 | accuracy : 0.8156 | eval_s : 0.2953  ]
[2026-08-17 07:42:15,244][__main__][INFO] - [RANK 0] [ Train | Step: 64500  |  loss : 0.3745 | accuracy : 0.8218 | opt_sps : 76.3139  ]
[2026-08-17 07:42:15,540][__main__][INFO] - [RANK 0] [ Eval  | Step: 64500  |  loss : 0.3800 | accuracy : 0.8170 | eval_s : 0.2955  ]
[2026-08-17 07:42:22,028][__main__][INFO] - [RANK 0] [ Train | Step: 65000  |  loss : 0.3712 | accuracy : 0.8228 | opt_sps : 76.3197  ]
[2026-08-17 07:42:22,332][__main__][INFO] - [RANK 0] [ Eval  | Step: 65000  |  loss : 0.3822 | accuracy : 0.8155 | eval_s : 0.3030  ]
[2026-08-17 07:42:29,054][__main__][INFO] - [RANK 0] [ Train | Step: 65500  |  loss : 0.3731 | accuracy : 0.8218 | opt_sps : 76.3045  ]
[2026-08-17 07:42:29,353][__main__][INFO] - [RANK 0] [ Eval  | Step: 65500  |  loss : 0.3786 | accuracy : 0.8173 | eval_s : 0.2983  ]
[2026-08-17 07:42:35,867][__main__][INFO] - [RANK 0] [ Train | Step: 66000  |  loss : 0.3679 | accuracy : 0.8240 | opt_sps : 76.3080  ]
[2026-08-17 07:42:36,164][__main__][INFO] - [RANK 0] [ Eval  | Step: 66000  |  loss : 0.3799 | accuracy : 0.8171 | eval_s : 0.2961  ]
[2026-08-17 07:42:42,684][__main__][INFO] - [RANK 0] [ Train | Step: 66500  |  loss : 0.3679 | accuracy : 0.8242 | opt_sps : 76.3109  ]
[2026-08-17 07:42:42,980][__main__][INFO] - [RANK 0] [ Eval  | Step: 66500  |  loss : 0.3773 | accuracy : 0.8169 | eval_s : 0.2957  ]
[2026-08-17 07:42:49,512][__main__][INFO] - [RANK 0] [ Train | Step: 67000  |  loss : 0.3710 | accuracy : 0.8231 | opt_sps : 76.3128  ]
[2026-08-17 07:42:49,808][__main__][INFO] - [RANK 0] [ Eval  | Step: 67000  |  loss : 0.3841 | accuracy : 0.8155 | eval_s : 0.2951  ]
[2026-08-17 07:42:56,311][__main__][INFO] - [RANK 0] [ Train | Step: 67500  |  loss : 0.3703 | accuracy : 0.8236 | opt_sps : 76.3170  ]
[2026-08-17 07:42:56,607][__main__][INFO] - [RANK 0] [ Eval  | Step: 67500  |  loss : 0.3791 | accuracy : 0.8172 | eval_s : 0.2954  ]
[2026-08-17 07:43:03,132][__main__][INFO] - [RANK 0] [ Train | Step: 68000  |  loss : 0.3681 | accuracy : 0.8247 | opt_sps : 76.3193  ]
[2026-08-17 07:43:03,428][__main__][INFO] - [RANK 0] [ Eval  | Step: 68000  |  loss : 0.3787 | accuracy : 0.8180 | eval_s : 0.2955  ]
[2026-08-17 07:43:09,870][__main__][INFO] - [RANK 0] [ Train | Step: 68500  |  loss : 0.3669 | accuracy : 0.8239 | opt_sps : 76.3286  ]
[2026-08-17 07:43:10,168][__main__][INFO] - [RANK 0] [ Eval  | Step: 68500  |  loss : 0.3768 | accuracy : 0.8171 | eval_s : 0.2974  ]
[2026-08-17 07:43:16,623][__main__][INFO] - [RANK 0] [ Train | Step: 69000  |  loss : 0.3663 | accuracy : 0.8259 | opt_sps : 76.3368  ]
[2026-08-17 07:43:16,922][__main__][INFO] - [RANK 0] [ Eval  | Step: 69000  |  loss : 0.3751 | accuracy : 0.8199 | eval_s : 0.2978  ]
[2026-08-17 07:43:23,385][__main__][INFO] - [RANK 0] [ Train | Step: 69500  |  loss : 0.3640 | accuracy : 0.8258 | opt_sps : 76.3441  ]
[2026-08-17 07:43:23,681][__main__][INFO] - [RANK 0] [ Eval  | Step: 69500  |  loss : 0.3770 | accuracy : 0.8198 | eval_s : 0.2949  ]
[2026-08-17 07:43:30,351][__main__][INFO] - [RANK 0] [ Train | Step: 70000  |  loss : 0.3663 | accuracy : 0.8248 | opt_sps : 76.3340  ]
[2026-08-17 07:43:30,648][__main__][INFO] - [RANK 0] [ Eval  | Step: 70000  |  loss : 0.3746 | accuracy : 0.8195 | eval_s : 0.2961  ]
[2026-08-17 07:43:37,251][__main__][INFO] - [RANK 0] [ Train | Step: 70500  |  loss : 0.3664 | accuracy : 0.8259 | opt_sps : 76.3298  ]
[2026-08-17 07:43:37,547][__main__][INFO] - [RANK 0] [ Eval  | Step: 70500  |  loss : 0.3754 | accuracy : 0.8207 | eval_s : 0.2953  ]
[2026-08-17 07:43:44,094][__main__][INFO] - [RANK 0] [ Train | Step: 71000  |  loss : 0.3650 | accuracy : 0.8252 | opt_sps : 76.3300  ]
[2026-08-17 07:43:44,392][__main__][INFO] - [RANK 0] [ Eval  | Step: 71000  |  loss : 0.3752 | accuracy : 0.8191 | eval_s : 0.2967  ]
[2026-08-17 07:43:50,980][__main__][INFO] - [RANK 0] [ Train | Step: 71500  |  loss : 0.3700 | accuracy : 0.8247 | opt_sps : 76.3270  ]
[2026-08-17 07:43:51,275][__main__][INFO] - [RANK 0] [ Eval  | Step: 71500  |  loss : 0.3742 | accuracy : 0.8202 | eval_s : 0.2943  ]
[2026-08-17 07:43:57,808][__main__][INFO] - [RANK 0] [ Train | Step: 72000  |  loss : 0.3647 | accuracy : 0.8261 | opt_sps : 76.3285  ]
[2026-08-17 07:43:58,104][__main__][INFO] - [RANK 0] [ Eval  | Step: 72000  |  loss : 0.3755 | accuracy : 0.8194 | eval_s : 0.2955  ]
[2026-08-17 07:44:04,632][__main__][INFO] - [RANK 0] [ Train | Step: 72500  |  loss : 0.3621 | accuracy : 0.8277 | opt_sps : 76.3304  ]
[2026-08-17 07:44:04,935][__main__][INFO] - [RANK 0] [ Eval  | Step: 72500  |  loss : 0.3760 | accuracy : 0.8184 | eval_s : 0.3024  ]
[2026-08-17 07:44:11,513][__main__][INFO] - [RANK 0] [ Train | Step: 73000  |  loss : 0.3611 | accuracy : 0.8275 | opt_sps : 76.3282  ]
[2026-08-17 07:44:11,809][__main__][INFO] - [RANK 0] [ Eval  | Step: 73000  |  loss : 0.3736 | accuracy : 0.8179 | eval_s : 0.2955  ]
[2026-08-17 07:44:18,341][__main__][INFO] - [RANK 0] [ Train | Step: 73500  |  loss : 0.3652 | accuracy : 0.8261 | opt_sps : 76.3298  ]
[2026-08-17 07:44:18,637][__main__][INFO] - [RANK 0] [ Eval  | Step: 73500  |  loss : 0.3738 | accuracy : 0.8179 | eval_s : 0.2951  ]
[2026-08-17 07:44:25,194][__main__][INFO] - [RANK 0] [ Train | Step: 74000  |  loss : 0.3630 | accuracy : 0.8270 | opt_sps : 76.3293  ]
[2026-08-17 07:44:25,489][__main__][INFO] - [RANK 0] [ Eval  | Step: 74000  |  loss : 0.3733 | accuracy : 0.8196 | eval_s : 0.2942  ]
[2026-08-17 07:44:31,940][__main__][INFO] - [RANK 0] [ Train | Step: 74500  |  loss : 0.3630 | accuracy : 0.8265 | opt_sps : 76.3372  ]
[2026-08-17 07:44:32,235][__main__][INFO] - [RANK 0] [ Eval  | Step: 74500  |  loss : 0.3727 | accuracy : 0.8192 | eval_s : 0.2947  ]
[2026-08-17 07:44:38,920][__main__][INFO] - [RANK 0] [ Train | Step: 75000  |  loss : 0.3635 | accuracy : 0.8266 | opt_sps : 76.3267  ]
[2026-08-17 07:44:39,218][__main__][INFO] - [RANK 0] [ Eval  | Step: 75000  |  loss : 0.3715 | accuracy : 0.8208 | eval_s : 0.2963  ]
[2026-08-17 07:44:45,809][__main__][INFO] - [RANK 0] [ Train | Step: 75500  |  loss : 0.3631 | accuracy : 0.8270 | opt_sps : 76.3236  ]
[2026-08-17 07:44:46,106][__main__][INFO] - [RANK 0] [ Eval  | Step: 75500  |  loss : 0.3722 | accuracy : 0.8196 | eval_s : 0.2960  ]
[2026-08-17 07:44:52,652][__main__][INFO] - [RANK 0] [ Train | Step: 76000  |  loss : 0.3623 | accuracy : 0.8278 | opt_sps : 76.3241  ]
[2026-08-17 07:44:52,953][__main__][INFO] - [RANK 0] [ Eval  | Step: 76000  |  loss : 0.3720 | accuracy : 0.8208 | eval_s : 0.3003  ]
[2026-08-17 07:44:59,348][__main__][INFO] - [RANK 0] [ Train | Step: 76500  |  loss : 0.3592 | accuracy : 0.8285 | opt_sps : 76.3359  ]
[2026-08-17 07:44:59,645][__main__][INFO] - [RANK 0] [ Eval  | Step: 76500  |  loss : 0.3717 | accuracy : 0.8221 | eval_s : 0.2961  ]
[2026-08-17 07:45:06,209][__main__][INFO] - [RANK 0] [ Train | Step: 77000  |  loss : 0.3599 | accuracy : 0.8295 | opt_sps : 76.3349  ]
[2026-08-17 07:45:06,505][__main__][INFO] - [RANK 0] [ Eval  | Step: 77000  |  loss : 0.3732 | accuracy : 0.8204 | eval_s : 0.2957  ]
[2026-08-17 07:45:13,056][__main__][INFO] - [RANK 0] [ Train | Step: 77500  |  loss : 0.3593 | accuracy : 0.8299 | opt_sps : 76.3349  ]
[2026-08-17 07:45:13,351][__main__][INFO] - [RANK 0] [ Eval  | Step: 77500  |  loss : 0.3722 | accuracy : 0.8211 | eval_s : 0.2947  ]
[2026-08-17 07:45:19,896][__main__][INFO] - [RANK 0] [ Train | Step: 78000  |  loss : 0.3588 | accuracy : 0.8288 | opt_sps : 76.3352  ]
[2026-08-17 07:45:20,192][__main__][INFO] - [RANK 0] [ Eval  | Step: 78000  |  loss : 0.3710 | accuracy : 0.8214 | eval_s : 0.2950  ]
[2026-08-17 07:45:26,731][__main__][INFO] - [RANK 0] [ Train | Step: 78500  |  loss : 0.3608 | accuracy : 0.8283 | opt_sps : 76.3361  ]
[2026-08-17 07:45:27,027][__main__][INFO] - [RANK 0] [ Eval  | Step: 78500  |  loss : 0.3707 | accuracy : 0.8209 | eval_s : 0.2945  ]
[2026-08-17 07:45:33,548][__main__][INFO] - [RANK 0] [ Train | Step: 79000  |  loss : 0.3603 | accuracy : 0.8283 | opt_sps : 76.3383  ]
[2026-08-17 07:45:33,844][__main__][INFO] - [RANK 0] [ Eval  | Step: 79000  |  loss : 0.3724 | accuracy : 0.8201 | eval_s : 0.2954  ]
[2026-08-17 07:45:40,525][__main__][INFO] - [RANK 0] [ Train | Step: 79500  |  loss : 0.3613 | accuracy : 0.8274 | opt_sps : 76.3287  ]
[2026-08-17 07:45:40,821][__main__][INFO] - [RANK 0] [ Eval  | Step: 79500  |  loss : 0.3710 | accuracy : 0.8209 | eval_s : 0.2952  ]
[2026-08-17 07:45:47,442][__main__][INFO] - [RANK 0] [ Train | Step: 80000  |  loss : 0.3599 | accuracy : 0.8284 | opt_sps : 76.3236  ]
[2026-08-17 07:45:47,741][__main__][INFO] - [RANK 0] [ Eval  | Step: 80000  |  loss : 0.3708 | accuracy : 0.8211 | eval_s : 0.2981  ]
[2026-08-17 07:45:54,218][__main__][INFO] - [RANK 0] [ Train | Step: 80500  |  loss : 0.3580 | accuracy : 0.8307 | opt_sps : 76.3289  ]
[2026-08-17 07:45:54,517][__main__][INFO] - [RANK 0] [ Eval  | Step: 80500  |  loss : 0.3712 | accuracy : 0.8199 | eval_s : 0.2975  ]
[2026-08-17 07:46:00,967][__main__][INFO] - [RANK 0] [ Train | Step: 81000  |  loss : 0.3599 | accuracy : 0.8286 | opt_sps : 76.3362  ]
[2026-08-17 07:46:01,262][__main__][INFO] - [RANK 0] [ Eval  | Step: 81000  |  loss : 0.3695 | accuracy : 0.8230 | eval_s : 0.2948  ]
[2026-08-17 07:46:07,796][__main__][INFO] - [RANK 0] [ Train | Step: 81500  |  loss : 0.3552 | accuracy : 0.8307 | opt_sps : 76.3374  ]
[2026-08-17 07:46:08,095][__main__][INFO] - [RANK 0] [ Eval  | Step: 81500  |  loss : 0.3706 | accuracy : 0.8228 | eval_s : 0.2978  ]
[2026-08-17 07:46:14,658][__main__][INFO] - [RANK 0] [ Train | Step: 82000  |  loss : 0.3597 | accuracy : 0.8293 | opt_sps : 76.3364  ]
[2026-08-17 07:46:14,953][__main__][INFO] - [RANK 0] [ Eval  | Step: 82000  |  loss : 0.3701 | accuracy : 0.8217 | eval_s : 0.2943  ]
[2026-08-17 07:46:21,474][__main__][INFO] - [RANK 0] [ Train | Step: 82500  |  loss : 0.3574 | accuracy : 0.8290 | opt_sps : 76.3385  ]
[2026-08-17 07:46:21,771][__main__][INFO] - [RANK 0] [ Eval  | Step: 82500  |  loss : 0.3687 | accuracy : 0.8220 | eval_s : 0.2958  ]
[2026-08-17 07:46:28,324][__main__][INFO] - [RANK 0] [ Train | Step: 83000  |  loss : 0.3586 | accuracy : 0.8299 | opt_sps : 76.3383  ]
[2026-08-17 07:46:28,620][__main__][INFO] - [RANK 0] [ Eval  | Step: 83000  |  loss : 0.3697 | accuracy : 0.8210 | eval_s : 0.2958  ]
[2026-08-17 07:46:35,167][__main__][INFO] - [RANK 0] [ Train | Step: 83500  |  loss : 0.3586 | accuracy : 0.8302 | opt_sps : 76.3386  ]
[2026-08-17 07:46:35,464][__main__][INFO] - [RANK 0] [ Eval  | Step: 83500  |  loss : 0.3704 | accuracy : 0.8205 | eval_s : 0.2957  ]
[2026-08-17 07:46:41,952][__main__][INFO] - [RANK 0] [ Train | Step: 84000  |  loss : 0.3562 | accuracy : 0.8294 | opt_sps : 76.3428  ]
[2026-08-17 07:46:42,259][__main__][INFO] - [RANK 0] [ Eval  | Step: 84000  |  loss : 0.3694 | accuracy : 0.8216 | eval_s : 0.3065  ]
[2026-08-17 07:46:48,936][__main__][INFO] - [RANK 0] [ Train | Step: 84500  |  loss : 0.3556 | accuracy : 0.8303 | opt_sps : 76.3340  ]
[2026-08-17 07:46:49,234][__main__][INFO] - [RANK 0] [ Eval  | Step: 84500  |  loss : 0.3697 | accuracy : 0.8224 | eval_s : 0.2968  ]
[2026-08-17 07:46:55,738][__main__][INFO] - [RANK 0] [ Train | Step: 85000  |  loss : 0.3573 | accuracy : 0.8301 | opt_sps : 76.3372  ]
[2026-08-17 07:46:56,034][__main__][INFO] - [RANK 0] [ Eval  | Step: 85000  |  loss : 0.3688 | accuracy : 0.8213 | eval_s : 0.2952  ]
[2026-08-17 07:47:02,569][__main__][INFO] - [RANK 0] [ Train | Step: 85500  |  loss : 0.3560 | accuracy : 0.8314 | opt_sps : 76.3382  ]
[2026-08-17 07:47:02,866][__main__][INFO] - [RANK 0] [ Eval  | Step: 85500  |  loss : 0.3694 | accuracy : 0.8219 | eval_s : 0.2962  ]
[2026-08-17 07:47:09,446][__main__][INFO] - [RANK 0] [ Train | Step: 86000  |  loss : 0.3568 | accuracy : 0.8301 | opt_sps : 76.3362  ]
[2026-08-17 07:47:09,742][__main__][INFO] - [RANK 0] [ Eval  | Step: 86000  |  loss : 0.3689 | accuracy : 0.8208 | eval_s : 0.2959  ]
[2026-08-17 07:47:16,292][__main__][INFO] - [RANK 0] [ Train | Step: 86500  |  loss : 0.3551 | accuracy : 0.8310 | opt_sps : 76.3362  ]
[2026-08-17 07:47:16,588][__main__][INFO] - [RANK 0] [ Eval  | Step: 86500  |  loss : 0.3686 | accuracy : 0.8217 | eval_s : 0.2952  ]
[2026-08-17 07:47:23,124][__main__][INFO] - [RANK 0] [ Train | Step: 87000  |  loss : 0.3543 | accuracy : 0.8318 | opt_sps : 76.3372  ]
[2026-08-17 07:47:23,421][__main__][INFO] - [RANK 0] [ Eval  | Step: 87000  |  loss : 0.3689 | accuracy : 0.8224 | eval_s : 0.2955  ]
[2026-08-17 07:47:29,965][__main__][INFO] - [RANK 0] [ Train | Step: 87500  |  loss : 0.3568 | accuracy : 0.8302 | opt_sps : 76.3376  ]
[2026-08-17 07:47:30,260][__main__][INFO] - [RANK 0] [ Eval  | Step: 87500  |  loss : 0.3686 | accuracy : 0.8224 | eval_s : 0.2950  ]
[2026-08-17 07:47:36,718][__main__][INFO] - [RANK 0] [ Train | Step: 88000  |  loss : 0.3551 | accuracy : 0.8302 | opt_sps : 76.3437  ]
[2026-08-17 07:47:37,018][__main__][INFO] - [RANK 0] [ Eval  | Step: 88000  |  loss : 0.3687 | accuracy : 0.8223 | eval_s : 0.2990  ]
[2026-08-17 07:47:43,484][__main__][INFO] - [RANK 0] [ Train | Step: 88500  |  loss : 0.3548 | accuracy : 0.8303 | opt_sps : 76.3492  ]
[2026-08-17 07:47:43,781][__main__][INFO] - [RANK 0] [ Eval  | Step: 88500  |  loss : 0.3681 | accuracy : 0.8212 | eval_s : 0.2953  ]
[2026-08-17 07:47:50,445][__main__][INFO] - [RANK 0] [ Train | Step: 89000  |  loss : 0.3579 | accuracy : 0.8289 | opt_sps : 76.3417  ]
[2026-08-17 07:47:50,743][__main__][INFO] - [RANK 0] [ Eval  | Step: 89000  |  loss : 0.3680 | accuracy : 0.8223 | eval_s : 0.2969  ]
[2026-08-17 07:47:57,543][__main__][INFO] - [RANK 0] [ Train | Step: 89500  |  loss : 0.3541 | accuracy : 0.8313 | opt_sps : 76.3254  ]
[2026-08-17 07:47:57,840][__main__][INFO] - [RANK 0] [ Eval  | Step: 89500  |  loss : 0.3682 | accuracy : 0.8222 | eval_s : 0.2954  ]
[2026-08-17 07:48:04,407][__main__][INFO] - [RANK 0] [ Train | Step: 90000  |  loss : 0.3555 | accuracy : 0.8303 | opt_sps : 76.3243  ]
[2026-08-17 07:48:04,704][__main__][INFO] - [RANK 0] [ Eval  | Step: 90000  |  loss : 0.3682 | accuracy : 0.8231 | eval_s : 0.2957  ]
[2026-08-17 07:48:11,209][__main__][INFO] - [RANK 0] [ Train | Step: 90500  |  loss : 0.3523 | accuracy : 0.8323 | opt_sps : 76.3272  ]
[2026-08-17 07:48:11,506][__main__][INFO] - [RANK 0] [ Eval  | Step: 90500  |  loss : 0.3691 | accuracy : 0.8222 | eval_s : 0.2960  ]
[2026-08-17 07:48:18,172][__main__][INFO] - [RANK 0] [ Train | Step: 91000  |  loss : 0.3540 | accuracy : 0.8316 | opt_sps : 76.3198  ]
[2026-08-17 07:48:18,469][__main__][INFO] - [RANK 0] [ Eval  | Step: 91000  |  loss : 0.3693 | accuracy : 0.8213 | eval_s : 0.2956  ]
[2026-08-17 07:48:24,961][__main__][INFO] - [RANK 0] [ Train | Step: 91500  |  loss : 0.3546 | accuracy : 0.8311 | opt_sps : 76.3236  ]
[2026-08-17 07:48:25,262][__main__][INFO] - [RANK 0] [ Eval  | Step: 91500  |  loss : 0.3685 | accuracy : 0.8236 | eval_s : 0.2998  ]
[2026-08-17 07:48:31,699][__main__][INFO] - [RANK 0] [ Train | Step: 92000  |  loss : 0.3550 | accuracy : 0.8317 | opt_sps : 76.3308  ]
[2026-08-17 07:48:31,997][__main__][INFO] - [RANK 0] [ Eval  | Step: 92000  |  loss : 0.3681 | accuracy : 0.8235 | eval_s : 0.2964  ]
[2026-08-17 07:48:38,422][__main__][INFO] - [RANK 0] [ Train | Step: 92500  |  loss : 0.3560 | accuracy : 0.8314 | opt_sps : 76.3387  ]
[2026-08-17 07:48:38,718][__main__][INFO] - [RANK 0] [ Eval  | Step: 92500  |  loss : 0.3680 | accuracy : 0.8234 | eval_s : 0.2948  ]
[2026-08-17 07:48:45,190][__main__][INFO] - [RANK 0] [ Train | Step: 93000  |  loss : 0.3547 | accuracy : 0.8308 | opt_sps : 76.3435  ]
[2026-08-17 07:48:45,486][__main__][INFO] - [RANK 0] [ Eval  | Step: 93000  |  loss : 0.3687 | accuracy : 0.8220 | eval_s : 0.2945  ]
[2026-08-17 07:48:51,986][__main__][INFO] - [RANK 0] [ Train | Step: 93500  |  loss : 0.3554 | accuracy : 0.8314 | opt_sps : 76.3466  ]
[2026-08-17 07:48:52,281][__main__][INFO] - [RANK 0] [ Eval  | Step: 93500  |  loss : 0.3677 | accuracy : 0.8226 | eval_s : 0.2948  ]
[2026-08-17 07:48:58,904][__main__][INFO] - [RANK 0] [ Train | Step: 94000  |  loss : 0.3546 | accuracy : 0.8307 | opt_sps : 76.3421  ]
[2026-08-17 07:48:59,200][__main__][INFO] - [RANK 0] [ Eval  | Step: 94000  |  loss : 0.3678 | accuracy : 0.8230 | eval_s : 0.2947  ]
[2026-08-17 07:49:05,845][__main__][INFO] - [RANK 0] [ Train | Step: 94500  |  loss : 0.3520 | accuracy : 0.8322 | opt_sps : 76.3362  ]
[2026-08-17 07:49:06,140][__main__][INFO] - [RANK 0] [ Eval  | Step: 94500  |  loss : 0.3676 | accuracy : 0.8230 | eval_s : 0.2945  ]
[2026-08-17 07:49:12,648][__main__][INFO] - [RANK 0] [ Train | Step: 95000  |  loss : 0.3536 | accuracy : 0.8308 | opt_sps : 76.3388  ]
[2026-08-17 07:49:12,944][__main__][INFO] - [RANK 0] [ Eval  | Step: 95000  |  loss : 0.3680 | accuracy : 0.8230 | eval_s : 0.2946  ]
[2026-08-17 07:49:19,449][__main__][INFO] - [RANK 0] [ Train | Step: 95500  |  loss : 0.3540 | accuracy : 0.8312 | opt_sps : 76.3415  ]
[2026-08-17 07:49:19,748][__main__][INFO] - [RANK 0] [ Eval  | Step: 95500  |  loss : 0.3685 | accuracy : 0.8229 | eval_s : 0.2977  ]
[2026-08-17 07:49:26,182][__main__][INFO] - [RANK 0] [ Train | Step: 96000  |  loss : 0.3548 | accuracy : 0.8326 | opt_sps : 76.3485  ]
[2026-08-17 07:49:26,480][__main__][INFO] - [RANK 0] [ Eval  | Step: 96000  |  loss : 0.3678 | accuracy : 0.8236 | eval_s : 0.2970  ]
[2026-08-17 07:49:32,976][__main__][INFO] - [RANK 0] [ Train | Step: 96500  |  loss : 0.3564 | accuracy : 0.8303 | opt_sps : 76.3517  ]
[2026-08-17 07:49:33,272][__main__][INFO] - [RANK 0] [ Eval  | Step: 96500  |  loss : 0.3681 | accuracy : 0.8219 | eval_s : 0.2951  ]
[2026-08-17 07:49:39,877][__main__][INFO] - [RANK 0] [ Train | Step: 97000  |  loss : 0.3525 | accuracy : 0.8333 | opt_sps : 76.3483  ]
[2026-08-17 07:49:40,174][__main__][INFO] - [RANK 0] [ Eval  | Step: 97000  |  loss : 0.3676 | accuracy : 0.8236 | eval_s : 0.2956  ]
[2026-08-17 07:49:46,717][__main__][INFO] - [RANK 0] [ Train | Step: 97500  |  loss : 0.3508 | accuracy : 0.8331 | opt_sps : 76.3487  ]
[2026-08-17 07:49:47,014][__main__][INFO] - [RANK 0] [ Eval  | Step: 97500  |  loss : 0.3674 | accuracy : 0.8224 | eval_s : 0.2956  ]
[2026-08-17 07:49:53,558][__main__][INFO] - [RANK 0] [ Train | Step: 98000  |  loss : 0.3561 | accuracy : 0.8306 | opt_sps : 76.3490  ]
[2026-08-17 07:49:53,854][__main__][INFO] - [RANK 0] [ Eval  | Step: 98000  |  loss : 0.3674 | accuracy : 0.8231 | eval_s : 0.2953  ]
[2026-08-17 07:50:00,453][__main__][INFO] - [RANK 0] [ Train | Step: 98500  |  loss : 0.3536 | accuracy : 0.8319 | opt_sps : 76.3461  ]
[2026-08-17 07:50:00,752][__main__][INFO] - [RANK 0] [ Eval  | Step: 98500  |  loss : 0.3673 | accuracy : 0.8226 | eval_s : 0.2985  ]
[2026-08-17 07:50:07,419][__main__][INFO] - [RANK 0] [ Train | Step: 99000  |  loss : 0.3553 | accuracy : 0.8318 | opt_sps : 76.3393  ]
[2026-08-17 07:50:07,719][__main__][INFO] - [RANK 0] [ Eval  | Step: 99000  |  loss : 0.3673 | accuracy : 0.8231 | eval_s : 0.2999  ]
[2026-08-17 07:50:14,167][__main__][INFO] - [RANK 0] [ Train | Step: 99500  |  loss : 0.3557 | accuracy : 0.8314 | opt_sps : 76.3453  ]
[2026-08-17 07:50:14,464][__main__][INFO] - [RANK 0] [ Eval  | Step: 99500  |  loss : 0.3682 | accuracy : 0.8230 | eval_s : 0.2959  ]
[2026-08-17 07:50:20,998][__main__][INFO] - [RANK 0] [ Train | Step: 100000 |  loss : 0.3500 | accuracy : 0.8325 | opt_sps : 76.3462  ]
[2026-08-17 07:50:21,293][__main__][INFO] - [RANK 0] [ Eval  | Step: 100000 |  loss : 0.3673 | accuracy : 0.8236 | eval_s : 0.2943  ]
[2026-08-17 07:50:21,295][__main__][INFO] - [RANK 0] loading best model
[2026-08-17 07:50:21,297][__main__][INFO] - [RANK 0] [Eval  | Summary |  best_loss : 0.3673 | best_step : 100000.0000 ]
[2026-08-17 07:50:21,595][__main__][INFO] - [RANK 0] [Test  | Summary |  model/phase_R : 0.9166 | model/gate_offdiag : 0.8900 | model/vote_agreement : 0.6475 | model/evidence_ratio : 53.0195 | loss/cross_entropy : 0.3609 | loss/loss : 0.3609 | callbacks/accuracy : 0.8292 | callbacks/non_relational_accuracy : 0.9995 | callbacks/binary_accuracy : 0.8557 | callbacks/ternary_accuracy : 0.6325 | callbacks/query_shape_accuracy : 1.0000 | callbacks/left_of_centre_accuracy : 0.9988 | callbacks/top_half_accuracy : 0.9997 | callbacks/closest_shape_accuracy : 0.7869 | callbacks/furthest_shape_accuracy : 0.7841 | callbacks/count_same_shape_accuracy : 0.9991 | callbacks/count_in_box_accuracy : 0.7599 | callbacks/on_band_accuracy : 0.6668 | callbacks/count_obtuse_accuracy : 0.4679 | timing/eval_s : 0.2973 ]
wandb: updating run metadata
wandb: uploading output.log; uploading wandb-summary.json; uploading config.yaml
wandb: 
wandb: Run history:
wandb:                  eval_callbacks/accuracy ▁▄▅▅▅▅▅▅▅▅▆▆▆▇▆▇▇▇▇█████████████████████
wandb:           eval_callbacks/binary_accuracy ▁▁▂▃▃▄▅▄▅▅▆▆▆▇▇▇▇▇▇▇█▇██████████████████
wandb:    eval_callbacks/closest_shape_accuracy ▁▂▂▃▄▄▅▄▅▄▅▆▅▆▆▆▆▆▇▇▇▇▇▇▇▇▇█████████████
wandb:     eval_callbacks/count_in_box_accuracy ▁▁▁▁▁▁▁▁▁▂▂▃▄▃▆▇▆▆▆▇▇▆▇▇▇█▇▇▇▇█▇▇▇▇███▇█
wandb:     eval_callbacks/count_obtuse_accuracy ▂▂▁▂▂▂▃▃▂▂▂▂▂▂▁▂▂▃▃▄▅▆▇▇▇▇▇▇▇▇▇▇██▇▇▇▇██
wandb: eval_callbacks/count_same_shape_accuracy ▁▁▁▁▁▁▃▅▄▅▆▇▆▇▇█████████████████████████
wandb:   eval_callbacks/furthest_shape_accuracy ▁▂▄▄▃▄▅▅▅▅▅▅▆▅▅▅▆▆▅▆▆▆▆▆▆▇▇▆▇▇▇█████████
wandb:   eval_callbacks/left_of_centre_accuracy ▁███████████████████████████████████████
wandb:   eval_callbacks/non_relational_accuracy ▁▇██████████████████████████████████████
wandb:          eval_callbacks/on_band_accuracy ▂▂▁▁▂▃▃▃▃▂▅▆▆▆▇▆▆▇▇▆▇▇▇▇▇█▇█▇████▇██████
wandb:                                      +32 ...
wandb: 
wandb: Run summary:
wandb:                           eval/best_loss 0.36729
wandb:                           eval/best_step 100000
wandb:                  eval_callbacks/accuracy 0.82363
wandb:           eval_callbacks/binary_accuracy 0.84832
wandb:    eval_callbacks/closest_shape_accuracy 0.77935
wandb:     eval_callbacks/count_in_box_accuracy 0.74262
wandb:     eval_callbacks/count_obtuse_accuracy 0.45698
wandb: eval_callbacks/count_same_shape_accuracy 1.0
wandb:   eval_callbacks/furthest_shape_accuracy 0.7689
wandb:   eval_callbacks/left_of_centre_accuracy 0.99917
wandb:                                      +54 ...
wandb: 
wandb: 🚀 View run sort_of_clevr/syncnet::multirun::2026-08-17_07-27-27::0 at: https://wandb.ai/niks_priv/sort_of_clevr/runs/qe6ntboo
wandb: ⭐️ View project at: https://wandb.ai/niks_priv/sort_of_clevr
wandb: Synced 5 W&B file(s), 0 media file(s), 0 artifact file(s) and 0 other file(s)
wandb: Find logs at: ./outputs/sort_of_clevr/multirun/2026-08-17_07-27-27/0/wandb/run-20260817_072730-qe6ntboo/logs
[2026-08-17 07:50:22,904][HYDRA] 	#1 : model.module_dim=128 model.n_modules=4 model.partition=quadrant train.seed=1 task=sort_of_clevr experiment=sort_of_clevr/syncnet/scale
wandb: W&B API key is configured. Use `wandb login --relogin` to force relogin
wandb: setting up run l3d2ua6i
wandb: Tracking run with wandb version 0.27.2
wandb: Run data is saved locally in /home/nik/workspace/ImperialWork/msc_project/SyncNetProject/outputs/sort_of_clevr/multirun/2026-08-17_07-27-27/1/wandb/run-20260817_075029-l3d2ua6i
wandb: Run `wandb offline` to turn off syncing.
wandb: Syncing run sort_of_clevr/syncnet::multirun::2026-08-17_07-27-27::1
wandb: ⭐️ View project at https://wandb.ai/niks_priv/sort_of_clevr
wandb: 🚀 View run at https://wandb.ai/niks_priv/sort_of_clevr/runs/l3d2ua6i
[2026-08-17 07:50:29,670][__main__][INFO] - [RANK 0] Starting training
[2026-08-17 07:50:29,671][__main__][INFO] - [RANK 0] Model: SortOfClevrSyncNet
[2026-08-17 07:50:29,671][__main__][INFO] - [RANK 0] Parameters: total=332368
[2026-08-17 07:50:29,673][__main__][INFO] - [RANK 0] Config:
train:
  seed: 1
  n_steps: 100000
  train_bs: 256
  val_bs: 1024
  early_stop_metric: loss
  early_stop_big_is_better: false
  early_stop_patience: 1000000
  early_stop_min_delta: 0.0
  mixed_precision: bf16
  compile_model: false
  grad_accum: 1
  grad_clip: 1.0
  loader_mode: gpu_cached
  num_workers: 0
logging:
  eval_log_interval: 500
  train_log_interval: 500
  info_metrics:
  - loss
  - accuracy
  save_best: true
wandb:
  enabled: true
  project_name: sort_of_clevr
  entity: niks_priv
  tags: []
  run_name: null
optim:
  optimiser: adamw
  lr: 0.0003
  weight_decay: 0.01
  lr_scheduler: warmup_cosine
  lr_scheduler_params:
    warmup_steps: 2000
dataset:
  name: sort_of_clevr
  root: ./data
  dir: sort_of_clevr-seed1-train36000-test1000-img75-obj5-q10-t-1
  seed: 1
  train_size: 36000
  test_size: 1000
  img_size: 75
  obj_size: 5
  nb_questions: 10
  t_subtype: -1
model:
  name: sort_of_clevr_syncnet
  q_conditioning: film
  q_emb_dim: 32
  partition: quadrant
  use_pos_emb: true
  n_modules: 4
  module_dim: 128
  content_dim: 8
  query_hidden: 64
  beta_init: 5.0
  learn_beta: true
  use_module_embed: false
  embed_scale: 1.0
  gate_mode: phase
  T: 6
  dt: 0.1
  omega_init: 0.5
  learn_omega: true
  k_hidden: 64
  deterministic_phase: false
  msg_dim: 64
  msg_agg: mean
  readout_mode: sum
  hidden_dim: 128
  use_prior_head: true
  vote_sees_q: true
  encoder:
    name: patchify
    ch: 128
    patch_size: 5
    hidden: 64
callbacks:
- name: accuracy
- name: qtype_accuracy
- name: subtype_accuracy

[2026-08-17 07:50:29,674][__main__][INFO] - [RANK 0] Full model:
SortOfClevrSyncNet(
  (inner): VQASyncNet(
    (q_encoder): IdentityQuestionEncoder()
    (film_gamma): Linear(in_features=18, out_features=128, bias=True)
    (film_beta): Linear(in_features=18, out_features=128, bias=True)
    (encoders): ModuleList(
      (0): PatchifyEncoder(
        (patchify): Conv2d(3, 128, kernel_size=(5, 5), stride=(5, 5))
      )
    )
    (norms): ModuleList(
      (0): GroupNorm(8, 128, eps=1e-05, affine=True, bias=True)
    )
    (h_init): Sequential(
      (0): Linear(in_features=18, out_features=64, bias=True)
      (1): GELU(approximate='none')
      (2): Linear(in_features=64, out_features=512, bias=True)
    )
    (attn_query): Linear(in_features=128, out_features=128, bias=True)
    (msg_proj): Linear(in_features=128, out_features=64, bias=True)
    (cell): GRUCell(192, 128)
    (k_mlp): Sequential(
      (0): Linear(in_features=256, out_features=64, bias=True)
      (1): GELU(approximate='none')
      (2): Linear(in_features=64, out_features=1, bias=True)
      (3): Tanh()
    )
    (content_head): Linear(in_features=128, out_features=8, bias=True)
    (vote_heads): ModuleList(
      (0-3): 4 x Sequential(
        (0): Linear(in_features=154, out_features=128, bias=True)
        (1): GELU(approximate='none')
        (2): Linear(in_features=128, out_features=10, bias=True)
      )
    )
    (prior_head): Sequential(
      (0): Linear(in_features=18, out_features=128, bias=True)
      (1): GELU(approximate='none')
      (2): Linear(in_features=128, out_features=10, bias=True)
    )
  )
)
[2026-08-17 07:50:36,191][__main__][INFO] - [RANK 0] [ Train | Step: 500    |  loss : 1.5124 | accuracy : 0.3656 | opt_sps : 76.7265  ]
[2026-08-17 07:50:36,487][__main__][INFO] - [RANK 0] [ Eval  | Step: 500    |  loss : 0.8900 | accuracy : 0.4876 | eval_s : 0.2947  ]
[2026-08-17 07:50:42,982][__main__][INFO] - [RANK 0] [ Train | Step: 1000   |  loss : 0.8775 | accuracy : 0.4999 | opt_sps : 76.8586  ]
[2026-08-17 07:50:43,277][__main__][INFO] - [RANK 0] [ Eval  | Step: 1000   |  loss : 0.8582 | accuracy : 0.5107 | eval_s : 0.2946  ]
[2026-08-17 07:50:49,736][__main__][INFO] - [RANK 0] [ Train | Step: 1500   |  loss : 0.8368 | accuracy : 0.5293 | opt_sps : 77.0446  ]
[2026-08-17 07:50:50,031][__main__][INFO] - [RANK 0] [ Eval  | Step: 1500   |  loss : 0.8182 | accuracy : 0.5481 | eval_s : 0.2943  ]
[2026-08-17 07:50:56,551][__main__][INFO] - [RANK 0] [ Train | Step: 2000   |  loss : 0.7694 | accuracy : 0.5828 | opt_sps : 76.9596  ]
[2026-08-17 07:50:56,846][__main__][INFO] - [RANK 0] [ Eval  | Step: 2000   |  loss : 0.7306 | accuracy : 0.6074 | eval_s : 0.2946  ]
[2026-08-17 07:51:03,375][__main__][INFO] - [RANK 0] [ Train | Step: 2500   |  loss : 0.7239 | accuracy : 0.6230 | opt_sps : 76.8865  ]
[2026-08-17 07:51:03,671][__main__][INFO] - [RANK 0] [ Eval  | Step: 2500   |  loss : 0.7083 | accuracy : 0.6361 | eval_s : 0.2953  ]
[2026-08-17 07:51:10,433][__main__][INFO] - [RANK 0] [ Train | Step: 3000   |  loss : 0.7068 | accuracy : 0.6434 | opt_sps : 76.3825  ]
[2026-08-17 07:51:10,743][__main__][INFO] - [RANK 0] [ Eval  | Step: 3000   |  loss : 0.7020 | accuracy : 0.6396 | eval_s : 0.3094  ]
[2026-08-17 07:51:17,239][__main__][INFO] - [RANK 0] [ Train | Step: 3500   |  loss : 0.6908 | accuracy : 0.6556 | opt_sps : 76.4673  ]
[2026-08-17 07:51:17,539][__main__][INFO] - [RANK 0] [ Eval  | Step: 3500   |  loss : 0.6799 | accuracy : 0.6611 | eval_s : 0.2984  ]
[2026-08-17 07:51:24,080][__main__][INFO] - [RANK 0] [ Train | Step: 4000   |  loss : 0.6789 | accuracy : 0.6610 | opt_sps : 76.4645  ]
[2026-08-17 07:51:24,376][__main__][INFO] - [RANK 0] [ Eval  | Step: 4000   |  loss : 0.6664 | accuracy : 0.6702 | eval_s : 0.2949  ]
[2026-08-17 07:51:30,919][__main__][INFO] - [RANK 0] [ Train | Step: 4500   |  loss : 0.6723 | accuracy : 0.6667 | opt_sps : 76.4596  ]
[2026-08-17 07:51:31,215][__main__][INFO] - [RANK 0] [ Eval  | Step: 4500   |  loss : 0.6818 | accuracy : 0.6537 | eval_s : 0.2948  ]
[2026-08-17 07:51:37,786][__main__][INFO] - [RANK 0] [ Train | Step: 5000   |  loss : 0.6629 | accuracy : 0.6720 | opt_sps : 76.4231  ]
[2026-08-17 07:51:38,082][__main__][INFO] - [RANK 0] [ Eval  | Step: 5000   |  loss : 0.6571 | accuracy : 0.6759 | eval_s : 0.2952  ]
[2026-08-17 07:51:44,641][__main__][INFO] - [RANK 0] [ Train | Step: 5500   |  loss : 0.6593 | accuracy : 0.6732 | opt_sps : 76.4060  ]
[2026-08-17 07:51:44,937][__main__][INFO] - [RANK 0] [ Eval  | Step: 5500   |  loss : 0.6518 | accuracy : 0.6823 | eval_s : 0.2954  ]
[2026-08-17 07:51:51,514][__main__][INFO] - [RANK 0] [ Train | Step: 6000   |  loss : 0.6535 | accuracy : 0.6764 | opt_sps : 76.3748  ]
[2026-08-17 07:51:51,810][__main__][INFO] - [RANK 0] [ Eval  | Step: 6000   |  loss : 0.6477 | accuracy : 0.6834 | eval_s : 0.2947  ]
[2026-08-17 07:51:58,398][__main__][INFO] - [RANK 0] [ Train | Step: 6500   |  loss : 0.6529 | accuracy : 0.6753 | opt_sps : 76.3380  ]
[2026-08-17 07:51:58,694][__main__][INFO] - [RANK 0] [ Eval  | Step: 6500   |  loss : 0.6658 | accuracy : 0.6695 | eval_s : 0.2952  ]
[2026-08-17 07:52:05,201][__main__][INFO] - [RANK 0] [ Train | Step: 7000   |  loss : 0.6481 | accuracy : 0.6791 | opt_sps : 76.3736  ]
[2026-08-17 07:52:05,498][__main__][INFO] - [RANK 0] [ Eval  | Step: 7000   |  loss : 0.6435 | accuracy : 0.6823 | eval_s : 0.2959  ]
[2026-08-17 07:52:12,097][__main__][INFO] - [RANK 0] [ Train | Step: 7500   |  loss : 0.6441 | accuracy : 0.6806 | opt_sps : 76.3337  ]
[2026-08-17 07:52:12,396][__main__][INFO] - [RANK 0] [ Eval  | Step: 7500   |  loss : 0.6460 | accuracy : 0.6739 | eval_s : 0.2979  ]
[2026-08-17 07:52:19,034][__main__][INFO] - [RANK 0] [ Train | Step: 8000   |  loss : 0.6447 | accuracy : 0.6824 | opt_sps : 76.2698  ]
[2026-08-17 07:52:19,332][__main__][INFO] - [RANK 0] [ Eval  | Step: 8000   |  loss : 0.6365 | accuracy : 0.6842 | eval_s : 0.2972  ]
[2026-08-17 07:52:25,977][__main__][INFO] - [RANK 0] [ Train | Step: 8500   |  loss : 0.6455 | accuracy : 0.6835 | opt_sps : 76.2100  ]
[2026-08-17 07:52:26,273][__main__][INFO] - [RANK 0] [ Eval  | Step: 8500   |  loss : 0.6398 | accuracy : 0.6849 | eval_s : 0.2949  ]
[2026-08-17 07:52:32,795][__main__][INFO] - [RANK 0] [ Train | Step: 9000   |  loss : 0.6405 | accuracy : 0.6833 | opt_sps : 76.2344  ]
[2026-08-17 07:52:33,096][__main__][INFO] - [RANK 0] [ Eval  | Step: 9000   |  loss : 0.6425 | accuracy : 0.6785 | eval_s : 0.2995  ]
[2026-08-17 07:52:39,593][__main__][INFO] - [RANK 0] [ Train | Step: 9500   |  loss : 0.6362 | accuracy : 0.6863 | opt_sps : 76.2720  ]
[2026-08-17 07:52:39,890][__main__][INFO] - [RANK 0] [ Eval  | Step: 9500   |  loss : 0.6370 | accuracy : 0.6864 | eval_s : 0.2960  ]
[2026-08-17 07:52:46,427][__main__][INFO] - [RANK 0] [ Train | Step: 10000  |  loss : 0.6407 | accuracy : 0.6818 | opt_sps : 76.2828  ]
[2026-08-17 07:52:46,724][__main__][INFO] - [RANK 0] [ Eval  | Step: 10000  |  loss : 0.6351 | accuracy : 0.6886 | eval_s : 0.2959  ]
[2026-08-17 07:52:53,251][__main__][INFO] - [RANK 0] [ Train | Step: 10500  |  loss : 0.6388 | accuracy : 0.6852 | opt_sps : 76.2982  ]
[2026-08-17 07:52:53,548][__main__][INFO] - [RANK 0] [ Eval  | Step: 10500  |  loss : 0.6490 | accuracy : 0.6738 | eval_s : 0.2956  ]
[2026-08-17 07:53:00,047][__main__][INFO] - [RANK 0] [ Train | Step: 11000  |  loss : 0.6379 | accuracy : 0.6850 | opt_sps : 76.3268  ]
[2026-08-17 07:53:00,346][__main__][INFO] - [RANK 0] [ Eval  | Step: 11000  |  loss : 0.6399 | accuracy : 0.6867 | eval_s : 0.2971  ]
[2026-08-17 07:53:06,827][__main__][INFO] - [RANK 0] [ Train | Step: 11500  |  loss : 0.6351 | accuracy : 0.6878 | opt_sps : 76.3613  ]
[2026-08-17 07:53:07,128][__main__][INFO] - [RANK 0] [ Eval  | Step: 11500  |  loss : 0.6355 | accuracy : 0.6871 | eval_s : 0.2995  ]
[2026-08-17 07:53:13,692][__main__][INFO] - [RANK 0] [ Train | Step: 12000  |  loss : 0.6332 | accuracy : 0.6866 | opt_sps : 76.3536  ]
[2026-08-17 07:53:13,992][__main__][INFO] - [RANK 0] [ Eval  | Step: 12000  |  loss : 0.6379 | accuracy : 0.6863 | eval_s : 0.2994  ]
[2026-08-17 07:53:20,739][__main__][INFO] - [RANK 0] [ Train | Step: 12500  |  loss : 0.6348 | accuracy : 0.6883 | opt_sps : 76.2610  ]
[2026-08-17 07:53:21,035][__main__][INFO] - [RANK 0] [ Eval  | Step: 12500  |  loss : 0.6300 | accuracy : 0.6888 | eval_s : 0.2951  ]
[2026-08-17 07:53:27,556][__main__][INFO] - [RANK 0] [ Train | Step: 13000  |  loss : 0.6299 | accuracy : 0.6903 | opt_sps : 76.2773  ]
[2026-08-17 07:53:27,852][__main__][INFO] - [RANK 0] [ Eval  | Step: 13000  |  loss : 0.6342 | accuracy : 0.6849 | eval_s : 0.2954  ]
[2026-08-17 07:53:34,336][__main__][INFO] - [RANK 0] [ Train | Step: 13500  |  loss : 0.6288 | accuracy : 0.6914 | opt_sps : 76.3083  ]
[2026-08-17 07:53:34,632][__main__][INFO] - [RANK 0] [ Eval  | Step: 13500  |  loss : 0.6272 | accuracy : 0.6934 | eval_s : 0.2954  ]
[2026-08-17 07:53:41,180][__main__][INFO] - [RANK 0] [ Train | Step: 14000  |  loss : 0.6301 | accuracy : 0.6910 | opt_sps : 76.3103  ]
[2026-08-17 07:53:41,476][__main__][INFO] - [RANK 0] [ Eval  | Step: 14000  |  loss : 0.6295 | accuracy : 0.6931 | eval_s : 0.2943  ]
[2026-08-17 07:53:47,957][__main__][INFO] - [RANK 0] [ Train | Step: 14500  |  loss : 0.6334 | accuracy : 0.6905 | opt_sps : 76.3388  ]
[2026-08-17 07:53:48,252][__main__][INFO] - [RANK 0] [ Eval  | Step: 14500  |  loss : 0.6340 | accuracy : 0.6904 | eval_s : 0.2941  ]
[2026-08-17 07:53:54,680][__main__][INFO] - [RANK 0] [ Train | Step: 15000  |  loss : 0.6263 | accuracy : 0.6935 | opt_sps : 76.3862  ]
[2026-08-17 07:53:54,977][__main__][INFO] - [RANK 0] [ Eval  | Step: 15000  |  loss : 0.6304 | accuracy : 0.6943 | eval_s : 0.2961  ]
[2026-08-17 07:54:01,439][__main__][INFO] - [RANK 0] [ Train | Step: 15500  |  loss : 0.6268 | accuracy : 0.6926 | opt_sps : 76.4176  ]
[2026-08-17 07:54:01,734][__main__][INFO] - [RANK 0] [ Eval  | Step: 15500  |  loss : 0.6190 | accuracy : 0.7032 | eval_s : 0.2944  ]
[2026-08-17 07:54:08,248][__main__][INFO] - [RANK 0] [ Train | Step: 16000  |  loss : 0.6212 | accuracy : 0.6973 | opt_sps : 76.4287  ]
[2026-08-17 07:54:08,544][__main__][INFO] - [RANK 0] [ Eval  | Step: 16000  |  loss : 0.6109 | accuracy : 0.7046 | eval_s : 0.2955  ]
[2026-08-17 07:54:15,100][__main__][INFO] - [RANK 0] [ Train | Step: 16500  |  loss : 0.6054 | accuracy : 0.7086 | opt_sps : 76.4242  ]
[2026-08-17 07:54:15,395][__main__][INFO] - [RANK 0] [ Eval  | Step: 16500  |  loss : 0.5959 | accuracy : 0.7119 | eval_s : 0.2949  ]
[2026-08-17 07:54:22,113][__main__][INFO] - [RANK 0] [ Train | Step: 17000  |  loss : 0.5929 | accuracy : 0.7152 | opt_sps : 76.3642  ]
[2026-08-17 07:54:22,410][__main__][INFO] - [RANK 0] [ Eval  | Step: 17000  |  loss : 0.5841 | accuracy : 0.7181 | eval_s : 0.2956  ]
[2026-08-17 07:54:29,190][__main__][INFO] - [RANK 0] [ Train | Step: 17500  |  loss : 0.5887 | accuracy : 0.7174 | opt_sps : 76.2869  ]
[2026-08-17 07:54:29,487][__main__][INFO] - [RANK 0] [ Eval  | Step: 17500  |  loss : 0.5988 | accuracy : 0.7098 | eval_s : 0.2959  ]
[2026-08-17 07:54:36,041][__main__][INFO] - [RANK 0] [ Train | Step: 18000  |  loss : 0.5807 | accuracy : 0.7205 | opt_sps : 76.2870  ]
[2026-08-17 07:54:36,338][__main__][INFO] - [RANK 0] [ Eval  | Step: 18000  |  loss : 0.5689 | accuracy : 0.7281 | eval_s : 0.2959  ]
[2026-08-17 07:54:42,800][__main__][INFO] - [RANK 0] [ Train | Step: 18500  |  loss : 0.5732 | accuracy : 0.7239 | opt_sps : 76.3161  ]
[2026-08-17 07:54:43,101][__main__][INFO] - [RANK 0] [ Eval  | Step: 18500  |  loss : 0.5875 | accuracy : 0.7115 | eval_s : 0.2997  ]
[2026-08-17 07:54:49,535][__main__][INFO] - [RANK 0] [ Train | Step: 19000  |  loss : 0.5741 | accuracy : 0.7234 | opt_sps : 76.3522  ]
[2026-08-17 07:54:49,832][__main__][INFO] - [RANK 0] [ Eval  | Step: 19000  |  loss : 0.5523 | accuracy : 0.7333 | eval_s : 0.2958  ]
[2026-08-17 07:54:56,263][__main__][INFO] - [RANK 0] [ Train | Step: 19500  |  loss : 0.5671 | accuracy : 0.7268 | opt_sps : 76.3874  ]
[2026-08-17 07:54:56,560][__main__][INFO] - [RANK 0] [ Eval  | Step: 19500  |  loss : 0.5625 | accuracy : 0.7237 | eval_s : 0.2956  ]
[2026-08-17 07:55:02,999][__main__][INFO] - [RANK 0] [ Train | Step: 20000  |  loss : 0.5634 | accuracy : 0.7272 | opt_sps : 76.4186  ]
[2026-08-17 07:55:03,294][__main__][INFO] - [RANK 0] [ Eval  | Step: 20000  |  loss : 0.5570 | accuracy : 0.7271 | eval_s : 0.2941  ]
[2026-08-17 07:55:09,852][__main__][INFO] - [RANK 0] [ Train | Step: 20500  |  loss : 0.5565 | accuracy : 0.7286 | opt_sps : 76.4144  ]
[2026-08-17 07:55:10,148][__main__][INFO] - [RANK 0] [ Eval  | Step: 20500  |  loss : 0.5452 | accuracy : 0.7322 | eval_s : 0.2952  ]
[2026-08-17 07:55:16,617][__main__][INFO] - [RANK 0] [ Train | Step: 21000  |  loss : 0.5561 | accuracy : 0.7303 | opt_sps : 76.4351  ]
[2026-08-17 07:55:16,913][__main__][INFO] - [RANK 0] [ Eval  | Step: 21000  |  loss : 0.5420 | accuracy : 0.7366 | eval_s : 0.2943  ]
[2026-08-17 07:55:23,482][__main__][INFO] - [RANK 0] [ Train | Step: 21500  |  loss : 0.5463 | accuracy : 0.7351 | opt_sps : 76.4279  ]
[2026-08-17 07:55:23,779][__main__][INFO] - [RANK 0] [ Eval  | Step: 21500  |  loss : 0.5825 | accuracy : 0.7188 | eval_s : 0.2967  ]
[2026-08-17 07:55:30,373][__main__][INFO] - [RANK 0] [ Train | Step: 22000  |  loss : 0.5401 | accuracy : 0.7358 | opt_sps : 76.4141  ]
[2026-08-17 07:55:30,669][__main__][INFO] - [RANK 0] [ Eval  | Step: 22000  |  loss : 0.5227 | accuracy : 0.7418 | eval_s : 0.2943  ]
[2026-08-17 07:55:37,104][__main__][INFO] - [RANK 0] [ Train | Step: 22500  |  loss : 0.5521 | accuracy : 0.7313 | opt_sps : 76.4423  ]
[2026-08-17 07:55:37,401][__main__][INFO] - [RANK 0] [ Eval  | Step: 22500  |  loss : 0.5750 | accuracy : 0.7194 | eval_s : 0.2959  ]
[2026-08-17 07:55:43,842][__main__][INFO] - [RANK 0] [ Train | Step: 23000  |  loss : 0.5405 | accuracy : 0.7361 | opt_sps : 76.4675  ]
[2026-08-17 07:55:44,140][__main__][INFO] - [RANK 0] [ Eval  | Step: 23000  |  loss : 0.5392 | accuracy : 0.7304 | eval_s : 0.2966  ]
[2026-08-17 07:55:50,623][__main__][INFO] - [RANK 0] [ Train | Step: 23500  |  loss : 0.5525 | accuracy : 0.7316 | opt_sps : 76.4813  ]
[2026-08-17 07:55:50,919][__main__][INFO] - [RANK 0] [ Eval  | Step: 23500  |  loss : 0.5440 | accuracy : 0.7351 | eval_s : 0.2945  ]
[2026-08-17 07:55:57,435][__main__][INFO] - [RANK 0] [ Train | Step: 24000  |  loss : 0.5350 | accuracy : 0.7400 | opt_sps : 76.4866  ]
[2026-08-17 07:55:57,730][__main__][INFO] - [RANK 0] [ Eval  | Step: 24000  |  loss : 0.5187 | accuracy : 0.7439 | eval_s : 0.2945  ]
[2026-08-17 07:56:04,313][__main__][INFO] - [RANK 0] [ Train | Step: 24500  |  loss : 0.5326 | accuracy : 0.7419 | opt_sps : 76.4757  ]
[2026-08-17 07:56:04,608][__main__][INFO] - [RANK 0] [ Eval  | Step: 24500  |  loss : 0.5071 | accuracy : 0.7481 | eval_s : 0.2941  ]
[2026-08-17 07:56:11,127][__main__][INFO] - [RANK 0] [ Train | Step: 25000  |  loss : 0.5287 | accuracy : 0.7408 | opt_sps : 76.4804  ]
[2026-08-17 07:56:11,423][__main__][INFO] - [RANK 0] [ Eval  | Step: 25000  |  loss : 0.6091 | accuracy : 0.7062 | eval_s : 0.2949  ]
[2026-08-17 07:56:17,919][__main__][INFO] - [RANK 0] [ Train | Step: 25500  |  loss : 0.5277 | accuracy : 0.7434 | opt_sps : 76.4900  ]
[2026-08-17 07:56:18,214][__main__][INFO] - [RANK 0] [ Eval  | Step: 25500  |  loss : 0.5088 | accuracy : 0.7462 | eval_s : 0.2948  ]
[2026-08-17 07:56:24,787][__main__][INFO] - [RANK 0] [ Train | Step: 26000  |  loss : 0.5319 | accuracy : 0.7404 | opt_sps : 76.4819  ]
[2026-08-17 07:56:25,085][__main__][INFO] - [RANK 0] [ Eval  | Step: 26000  |  loss : 0.6392 | accuracy : 0.7127 | eval_s : 0.2972  ]
[2026-08-17 07:56:31,856][__main__][INFO] - [RANK 0] [ Train | Step: 26500  |  loss : 0.5199 | accuracy : 0.7442 | opt_sps : 76.4304  ]
[2026-08-17 07:56:32,158][__main__][INFO] - [RANK 0] [ Eval  | Step: 26500  |  loss : 0.5141 | accuracy : 0.7408 | eval_s : 0.3010  ]
[2026-08-17 07:56:38,779][__main__][INFO] - [RANK 0] [ Train | Step: 27000  |  loss : 0.5143 | accuracy : 0.7468 | opt_sps : 76.4132  ]
[2026-08-17 07:56:39,076][__main__][INFO] - [RANK 0] [ Eval  | Step: 27000  |  loss : 0.5186 | accuracy : 0.7448 | eval_s : 0.2956  ]
[2026-08-17 07:56:45,644][__main__][INFO] - [RANK 0] [ Train | Step: 27500  |  loss : 0.5129 | accuracy : 0.7467 | opt_sps : 76.4079  ]
[2026-08-17 07:56:45,940][__main__][INFO] - [RANK 0] [ Eval  | Step: 27500  |  loss : 0.5036 | accuracy : 0.7486 | eval_s : 0.2950  ]
[2026-08-17 07:56:52,444][__main__][INFO] - [RANK 0] [ Train | Step: 28000  |  loss : 0.5214 | accuracy : 0.7434 | opt_sps : 76.4164  ]
[2026-08-17 07:56:52,740][__main__][INFO] - [RANK 0] [ Eval  | Step: 28000  |  loss : 0.5090 | accuracy : 0.7472 | eval_s : 0.2950  ]
[2026-08-17 07:56:59,229][__main__][INFO] - [RANK 0] [ Train | Step: 28500  |  loss : 0.5146 | accuracy : 0.7480 | opt_sps : 76.4276  ]
[2026-08-17 07:56:59,524][__main__][INFO] - [RANK 0] [ Eval  | Step: 28500  |  loss : 0.5427 | accuracy : 0.7322 | eval_s : 0.2946  ]
[2026-08-17 07:57:06,033][__main__][INFO] - [RANK 0] [ Train | Step: 29000  |  loss : 0.5204 | accuracy : 0.7459 | opt_sps : 76.4343  ]
[2026-08-17 07:57:06,330][__main__][INFO] - [RANK 0] [ Eval  | Step: 29000  |  loss : 0.5438 | accuracy : 0.7348 | eval_s : 0.2956  ]
[2026-08-17 07:57:12,892][__main__][INFO] - [RANK 0] [ Train | Step: 29500  |  loss : 0.5007 | accuracy : 0.7515 | opt_sps : 76.4301  ]
[2026-08-17 07:57:13,188][__main__][INFO] - [RANK 0] [ Eval  | Step: 29500  |  loss : 0.4976 | accuracy : 0.7484 | eval_s : 0.2946  ]
[2026-08-17 07:57:19,658][__main__][INFO] - [RANK 0] [ Train | Step: 30000  |  loss : 0.5266 | accuracy : 0.7428 | opt_sps : 76.4441  ]
[2026-08-17 07:57:19,956][__main__][INFO] - [RANK 0] [ Eval  | Step: 30000  |  loss : 0.5008 | accuracy : 0.7490 | eval_s : 0.2968  ]
[2026-08-17 07:57:26,423][__main__][INFO] - [RANK 0] [ Train | Step: 30500  |  loss : 0.5125 | accuracy : 0.7481 | opt_sps : 76.4583  ]
[2026-08-17 07:57:26,722][__main__][INFO] - [RANK 0] [ Eval  | Step: 30500  |  loss : 0.5330 | accuracy : 0.7349 | eval_s : 0.2983  ]
[2026-08-17 07:57:33,317][__main__][INFO] - [RANK 0] [ Train | Step: 31000  |  loss : 0.5078 | accuracy : 0.7491 | opt_sps : 76.4478  ]
[2026-08-17 07:57:33,615][__main__][INFO] - [RANK 0] [ Eval  | Step: 31000  |  loss : 0.5020 | accuracy : 0.7485 | eval_s : 0.2971  ]
[2026-08-17 07:57:40,238][__main__][INFO] - [RANK 0] [ Train | Step: 31500  |  loss : 0.5119 | accuracy : 0.7495 | opt_sps : 76.4325  ]
[2026-08-17 07:57:40,534][__main__][INFO] - [RANK 0] [ Eval  | Step: 31500  |  loss : 0.4946 | accuracy : 0.7543 | eval_s : 0.2949  ]
[2026-08-17 07:57:47,107][__main__][INFO] - [RANK 0] [ Train | Step: 32000  |  loss : 0.5088 | accuracy : 0.7501 | opt_sps : 76.4269  ]
[2026-08-17 07:57:47,404][__main__][INFO] - [RANK 0] [ Eval  | Step: 32000  |  loss : 0.5043 | accuracy : 0.7477 | eval_s : 0.2955  ]
[2026-08-17 07:57:53,969][__main__][INFO] - [RANK 0] [ Train | Step: 32500  |  loss : 0.4956 | accuracy : 0.7538 | opt_sps : 76.4228  ]
[2026-08-17 07:57:54,265][__main__][INFO] - [RANK 0] [ Eval  | Step: 32500  |  loss : 0.5054 | accuracy : 0.7469 | eval_s : 0.2956  ]
[2026-08-17 07:58:00,837][__main__][INFO] - [RANK 0] [ Train | Step: 33000  |  loss : 0.5030 | accuracy : 0.7538 | opt_sps : 76.4176  ]
[2026-08-17 07:58:01,133][__main__][INFO] - [RANK 0] [ Eval  | Step: 33000  |  loss : 0.4876 | accuracy : 0.7589 | eval_s : 0.2950  ]
[2026-08-17 07:58:07,723][__main__][INFO] - [RANK 0] [ Train | Step: 33500  |  loss : 0.4959 | accuracy : 0.7542 | opt_sps : 76.4095  ]
[2026-08-17 07:58:08,021][__main__][INFO] - [RANK 0] [ Eval  | Step: 33500  |  loss : 0.4878 | accuracy : 0.7542 | eval_s : 0.2963  ]
[2026-08-17 07:58:14,525][__main__][INFO] - [RANK 0] [ Train | Step: 34000  |  loss : 0.4951 | accuracy : 0.7550 | opt_sps : 76.4163  ]
[2026-08-17 07:58:14,823][__main__][INFO] - [RANK 0] [ Eval  | Step: 34000  |  loss : 0.4866 | accuracy : 0.7576 | eval_s : 0.2978  ]
[2026-08-17 07:58:21,335][__main__][INFO] - [RANK 0] [ Train | Step: 34500  |  loss : 0.4960 | accuracy : 0.7543 | opt_sps : 76.4218  ]
[2026-08-17 07:58:21,635][__main__][INFO] - [RANK 0] [ Eval  | Step: 34500  |  loss : 0.5675 | accuracy : 0.7279 | eval_s : 0.2992  ]
[2026-08-17 07:58:28,143][__main__][INFO] - [RANK 0] [ Train | Step: 35000  |  loss : 0.4965 | accuracy : 0.7561 | opt_sps : 76.4276  ]
[2026-08-17 07:58:28,439][__main__][INFO] - [RANK 0] [ Eval  | Step: 35000  |  loss : 0.4840 | accuracy : 0.7582 | eval_s : 0.2951  ]
[2026-08-17 07:58:35,104][__main__][INFO] - [RANK 0] [ Train | Step: 35500  |  loss : 0.4901 | accuracy : 0.7588 | opt_sps : 76.4075  ]
[2026-08-17 07:58:35,401][__main__][INFO] - [RANK 0] [ Eval  | Step: 35500  |  loss : 0.4947 | accuracy : 0.7536 | eval_s : 0.2952  ]
[2026-08-17 07:58:42,140][__main__][INFO] - [RANK 0] [ Train | Step: 36000  |  loss : 0.4921 | accuracy : 0.7570 | opt_sps : 76.3758  ]
[2026-08-17 07:58:42,439][__main__][INFO] - [RANK 0] [ Eval  | Step: 36000  |  loss : 0.4897 | accuracy : 0.7541 | eval_s : 0.2983  ]
[2026-08-17 07:58:49,047][__main__][INFO] - [RANK 0] [ Train | Step: 36500  |  loss : 0.4913 | accuracy : 0.7572 | opt_sps : 76.3660  ]
[2026-08-17 07:58:49,344][__main__][INFO] - [RANK 0] [ Eval  | Step: 36500  |  loss : 0.5053 | accuracy : 0.7519 | eval_s : 0.2964  ]
[2026-08-17 07:58:55,899][__main__][INFO] - [RANK 0] [ Train | Step: 37000  |  loss : 0.4873 | accuracy : 0.7588 | opt_sps : 76.3647  ]
[2026-08-17 07:58:56,195][__main__][INFO] - [RANK 0] [ Eval  | Step: 37000  |  loss : 0.4755 | accuracy : 0.7634 | eval_s : 0.2952  ]
[2026-08-17 07:59:02,773][__main__][INFO] - [RANK 0] [ Train | Step: 37500  |  loss : 0.4891 | accuracy : 0.7588 | opt_sps : 76.3601  ]
[2026-08-17 07:59:03,070][__main__][INFO] - [RANK 0] [ Eval  | Step: 37500  |  loss : 0.4857 | accuracy : 0.7585 | eval_s : 0.2954  ]
[2026-08-17 07:59:09,554][__main__][INFO] - [RANK 0] [ Train | Step: 38000  |  loss : 0.4845 | accuracy : 0.7606 | opt_sps : 76.3699  ]
[2026-08-17 07:59:09,853][__main__][INFO] - [RANK 0] [ Eval  | Step: 38000  |  loss : 0.4707 | accuracy : 0.7652 | eval_s : 0.2982  ]
[2026-08-17 07:59:16,303][__main__][INFO] - [RANK 0] [ Train | Step: 38500  |  loss : 0.4804 | accuracy : 0.7636 | opt_sps : 76.3847  ]
[2026-08-17 07:59:16,602][__main__][INFO] - [RANK 0] [ Eval  | Step: 38500  |  loss : 0.4793 | accuracy : 0.7621 | eval_s : 0.2978  ]
[2026-08-17 07:59:23,115][__main__][INFO] - [RANK 0] [ Train | Step: 39000  |  loss : 0.4792 | accuracy : 0.7650 | opt_sps : 76.3896  ]
[2026-08-17 07:59:23,411][__main__][INFO] - [RANK 0] [ Eval  | Step: 39000  |  loss : 0.4773 | accuracy : 0.7600 | eval_s : 0.2949  ]
[2026-08-17 07:59:29,919][__main__][INFO] - [RANK 0] [ Train | Step: 39500  |  loss : 0.4811 | accuracy : 0.7631 | opt_sps : 76.3952  ]
[2026-08-17 07:59:30,215][__main__][INFO] - [RANK 0] [ Eval  | Step: 39500  |  loss : 0.4714 | accuracy : 0.7661 | eval_s : 0.2954  ]
[2026-08-17 07:59:36,764][__main__][INFO] - [RANK 0] [ Train | Step: 40000  |  loss : 0.4769 | accuracy : 0.7667 | opt_sps : 76.3946  ]
[2026-08-17 07:59:37,061][__main__][INFO] - [RANK 0] [ Eval  | Step: 40000  |  loss : 0.4687 | accuracy : 0.7644 | eval_s : 0.2961  ]
[2026-08-17 07:59:43,709][__main__][INFO] - [RANK 0] [ Train | Step: 40500  |  loss : 0.4744 | accuracy : 0.7661 | opt_sps : 76.3799  ]
[2026-08-17 07:59:44,005][__main__][INFO] - [RANK 0] [ Eval  | Step: 40500  |  loss : 0.4840 | accuracy : 0.7596 | eval_s : 0.2952  ]
[2026-08-17 07:59:50,674][__main__][INFO] - [RANK 0] [ Train | Step: 41000  |  loss : 0.4688 | accuracy : 0.7702 | opt_sps : 76.3624  ]
[2026-08-17 07:59:50,970][__main__][INFO] - [RANK 0] [ Eval  | Step: 41000  |  loss : 0.4715 | accuracy : 0.7675 | eval_s : 0.2956  ]
[2026-08-17 07:59:57,531][__main__][INFO] - [RANK 0] [ Train | Step: 41500  |  loss : 0.4674 | accuracy : 0.7705 | opt_sps : 76.3606  ]
[2026-08-17 07:59:57,827][__main__][INFO] - [RANK 0] [ Eval  | Step: 41500  |  loss : 0.4732 | accuracy : 0.7676 | eval_s : 0.2951  ]
[2026-08-17 08:00:04,289][__main__][INFO] - [RANK 0] [ Train | Step: 42000  |  loss : 0.4683 | accuracy : 0.7695 | opt_sps : 76.3725  ]
[2026-08-17 08:00:04,587][__main__][INFO] - [RANK 0] [ Eval  | Step: 42000  |  loss : 0.4772 | accuracy : 0.7642 | eval_s : 0.2968  ]
[2026-08-17 08:00:11,070][__main__][INFO] - [RANK 0] [ Train | Step: 42500  |  loss : 0.4634 | accuracy : 0.7724 | opt_sps : 76.3813  ]
[2026-08-17 08:00:11,366][__main__][INFO] - [RANK 0] [ Eval  | Step: 42500  |  loss : 0.5013 | accuracy : 0.7606 | eval_s : 0.2954  ]
[2026-08-17 08:00:17,872][__main__][INFO] - [RANK 0] [ Train | Step: 43000  |  loss : 0.4603 | accuracy : 0.7737 | opt_sps : 76.3867  ]
[2026-08-17 08:00:18,168][__main__][INFO] - [RANK 0] [ Eval  | Step: 43000  |  loss : 0.5084 | accuracy : 0.7511 | eval_s : 0.2957  ]
[2026-08-17 08:00:24,705][__main__][INFO] - [RANK 0] [ Train | Step: 43500  |  loss : 0.4609 | accuracy : 0.7747 | opt_sps : 76.3879  ]
[2026-08-17 08:00:25,000][__main__][INFO] - [RANK 0] [ Eval  | Step: 43500  |  loss : 0.4635 | accuracy : 0.7703 | eval_s : 0.2942  ]
[2026-08-17 08:00:31,467][__main__][INFO] - [RANK 0] [ Train | Step: 44000  |  loss : 0.4554 | accuracy : 0.7770 | opt_sps : 76.3984  ]
[2026-08-17 08:00:31,764][__main__][INFO] - [RANK 0] [ Eval  | Step: 44000  |  loss : 0.4668 | accuracy : 0.7707 | eval_s : 0.2952  ]
[2026-08-17 08:00:38,373][__main__][INFO] - [RANK 0] [ Train | Step: 44500  |  loss : 0.4541 | accuracy : 0.7785 | opt_sps : 76.3899  ]
[2026-08-17 08:00:38,669][__main__][INFO] - [RANK 0] [ Eval  | Step: 44500  |  loss : 0.4746 | accuracy : 0.7693 | eval_s : 0.2945  ]
[2026-08-17 08:00:45,231][__main__][INFO] - [RANK 0] [ Train | Step: 45000  |  loss : 0.4551 | accuracy : 0.7789 | opt_sps : 76.3877  ]
[2026-08-17 08:00:45,527][__main__][INFO] - [RANK 0] [ Eval  | Step: 45000  |  loss : 0.4599 | accuracy : 0.7734 | eval_s : 0.2955  ]
[2026-08-17 08:00:52,264][__main__][INFO] - [RANK 0] [ Train | Step: 45500  |  loss : 0.4482 | accuracy : 0.7818 | opt_sps : 76.3634  ]
[2026-08-17 08:00:52,573][__main__][INFO] - [RANK 0] [ Eval  | Step: 45500  |  loss : 0.4720 | accuracy : 0.7715 | eval_s : 0.3084  ]
[2026-08-17 08:00:59,084][__main__][INFO] - [RANK 0] [ Train | Step: 46000  |  loss : 0.4544 | accuracy : 0.7796 | opt_sps : 76.3680  ]
[2026-08-17 08:00:59,383][__main__][INFO] - [RANK 0] [ Eval  | Step: 46000  |  loss : 0.4697 | accuracy : 0.7695 | eval_s : 0.2978  ]
[2026-08-17 08:01:05,889][__main__][INFO] - [RANK 0] [ Train | Step: 46500  |  loss : 0.4435 | accuracy : 0.7849 | opt_sps : 76.3732  ]
[2026-08-17 08:01:06,184][__main__][INFO] - [RANK 0] [ Eval  | Step: 46500  |  loss : 0.4453 | accuracy : 0.7823 | eval_s : 0.2947  ]
[2026-08-17 08:01:12,717][__main__][INFO] - [RANK 0] [ Train | Step: 47000  |  loss : 0.4451 | accuracy : 0.7844 | opt_sps : 76.3750  ]
[2026-08-17 08:01:13,013][__main__][INFO] - [RANK 0] [ Eval  | Step: 47000  |  loss : 0.4421 | accuracy : 0.7831 | eval_s : 0.2949  ]
[2026-08-17 08:01:19,541][__main__][INFO] - [RANK 0] [ Train | Step: 47500  |  loss : 0.4403 | accuracy : 0.7860 | opt_sps : 76.3775  ]
[2026-08-17 08:01:19,837][__main__][INFO] - [RANK 0] [ Eval  | Step: 47500  |  loss : 0.4467 | accuracy : 0.7808 | eval_s : 0.2949  ]
[2026-08-17 08:01:26,407][__main__][INFO] - [RANK 0] [ Train | Step: 48000  |  loss : 0.4398 | accuracy : 0.7860 | opt_sps : 76.3745  ]
[2026-08-17 08:01:26,704][__main__][INFO] - [RANK 0] [ Eval  | Step: 48000  |  loss : 0.4449 | accuracy : 0.7811 | eval_s : 0.2956  ]
[2026-08-17 08:01:33,322][__main__][INFO] - [RANK 0] [ Train | Step: 48500  |  loss : 0.4377 | accuracy : 0.7892 | opt_sps : 76.3660  ]
[2026-08-17 08:01:33,620][__main__][INFO] - [RANK 0] [ Eval  | Step: 48500  |  loss : 0.4476 | accuracy : 0.7814 | eval_s : 0.2979  ]
[2026-08-17 08:01:40,172][__main__][INFO] - [RANK 0] [ Train | Step: 49000  |  loss : 0.4378 | accuracy : 0.7881 | opt_sps : 76.3655  ]
[2026-08-17 08:01:40,468][__main__][INFO] - [RANK 0] [ Eval  | Step: 49000  |  loss : 0.4773 | accuracy : 0.7747 | eval_s : 0.2955  ]
[2026-08-17 08:01:47,011][__main__][INFO] - [RANK 0] [ Train | Step: 49500  |  loss : 0.4405 | accuracy : 0.7878 | opt_sps : 76.3660  ]
[2026-08-17 08:01:47,310][__main__][INFO] - [RANK 0] [ Eval  | Step: 49500  |  loss : 0.4454 | accuracy : 0.7823 | eval_s : 0.2972  ]
[2026-08-17 08:01:53,895][__main__][INFO] - [RANK 0] [ Train | Step: 50000  |  loss : 0.4332 | accuracy : 0.7906 | opt_sps : 76.3615  ]
[2026-08-17 08:01:54,198][__main__][INFO] - [RANK 0] [ Eval  | Step: 50000  |  loss : 0.4601 | accuracy : 0.7775 | eval_s : 0.3011  ]
[2026-08-17 08:02:00,829][__main__][INFO] - [RANK 0] [ Train | Step: 50500  |  loss : 0.4398 | accuracy : 0.7883 | opt_sps : 76.3518  ]
[2026-08-17 08:02:01,126][__main__][INFO] - [RANK 0] [ Eval  | Step: 50500  |  loss : 0.4348 | accuracy : 0.7859 | eval_s : 0.2957  ]
[2026-08-17 08:02:07,698][__main__][INFO] - [RANK 0] [ Train | Step: 51000  |  loss : 0.4287 | accuracy : 0.7927 | opt_sps : 76.3493  ]
[2026-08-17 08:02:07,997][__main__][INFO] - [RANK 0] [ Eval  | Step: 51000  |  loss : 0.4865 | accuracy : 0.7681 | eval_s : 0.2983  ]
[2026-08-17 08:02:14,568][__main__][INFO] - [RANK 0] [ Train | Step: 51500  |  loss : 0.4319 | accuracy : 0.7908 | opt_sps : 76.3467  ]
[2026-08-17 08:02:14,865][__main__][INFO] - [RANK 0] [ Eval  | Step: 51500  |  loss : 0.4316 | accuracy : 0.7892 | eval_s : 0.2957  ]
[2026-08-17 08:02:21,430][__main__][INFO] - [RANK 0] [ Train | Step: 52000  |  loss : 0.4291 | accuracy : 0.7926 | opt_sps : 76.3450  ]
[2026-08-17 08:02:21,731][__main__][INFO] - [RANK 0] [ Eval  | Step: 52000  |  loss : 0.4425 | accuracy : 0.7855 | eval_s : 0.3001  ]
[2026-08-17 08:02:28,241][__main__][INFO] - [RANK 0] [ Train | Step: 52500  |  loss : 0.4250 | accuracy : 0.7960 | opt_sps : 76.3493  ]
[2026-08-17 08:02:28,537][__main__][INFO] - [RANK 0] [ Eval  | Step: 52500  |  loss : 0.4290 | accuracy : 0.7886 | eval_s : 0.2951  ]
[2026-08-17 08:02:35,088][__main__][INFO] - [RANK 0] [ Train | Step: 53000  |  loss : 0.4265 | accuracy : 0.7938 | opt_sps : 76.3492  ]
[2026-08-17 08:02:35,384][__main__][INFO] - [RANK 0] [ Eval  | Step: 53000  |  loss : 0.4273 | accuracy : 0.7913 | eval_s : 0.2950  ]
[2026-08-17 08:02:42,033][__main__][INFO] - [RANK 0] [ Train | Step: 53500  |  loss : 0.4229 | accuracy : 0.7946 | opt_sps : 76.3384  ]
[2026-08-17 08:02:42,336][__main__][INFO] - [RANK 0] [ Eval  | Step: 53500  |  loss : 0.4301 | accuracy : 0.7919 | eval_s : 0.3025  ]
[2026-08-17 08:02:48,837][__main__][INFO] - [RANK 0] [ Train | Step: 54000  |  loss : 0.4258 | accuracy : 0.7942 | opt_sps : 76.3437  ]
[2026-08-17 08:02:49,137][__main__][INFO] - [RANK 0] [ Eval  | Step: 54000  |  loss : 0.4435 | accuracy : 0.7857 | eval_s : 0.2985  ]
[2026-08-17 08:02:55,686][__main__][INFO] - [RANK 0] [ Train | Step: 54500  |  loss : 0.4230 | accuracy : 0.7960 | opt_sps : 76.3436  ]
[2026-08-17 08:02:55,984][__main__][INFO] - [RANK 0] [ Eval  | Step: 54500  |  loss : 0.4264 | accuracy : 0.7914 | eval_s : 0.2971  ]
[2026-08-17 08:03:02,682][__main__][INFO] - [RANK 0] [ Train | Step: 55000  |  loss : 0.4196 | accuracy : 0.7968 | opt_sps : 76.3280  ]
[2026-08-17 08:03:02,978][__main__][INFO] - [RANK 0] [ Eval  | Step: 55000  |  loss : 0.4314 | accuracy : 0.7891 | eval_s : 0.2953  ]
[2026-08-17 08:03:09,487][__main__][INFO] - [RANK 0] [ Train | Step: 55500  |  loss : 0.4213 | accuracy : 0.7964 | opt_sps : 76.3325  ]
[2026-08-17 08:03:09,782][__main__][INFO] - [RANK 0] [ Eval  | Step: 55500  |  loss : 0.4243 | accuracy : 0.7934 | eval_s : 0.2945  ]
[2026-08-17 08:03:16,307][__main__][INFO] - [RANK 0] [ Train | Step: 56000  |  loss : 0.4196 | accuracy : 0.7971 | opt_sps : 76.3352  ]
[2026-08-17 08:03:16,602][__main__][INFO] - [RANK 0] [ Eval  | Step: 56000  |  loss : 0.4252 | accuracy : 0.7918 | eval_s : 0.2946  ]
[2026-08-17 08:03:23,169][__main__][INFO] - [RANK 0] [ Train | Step: 56500  |  loss : 0.4147 | accuracy : 0.7995 | opt_sps : 76.3334  ]
[2026-08-17 08:03:23,465][__main__][INFO] - [RANK 0] [ Eval  | Step: 56500  |  loss : 0.4225 | accuracy : 0.7922 | eval_s : 0.2950  ]
[2026-08-17 08:03:30,015][__main__][INFO] - [RANK 0] [ Train | Step: 57000  |  loss : 0.4172 | accuracy : 0.7999 | opt_sps : 76.3335  ]
[2026-08-17 08:03:30,311][__main__][INFO] - [RANK 0] [ Eval  | Step: 57000  |  loss : 0.4296 | accuracy : 0.7927 | eval_s : 0.2945  ]
[2026-08-17 08:03:36,811][__main__][INFO] - [RANK 0] [ Train | Step: 57500  |  loss : 0.4150 | accuracy : 0.8002 | opt_sps : 76.3386  ]
[2026-08-17 08:03:37,113][__main__][INFO] - [RANK 0] [ Eval  | Step: 57500  |  loss : 0.4250 | accuracy : 0.7934 | eval_s : 0.3008  ]
[2026-08-17 08:03:43,626][__main__][INFO] - [RANK 0] [ Train | Step: 58000  |  loss : 0.4157 | accuracy : 0.7994 | opt_sps : 76.3422  ]
[2026-08-17 08:03:43,922][__main__][INFO] - [RANK 0] [ Eval  | Step: 58000  |  loss : 0.4181 | accuracy : 0.7967 | eval_s : 0.2945  ]
[2026-08-17 08:03:50,356][__main__][INFO] - [RANK 0] [ Train | Step: 58500  |  loss : 0.4152 | accuracy : 0.7988 | opt_sps : 76.3538  ]
[2026-08-17 08:03:50,651][__main__][INFO] - [RANK 0] [ Eval  | Step: 58500  |  loss : 0.4172 | accuracy : 0.7957 | eval_s : 0.2943  ]
[2026-08-17 08:03:57,142][__main__][INFO] - [RANK 0] [ Train | Step: 59000  |  loss : 0.4137 | accuracy : 0.8012 | opt_sps : 76.3595  ]
[2026-08-17 08:03:57,439][__main__][INFO] - [RANK 0] [ Eval  | Step: 59000  |  loss : 0.4183 | accuracy : 0.7982 | eval_s : 0.2960  ]
[2026-08-17 08:04:04,123][__main__][INFO] - [RANK 0] [ Train | Step: 59500  |  loss : 0.4108 | accuracy : 0.8018 | opt_sps : 76.3463  ]
[2026-08-17 08:04:04,423][__main__][INFO] - [RANK 0] [ Eval  | Step: 59500  |  loss : 0.4235 | accuracy : 0.7943 | eval_s : 0.2994  ]
[2026-08-17 08:04:11,076][__main__][INFO] - [RANK 0] [ Train | Step: 60000  |  loss : 0.4108 | accuracy : 0.8029 | opt_sps : 76.3362  ]
[2026-08-17 08:04:11,372][__main__][INFO] - [RANK 0] [ Eval  | Step: 60000  |  loss : 0.4152 | accuracy : 0.7981 | eval_s : 0.2956  ]
[2026-08-17 08:04:17,961][__main__][INFO] - [RANK 0] [ Train | Step: 60500  |  loss : 0.4116 | accuracy : 0.8011 | opt_sps : 76.3325  ]
[2026-08-17 08:04:18,258][__main__][INFO] - [RANK 0] [ Eval  | Step: 60500  |  loss : 0.4175 | accuracy : 0.7983 | eval_s : 0.2960  ]
[2026-08-17 08:04:24,867][__main__][INFO] - [RANK 0] [ Train | Step: 61000  |  loss : 0.4116 | accuracy : 0.8014 | opt_sps : 76.3269  ]
[2026-08-17 08:04:25,167][__main__][INFO] - [RANK 0] [ Eval  | Step: 61000  |  loss : 0.4141 | accuracy : 0.7981 | eval_s : 0.2990  ]
[2026-08-17 08:04:31,626][__main__][INFO] - [RANK 0] [ Train | Step: 61500  |  loss : 0.4078 | accuracy : 0.8047 | opt_sps : 76.3357  ]
[2026-08-17 08:04:31,925][__main__][INFO] - [RANK 0] [ Eval  | Step: 61500  |  loss : 0.4156 | accuracy : 0.7970 | eval_s : 0.2980  ]
[2026-08-17 08:04:38,438][__main__][INFO] - [RANK 0] [ Train | Step: 62000  |  loss : 0.4089 | accuracy : 0.8029 | opt_sps : 76.3392  ]
[2026-08-17 08:04:38,735][__main__][INFO] - [RANK 0] [ Eval  | Step: 62000  |  loss : 0.4165 | accuracy : 0.7975 | eval_s : 0.2958  ]
[2026-08-17 08:04:45,479][__main__][INFO] - [RANK 0] [ Train | Step: 62500  |  loss : 0.4086 | accuracy : 0.8027 | opt_sps : 76.3211  ]
[2026-08-17 08:04:45,776][__main__][INFO] - [RANK 0] [ Eval  | Step: 62500  |  loss : 0.4150 | accuracy : 0.7982 | eval_s : 0.2961  ]
[2026-08-17 08:04:52,349][__main__][INFO] - [RANK 0] [ Train | Step: 63000  |  loss : 0.4081 | accuracy : 0.8033 | opt_sps : 76.3190  ]
[2026-08-17 08:04:52,646][__main__][INFO] - [RANK 0] [ Eval  | Step: 63000  |  loss : 0.4153 | accuracy : 0.7961 | eval_s : 0.2960  ]
[2026-08-17 08:04:59,224][__main__][INFO] - [RANK 0] [ Train | Step: 63500  |  loss : 0.4029 | accuracy : 0.8063 | opt_sps : 76.3166  ]
[2026-08-17 08:04:59,521][__main__][INFO] - [RANK 0] [ Eval  | Step: 63500  |  loss : 0.4116 | accuracy : 0.7994 | eval_s : 0.2957  ]
[2026-08-17 08:05:06,176][__main__][INFO] - [RANK 0] [ Train | Step: 64000  |  loss : 0.4060 | accuracy : 0.8052 | opt_sps : 76.3072  ]
[2026-08-17 08:05:06,480][__main__][INFO] - [RANK 0] [ Eval  | Step: 64000  |  loss : 0.4105 | accuracy : 0.8000 | eval_s : 0.3028  ]
[2026-08-17 08:05:13,164][__main__][INFO] - [RANK 0] [ Train | Step: 64500  |  loss : 0.4034 | accuracy : 0.8060 | opt_sps : 76.2954  ]
[2026-08-17 08:05:13,460][__main__][INFO] - [RANK 0] [ Eval  | Step: 64500  |  loss : 0.4103 | accuracy : 0.8006 | eval_s : 0.2947  ]
[2026-08-17 08:05:20,009][__main__][INFO] - [RANK 0] [ Train | Step: 65000  |  loss : 0.4055 | accuracy : 0.8039 | opt_sps : 76.2959  ]
[2026-08-17 08:05:20,306][__main__][INFO] - [RANK 0] [ Eval  | Step: 65000  |  loss : 0.4114 | accuracy : 0.7995 | eval_s : 0.2961  ]
[2026-08-17 08:05:26,777][__main__][INFO] - [RANK 0] [ Train | Step: 65500  |  loss : 0.4045 | accuracy : 0.8052 | opt_sps : 76.3032  ]
[2026-08-17 08:05:27,076][__main__][INFO] - [RANK 0] [ Eval  | Step: 65500  |  loss : 0.4094 | accuracy : 0.7991 | eval_s : 0.2984  ]
[2026-08-17 08:05:33,515][__main__][INFO] - [RANK 0] [ Train | Step: 66000  |  loss : 0.4048 | accuracy : 0.8049 | opt_sps : 76.3133  ]
[2026-08-17 08:05:33,811][__main__][INFO] - [RANK 0] [ Eval  | Step: 66000  |  loss : 0.4095 | accuracy : 0.8014 | eval_s : 0.2956  ]
[2026-08-17 08:05:40,310][__main__][INFO] - [RANK 0] [ Train | Step: 66500  |  loss : 0.4035 | accuracy : 0.8062 | opt_sps : 76.3180  ]
[2026-08-17 08:05:40,605][__main__][INFO] - [RANK 0] [ Eval  | Step: 66500  |  loss : 0.4164 | accuracy : 0.7967 | eval_s : 0.2949  ]
[2026-08-17 08:05:47,146][__main__][INFO] - [RANK 0] [ Train | Step: 67000  |  loss : 0.4012 | accuracy : 0.8063 | opt_sps : 76.3190  ]
[2026-08-17 08:05:47,442][__main__][INFO] - [RANK 0] [ Eval  | Step: 67000  |  loss : 0.4079 | accuracy : 0.8014 | eval_s : 0.2953  ]
[2026-08-17 08:05:54,009][__main__][INFO] - [RANK 0] [ Train | Step: 67500  |  loss : 0.4028 | accuracy : 0.8068 | opt_sps : 76.3177  ]
[2026-08-17 08:05:54,306][__main__][INFO] - [RANK 0] [ Eval  | Step: 67500  |  loss : 0.4119 | accuracy : 0.8028 | eval_s : 0.2954  ]
[2026-08-17 08:06:00,819][__main__][INFO] - [RANK 0] [ Train | Step: 68000  |  loss : 0.3978 | accuracy : 0.8078 | opt_sps : 76.3209  ]
[2026-08-17 08:06:01,116][__main__][INFO] - [RANK 0] [ Eval  | Step: 68000  |  loss : 0.4078 | accuracy : 0.8016 | eval_s : 0.2964  ]
[2026-08-17 08:06:07,623][__main__][INFO] - [RANK 0] [ Train | Step: 68500  |  loss : 0.3979 | accuracy : 0.8089 | opt_sps : 76.3248  ]
[2026-08-17 08:06:07,920][__main__][INFO] - [RANK 0] [ Eval  | Step: 68500  |  loss : 0.4063 | accuracy : 0.8025 | eval_s : 0.2956  ]
[2026-08-17 08:06:14,575][__main__][INFO] - [RANK 0] [ Train | Step: 69000  |  loss : 0.3991 | accuracy : 0.8086 | opt_sps : 76.3161  ]
[2026-08-17 08:06:14,877][__main__][INFO] - [RANK 0] [ Eval  | Step: 69000  |  loss : 0.4047 | accuracy : 0.8025 | eval_s : 0.3010  ]
[2026-08-17 08:06:21,320][__main__][INFO] - [RANK 0] [ Train | Step: 69500  |  loss : 0.4019 | accuracy : 0.8062 | opt_sps : 76.3253  ]
[2026-08-17 08:06:21,616][__main__][INFO] - [RANK 0] [ Eval  | Step: 69500  |  loss : 0.4051 | accuracy : 0.8024 | eval_s : 0.2956  ]
[2026-08-17 08:06:28,109][__main__][INFO] - [RANK 0] [ Train | Step: 70000  |  loss : 0.3993 | accuracy : 0.8076 | opt_sps : 76.3301  ]
[2026-08-17 08:06:28,406][__main__][INFO] - [RANK 0] [ Eval  | Step: 70000  |  loss : 0.4053 | accuracy : 0.8033 | eval_s : 0.2962  ]
[2026-08-17 08:06:34,889][__main__][INFO] - [RANK 0] [ Train | Step: 70500  |  loss : 0.3972 | accuracy : 0.8101 | opt_sps : 76.3357  ]
[2026-08-17 08:06:35,184][__main__][INFO] - [RANK 0] [ Eval  | Step: 70500  |  loss : 0.4050 | accuracy : 0.8019 | eval_s : 0.2942  ]
[2026-08-17 08:06:41,684][__main__][INFO] - [RANK 0] [ Train | Step: 71000  |  loss : 0.3966 | accuracy : 0.8095 | opt_sps : 76.3398  ]
[2026-08-17 08:06:41,981][__main__][INFO] - [RANK 0] [ Eval  | Step: 71000  |  loss : 0.4044 | accuracy : 0.8039 | eval_s : 0.2955  ]
[2026-08-17 08:06:48,672][__main__][INFO] - [RANK 0] [ Train | Step: 71500  |  loss : 0.3976 | accuracy : 0.8074 | opt_sps : 76.3283  ]
[2026-08-17 08:06:48,968][__main__][INFO] - [RANK 0] [ Eval  | Step: 71500  |  loss : 0.4037 | accuracy : 0.8034 | eval_s : 0.2951  ]
[2026-08-17 08:06:55,482][__main__][INFO] - [RANK 0] [ Train | Step: 72000  |  loss : 0.3983 | accuracy : 0.8087 | opt_sps : 76.3313  ]
[2026-08-17 08:06:55,777][__main__][INFO] - [RANK 0] [ Eval  | Step: 72000  |  loss : 0.4033 | accuracy : 0.8025 | eval_s : 0.2943  ]
[2026-08-17 08:07:02,267][__main__][INFO] - [RANK 0] [ Train | Step: 72500  |  loss : 0.3954 | accuracy : 0.8102 | opt_sps : 76.3363  ]
[2026-08-17 08:07:02,562][__main__][INFO] - [RANK 0] [ Eval  | Step: 72500  |  loss : 0.4067 | accuracy : 0.8030 | eval_s : 0.2941  ]
[2026-08-17 08:07:08,967][__main__][INFO] - [RANK 0] [ Train | Step: 73000  |  loss : 0.3936 | accuracy : 0.8114 | opt_sps : 76.3478  ]
[2026-08-17 08:07:09,265][__main__][INFO] - [RANK 0] [ Eval  | Step: 73000  |  loss : 0.4043 | accuracy : 0.8041 | eval_s : 0.2966  ]
[2026-08-17 08:07:15,728][__main__][INFO] - [RANK 0] [ Train | Step: 73500  |  loss : 0.3953 | accuracy : 0.8096 | opt_sps : 76.3546  ]
[2026-08-17 08:07:16,023][__main__][INFO] - [RANK 0] [ Eval  | Step: 73500  |  loss : 0.4043 | accuracy : 0.8036 | eval_s : 0.2943  ]
[2026-08-17 08:07:22,555][__main__][INFO] - [RANK 0] [ Train | Step: 74000  |  loss : 0.3949 | accuracy : 0.8110 | opt_sps : 76.3559  ]
[2026-08-17 08:07:22,850][__main__][INFO] - [RANK 0] [ Eval  | Step: 74000  |  loss : 0.4028 | accuracy : 0.8044 | eval_s : 0.2939  ]
[2026-08-17 08:07:29,277][__main__][INFO] - [RANK 0] [ Train | Step: 74500  |  loss : 0.3947 | accuracy : 0.8094 | opt_sps : 76.3655  ]
[2026-08-17 08:07:29,572][__main__][INFO] - [RANK 0] [ Eval  | Step: 74500  |  loss : 0.4029 | accuracy : 0.8027 | eval_s : 0.2941  ]
[2026-08-17 08:07:36,038][__main__][INFO] - [RANK 0] [ Train | Step: 75000  |  loss : 0.3916 | accuracy : 0.8127 | opt_sps : 76.3718  ]
[2026-08-17 08:07:36,333][__main__][INFO] - [RANK 0] [ Eval  | Step: 75000  |  loss : 0.4037 | accuracy : 0.8054 | eval_s : 0.2940  ]
[2026-08-17 08:07:42,740][__main__][INFO] - [RANK 0] [ Train | Step: 75500  |  loss : 0.3918 | accuracy : 0.8123 | opt_sps : 76.3826  ]
[2026-08-17 08:07:43,035][__main__][INFO] - [RANK 0] [ Eval  | Step: 75500  |  loss : 0.4023 | accuracy : 0.8023 | eval_s : 0.2945  ]
[2026-08-17 08:07:49,475][__main__][INFO] - [RANK 0] [ Train | Step: 76000  |  loss : 0.3910 | accuracy : 0.8114 | opt_sps : 76.3908  ]
[2026-08-17 08:07:49,771][__main__][INFO] - [RANK 0] [ Eval  | Step: 76000  |  loss : 0.4019 | accuracy : 0.8054 | eval_s : 0.2946  ]
[2026-08-17 08:07:56,160][__main__][INFO] - [RANK 0] [ Train | Step: 76500  |  loss : 0.3899 | accuracy : 0.8137 | opt_sps : 76.4028  ]
[2026-08-17 08:07:56,457][__main__][INFO] - [RANK 0] [ Eval  | Step: 76500  |  loss : 0.4032 | accuracy : 0.8050 | eval_s : 0.2958  ]
[2026-08-17 08:08:02,864][__main__][INFO] - [RANK 0] [ Train | Step: 77000  |  loss : 0.3912 | accuracy : 0.8121 | opt_sps : 76.4132  ]
[2026-08-17 08:08:03,160][__main__][INFO] - [RANK 0] [ Eval  | Step: 77000  |  loss : 0.3996 | accuracy : 0.8068 | eval_s : 0.2952  ]
[2026-08-17 08:08:09,588][__main__][INFO] - [RANK 0] [ Train | Step: 77500  |  loss : 0.3902 | accuracy : 0.8130 | opt_sps : 76.4219  ]
[2026-08-17 08:08:09,883][__main__][INFO] - [RANK 0] [ Eval  | Step: 77500  |  loss : 0.4003 | accuracy : 0.8044 | eval_s : 0.2945  ]
[2026-08-17 08:08:16,354][__main__][INFO] - [RANK 0] [ Train | Step: 78000  |  loss : 0.3898 | accuracy : 0.8127 | opt_sps : 76.4273  ]
[2026-08-17 08:08:16,649][__main__][INFO] - [RANK 0] [ Eval  | Step: 78000  |  loss : 0.3983 | accuracy : 0.8053 | eval_s : 0.2943  ]
[2026-08-17 08:08:23,277][__main__][INFO] - [RANK 0] [ Train | Step: 78500  |  loss : 0.3921 | accuracy : 0.8121 | opt_sps : 76.4210  ]
[2026-08-17 08:08:23,574][__main__][INFO] - [RANK 0] [ Eval  | Step: 78500  |  loss : 0.3989 | accuracy : 0.8066 | eval_s : 0.2960  ]
[2026-08-17 08:08:30,091][__main__][INFO] - [RANK 0] [ Train | Step: 79000  |  loss : 0.3911 | accuracy : 0.8125 | opt_sps : 76.4229  ]
[2026-08-17 08:08:30,387][__main__][INFO] - [RANK 0] [ Eval  | Step: 79000  |  loss : 0.3997 | accuracy : 0.8061 | eval_s : 0.2945  ]
[2026-08-17 08:08:36,814][__main__][INFO] - [RANK 0] [ Train | Step: 79500  |  loss : 0.3894 | accuracy : 0.8134 | opt_sps : 76.4313  ]
[2026-08-17 08:08:37,110][__main__][INFO] - [RANK 0] [ Eval  | Step: 79500  |  loss : 0.3980 | accuracy : 0.8073 | eval_s : 0.2944  ]
[2026-08-17 08:08:43,581][__main__][INFO] - [RANK 0] [ Train | Step: 80000  |  loss : 0.3927 | accuracy : 0.8109 | opt_sps : 76.4365  ]
[2026-08-17 08:08:43,880][__main__][INFO] - [RANK 0] [ Eval  | Step: 80000  |  loss : 0.3997 | accuracy : 0.8048 | eval_s : 0.2976  ]
[2026-08-17 08:08:50,421][__main__][INFO] - [RANK 0] [ Train | Step: 80500  |  loss : 0.3886 | accuracy : 0.8143 | opt_sps : 76.4366  ]
[2026-08-17 08:08:50,722][__main__][INFO] - [RANK 0] [ Eval  | Step: 80500  |  loss : 0.3982 | accuracy : 0.8072 | eval_s : 0.3003  ]
[2026-08-17 08:08:57,310][__main__][INFO] - [RANK 0] [ Train | Step: 81000  |  loss : 0.3884 | accuracy : 0.8133 | opt_sps : 76.4332  ]
[2026-08-17 08:08:57,607][__main__][INFO] - [RANK 0] [ Eval  | Step: 81000  |  loss : 0.3972 | accuracy : 0.8066 | eval_s : 0.2960  ]
[2026-08-17 08:09:04,183][__main__][INFO] - [RANK 0] [ Train | Step: 81500  |  loss : 0.3865 | accuracy : 0.8144 | opt_sps : 76.4308  ]
[2026-08-17 08:09:04,478][__main__][INFO] - [RANK 0] [ Eval  | Step: 81500  |  loss : 0.3985 | accuracy : 0.8070 | eval_s : 0.2943  ]
[2026-08-17 08:09:11,003][__main__][INFO] - [RANK 0] [ Train | Step: 82000  |  loss : 0.3890 | accuracy : 0.8126 | opt_sps : 76.4320  ]
[2026-08-17 08:09:11,300][__main__][INFO] - [RANK 0] [ Eval  | Step: 82000  |  loss : 0.3992 | accuracy : 0.8067 | eval_s : 0.2960  ]
[2026-08-17 08:09:17,872][__main__][INFO] - [RANK 0] [ Train | Step: 82500  |  loss : 0.3885 | accuracy : 0.8140 | opt_sps : 76.4299  ]
[2026-08-17 08:09:18,169][__main__][INFO] - [RANK 0] [ Eval  | Step: 82500  |  loss : 0.3968 | accuracy : 0.8073 | eval_s : 0.2963  ]
[2026-08-17 08:09:24,871][__main__][INFO] - [RANK 0] [ Train | Step: 83000  |  loss : 0.3880 | accuracy : 0.8132 | opt_sps : 76.4187  ]
[2026-08-17 08:09:25,167][__main__][INFO] - [RANK 0] [ Eval  | Step: 83000  |  loss : 0.3964 | accuracy : 0.8064 | eval_s : 0.2951  ]
[2026-08-17 08:09:31,829][__main__][INFO] - [RANK 0] [ Train | Step: 83500  |  loss : 0.3884 | accuracy : 0.8148 | opt_sps : 76.4104  ]
[2026-08-17 08:09:32,125][__main__][INFO] - [RANK 0] [ Eval  | Step: 83500  |  loss : 0.3960 | accuracy : 0.8068 | eval_s : 0.2952  ]
[2026-08-17 08:09:38,632][__main__][INFO] - [RANK 0] [ Train | Step: 84000  |  loss : 0.3893 | accuracy : 0.8130 | opt_sps : 76.4130  ]
[2026-08-17 08:09:38,930][__main__][INFO] - [RANK 0] [ Eval  | Step: 84000  |  loss : 0.3962 | accuracy : 0.8073 | eval_s : 0.2970  ]
[2026-08-17 08:09:45,416][__main__][INFO] - [RANK 0] [ Train | Step: 84500  |  loss : 0.3838 | accuracy : 0.8163 | opt_sps : 76.4169  ]
[2026-08-17 08:09:45,715][__main__][INFO] - [RANK 0] [ Eval  | Step: 84500  |  loss : 0.3966 | accuracy : 0.8074 | eval_s : 0.2979  ]
[2026-08-17 08:09:52,222][__main__][INFO] - [RANK 0] [ Train | Step: 85000  |  loss : 0.3889 | accuracy : 0.8137 | opt_sps : 76.4194  ]
[2026-08-17 08:09:52,518][__main__][INFO] - [RANK 0] [ Eval  | Step: 85000  |  loss : 0.3960 | accuracy : 0.8086 | eval_s : 0.2950  ]
[2026-08-17 08:09:59,074][__main__][INFO] - [RANK 0] [ Train | Step: 85500  |  loss : 0.3858 | accuracy : 0.8150 | opt_sps : 76.4185  ]
[2026-08-17 08:09:59,372][__main__][INFO] - [RANK 0] [ Eval  | Step: 85500  |  loss : 0.3965 | accuracy : 0.8086 | eval_s : 0.2965  ]
[2026-08-17 08:10:05,965][__main__][INFO] - [RANK 0] [ Train | Step: 86000  |  loss : 0.3856 | accuracy : 0.8151 | opt_sps : 76.4151  ]
[2026-08-17 08:10:06,262][__main__][INFO] - [RANK 0] [ Eval  | Step: 86000  |  loss : 0.3963 | accuracy : 0.8078 | eval_s : 0.2960  ]
[2026-08-17 08:10:12,759][__main__][INFO] - [RANK 0] [ Train | Step: 86500  |  loss : 0.3852 | accuracy : 0.8157 | opt_sps : 76.4182  ]
[2026-08-17 08:10:13,055][__main__][INFO] - [RANK 0] [ Eval  | Step: 86500  |  loss : 0.3951 | accuracy : 0.8076 | eval_s : 0.2954  ]
[2026-08-17 08:10:19,653][__main__][INFO] - [RANK 0] [ Train | Step: 87000  |  loss : 0.3848 | accuracy : 0.8160 | opt_sps : 76.4146  ]
[2026-08-17 08:10:19,949][__main__][INFO] - [RANK 0] [ Eval  | Step: 87000  |  loss : 0.3953 | accuracy : 0.8076 | eval_s : 0.2948  ]
[2026-08-17 08:10:26,525][__main__][INFO] - [RANK 0] [ Train | Step: 87500  |  loss : 0.3870 | accuracy : 0.8141 | opt_sps : 76.4124  ]
[2026-08-17 08:10:26,821][__main__][INFO] - [RANK 0] [ Eval  | Step: 87500  |  loss : 0.3958 | accuracy : 0.8063 | eval_s : 0.2944  ]
[2026-08-17 08:10:33,516][__main__][INFO] - [RANK 0] [ Train | Step: 88000  |  loss : 0.3867 | accuracy : 0.8152 | opt_sps : 76.4023  ]
[2026-08-17 08:10:33,820][__main__][INFO] - [RANK 0] [ Eval  | Step: 88000  |  loss : 0.3952 | accuracy : 0.8080 | eval_s : 0.3033  ]
[2026-08-17 08:10:40,286][__main__][INFO] - [RANK 0] [ Train | Step: 88500  |  loss : 0.3843 | accuracy : 0.8169 | opt_sps : 76.4075  ]
[2026-08-17 08:10:40,587][__main__][INFO] - [RANK 0] [ Eval  | Step: 88500  |  loss : 0.3957 | accuracy : 0.8068 | eval_s : 0.2998  ]
[2026-08-17 08:10:47,110][__main__][INFO] - [RANK 0] [ Train | Step: 89000  |  loss : 0.3825 | accuracy : 0.8167 | opt_sps : 76.4088  ]
[2026-08-17 08:10:47,406][__main__][INFO] - [RANK 0] [ Eval  | Step: 89000  |  loss : 0.3946 | accuracy : 0.8082 | eval_s : 0.2949  ]
[2026-08-17 08:10:53,949][__main__][INFO] - [RANK 0] [ Train | Step: 89500  |  loss : 0.3847 | accuracy : 0.8145 | opt_sps : 76.4089  ]
[2026-08-17 08:10:54,247][__main__][INFO] - [RANK 0] [ Eval  | Step: 89500  |  loss : 0.3944 | accuracy : 0.8079 | eval_s : 0.2973  ]
[2026-08-17 08:11:00,838][__main__][INFO] - [RANK 0] [ Train | Step: 90000  |  loss : 0.3823 | accuracy : 0.8171 | opt_sps : 76.4060  ]
[2026-08-17 08:11:01,133][__main__][INFO] - [RANK 0] [ Eval  | Step: 90000  |  loss : 0.3939 | accuracy : 0.8089 | eval_s : 0.2946  ]
[2026-08-17 08:11:07,673][__main__][INFO] - [RANK 0] [ Train | Step: 90500  |  loss : 0.3841 | accuracy : 0.8171 | opt_sps : 76.4063  ]
[2026-08-17 08:11:07,969][__main__][INFO] - [RANK 0] [ Eval  | Step: 90500  |  loss : 0.3950 | accuracy : 0.8075 | eval_s : 0.2953  ]
[2026-08-17 08:11:14,480][__main__][INFO] - [RANK 0] [ Train | Step: 91000  |  loss : 0.3864 | accuracy : 0.8152 | opt_sps : 76.4084  ]
[2026-08-17 08:11:14,775][__main__][INFO] - [RANK 0] [ Eval  | Step: 91000  |  loss : 0.3940 | accuracy : 0.8085 | eval_s : 0.2944  ]
[2026-08-17 08:11:21,208][__main__][INFO] - [RANK 0] [ Train | Step: 91500  |  loss : 0.3878 | accuracy : 0.8159 | opt_sps : 76.4155  ]
[2026-08-17 08:11:21,511][__main__][INFO] - [RANK 0] [ Eval  | Step: 91500  |  loss : 0.3945 | accuracy : 0.8084 | eval_s : 0.3013  ]
[2026-08-17 08:11:28,004][__main__][INFO] - [RANK 0] [ Train | Step: 92000  |  loss : 0.3855 | accuracy : 0.8151 | opt_sps : 76.4186  ]
[2026-08-17 08:11:28,302][__main__][INFO] - [RANK 0] [ Eval  | Step: 92000  |  loss : 0.3949 | accuracy : 0.8089 | eval_s : 0.2971  ]
[2026-08-17 08:11:34,886][__main__][INFO] - [RANK 0] [ Train | Step: 92500  |  loss : 0.3843 | accuracy : 0.8154 | opt_sps : 76.4161  ]
[2026-08-17 08:11:35,181][__main__][INFO] - [RANK 0] [ Eval  | Step: 92500  |  loss : 0.3939 | accuracy : 0.8083 | eval_s : 0.2947  ]
[2026-08-17 08:11:41,802][__main__][INFO] - [RANK 0] [ Train | Step: 93000  |  loss : 0.3845 | accuracy : 0.8163 | opt_sps : 76.4112  ]
[2026-08-17 08:11:42,098][__main__][INFO] - [RANK 0] [ Eval  | Step: 93000  |  loss : 0.3937 | accuracy : 0.8078 | eval_s : 0.2950  ]
[2026-08-17 08:11:48,614][__main__][INFO] - [RANK 0] [ Train | Step: 93500  |  loss : 0.3855 | accuracy : 0.8143 | opt_sps : 76.4130  ]
[2026-08-17 08:11:48,910][__main__][INFO] - [RANK 0] [ Eval  | Step: 93500  |  loss : 0.3945 | accuracy : 0.8069 | eval_s : 0.2943  ]
[2026-08-17 08:11:55,407][__main__][INFO] - [RANK 0] [ Train | Step: 94000  |  loss : 0.3850 | accuracy : 0.8148 | opt_sps : 76.4159  ]
[2026-08-17 08:11:55,703][__main__][INFO] - [RANK 0] [ Eval  | Step: 94000  |  loss : 0.3938 | accuracy : 0.8090 | eval_s : 0.2950  ]
[2026-08-17 08:12:02,249][__main__][INFO] - [RANK 0] [ Train | Step: 94500  |  loss : 0.3848 | accuracy : 0.8165 | opt_sps : 76.4157  ]
[2026-08-17 08:12:02,545][__main__][INFO] - [RANK 0] [ Eval  | Step: 94500  |  loss : 0.3940 | accuracy : 0.8087 | eval_s : 0.2945  ]
[2026-08-17 08:12:09,052][__main__][INFO] - [RANK 0] [ Train | Step: 95000  |  loss : 0.3823 | accuracy : 0.8172 | opt_sps : 76.4179  ]
[2026-08-17 08:12:09,348][__main__][INFO] - [RANK 0] [ Eval  | Step: 95000  |  loss : 0.3936 | accuracy : 0.8083 | eval_s : 0.2955  ]
[2026-08-17 08:12:15,925][__main__][INFO] - [RANK 0] [ Train | Step: 95500  |  loss : 0.3834 | accuracy : 0.8159 | opt_sps : 76.4158  ]
[2026-08-17 08:12:16,225][__main__][INFO] - [RANK 0] [ Eval  | Step: 95500  |  loss : 0.3940 | accuracy : 0.8085 | eval_s : 0.2987  ]
[2026-08-17 08:12:22,763][__main__][INFO] - [RANK 0] [ Train | Step: 96000  |  loss : 0.3828 | accuracy : 0.8170 | opt_sps : 76.4161  ]
[2026-08-17 08:12:23,062][__main__][INFO] - [RANK 0] [ Eval  | Step: 96000  |  loss : 0.3941 | accuracy : 0.8076 | eval_s : 0.2977  ]
[2026-08-17 08:12:29,623][__main__][INFO] - [RANK 0] [ Train | Step: 96500  |  loss : 0.3821 | accuracy : 0.8183 | opt_sps : 76.4150  ]
[2026-08-17 08:12:29,920][__main__][INFO] - [RANK 0] [ Eval  | Step: 96500  |  loss : 0.3942 | accuracy : 0.8088 | eval_s : 0.2957  ]
[2026-08-17 08:12:36,455][__main__][INFO] - [RANK 0] [ Train | Step: 97000  |  loss : 0.3835 | accuracy : 0.8162 | opt_sps : 76.4155  ]
[2026-08-17 08:12:36,755][__main__][INFO] - [RANK 0] [ Eval  | Step: 97000  |  loss : 0.3945 | accuracy : 0.8082 | eval_s : 0.2994  ]
[2026-08-17 08:12:43,462][__main__][INFO] - [RANK 0] [ Train | Step: 97500  |  loss : 0.3829 | accuracy : 0.8162 | opt_sps : 76.4057  ]
[2026-08-17 08:12:43,757][__main__][INFO] - [RANK 0] [ Eval  | Step: 97500  |  loss : 0.3943 | accuracy : 0.8079 | eval_s : 0.2943  ]
[2026-08-17 08:12:50,272][__main__][INFO] - [RANK 0] [ Train | Step: 98000  |  loss : 0.3827 | accuracy : 0.8175 | opt_sps : 76.4075  ]
[2026-08-17 08:12:50,567][__main__][INFO] - [RANK 0] [ Eval  | Step: 98000  |  loss : 0.3939 | accuracy : 0.8078 | eval_s : 0.2948  ]
[2026-08-17 08:12:57,136][__main__][INFO] - [RANK 0] [ Train | Step: 98500  |  loss : 0.3839 | accuracy : 0.8165 | opt_sps : 76.4060  ]
[2026-08-17 08:12:57,432][__main__][INFO] - [RANK 0] [ Eval  | Step: 98500  |  loss : 0.3935 | accuracy : 0.8087 | eval_s : 0.2957  ]
[2026-08-17 08:13:04,088][__main__][INFO] - [RANK 0] [ Train | Step: 99000  |  loss : 0.3791 | accuracy : 0.8186 | opt_sps : 76.3995  ]
[2026-08-17 08:13:04,384][__main__][INFO] - [RANK 0] [ Eval  | Step: 99000  |  loss : 0.3939 | accuracy : 0.8078 | eval_s : 0.2956  ]
[2026-08-17 08:13:10,927][__main__][INFO] - [RANK 0] [ Train | Step: 99500  |  loss : 0.3873 | accuracy : 0.8136 | opt_sps : 76.3996  ]
[2026-08-17 08:13:11,225][__main__][INFO] - [RANK 0] [ Eval  | Step: 99500  |  loss : 0.3942 | accuracy : 0.8083 | eval_s : 0.2970  ]
[2026-08-17 08:13:17,702][__main__][INFO] - [RANK 0] [ Train | Step: 100000 |  loss : 0.3825 | accuracy : 0.8181 | opt_sps : 76.4035  ]
[2026-08-17 08:13:18,001][__main__][INFO] - [RANK 0] [ Eval  | Step: 100000 |  loss : 0.3938 | accuracy : 0.8082 | eval_s : 0.2979  ]
[2026-08-17 08:13:18,002][__main__][INFO] - [RANK 0] loading best model
[2026-08-17 08:13:18,004][__main__][INFO] - [RANK 0] [Eval  | Summary |  best_loss : 0.3935 | best_step : 98500.0000 ]
[2026-08-17 08:13:18,303][__main__][INFO] - [RANK 0] [Test  | Summary |  model/phase_R : 0.9574 | model/gate_offdiag : 0.9329 | model/vote_agreement : 0.7274 | model/evidence_ratio : 83.8997 | loss/cross_entropy : 0.3884 | loss/loss : 0.3884 | callbacks/accuracy : 0.8164 | callbacks/non_relational_accuracy : 0.9995 | callbacks/binary_accuracy : 0.8411 | callbacks/ternary_accuracy : 0.6085 | callbacks/query_shape_accuracy : 1.0000 | callbacks/left_of_centre_accuracy : 1.0000 | callbacks/top_half_accuracy : 0.9985 | callbacks/closest_shape_accuracy : 0.7703 | callbacks/furthest_shape_accuracy : 0.7576 | callbacks/count_same_shape_accuracy : 0.9988 | callbacks/count_in_box_accuracy : 0.7297 | callbacks/on_band_accuracy : 0.6541 | callbacks/count_obtuse_accuracy : 0.4388 | timing/eval_s : 0.2980 ]
wandb: updating run metadata
wandb: uploading config.yaml
wandb: 
wandb: Run history:
wandb:                  eval_callbacks/accuracy ▁▃▅▅▅▅▅▆▆▆▆▆▇▇▇▇▇▇▇▇████████████████████
wandb:           eval_callbacks/binary_accuracy ▁▂▂▂▂▂▃▃▄▅▅▄▅▄▆▅▆▆▆▇▇▇▇▆▇▇██████████████
wandb:    eval_callbacks/closest_shape_accuracy ▁▁▅▃▅▆▆▅▆▅▇▆▅▆▆▇▇▇▇▇▇███████████████████
wandb:     eval_callbacks/count_in_box_accuracy ▁▁▁▁▁▁▁▁▁▁▁▁▁▁▁▁▁▁▁▁▁▂▂▃▃▄▅▆▇▆▇▇▇██▇▇██▇
wandb:     eval_callbacks/count_obtuse_accuracy ▂▂▂▂▂▂▂▁▃▂▁▃▂▂▂▂▂▂▁▄▁▃▃▅▄▆▆▆▇▅▆▇▇▆▇▇▇▇█▆
wandb: eval_callbacks/count_same_shape_accuracy ▁▁▁▁▁▁▁▁▁▁▁▁▃▃▃▅▅▅▃▆▆▇▇▇▇███████████████
wandb:   eval_callbacks/furthest_shape_accuracy ▁▁▅▄▅▅▆▆▆▆▆▆▆▆▆▆▆▆▆▆▆▇▆▇▇▇▇▇▇▇▇█████████
wandb:   eval_callbacks/left_of_centre_accuracy ▁▄▇▇█████▇██████████████████████████████
wandb:   eval_callbacks/non_relational_accuracy ▁▃▇▇▇███████████████████████████████████
wandb:          eval_callbacks/on_band_accuracy ▁▂▂▂▂▂▂▁▁▃▃▃▃▃▃▅▆▆▇▆▇▇▇▇▇▇██▇▇▇█████████
wandb:                                      +32 ...
wandb: 
wandb: Run summary:
wandb:                           eval/best_loss 0.39346
wandb:                           eval/best_step 98500
wandb:                  eval_callbacks/accuracy 0.80817
wandb:           eval_callbacks/binary_accuracy 0.82979
wandb:    eval_callbacks/closest_shape_accuracy 0.75649
wandb:     eval_callbacks/count_in_box_accuracy 0.72288
wandb:     eval_callbacks/count_obtuse_accuracy 0.4176
wandb: eval_callbacks/count_same_shape_accuracy 0.99885
wandb:   eval_callbacks/furthest_shape_accuracy 0.73652
wandb:   eval_callbacks/left_of_centre_accuracy 0.99973
wandb:                                      +54 ...
wandb: 
wandb: 🚀 View run sort_of_clevr/syncnet::multirun::2026-08-17_07-27-27::1 at: https://wandb.ai/niks_priv/sort_of_clevr/runs/l3d2ua6i
wandb: ⭐️ View project at: https://wandb.ai/niks_priv/sort_of_clevr
wandb: Synced 5 W&B file(s), 0 media file(s), 0 artifact file(s) and 0 other file(s)
wandb: Find logs at: ./outputs/sort_of_clevr/multirun/2026-08-17_07-27-27/1/wandb/run-20260817_075029-l3d2ua6i/logs
[2026-08-17 08:13:19,810][HYDRA] 	#2 : model.module_dim=128 model.n_modules=4 model.partition=quadrant train.seed=2 task=sort_of_clevr experiment=sort_of_clevr/syncnet/scale
wandb: setting up run ei1vuec2
wandb: Tracking run with wandb version 0.27.2
wandb: Run data is saved locally in /home/nik/workspace/ImperialWork/msc_project/SyncNetProject/outputs/sort_of_clevr/multirun/2026-08-17_07-27-27/2/wandb/run-20260817_081320-ei1vuec2
wandb: Run `wandb offline` to turn off syncing.
wandb: Syncing run sort_of_clevr/syncnet::multirun::2026-08-17_07-27-27::2
wandb: ⭐️ View project at https://wandb.ai/niks_priv/sort_of_clevr
wandb: 🚀 View run at https://wandb.ai/niks_priv/sort_of_clevr/runs/ei1vuec2
[2026-08-17 08:13:21,959][__main__][INFO] - [RANK 0] Starting training
[2026-08-17 08:13:21,959][__main__][INFO] - [RANK 0] Model: SortOfClevrSyncNet
[2026-08-17 08:13:21,960][__main__][INFO] - [RANK 0] Parameters: total=332368
[2026-08-17 08:13:21,962][__main__][INFO] - [RANK 0] Config:
train:
  seed: 2
  n_steps: 100000
  train_bs: 256
  val_bs: 1024
  early_stop_metric: loss
  early_stop_big_is_better: false
  early_stop_patience: 1000000
  early_stop_min_delta: 0.0
  mixed_precision: bf16
  compile_model: false
  grad_accum: 1
  grad_clip: 1.0
  loader_mode: gpu_cached
  num_workers: 0
logging:
  eval_log_interval: 500
  train_log_interval: 500
  info_metrics:
  - loss
  - accuracy
  save_best: true
wandb:
  enabled: true
  project_name: sort_of_clevr
  entity: niks_priv
  tags: []
  run_name: null
optim:
  optimiser: adamw
  lr: 0.0003
  weight_decay: 0.01
  lr_scheduler: warmup_cosine
  lr_scheduler_params:
    warmup_steps: 2000
dataset:
  name: sort_of_clevr
  root: ./data
  dir: sort_of_clevr-seed1-train36000-test1000-img75-obj5-q10-t-1
  seed: 1
  train_size: 36000
  test_size: 1000
  img_size: 75
  obj_size: 5
  nb_questions: 10
  t_subtype: -1
model:
  name: sort_of_clevr_syncnet
  q_conditioning: film
  q_emb_dim: 32
  partition: quadrant
  use_pos_emb: true
  n_modules: 4
  module_dim: 128
  content_dim: 8
  query_hidden: 64
  beta_init: 5.0
  learn_beta: true
  use_module_embed: false
  embed_scale: 1.0
  gate_mode: phase
  T: 6
  dt: 0.1
  omega_init: 0.5
  learn_omega: true
  k_hidden: 64
  deterministic_phase: false
  msg_dim: 64
  msg_agg: mean
  readout_mode: sum
  hidden_dim: 128
  use_prior_head: true
  vote_sees_q: true
  encoder:
    name: patchify
    ch: 128
    patch_size: 5
    hidden: 64
callbacks:
- name: accuracy
- name: qtype_accuracy
- name: subtype_accuracy

[2026-08-17 08:13:21,962][__main__][INFO] - [RANK 0] Full model:
SortOfClevrSyncNet(
  (inner): VQASyncNet(
    (q_encoder): IdentityQuestionEncoder()
    (film_gamma): Linear(in_features=18, out_features=128, bias=True)
    (film_beta): Linear(in_features=18, out_features=128, bias=True)
    (encoders): ModuleList(
      (0): PatchifyEncoder(
        (patchify): Conv2d(3, 128, kernel_size=(5, 5), stride=(5, 5))
      )
    )
    (norms): ModuleList(
      (0): GroupNorm(8, 128, eps=1e-05, affine=True, bias=True)
    )
    (h_init): Sequential(
      (0): Linear(in_features=18, out_features=64, bias=True)
      (1): GELU(approximate='none')
      (2): Linear(in_features=64, out_features=512, bias=True)
    )
    (attn_query): Linear(in_features=128, out_features=128, bias=True)
    (msg_proj): Linear(in_features=128, out_features=64, bias=True)
    (cell): GRUCell(192, 128)
    (k_mlp): Sequential(
      (0): Linear(in_features=256, out_features=64, bias=True)
      (1): GELU(approximate='none')
      (2): Linear(in_features=64, out_features=1, bias=True)
      (3): Tanh()
    )
    (content_head): Linear(in_features=128, out_features=8, bias=True)
    (vote_heads): ModuleList(
      (0-3): 4 x Sequential(
        (0): Linear(in_features=154, out_features=128, bias=True)
        (1): GELU(approximate='none')
        (2): Linear(in_features=128, out_features=10, bias=True)
      )
    )
    (prior_head): Sequential(
      (0): Linear(in_features=18, out_features=128, bias=True)
      (1): GELU(approximate='none')
      (2): Linear(in_features=128, out_features=10, bias=True)
    )
  )
)
[2026-08-17 08:13:28,515][__main__][INFO] - [RANK 0] [ Train | Step: 500    |  loss : 1.5119 | accuracy : 0.3685 | opt_sps : 76.3200  ]
[2026-08-17 08:13:28,811][__main__][INFO] - [RANK 0] [ Eval  | Step: 500    |  loss : 0.8890 | accuracy : 0.4880 | eval_s : 0.2957  ]
[2026-08-17 08:13:35,353][__main__][INFO] - [RANK 0] [ Train | Step: 1000   |  loss : 0.8830 | accuracy : 0.4898 | opt_sps : 76.3798  ]
[2026-08-17 08:13:35,649][__main__][INFO] - [RANK 0] [ Eval  | Step: 1000   |  loss : 0.8784 | accuracy : 0.4981 | eval_s : 0.2953  ]
[2026-08-17 08:13:42,151][__main__][INFO] - [RANK 0] [ Train | Step: 1500   |  loss : 0.8493 | accuracy : 0.5279 | opt_sps : 76.5568  ]
[2026-08-17 08:13:42,452][__main__][INFO] - [RANK 0] [ Eval  | Step: 1500   |  loss : 0.7990 | accuracy : 0.5587 | eval_s : 0.3000  ]
[2026-08-17 08:13:49,026][__main__][INFO] - [RANK 0] [ Train | Step: 2000   |  loss : 0.7635 | accuracy : 0.5848 | opt_sps : 76.4345  ]
[2026-08-17 08:13:49,324][__main__][INFO] - [RANK 0] [ Eval  | Step: 2000   |  loss : 0.7412 | accuracy : 0.5959 | eval_s : 0.2970  ]
[2026-08-17 08:13:55,809][__main__][INFO] - [RANK 0] [ Train | Step: 2500   |  loss : 0.7345 | accuracy : 0.6076 | opt_sps : 76.5693  ]
[2026-08-17 08:13:56,104][__main__][INFO] - [RANK 0] [ Eval  | Step: 2500   |  loss : 0.7159 | accuracy : 0.6333 | eval_s : 0.2948  ]
[2026-08-17 08:14:02,621][__main__][INFO] - [RANK 0] [ Train | Step: 3000   |  loss : 0.7096 | accuracy : 0.6366 | opt_sps : 76.5958  ]
[2026-08-17 08:14:02,918][__main__][INFO] - [RANK 0] [ Eval  | Step: 3000   |  loss : 0.6928 | accuracy : 0.6546 | eval_s : 0.2954  ]
[2026-08-17 08:14:09,471][__main__][INFO] - [RANK 0] [ Train | Step: 3500   |  loss : 0.6943 | accuracy : 0.6503 | opt_sps : 76.5552  ]
[2026-08-17 08:14:09,767][__main__][INFO] - [RANK 0] [ Eval  | Step: 3500   |  loss : 0.6929 | accuracy : 0.6494 | eval_s : 0.2954  ]
[2026-08-17 08:14:16,342][__main__][INFO] - [RANK 0] [ Train | Step: 4000   |  loss : 0.6795 | accuracy : 0.6596 | opt_sps : 76.4910  ]
[2026-08-17 08:14:16,638][__main__][INFO] - [RANK 0] [ Eval  | Step: 4000   |  loss : 0.6738 | accuracy : 0.6643 | eval_s : 0.2950  ]
[2026-08-17 08:14:23,239][__main__][INFO] - [RANK 0] [ Train | Step: 4500   |  loss : 0.6757 | accuracy : 0.6633 | opt_sps : 76.4084  ]
[2026-08-17 08:14:23,535][__main__][INFO] - [RANK 0] [ Eval  | Step: 4500   |  loss : 0.6731 | accuracy : 0.6702 | eval_s : 0.2946  ]
[2026-08-17 08:14:30,068][__main__][INFO] - [RANK 0] [ Train | Step: 5000   |  loss : 0.6699 | accuracy : 0.6658 | opt_sps : 76.4219  ]
[2026-08-17 08:14:30,366][__main__][INFO] - [RANK 0] [ Eval  | Step: 5000   |  loss : 0.6735 | accuracy : 0.6624 | eval_s : 0.2977  ]
[2026-08-17 08:14:36,853][__main__][INFO] - [RANK 0] [ Train | Step: 5500   |  loss : 0.6651 | accuracy : 0.6698 | opt_sps : 76.4808  ]
[2026-08-17 08:14:37,152][__main__][INFO] - [RANK 0] [ Eval  | Step: 5500   |  loss : 0.6658 | accuracy : 0.6723 | eval_s : 0.2973  ]
[2026-08-17 08:14:43,596][__main__][INFO] - [RANK 0] [ Train | Step: 6000   |  loss : 0.6595 | accuracy : 0.6734 | opt_sps : 76.5730  ]
[2026-08-17 08:14:43,891][__main__][INFO] - [RANK 0] [ Eval  | Step: 6000   |  loss : 0.6808 | accuracy : 0.6552 | eval_s : 0.2942  ]
[2026-08-17 08:14:50,487][__main__][INFO] - [RANK 0] [ Train | Step: 6500   |  loss : 0.6570 | accuracy : 0.6739 | opt_sps : 76.5129  ]
[2026-08-17 08:14:50,784][__main__][INFO] - [RANK 0] [ Eval  | Step: 6500   |  loss : 0.6476 | accuracy : 0.6855 | eval_s : 0.2955  ]
[2026-08-17 08:14:57,356][__main__][INFO] - [RANK 0] [ Train | Step: 7000   |  loss : 0.6527 | accuracy : 0.6766 | opt_sps : 76.4824  ]
[2026-08-17 08:14:57,651][__main__][INFO] - [RANK 0] [ Eval  | Step: 7000   |  loss : 0.6554 | accuracy : 0.6728 | eval_s : 0.2945  ]
[2026-08-17 08:15:04,189][__main__][INFO] - [RANK 0] [ Train | Step: 7500   |  loss : 0.6504 | accuracy : 0.6777 | opt_sps : 76.4818  ]
[2026-08-17 08:15:04,485][__main__][INFO] - [RANK 0] [ Eval  | Step: 7500   |  loss : 0.6777 | accuracy : 0.6647 | eval_s : 0.2942  ]
[2026-08-17 08:15:10,937][__main__][INFO] - [RANK 0] [ Train | Step: 8000   |  loss : 0.6516 | accuracy : 0.6783 | opt_sps : 76.5436  ]
[2026-08-17 08:15:11,233][__main__][INFO] - [RANK 0] [ Eval  | Step: 8000   |  loss : 0.6479 | accuracy : 0.6764 | eval_s : 0.2946  ]
[2026-08-17 08:15:17,716][__main__][INFO] - [RANK 0] [ Train | Step: 8500   |  loss : 0.6457 | accuracy : 0.6819 | opt_sps : 76.5777  ]
[2026-08-17 08:15:18,011][__main__][INFO] - [RANK 0] [ Eval  | Step: 8500   |  loss : 0.6450 | accuracy : 0.6791 | eval_s : 0.2945  ]
[2026-08-17 08:15:24,470][__main__][INFO] - [RANK 0] [ Train | Step: 9000   |  loss : 0.6447 | accuracy : 0.6811 | opt_sps : 76.6238  ]
[2026-08-17 08:15:24,771][__main__][INFO] - [RANK 0] [ Eval  | Step: 9000   |  loss : 0.6400 | accuracy : 0.6880 | eval_s : 0.2996  ]
[2026-08-17 08:15:31,236][__main__][INFO] - [RANK 0] [ Train | Step: 9500   |  loss : 0.6401 | accuracy : 0.6829 | opt_sps : 76.6615  ]
[2026-08-17 08:15:31,536][__main__][INFO] - [RANK 0] [ Eval  | Step: 9500   |  loss : 0.6566 | accuracy : 0.6755 | eval_s : 0.2987  ]
[2026-08-17 08:15:38,041][__main__][INFO] - [RANK 0] [ Train | Step: 10000  |  loss : 0.6423 | accuracy : 0.6817 | opt_sps : 76.6717  ]
[2026-08-17 08:15:38,337][__main__][INFO] - [RANK 0] [ Eval  | Step: 10000  |  loss : 0.6508 | accuracy : 0.6753 | eval_s : 0.2948  ]
[2026-08-17 08:15:44,929][__main__][INFO] - [RANK 0] [ Train | Step: 10500  |  loss : 0.6402 | accuracy : 0.6844 | opt_sps : 76.6319  ]
[2026-08-17 08:15:45,227][__main__][INFO] - [RANK 0] [ Eval  | Step: 10500  |  loss : 0.6365 | accuracy : 0.6855 | eval_s : 0.2968  ]
[2026-08-17 08:15:51,854][__main__][INFO] - [RANK 0] [ Train | Step: 11000  |  loss : 0.6414 | accuracy : 0.6836 | opt_sps : 76.5780  ]
[2026-08-17 08:15:52,152][__main__][INFO] - [RANK 0] [ Eval  | Step: 11000  |  loss : 0.6463 | accuracy : 0.6789 | eval_s : 0.2968  ]
[2026-08-17 08:15:58,826][__main__][INFO] - [RANK 0] [ Train | Step: 11500  |  loss : 0.6385 | accuracy : 0.6841 | opt_sps : 76.5041  ]
[2026-08-17 08:15:59,122][__main__][INFO] - [RANK 0] [ Eval  | Step: 11500  |  loss : 0.6408 | accuracy : 0.6850 | eval_s : 0.2957  ]
[2026-08-17 08:16:05,668][__main__][INFO] - [RANK 0] [ Train | Step: 12000  |  loss : 0.6355 | accuracy : 0.6883 | opt_sps : 76.4991  ]
[2026-08-17 08:16:05,966][__main__][INFO] - [RANK 0] [ Eval  | Step: 12000  |  loss : 0.6354 | accuracy : 0.6908 | eval_s : 0.2963  ]
[2026-08-17 08:16:12,594][__main__][INFO] - [RANK 0] [ Train | Step: 12500  |  loss : 0.6331 | accuracy : 0.6886 | opt_sps : 76.4562  ]
[2026-08-17 08:16:12,890][__main__][INFO] - [RANK 0] [ Eval  | Step: 12500  |  loss : 0.6355 | accuracy : 0.6895 | eval_s : 0.2948  ]
[2026-08-17 08:16:19,320][__main__][INFO] - [RANK 0] [ Train | Step: 13000  |  loss : 0.6327 | accuracy : 0.6895 | opt_sps : 76.5054  ]
[2026-08-17 08:16:19,616][__main__][INFO] - [RANK 0] [ Eval  | Step: 13000  |  loss : 0.6341 | accuracy : 0.6903 | eval_s : 0.2950  ]
[2026-08-17 08:16:26,063][__main__][INFO] - [RANK 0] [ Train | Step: 13500  |  loss : 0.6274 | accuracy : 0.6921 | opt_sps : 76.5442  ]
[2026-08-17 08:16:26,360][__main__][INFO] - [RANK 0] [ Eval  | Step: 13500  |  loss : 0.6441 | accuracy : 0.6821 | eval_s : 0.2966  ]
[2026-08-17 08:16:32,832][__main__][INFO] - [RANK 0] [ Train | Step: 14000  |  loss : 0.6303 | accuracy : 0.6892 | opt_sps : 76.5698  ]
[2026-08-17 08:16:33,127][__main__][INFO] - [RANK 0] [ Eval  | Step: 14000  |  loss : 0.6326 | accuracy : 0.6894 | eval_s : 0.2947  ]
[2026-08-17 08:16:39,590][__main__][INFO] - [RANK 0] [ Train | Step: 14500  |  loss : 0.6337 | accuracy : 0.6880 | opt_sps : 76.5972  ]
[2026-08-17 08:16:39,886][__main__][INFO] - [RANK 0] [ Eval  | Step: 14500  |  loss : 0.6366 | accuracy : 0.6860 | eval_s : 0.2943  ]
[2026-08-17 08:16:46,370][__main__][INFO] - [RANK 0] [ Train | Step: 15000  |  loss : 0.6330 | accuracy : 0.6910 | opt_sps : 76.6141  ]
[2026-08-17 08:16:46,667][__main__][INFO] - [RANK 0] [ Eval  | Step: 15000  |  loss : 0.6304 | accuracy : 0.6930 | eval_s : 0.2954  ]
[2026-08-17 08:16:53,168][__main__][INFO] - [RANK 0] [ Train | Step: 15500  |  loss : 0.6325 | accuracy : 0.6894 | opt_sps : 76.6237  ]
[2026-08-17 08:16:53,465][__main__][INFO] - [RANK 0] [ Eval  | Step: 15500  |  loss : 0.6377 | accuracy : 0.6954 | eval_s : 0.2957  ]
[2026-08-17 08:17:00,079][__main__][INFO] - [RANK 0] [ Train | Step: 16000  |  loss : 0.6310 | accuracy : 0.6926 | opt_sps : 76.5912  ]
[2026-08-17 08:17:00,377][__main__][INFO] - [RANK 0] [ Eval  | Step: 16000  |  loss : 0.6284 | accuracy : 0.6921 | eval_s : 0.2972  ]
[2026-08-17 08:17:06,917][__main__][INFO] - [RANK 0] [ Train | Step: 16500  |  loss : 0.6314 | accuracy : 0.6921 | opt_sps : 76.5875  ]
[2026-08-17 08:17:07,221][__main__][INFO] - [RANK 0] [ Eval  | Step: 16500  |  loss : 0.6413 | accuracy : 0.6841 | eval_s : 0.3031  ]
[2026-08-17 08:17:13,686][__main__][INFO] - [RANK 0] [ Train | Step: 17000  |  loss : 0.6234 | accuracy : 0.6975 | opt_sps : 76.6094  ]
[2026-08-17 08:17:13,983][__main__][INFO] - [RANK 0] [ Eval  | Step: 17000  |  loss : 0.6189 | accuracy : 0.6995 | eval_s : 0.2960  ]
[2026-08-17 08:17:20,474][__main__][INFO] - [RANK 0] [ Train | Step: 17500  |  loss : 0.6044 | accuracy : 0.7088 | opt_sps : 76.6217  ]
[2026-08-17 08:17:20,772][__main__][INFO] - [RANK 0] [ Eval  | Step: 17500  |  loss : 0.5971 | accuracy : 0.7149 | eval_s : 0.2970  ]
[2026-08-17 08:17:27,360][__main__][INFO] - [RANK 0] [ Train | Step: 18000  |  loss : 0.5938 | accuracy : 0.7135 | opt_sps : 76.6014  ]
[2026-08-17 08:17:27,657][__main__][INFO] - [RANK 0] [ Eval  | Step: 18000  |  loss : 0.5813 | accuracy : 0.7209 | eval_s : 0.2960  ]
[2026-08-17 08:17:34,169][__main__][INFO] - [RANK 0] [ Train | Step: 18500  |  loss : 0.5807 | accuracy : 0.7224 | opt_sps : 76.6065  ]
[2026-08-17 08:17:34,466][__main__][INFO] - [RANK 0] [ Eval  | Step: 18500  |  loss : 0.5689 | accuracy : 0.7287 | eval_s : 0.2959  ]
[2026-08-17 08:17:41,015][__main__][INFO] - [RANK 0] [ Train | Step: 19000  |  loss : 0.5751 | accuracy : 0.7231 | opt_sps : 76.5999  ]
[2026-08-17 08:17:41,310][__main__][INFO] - [RANK 0] [ Eval  | Step: 19000  |  loss : 0.6857 | accuracy : 0.6836 | eval_s : 0.2948  ]
[2026-08-17 08:17:47,845][__main__][INFO] - [RANK 0] [ Train | Step: 19500  |  loss : 0.5661 | accuracy : 0.7282 | opt_sps : 76.5978  ]
[2026-08-17 08:17:48,141][__main__][INFO] - [RANK 0] [ Eval  | Step: 19500  |  loss : 0.5551 | accuracy : 0.7351 | eval_s : 0.2952  ]
[2026-08-17 08:17:54,676][__main__][INFO] - [RANK 0] [ Train | Step: 20000  |  loss : 0.5658 | accuracy : 0.7289 | opt_sps : 76.5958  ]
[2026-08-17 08:17:54,974][__main__][INFO] - [RANK 0] [ Eval  | Step: 20000  |  loss : 0.6155 | accuracy : 0.7053 | eval_s : 0.2969  ]
[2026-08-17 08:18:01,561][__main__][INFO] - [RANK 0] [ Train | Step: 20500  |  loss : 0.5576 | accuracy : 0.7304 | opt_sps : 76.5788  ]
[2026-08-17 08:18:01,862][__main__][INFO] - [RANK 0] [ Eval  | Step: 20500  |  loss : 0.5473 | accuracy : 0.7347 | eval_s : 0.2999  ]
[2026-08-17 08:18:08,493][__main__][INFO] - [RANK 0] [ Train | Step: 21000  |  loss : 0.5538 | accuracy : 0.7323 | opt_sps : 76.5507  ]
[2026-08-17 08:18:08,791][__main__][INFO] - [RANK 0] [ Eval  | Step: 21000  |  loss : 0.5457 | accuracy : 0.7307 | eval_s : 0.2967  ]
[2026-08-17 08:18:15,317][__main__][INFO] - [RANK 0] [ Train | Step: 21500  |  loss : 0.5494 | accuracy : 0.7351 | opt_sps : 76.5523  ]
[2026-08-17 08:18:15,613][__main__][INFO] - [RANK 0] [ Eval  | Step: 21500  |  loss : 0.5519 | accuracy : 0.7337 | eval_s : 0.2954  ]
[2026-08-17 08:18:22,213][__main__][INFO] - [RANK 0] [ Train | Step: 22000  |  loss : 0.5455 | accuracy : 0.7347 | opt_sps : 76.5341  ]
[2026-08-17 08:18:22,511][__main__][INFO] - [RANK 0] [ Eval  | Step: 22000  |  loss : 0.5531 | accuracy : 0.7345 | eval_s : 0.2966  ]
[2026-08-17 08:18:29,057][__main__][INFO] - [RANK 0] [ Train | Step: 22500  |  loss : 0.5494 | accuracy : 0.7354 | opt_sps : 76.5306  ]
[2026-08-17 08:18:29,353][__main__][INFO] - [RANK 0] [ Eval  | Step: 22500  |  loss : 0.5785 | accuracy : 0.7282 | eval_s : 0.2952  ]
[2026-08-17 08:18:35,937][__main__][INFO] - [RANK 0] [ Train | Step: 23000  |  loss : 0.5465 | accuracy : 0.7353 | opt_sps : 76.5179  ]
[2026-08-17 08:18:36,232][__main__][INFO] - [RANK 0] [ Eval  | Step: 23000  |  loss : 0.5655 | accuracy : 0.7287 | eval_s : 0.2943  ]
[2026-08-17 08:18:42,748][__main__][INFO] - [RANK 0] [ Train | Step: 23500  |  loss : 0.5461 | accuracy : 0.7373 | opt_sps : 76.5224  ]
[2026-08-17 08:18:43,045][__main__][INFO] - [RANK 0] [ Eval  | Step: 23500  |  loss : 0.5351 | accuracy : 0.7403 | eval_s : 0.2959  ]
[2026-08-17 08:18:49,620][__main__][INFO] - [RANK 0] [ Train | Step: 24000  |  loss : 0.5454 | accuracy : 0.7370 | opt_sps : 76.5125  ]
[2026-08-17 08:18:49,917][__main__][INFO] - [RANK 0] [ Eval  | Step: 24000  |  loss : 0.5262 | accuracy : 0.7409 | eval_s : 0.2958  ]
[2026-08-17 08:18:56,448][__main__][INFO] - [RANK 0] [ Train | Step: 24500  |  loss : 0.5330 | accuracy : 0.7427 | opt_sps : 76.5137  ]
[2026-08-17 08:18:56,746][__main__][INFO] - [RANK 0] [ Eval  | Step: 24500  |  loss : 0.5251 | accuracy : 0.7444 | eval_s : 0.2975  ]
[2026-08-17 08:19:03,278][__main__][INFO] - [RANK 0] [ Train | Step: 25000  |  loss : 0.5340 | accuracy : 0.7395 | opt_sps : 76.5147  ]
[2026-08-17 08:19:03,576][__main__][INFO] - [RANK 0] [ Eval  | Step: 25000  |  loss : 0.5216 | accuracy : 0.7388 | eval_s : 0.2970  ]
[2026-08-17 08:19:10,315][__main__][INFO] - [RANK 0] [ Train | Step: 25500  |  loss : 0.5314 | accuracy : 0.7403 | opt_sps : 76.4679  ]
[2026-08-17 08:19:10,619][__main__][INFO] - [RANK 0] [ Eval  | Step: 25500  |  loss : 0.5257 | accuracy : 0.7403 | eval_s : 0.3031  ]
[2026-08-17 08:19:17,208][__main__][INFO] - [RANK 0] [ Train | Step: 26000  |  loss : 0.5354 | accuracy : 0.7417 | opt_sps : 76.4567  ]
[2026-08-17 08:19:17,503][__main__][INFO] - [RANK 0] [ Eval  | Step: 26000  |  loss : 0.5190 | accuracy : 0.7422 | eval_s : 0.2946  ]
[2026-08-17 08:19:23,988][__main__][INFO] - [RANK 0] [ Train | Step: 26500  |  loss : 0.5317 | accuracy : 0.7428 | opt_sps : 76.4689  ]
[2026-08-17 08:19:24,284][__main__][INFO] - [RANK 0] [ Eval  | Step: 26500  |  loss : 0.5099 | accuracy : 0.7473 | eval_s : 0.2949  ]
[2026-08-17 08:19:30,784][__main__][INFO] - [RANK 0] [ Train | Step: 27000  |  loss : 0.5252 | accuracy : 0.7441 | opt_sps : 76.4775  ]
[2026-08-17 08:19:31,081][__main__][INFO] - [RANK 0] [ Eval  | Step: 27000  |  loss : 0.5178 | accuracy : 0.7426 | eval_s : 0.2957  ]
[2026-08-17 08:19:37,581][__main__][INFO] - [RANK 0] [ Train | Step: 27500  |  loss : 0.5385 | accuracy : 0.7400 | opt_sps : 76.4856  ]
[2026-08-17 08:19:37,876][__main__][INFO] - [RANK 0] [ Eval  | Step: 27500  |  loss : 0.5550 | accuracy : 0.7325 | eval_s : 0.2943  ]
[2026-08-17 08:19:44,373][__main__][INFO] - [RANK 0] [ Train | Step: 28000  |  loss : 0.5226 | accuracy : 0.7457 | opt_sps : 76.4939  ]
[2026-08-17 08:19:44,670][__main__][INFO] - [RANK 0] [ Eval  | Step: 28000  |  loss : 0.5250 | accuracy : 0.7418 | eval_s : 0.2956  ]
[2026-08-17 08:19:51,170][__main__][INFO] - [RANK 0] [ Train | Step: 28500  |  loss : 0.5403 | accuracy : 0.7388 | opt_sps : 76.5015  ]
[2026-08-17 08:19:51,468][__main__][INFO] - [RANK 0] [ Eval  | Step: 28500  |  loss : 0.5264 | accuracy : 0.7428 | eval_s : 0.2976  ]
[2026-08-17 08:19:57,917][__main__][INFO] - [RANK 0] [ Train | Step: 29000  |  loss : 0.5215 | accuracy : 0.7436 | opt_sps : 76.5191  ]
[2026-08-17 08:19:58,216][__main__][INFO] - [RANK 0] [ Eval  | Step: 29000  |  loss : 0.5371 | accuracy : 0.7349 | eval_s : 0.2985  ]
[2026-08-17 08:20:04,745][__main__][INFO] - [RANK 0] [ Train | Step: 29500  |  loss : 0.5248 | accuracy : 0.7441 | opt_sps : 76.5202  ]
[2026-08-17 08:20:05,041][__main__][INFO] - [RANK 0] [ Eval  | Step: 29500  |  loss : 0.5078 | accuracy : 0.7511 | eval_s : 0.2951  ]
[2026-08-17 08:20:11,702][__main__][INFO] - [RANK 0] [ Train | Step: 30000  |  loss : 0.5299 | accuracy : 0.7421 | opt_sps : 76.4956  ]
[2026-08-17 08:20:11,998][__main__][INFO] - [RANK 0] [ Eval  | Step: 30000  |  loss : 0.5496 | accuracy : 0.7304 | eval_s : 0.2951  ]
[2026-08-17 08:20:18,645][__main__][INFO] - [RANK 0] [ Train | Step: 30500  |  loss : 0.5256 | accuracy : 0.7455 | opt_sps : 76.4744  ]
[2026-08-17 08:20:18,941][__main__][INFO] - [RANK 0] [ Eval  | Step: 30500  |  loss : 0.5071 | accuracy : 0.7484 | eval_s : 0.2957  ]
[2026-08-17 08:20:25,478][__main__][INFO] - [RANK 0] [ Train | Step: 31000  |  loss : 0.5229 | accuracy : 0.7464 | opt_sps : 76.4747  ]
[2026-08-17 08:20:25,774][__main__][INFO] - [RANK 0] [ Eval  | Step: 31000  |  loss : 0.5052 | accuracy : 0.7441 | eval_s : 0.2951  ]
[2026-08-17 08:20:32,301][__main__][INFO] - [RANK 0] [ Train | Step: 31500  |  loss : 0.5165 | accuracy : 0.7483 | opt_sps : 76.4771  ]
[2026-08-17 08:20:32,597][__main__][INFO] - [RANK 0] [ Eval  | Step: 31500  |  loss : 0.4960 | accuracy : 0.7532 | eval_s : 0.2952  ]
[2026-08-17 08:20:39,108][__main__][INFO] - [RANK 0] [ Train | Step: 32000  |  loss : 0.5132 | accuracy : 0.7474 | opt_sps : 76.4821  ]
[2026-08-17 08:20:39,404][__main__][INFO] - [RANK 0] [ Eval  | Step: 32000  |  loss : 0.5136 | accuracy : 0.7408 | eval_s : 0.2949  ]
[2026-08-17 08:20:45,816][__main__][INFO] - [RANK 0] [ Train | Step: 32500  |  loss : 0.5135 | accuracy : 0.7477 | opt_sps : 76.5047  ]
[2026-08-17 08:20:46,115][__main__][INFO] - [RANK 0] [ Eval  | Step: 32500  |  loss : 0.4982 | accuracy : 0.7517 | eval_s : 0.2976  ]
[2026-08-17 08:20:52,515][__main__][INFO] - [RANK 0] [ Train | Step: 33000  |  loss : 0.5059 | accuracy : 0.7501 | opt_sps : 76.5287  ]
[2026-08-17 08:20:52,810][__main__][INFO] - [RANK 0] [ Eval  | Step: 33000  |  loss : 0.5121 | accuracy : 0.7484 | eval_s : 0.2940  ]
[2026-08-17 08:20:59,276][__main__][INFO] - [RANK 0] [ Train | Step: 33500  |  loss : 0.5170 | accuracy : 0.7484 | opt_sps : 76.5405  ]
[2026-08-17 08:20:59,572][__main__][INFO] - [RANK 0] [ Eval  | Step: 33500  |  loss : 0.5078 | accuracy : 0.7475 | eval_s : 0.2954  ]
[2026-08-17 08:21:06,049][__main__][INFO] - [RANK 0] [ Train | Step: 34000  |  loss : 0.5082 | accuracy : 0.7505 | opt_sps : 76.5500  ]
[2026-08-17 08:21:06,345][__main__][INFO] - [RANK 0] [ Eval  | Step: 34000  |  loss : 0.5022 | accuracy : 0.7480 | eval_s : 0.2947  ]
[2026-08-17 08:21:12,792][__main__][INFO] - [RANK 0] [ Train | Step: 34500  |  loss : 0.5130 | accuracy : 0.7511 | opt_sps : 76.5644  ]
[2026-08-17 08:21:13,087][__main__][INFO] - [RANK 0] [ Eval  | Step: 34500  |  loss : 0.4899 | accuracy : 0.7558 | eval_s : 0.2941  ]
[2026-08-17 08:21:19,929][__main__][INFO] - [RANK 0] [ Train | Step: 35000  |  loss : 0.5031 | accuracy : 0.7525 | opt_sps : 76.5124  ]
[2026-08-17 08:21:20,224][__main__][INFO] - [RANK 0] [ Eval  | Step: 35000  |  loss : 0.4891 | accuracy : 0.7562 | eval_s : 0.2947  ]
[2026-08-17 08:21:26,799][__main__][INFO] - [RANK 0] [ Train | Step: 35500  |  loss : 0.4991 | accuracy : 0.7545 | opt_sps : 76.5060  ]
[2026-08-17 08:21:27,095][__main__][INFO] - [RANK 0] [ Eval  | Step: 35500  |  loss : 0.4839 | accuracy : 0.7609 | eval_s : 0.2949  ]
[2026-08-17 08:21:33,632][__main__][INFO] - [RANK 0] [ Train | Step: 36000  |  loss : 0.5096 | accuracy : 0.7514 | opt_sps : 76.5058  ]
[2026-08-17 08:21:33,935][__main__][INFO] - [RANK 0] [ Eval  | Step: 36000  |  loss : 0.4863 | accuracy : 0.7617 | eval_s : 0.3024  ]
[2026-08-17 08:21:40,447][__main__][INFO] - [RANK 0] [ Train | Step: 36500  |  loss : 0.4940 | accuracy : 0.7579 | opt_sps : 76.5096  ]
[2026-08-17 08:21:40,746][__main__][INFO] - [RANK 0] [ Eval  | Step: 36500  |  loss : 0.4879 | accuracy : 0.7537 | eval_s : 0.2983  ]
[2026-08-17 08:21:47,269][__main__][INFO] - [RANK 0] [ Train | Step: 37000  |  loss : 0.5009 | accuracy : 0.7539 | opt_sps : 76.5117  ]
[2026-08-17 08:21:47,565][__main__][INFO] - [RANK 0] [ Eval  | Step: 37000  |  loss : 0.4913 | accuracy : 0.7564 | eval_s : 0.2956  ]
[2026-08-17 08:21:54,080][__main__][INFO] - [RANK 0] [ Train | Step: 37500  |  loss : 0.5046 | accuracy : 0.7546 | opt_sps : 76.5148  ]
[2026-08-17 08:21:54,376][__main__][INFO] - [RANK 0] [ Eval  | Step: 37500  |  loss : 0.4837 | accuracy : 0.7598 | eval_s : 0.2955  ]
[2026-08-17 08:22:00,893][__main__][INFO] - [RANK 0] [ Train | Step: 38000  |  loss : 0.4965 | accuracy : 0.7589 | opt_sps : 76.5177  ]
[2026-08-17 08:22:01,189][__main__][INFO] - [RANK 0] [ Eval  | Step: 38000  |  loss : 0.4817 | accuracy : 0.7649 | eval_s : 0.2948  ]
[2026-08-17 08:22:07,720][__main__][INFO] - [RANK 0] [ Train | Step: 38500  |  loss : 0.4968 | accuracy : 0.7576 | opt_sps : 76.5183  ]
[2026-08-17 08:22:08,017][__main__][INFO] - [RANK 0] [ Eval  | Step: 38500  |  loss : 0.4941 | accuracy : 0.7566 | eval_s : 0.2956  ]
[2026-08-17 08:22:14,545][__main__][INFO] - [RANK 0] [ Train | Step: 39000  |  loss : 0.4928 | accuracy : 0.7627 | opt_sps : 76.5192  ]
[2026-08-17 08:22:14,841][__main__][INFO] - [RANK 0] [ Eval  | Step: 39000  |  loss : 0.4759 | accuracy : 0.7659 | eval_s : 0.2955  ]
[2026-08-17 08:22:21,533][__main__][INFO] - [RANK 0] [ Train | Step: 39500  |  loss : 0.4883 | accuracy : 0.7645 | opt_sps : 76.4961  ]
[2026-08-17 08:22:21,829][__main__][INFO] - [RANK 0] [ Eval  | Step: 39500  |  loss : 0.4731 | accuracy : 0.7687 | eval_s : 0.2952  ]
[2026-08-17 08:22:28,488][__main__][INFO] - [RANK 0] [ Train | Step: 40000  |  loss : 0.4876 | accuracy : 0.7658 | opt_sps : 76.4782  ]
[2026-08-17 08:22:28,786][__main__][INFO] - [RANK 0] [ Eval  | Step: 40000  |  loss : 0.6153 | accuracy : 0.7224 | eval_s : 0.2976  ]
[2026-08-17 08:22:35,245][__main__][INFO] - [RANK 0] [ Train | Step: 40500  |  loss : 0.4857 | accuracy : 0.7664 | opt_sps : 76.4897  ]
[2026-08-17 08:22:35,545][__main__][INFO] - [RANK 0] [ Eval  | Step: 40500  |  loss : 0.4665 | accuracy : 0.7738 | eval_s : 0.2990  ]
[2026-08-17 08:22:42,070][__main__][INFO] - [RANK 0] [ Train | Step: 41000  |  loss : 0.4742 | accuracy : 0.7720 | opt_sps : 76.4915  ]
[2026-08-17 08:22:42,367][__main__][INFO] - [RANK 0] [ Eval  | Step: 41000  |  loss : 0.5293 | accuracy : 0.7478 | eval_s : 0.2960  ]
[2026-08-17 08:22:48,896][__main__][INFO] - [RANK 0] [ Train | Step: 41500  |  loss : 0.4766 | accuracy : 0.7713 | opt_sps : 76.4925  ]
[2026-08-17 08:22:49,192][__main__][INFO] - [RANK 0] [ Eval  | Step: 41500  |  loss : 0.4600 | accuracy : 0.7772 | eval_s : 0.2947  ]
[2026-08-17 08:22:55,722][__main__][INFO] - [RANK 0] [ Train | Step: 42000  |  loss : 0.4736 | accuracy : 0.7735 | opt_sps : 76.4935  ]
[2026-08-17 08:22:56,017][__main__][INFO] - [RANK 0] [ Eval  | Step: 42000  |  loss : 0.5432 | accuracy : 0.7478 | eval_s : 0.2947  ]
[2026-08-17 08:23:02,572][__main__][INFO] - [RANK 0] [ Train | Step: 42500  |  loss : 0.4674 | accuracy : 0.7742 | opt_sps : 76.4910  ]
[2026-08-17 08:23:02,868][__main__][INFO] - [RANK 0] [ Eval  | Step: 42500  |  loss : 0.4631 | accuracy : 0.7699 | eval_s : 0.2946  ]
[2026-08-17 08:23:09,469][__main__][INFO] - [RANK 0] [ Train | Step: 43000  |  loss : 0.4788 | accuracy : 0.7714 | opt_sps : 76.4822  ]
[2026-08-17 08:23:09,765][__main__][INFO] - [RANK 0] [ Eval  | Step: 43000  |  loss : 0.4516 | accuracy : 0.7789 | eval_s : 0.2951  ]
[2026-08-17 08:23:16,323][__main__][INFO] - [RANK 0] [ Train | Step: 43500  |  loss : 0.4625 | accuracy : 0.7784 | opt_sps : 76.4796  ]
[2026-08-17 08:23:16,618][__main__][INFO] - [RANK 0] [ Eval  | Step: 43500  |  loss : 0.4602 | accuracy : 0.7743 | eval_s : 0.2947  ]
[2026-08-17 08:23:23,319][__main__][INFO] - [RANK 0] [ Train | Step: 44000  |  loss : 0.4640 | accuracy : 0.7764 | opt_sps : 76.4579  ]
[2026-08-17 08:23:23,620][__main__][INFO] - [RANK 0] [ Eval  | Step: 44000  |  loss : 0.4549 | accuracy : 0.7739 | eval_s : 0.2994  ]
[2026-08-17 08:23:30,318][__main__][INFO] - [RANK 0] [ Train | Step: 44500  |  loss : 0.4665 | accuracy : 0.7769 | opt_sps : 76.4371  ]
[2026-08-17 08:23:30,618][__main__][INFO] - [RANK 0] [ Eval  | Step: 44500  |  loss : 0.4497 | accuracy : 0.7803 | eval_s : 0.2992  ]
[2026-08-17 08:23:37,156][__main__][INFO] - [RANK 0] [ Train | Step: 45000  |  loss : 0.4609 | accuracy : 0.7797 | opt_sps : 76.4376  ]
[2026-08-17 08:23:37,453][__main__][INFO] - [RANK 0] [ Eval  | Step: 45000  |  loss : 0.4538 | accuracy : 0.7779 | eval_s : 0.2957  ]
[2026-08-17 08:23:44,004][__main__][INFO] - [RANK 0] [ Train | Step: 45500  |  loss : 0.4569 | accuracy : 0.7794 | opt_sps : 76.4362  ]
[2026-08-17 08:23:44,300][__main__][INFO] - [RANK 0] [ Eval  | Step: 45500  |  loss : 0.4652 | accuracy : 0.7736 | eval_s : 0.2954  ]
[2026-08-17 08:23:50,864][__main__][INFO] - [RANK 0] [ Train | Step: 46000  |  loss : 0.4466 | accuracy : 0.7846 | opt_sps : 76.4334  ]
[2026-08-17 08:23:51,160][__main__][INFO] - [RANK 0] [ Eval  | Step: 46000  |  loss : 0.4456 | accuracy : 0.7802 | eval_s : 0.2951  ]
[2026-08-17 08:23:57,751][__main__][INFO] - [RANK 0] [ Train | Step: 46500  |  loss : 0.4495 | accuracy : 0.7834 | opt_sps : 76.4273  ]
[2026-08-17 08:23:58,048][__main__][INFO] - [RANK 0] [ Eval  | Step: 46500  |  loss : 0.4413 | accuracy : 0.7861 | eval_s : 0.2961  ]
[2026-08-17 08:24:04,653][__main__][INFO] - [RANK 0] [ Train | Step: 47000  |  loss : 0.4508 | accuracy : 0.7825 | opt_sps : 76.4197  ]
[2026-08-17 08:24:04,949][__main__][INFO] - [RANK 0] [ Eval  | Step: 47000  |  loss : 0.4482 | accuracy : 0.7784 | eval_s : 0.2957  ]
[2026-08-17 08:24:11,536][__main__][INFO] - [RANK 0] [ Train | Step: 47500  |  loss : 0.4464 | accuracy : 0.7856 | opt_sps : 76.4143  ]
[2026-08-17 08:24:11,832][__main__][INFO] - [RANK 0] [ Eval  | Step: 47500  |  loss : 0.4575 | accuracy : 0.7778 | eval_s : 0.2955  ]
[2026-08-17 08:24:18,360][__main__][INFO] - [RANK 0] [ Train | Step: 48000  |  loss : 0.4455 | accuracy : 0.7847 | opt_sps : 76.4162  ]
[2026-08-17 08:24:18,659][__main__][INFO] - [RANK 0] [ Eval  | Step: 48000  |  loss : 0.4540 | accuracy : 0.7804 | eval_s : 0.2978  ]
[2026-08-17 08:24:25,082][__main__][INFO] - [RANK 0] [ Train | Step: 48500  |  loss : 0.4440 | accuracy : 0.7853 | opt_sps : 76.4307  ]
[2026-08-17 08:24:25,379][__main__][INFO] - [RANK 0] [ Eval  | Step: 48500  |  loss : 0.4389 | accuracy : 0.7841 | eval_s : 0.2968  ]
[2026-08-17 08:24:32,041][__main__][INFO] - [RANK 0] [ Train | Step: 49000  |  loss : 0.4375 | accuracy : 0.7890 | opt_sps : 76.4165  ]
[2026-08-17 08:24:32,339][__main__][INFO] - [RANK 0] [ Eval  | Step: 49000  |  loss : 0.4379 | accuracy : 0.7860 | eval_s : 0.2969  ]
[2026-08-17 08:24:38,899][__main__][INFO] - [RANK 0] [ Train | Step: 49500  |  loss : 0.4379 | accuracy : 0.7886 | opt_sps : 76.4146  ]
[2026-08-17 08:24:39,197][__main__][INFO] - [RANK 0] [ Eval  | Step: 49500  |  loss : 0.4424 | accuracy : 0.7820 | eval_s : 0.2963  ]
[2026-08-17 08:24:45,716][__main__][INFO] - [RANK 0] [ Train | Step: 50000  |  loss : 0.4378 | accuracy : 0.7885 | opt_sps : 76.4173  ]
[2026-08-17 08:24:46,011][__main__][INFO] - [RANK 0] [ Eval  | Step: 50000  |  loss : 0.4405 | accuracy : 0.7867 | eval_s : 0.2942  ]
[2026-08-17 08:24:52,570][__main__][INFO] - [RANK 0] [ Train | Step: 50500  |  loss : 0.4473 | accuracy : 0.7846 | opt_sps : 76.4155  ]
[2026-08-17 08:24:52,866][__main__][INFO] - [RANK 0] [ Eval  | Step: 50500  |  loss : 0.4574 | accuracy : 0.7746 | eval_s : 0.2947  ]
[2026-08-17 08:24:59,434][__main__][INFO] - [RANK 0] [ Train | Step: 51000  |  loss : 0.4342 | accuracy : 0.7902 | opt_sps : 76.4126  ]
[2026-08-17 08:24:59,730][__main__][INFO] - [RANK 0] [ Eval  | Step: 51000  |  loss : 0.4349 | accuracy : 0.7889 | eval_s : 0.2944  ]
[2026-08-17 08:25:06,227][__main__][INFO] - [RANK 0] [ Train | Step: 51500  |  loss : 0.4335 | accuracy : 0.7895 | opt_sps : 76.4179  ]
[2026-08-17 08:25:06,525][__main__][INFO] - [RANK 0] [ Eval  | Step: 51500  |  loss : 0.4368 | accuracy : 0.7862 | eval_s : 0.2977  ]
[2026-08-17 08:25:13,035][__main__][INFO] - [RANK 0] [ Train | Step: 52000  |  loss : 0.4364 | accuracy : 0.7895 | opt_sps : 76.4217  ]
[2026-08-17 08:25:13,334][__main__][INFO] - [RANK 0] [ Eval  | Step: 52000  |  loss : 0.4369 | accuracy : 0.7875 | eval_s : 0.2981  ]
[2026-08-17 08:25:19,861][__main__][INFO] - [RANK 0] [ Train | Step: 52500  |  loss : 0.4348 | accuracy : 0.7899 | opt_sps : 76.4234  ]
[2026-08-17 08:25:20,158][__main__][INFO] - [RANK 0] [ Eval  | Step: 52500  |  loss : 0.4316 | accuracy : 0.7895 | eval_s : 0.2957  ]
[2026-08-17 08:25:26,839][__main__][INFO] - [RANK 0] [ Train | Step: 53000  |  loss : 0.4328 | accuracy : 0.7916 | opt_sps : 76.4082  ]
[2026-08-17 08:25:27,136][__main__][INFO] - [RANK 0] [ Eval  | Step: 53000  |  loss : 0.4295 | accuracy : 0.7891 | eval_s : 0.2954  ]
[2026-08-17 08:25:33,742][__main__][INFO] - [RANK 0] [ Train | Step: 53500  |  loss : 0.4339 | accuracy : 0.7915 | opt_sps : 76.4015  ]
[2026-08-17 08:25:34,043][__main__][INFO] - [RANK 0] [ Eval  | Step: 53500  |  loss : 0.4348 | accuracy : 0.7848 | eval_s : 0.3000  ]
[2026-08-17 08:25:40,663][__main__][INFO] - [RANK 0] [ Train | Step: 54000  |  loss : 0.4304 | accuracy : 0.7920 | opt_sps : 76.3932  ]
[2026-08-17 08:25:40,959][__main__][INFO] - [RANK 0] [ Eval  | Step: 54000  |  loss : 0.4329 | accuracy : 0.7886 | eval_s : 0.2947  ]
[2026-08-17 08:25:47,467][__main__][INFO] - [RANK 0] [ Train | Step: 54500  |  loss : 0.4276 | accuracy : 0.7924 | opt_sps : 76.3972  ]
[2026-08-17 08:25:47,763][__main__][INFO] - [RANK 0] [ Eval  | Step: 54500  |  loss : 0.4334 | accuracy : 0.7870 | eval_s : 0.2959  ]
[2026-08-17 08:25:54,322][__main__][INFO] - [RANK 0] [ Train | Step: 55000  |  loss : 0.4237 | accuracy : 0.7947 | opt_sps : 76.3958  ]
[2026-08-17 08:25:54,617][__main__][INFO] - [RANK 0] [ Eval  | Step: 55000  |  loss : 0.4442 | accuracy : 0.7867 | eval_s : 0.2946  ]
[2026-08-17 08:26:01,117][__main__][INFO] - [RANK 0] [ Train | Step: 55500  |  loss : 0.4330 | accuracy : 0.7922 | opt_sps : 76.4005  ]
[2026-08-17 08:26:01,419][__main__][INFO] - [RANK 0] [ Eval  | Step: 55500  |  loss : 0.4310 | accuracy : 0.7906 | eval_s : 0.3003  ]
[2026-08-17 08:26:07,882][__main__][INFO] - [RANK 0] [ Train | Step: 56000  |  loss : 0.4226 | accuracy : 0.7967 | opt_sps : 76.4090  ]
[2026-08-17 08:26:08,178][__main__][INFO] - [RANK 0] [ Eval  | Step: 56000  |  loss : 0.4249 | accuracy : 0.7920 | eval_s : 0.2956  ]
[2026-08-17 08:26:14,626][__main__][INFO] - [RANK 0] [ Train | Step: 56500  |  loss : 0.4224 | accuracy : 0.7963 | opt_sps : 76.4189  ]
[2026-08-17 08:26:14,923][__main__][INFO] - [RANK 0] [ Eval  | Step: 56500  |  loss : 0.4248 | accuracy : 0.7901 | eval_s : 0.2952  ]
[2026-08-17 08:26:21,477][__main__][INFO] - [RANK 0] [ Train | Step: 57000  |  loss : 0.4235 | accuracy : 0.7963 | opt_sps : 76.4180  ]
[2026-08-17 08:26:21,774][__main__][INFO] - [RANK 0] [ Eval  | Step: 57000  |  loss : 0.4285 | accuracy : 0.7904 | eval_s : 0.2964  ]
[2026-08-17 08:26:28,317][__main__][INFO] - [RANK 0] [ Train | Step: 57500  |  loss : 0.4242 | accuracy : 0.7933 | opt_sps : 76.4179  ]
[2026-08-17 08:26:28,613][__main__][INFO] - [RANK 0] [ Eval  | Step: 57500  |  loss : 0.4530 | accuracy : 0.7812 | eval_s : 0.2952  ]
[2026-08-17 08:26:35,205][__main__][INFO] - [RANK 0] [ Train | Step: 58000  |  loss : 0.4232 | accuracy : 0.7956 | opt_sps : 76.4130  ]
[2026-08-17 08:26:35,502][__main__][INFO] - [RANK 0] [ Eval  | Step: 58000  |  loss : 0.4305 | accuracy : 0.7892 | eval_s : 0.2961  ]
[2026-08-17 08:26:42,248][__main__][INFO] - [RANK 0] [ Train | Step: 58500  |  loss : 0.4160 | accuracy : 0.8000 | opt_sps : 76.3928  ]
[2026-08-17 08:26:42,546][__main__][INFO] - [RANK 0] [ Eval  | Step: 58500  |  loss : 0.4228 | accuracy : 0.7939 | eval_s : 0.2971  ]
[2026-08-17 08:26:49,127][__main__][INFO] - [RANK 0] [ Train | Step: 59000  |  loss : 0.4230 | accuracy : 0.7954 | opt_sps : 76.3894  ]
[2026-08-17 08:26:49,422][__main__][INFO] - [RANK 0] [ Eval  | Step: 59000  |  loss : 0.4253 | accuracy : 0.7921 | eval_s : 0.2946  ]
[2026-08-17 08:26:55,914][__main__][INFO] - [RANK 0] [ Train | Step: 59500  |  loss : 0.4153 | accuracy : 0.7989 | opt_sps : 76.3947  ]
[2026-08-17 08:26:56,211][__main__][INFO] - [RANK 0] [ Eval  | Step: 59500  |  loss : 0.4265 | accuracy : 0.7924 | eval_s : 0.2968  ]
[2026-08-17 08:27:02,652][__main__][INFO] - [RANK 0] [ Train | Step: 60000  |  loss : 0.4201 | accuracy : 0.7975 | opt_sps : 76.4048  ]
[2026-08-17 08:27:02,951][__main__][INFO] - [RANK 0] [ Eval  | Step: 60000  |  loss : 0.4187 | accuracy : 0.7933 | eval_s : 0.2982  ]
[2026-08-17 08:27:09,463][__main__][INFO] - [RANK 0] [ Train | Step: 60500  |  loss : 0.4170 | accuracy : 0.7993 | opt_sps : 76.4090  ]
[2026-08-17 08:27:09,759][__main__][INFO] - [RANK 0] [ Eval  | Step: 60500  |  loss : 0.4185 | accuracy : 0.7948 | eval_s : 0.2948  ]
[2026-08-17 08:27:16,282][__main__][INFO] - [RANK 0] [ Train | Step: 61000  |  loss : 0.4164 | accuracy : 0.7986 | opt_sps : 76.4115  ]
[2026-08-17 08:27:16,578][__main__][INFO] - [RANK 0] [ Eval  | Step: 61000  |  loss : 0.4263 | accuracy : 0.7922 | eval_s : 0.2951  ]
[2026-08-17 08:27:23,116][__main__][INFO] - [RANK 0] [ Train | Step: 61500  |  loss : 0.4155 | accuracy : 0.7995 | opt_sps : 76.4120  ]
[2026-08-17 08:27:23,413][__main__][INFO] - [RANK 0] [ Eval  | Step: 61500  |  loss : 0.4390 | accuracy : 0.7879 | eval_s : 0.2963  ]
[2026-08-17 08:27:30,091][__main__][INFO] - [RANK 0] [ Train | Step: 62000  |  loss : 0.4136 | accuracy : 0.7989 | opt_sps : 76.3994  ]
[2026-08-17 08:27:30,388][__main__][INFO] - [RANK 0] [ Eval  | Step: 62000  |  loss : 0.4173 | accuracy : 0.7946 | eval_s : 0.2964  ]
[2026-08-17 08:27:36,889][__main__][INFO] - [RANK 0] [ Train | Step: 62500  |  loss : 0.4122 | accuracy : 0.8003 | opt_sps : 76.4035  ]
[2026-08-17 08:27:37,186][__main__][INFO] - [RANK 0] [ Eval  | Step: 62500  |  loss : 0.4154 | accuracy : 0.7962 | eval_s : 0.2959  ]
[2026-08-17 08:27:43,845][__main__][INFO] - [RANK 0] [ Train | Step: 63000  |  loss : 0.4097 | accuracy : 0.8027 | opt_sps : 76.3930  ]
[2026-08-17 08:27:44,141][__main__][INFO] - [RANK 0] [ Eval  | Step: 63000  |  loss : 0.4185 | accuracy : 0.7939 | eval_s : 0.2958  ]
[2026-08-17 08:27:50,745][__main__][INFO] - [RANK 0] [ Train | Step: 63500  |  loss : 0.4113 | accuracy : 0.8007 | opt_sps : 76.3876  ]
[2026-08-17 08:27:51,046][__main__][INFO] - [RANK 0] [ Eval  | Step: 63500  |  loss : 0.4148 | accuracy : 0.7977 | eval_s : 0.2997  ]
[2026-08-17 08:27:57,530][__main__][INFO] - [RANK 0] [ Train | Step: 64000  |  loss : 0.4067 | accuracy : 0.8032 | opt_sps : 76.3932  ]
[2026-08-17 08:27:57,828][__main__][INFO] - [RANK 0] [ Eval  | Step: 64000  |  loss : 0.4171 | accuracy : 0.7969 | eval_s : 0.2972  ]
[2026-08-17 08:28:04,329][__main__][INFO] - [RANK 0] [ Train | Step: 64500  |  loss : 0.4068 | accuracy : 0.8047 | opt_sps : 76.3972  ]
[2026-08-17 08:28:04,626][__main__][INFO] - [RANK 0] [ Eval  | Step: 64500  |  loss : 0.4195 | accuracy : 0.7959 | eval_s : 0.2958  ]
[2026-08-17 08:28:11,113][__main__][INFO] - [RANK 0] [ Train | Step: 65000  |  loss : 0.4095 | accuracy : 0.8023 | opt_sps : 76.4025  ]
[2026-08-17 08:28:11,408][__main__][INFO] - [RANK 0] [ Eval  | Step: 65000  |  loss : 0.4156 | accuracy : 0.7971 | eval_s : 0.2950  ]
[2026-08-17 08:28:17,864][__main__][INFO] - [RANK 0] [ Train | Step: 65500  |  loss : 0.4126 | accuracy : 0.8021 | opt_sps : 76.4103  ]
[2026-08-17 08:28:18,159][__main__][INFO] - [RANK 0] [ Eval  | Step: 65500  |  loss : 0.4140 | accuracy : 0.7951 | eval_s : 0.2942  ]
[2026-08-17 08:28:24,593][__main__][INFO] - [RANK 0] [ Train | Step: 66000  |  loss : 0.4094 | accuracy : 0.8018 | opt_sps : 76.4202  ]
[2026-08-17 08:28:24,888][__main__][INFO] - [RANK 0] [ Eval  | Step: 66000  |  loss : 0.4191 | accuracy : 0.7940 | eval_s : 0.2946  ]
[2026-08-17 08:28:31,380][__main__][INFO] - [RANK 0] [ Train | Step: 66500  |  loss : 0.4068 | accuracy : 0.8039 | opt_sps : 76.4247  ]
[2026-08-17 08:28:31,680][__main__][INFO] - [RANK 0] [ Eval  | Step: 66500  |  loss : 0.4122 | accuracy : 0.8005 | eval_s : 0.2989  ]
[2026-08-17 08:28:38,117][__main__][INFO] - [RANK 0] [ Train | Step: 67000  |  loss : 0.4068 | accuracy : 0.8038 | opt_sps : 76.4339  ]
[2026-08-17 08:28:38,414][__main__][INFO] - [RANK 0] [ Eval  | Step: 67000  |  loss : 0.4161 | accuracy : 0.7971 | eval_s : 0.2959  ]
[2026-08-17 08:28:44,849][__main__][INFO] - [RANK 0] [ Train | Step: 67500  |  loss : 0.4058 | accuracy : 0.8043 | opt_sps : 76.4431  ]
[2026-08-17 08:28:45,147][__main__][INFO] - [RANK 0] [ Eval  | Step: 67500  |  loss : 0.4135 | accuracy : 0.7982 | eval_s : 0.2966  ]
[2026-08-17 08:28:51,814][__main__][INFO] - [RANK 0] [ Train | Step: 68000  |  loss : 0.4062 | accuracy : 0.8046 | opt_sps : 76.4322  ]
[2026-08-17 08:28:52,112][__main__][INFO] - [RANK 0] [ Eval  | Step: 68000  |  loss : 0.4133 | accuracy : 0.7987 | eval_s : 0.2972  ]
[2026-08-17 08:28:58,605][__main__][INFO] - [RANK 0] [ Train | Step: 68500  |  loss : 0.4032 | accuracy : 0.8054 | opt_sps : 76.4364  ]
[2026-08-17 08:28:58,901][__main__][INFO] - [RANK 0] [ Eval  | Step: 68500  |  loss : 0.4118 | accuracy : 0.7988 | eval_s : 0.2949  ]
[2026-08-17 08:29:05,393][__main__][INFO] - [RANK 0] [ Train | Step: 69000  |  loss : 0.4043 | accuracy : 0.8053 | opt_sps : 76.4407  ]
[2026-08-17 08:29:05,688][__main__][INFO] - [RANK 0] [ Eval  | Step: 69000  |  loss : 0.4121 | accuracy : 0.7977 | eval_s : 0.2944  ]
[2026-08-17 08:29:12,242][__main__][INFO] - [RANK 0] [ Train | Step: 69500  |  loss : 0.4041 | accuracy : 0.8029 | opt_sps : 76.4396  ]
[2026-08-17 08:29:12,538][__main__][INFO] - [RANK 0] [ Eval  | Step: 69500  |  loss : 0.4084 | accuracy : 0.8002 | eval_s : 0.2949  ]
[2026-08-17 08:29:19,024][__main__][INFO] - [RANK 0] [ Train | Step: 70000  |  loss : 0.4032 | accuracy : 0.8043 | opt_sps : 76.4442  ]
[2026-08-17 08:29:19,320][__main__][INFO] - [RANK 0] [ Eval  | Step: 70000  |  loss : 0.4091 | accuracy : 0.7990 | eval_s : 0.2947  ]
[2026-08-17 08:29:25,844][__main__][INFO] - [RANK 0] [ Train | Step: 70500  |  loss : 0.4008 | accuracy : 0.8061 | opt_sps : 76.4456  ]
[2026-08-17 08:29:26,142][__main__][INFO] - [RANK 0] [ Eval  | Step: 70500  |  loss : 0.4103 | accuracy : 0.8003 | eval_s : 0.2967  ]
[2026-08-17 08:29:32,740][__main__][INFO] - [RANK 0] [ Train | Step: 71000  |  loss : 0.3992 | accuracy : 0.8072 | opt_sps : 76.4409  ]
[2026-08-17 08:29:33,039][__main__][INFO] - [RANK 0] [ Eval  | Step: 71000  |  loss : 0.4083 | accuracy : 0.8004 | eval_s : 0.2982  ]
[2026-08-17 08:29:39,503][__main__][INFO] - [RANK 0] [ Train | Step: 71500  |  loss : 0.3993 | accuracy : 0.8085 | opt_sps : 76.4472  ]
[2026-08-17 08:29:39,800][__main__][INFO] - [RANK 0] [ Eval  | Step: 71500  |  loss : 0.4111 | accuracy : 0.7983 | eval_s : 0.2961  ]
[2026-08-17 08:29:46,295][__main__][INFO] - [RANK 0] [ Train | Step: 72000  |  loss : 0.3981 | accuracy : 0.8080 | opt_sps : 76.4509  ]
[2026-08-17 08:29:46,590][__main__][INFO] - [RANK 0] [ Eval  | Step: 72000  |  loss : 0.4129 | accuracy : 0.8007 | eval_s : 0.2943  ]
[2026-08-17 08:29:53,178][__main__][INFO] - [RANK 0] [ Train | Step: 72500  |  loss : 0.3983 | accuracy : 0.8085 | opt_sps : 76.4470  ]
[2026-08-17 08:29:53,474][__main__][INFO] - [RANK 0] [ Eval  | Step: 72500  |  loss : 0.4067 | accuracy : 0.8026 | eval_s : 0.2945  ]
[2026-08-17 08:30:00,065][__main__][INFO] - [RANK 0] [ Train | Step: 73000  |  loss : 0.3964 | accuracy : 0.8104 | opt_sps : 76.4430  ]
[2026-08-17 08:30:00,361][__main__][INFO] - [RANK 0] [ Eval  | Step: 73000  |  loss : 0.4077 | accuracy : 0.8015 | eval_s : 0.2946  ]
[2026-08-17 08:30:06,877][__main__][INFO] - [RANK 0] [ Train | Step: 73500  |  loss : 0.3992 | accuracy : 0.8071 | opt_sps : 76.4449  ]
[2026-08-17 08:30:07,174][__main__][INFO] - [RANK 0] [ Eval  | Step: 73500  |  loss : 0.4055 | accuracy : 0.8032 | eval_s : 0.2955  ]
[2026-08-17 08:30:13,723][__main__][INFO] - [RANK 0] [ Train | Step: 74000  |  loss : 0.3981 | accuracy : 0.8073 | opt_sps : 76.4443  ]
[2026-08-17 08:30:14,020][__main__][INFO] - [RANK 0] [ Eval  | Step: 74000  |  loss : 0.4056 | accuracy : 0.8041 | eval_s : 0.2959  ]
[2026-08-17 08:30:20,526][__main__][INFO] - [RANK 0] [ Train | Step: 74500  |  loss : 0.3977 | accuracy : 0.8087 | opt_sps : 76.4470  ]
[2026-08-17 08:30:20,828][__main__][INFO] - [RANK 0] [ Eval  | Step: 74500  |  loss : 0.4178 | accuracy : 0.7968 | eval_s : 0.3009  ]
[2026-08-17 08:30:27,273][__main__][INFO] - [RANK 0] [ Train | Step: 75000  |  loss : 0.3978 | accuracy : 0.8075 | opt_sps : 76.4544  ]
[2026-08-17 08:30:27,569][__main__][INFO] - [RANK 0] [ Eval  | Step: 75000  |  loss : 0.4068 | accuracy : 0.8025 | eval_s : 0.2952  ]
[2026-08-17 08:30:34,115][__main__][INFO] - [RANK 0] [ Train | Step: 75500  |  loss : 0.3965 | accuracy : 0.8086 | opt_sps : 76.4539  ]
[2026-08-17 08:30:34,411][__main__][INFO] - [RANK 0] [ Eval  | Step: 75500  |  loss : 0.4065 | accuracy : 0.8010 | eval_s : 0.2949  ]
[2026-08-17 08:30:40,987][__main__][INFO] - [RANK 0] [ Train | Step: 76000  |  loss : 0.3974 | accuracy : 0.8087 | opt_sps : 76.4511  ]
[2026-08-17 08:30:41,284][__main__][INFO] - [RANK 0] [ Eval  | Step: 76000  |  loss : 0.4050 | accuracy : 0.8029 | eval_s : 0.2957  ]
[2026-08-17 08:30:47,842][__main__][INFO] - [RANK 0] [ Train | Step: 76500  |  loss : 0.3952 | accuracy : 0.8097 | opt_sps : 76.4498  ]
[2026-08-17 08:30:48,137][__main__][INFO] - [RANK 0] [ Eval  | Step: 76500  |  loss : 0.4045 | accuracy : 0.8039 | eval_s : 0.2943  ]
[2026-08-17 08:30:54,715][__main__][INFO] - [RANK 0] [ Train | Step: 77000  |  loss : 0.3932 | accuracy : 0.8099 | opt_sps : 76.4470  ]
[2026-08-17 08:30:55,013][__main__][INFO] - [RANK 0] [ Eval  | Step: 77000  |  loss : 0.4046 | accuracy : 0.8031 | eval_s : 0.2967  ]
[2026-08-17 08:31:01,884][__main__][INFO] - [RANK 0] [ Train | Step: 77500  |  loss : 0.3956 | accuracy : 0.8085 | opt_sps : 76.4221  ]
[2026-08-17 08:31:02,182][__main__][INFO] - [RANK 0] [ Eval  | Step: 77500  |  loss : 0.4047 | accuracy : 0.8031 | eval_s : 0.2966  ]
[2026-08-17 08:31:08,747][__main__][INFO] - [RANK 0] [ Train | Step: 78000  |  loss : 0.3959 | accuracy : 0.8101 | opt_sps : 76.4204  ]
[2026-08-17 08:31:09,042][__main__][INFO] - [RANK 0] [ Eval  | Step: 78000  |  loss : 0.4111 | accuracy : 0.8006 | eval_s : 0.2946  ]
[2026-08-17 08:31:15,604][__main__][INFO] - [RANK 0] [ Train | Step: 78500  |  loss : 0.3938 | accuracy : 0.8105 | opt_sps : 76.4190  ]
[2026-08-17 08:31:15,905][__main__][INFO] - [RANK 0] [ Eval  | Step: 78500  |  loss : 0.4061 | accuracy : 0.8012 | eval_s : 0.3008  ]
[2026-08-17 08:31:22,297][__main__][INFO] - [RANK 0] [ Train | Step: 79000  |  loss : 0.3932 | accuracy : 0.8106 | opt_sps : 76.4302  ]
[2026-08-17 08:31:22,593][__main__][INFO] - [RANK 0] [ Eval  | Step: 79000  |  loss : 0.4047 | accuracy : 0.8036 | eval_s : 0.2956  ]
[2026-08-17 08:31:29,134][__main__][INFO] - [RANK 0] [ Train | Step: 79500  |  loss : 0.3921 | accuracy : 0.8114 | opt_sps : 76.4303  ]
[2026-08-17 08:31:29,430][__main__][INFO] - [RANK 0] [ Eval  | Step: 79500  |  loss : 0.4027 | accuracy : 0.8038 | eval_s : 0.2952  ]
[2026-08-17 08:31:36,063][__main__][INFO] - [RANK 0] [ Train | Step: 80000  |  loss : 0.3926 | accuracy : 0.8097 | opt_sps : 76.4237  ]
[2026-08-17 08:31:36,358][__main__][INFO] - [RANK 0] [ Eval  | Step: 80000  |  loss : 0.4057 | accuracy : 0.8024 | eval_s : 0.2942  ]
[2026-08-17 08:31:42,920][__main__][INFO] - [RANK 0] [ Train | Step: 80500  |  loss : 0.3947 | accuracy : 0.8094 | opt_sps : 76.4223  ]
[2026-08-17 08:31:43,216][__main__][INFO] - [RANK 0] [ Eval  | Step: 80500  |  loss : 0.4040 | accuracy : 0.8029 | eval_s : 0.2955  ]
[2026-08-17 08:31:49,732][__main__][INFO] - [RANK 0] [ Train | Step: 81000  |  loss : 0.3924 | accuracy : 0.8108 | opt_sps : 76.4242  ]
[2026-08-17 08:31:50,028][__main__][INFO] - [RANK 0] [ Eval  | Step: 81000  |  loss : 0.4020 | accuracy : 0.8051 | eval_s : 0.2950  ]
[2026-08-17 08:31:56,578][__main__][INFO] - [RANK 0] [ Train | Step: 81500  |  loss : 0.3915 | accuracy : 0.8115 | opt_sps : 76.4238  ]
[2026-08-17 08:31:56,874][__main__][INFO] - [RANK 0] [ Eval  | Step: 81500  |  loss : 0.4026 | accuracy : 0.8037 | eval_s : 0.2952  ]
[2026-08-17 08:32:03,483][__main__][INFO] - [RANK 0] [ Train | Step: 82000  |  loss : 0.3914 | accuracy : 0.8120 | opt_sps : 76.4190  ]
[2026-08-17 08:32:03,779][__main__][INFO] - [RANK 0] [ Eval  | Step: 82000  |  loss : 0.4031 | accuracy : 0.8054 | eval_s : 0.2952  ]
[2026-08-17 08:32:10,367][__main__][INFO] - [RANK 0] [ Train | Step: 82500  |  loss : 0.3918 | accuracy : 0.8119 | opt_sps : 76.4158  ]
[2026-08-17 08:32:10,670][__main__][INFO] - [RANK 0] [ Eval  | Step: 82500  |  loss : 0.4022 | accuracy : 0.8053 | eval_s : 0.3019  ]
[2026-08-17 08:32:17,144][__main__][INFO] - [RANK 0] [ Train | Step: 83000  |  loss : 0.3893 | accuracy : 0.8125 | opt_sps : 76.4207  ]
[2026-08-17 08:32:17,442][__main__][INFO] - [RANK 0] [ Eval  | Step: 83000  |  loss : 0.4015 | accuracy : 0.8043 | eval_s : 0.2970  ]
[2026-08-17 08:32:23,985][__main__][INFO] - [RANK 0] [ Train | Step: 83500  |  loss : 0.3898 | accuracy : 0.8119 | opt_sps : 76.4207  ]
[2026-08-17 08:32:24,282][__main__][INFO] - [RANK 0] [ Eval  | Step: 83500  |  loss : 0.4025 | accuracy : 0.8036 | eval_s : 0.2956  ]
[2026-08-17 08:32:30,834][__main__][INFO] - [RANK 0] [ Train | Step: 84000  |  loss : 0.3884 | accuracy : 0.8143 | opt_sps : 76.4201  ]
[2026-08-17 08:32:31,130][__main__][INFO] - [RANK 0] [ Eval  | Step: 84000  |  loss : 0.4030 | accuracy : 0.8035 | eval_s : 0.2949  ]
[2026-08-17 08:32:37,672][__main__][INFO] - [RANK 0] [ Train | Step: 84500  |  loss : 0.3906 | accuracy : 0.8114 | opt_sps : 76.4201  ]
[2026-08-17 08:32:37,969][__main__][INFO] - [RANK 0] [ Eval  | Step: 84500  |  loss : 0.4015 | accuracy : 0.8055 | eval_s : 0.2960  ]
[2026-08-17 08:32:44,544][__main__][INFO] - [RANK 0] [ Train | Step: 85000  |  loss : 0.3879 | accuracy : 0.8131 | opt_sps : 76.4179  ]
[2026-08-17 08:32:44,841][__main__][INFO] - [RANK 0] [ Eval  | Step: 85000  |  loss : 0.4010 | accuracy : 0.8055 | eval_s : 0.2953  ]
[2026-08-17 08:32:51,419][__main__][INFO] - [RANK 0] [ Train | Step: 85500  |  loss : 0.3908 | accuracy : 0.8132 | opt_sps : 76.4156  ]
[2026-08-17 08:32:51,715][__main__][INFO] - [RANK 0] [ Eval  | Step: 85500  |  loss : 0.4021 | accuracy : 0.8047 | eval_s : 0.2949  ]
[2026-08-17 08:32:58,251][__main__][INFO] - [RANK 0] [ Train | Step: 86000  |  loss : 0.3902 | accuracy : 0.8115 | opt_sps : 76.4161  ]
[2026-08-17 08:32:58,547][__main__][INFO] - [RANK 0] [ Eval  | Step: 86000  |  loss : 0.4010 | accuracy : 0.8042 | eval_s : 0.2955  ]
[2026-08-17 08:33:05,088][__main__][INFO] - [RANK 0] [ Train | Step: 86500  |  loss : 0.3918 | accuracy : 0.8115 | opt_sps : 76.4162  ]
[2026-08-17 08:33:05,390][__main__][INFO] - [RANK 0] [ Eval  | Step: 86500  |  loss : 0.4008 | accuracy : 0.8053 | eval_s : 0.3008  ]
[2026-08-17 08:33:12,051][__main__][INFO] - [RANK 0] [ Train | Step: 87000  |  loss : 0.3873 | accuracy : 0.8129 | opt_sps : 76.4083  ]
[2026-08-17 08:33:12,352][__main__][INFO] - [RANK 0] [ Eval  | Step: 87000  |  loss : 0.4002 | accuracy : 0.8048 | eval_s : 0.2994  ]
[2026-08-17 08:33:18,889][__main__][INFO] - [RANK 0] [ Train | Step: 87500  |  loss : 0.3906 | accuracy : 0.8115 | opt_sps : 76.4088  ]
[2026-08-17 08:33:19,185][__main__][INFO] - [RANK 0] [ Eval  | Step: 87500  |  loss : 0.3995 | accuracy : 0.8063 | eval_s : 0.2948  ]
[2026-08-17 08:33:25,686][__main__][INFO] - [RANK 0] [ Train | Step: 88000  |  loss : 0.3864 | accuracy : 0.8139 | opt_sps : 76.4117  ]
[2026-08-17 08:33:25,982][__main__][INFO] - [RANK 0] [ Eval  | Step: 88000  |  loss : 0.4017 | accuracy : 0.8053 | eval_s : 0.2952  ]
[2026-08-17 08:33:32,537][__main__][INFO] - [RANK 0] [ Train | Step: 88500  |  loss : 0.3888 | accuracy : 0.8139 | opt_sps : 76.4109  ]
[2026-08-17 08:33:32,834][__main__][INFO] - [RANK 0] [ Eval  | Step: 88500  |  loss : 0.4008 | accuracy : 0.8050 | eval_s : 0.2955  ]
[2026-08-17 08:33:39,513][__main__][INFO] - [RANK 0] [ Train | Step: 89000  |  loss : 0.3841 | accuracy : 0.8163 | opt_sps : 76.4020  ]
[2026-08-17 08:33:39,809][__main__][INFO] - [RANK 0] [ Eval  | Step: 89000  |  loss : 0.3997 | accuracy : 0.8065 | eval_s : 0.2956  ]
[2026-08-17 08:33:46,315][__main__][INFO] - [RANK 0] [ Train | Step: 89500  |  loss : 0.3875 | accuracy : 0.8137 | opt_sps : 76.4046  ]
[2026-08-17 08:33:46,610][__main__][INFO] - [RANK 0] [ Eval  | Step: 89500  |  loss : 0.3996 | accuracy : 0.8071 | eval_s : 0.2943  ]
[2026-08-17 08:33:53,077][__main__][INFO] - [RANK 0] [ Train | Step: 90000  |  loss : 0.3897 | accuracy : 0.8120 | opt_sps : 76.4095  ]
[2026-08-17 08:33:53,373][__main__][INFO] - [RANK 0] [ Eval  | Step: 90000  |  loss : 0.3995 | accuracy : 0.8070 | eval_s : 0.2946  ]
[2026-08-17 08:33:59,831][__main__][INFO] - [RANK 0] [ Train | Step: 90500  |  loss : 0.3875 | accuracy : 0.8133 | opt_sps : 76.4151  ]
[2026-08-17 08:34:00,131][__main__][INFO] - [RANK 0] [ Eval  | Step: 90500  |  loss : 0.4006 | accuracy : 0.8059 | eval_s : 0.2985  ]
[2026-08-17 08:34:06,545][__main__][INFO] - [RANK 0] [ Train | Step: 91000  |  loss : 0.3872 | accuracy : 0.8129 | opt_sps : 76.4234  ]
[2026-08-17 08:34:06,841][__main__][INFO] - [RANK 0] [ Eval  | Step: 91000  |  loss : 0.3993 | accuracy : 0.8074 | eval_s : 0.2955  ]
[2026-08-17 08:34:13,424][__main__][INFO] - [RANK 0] [ Train | Step: 91500  |  loss : 0.3873 | accuracy : 0.8131 | opt_sps : 76.4209  ]
[2026-08-17 08:34:13,722][__main__][INFO] - [RANK 0] [ Eval  | Step: 91500  |  loss : 0.4006 | accuracy : 0.8044 | eval_s : 0.2966  ]
[2026-08-17 08:34:20,313][__main__][INFO] - [RANK 0] [ Train | Step: 92000  |  loss : 0.3884 | accuracy : 0.8135 | opt_sps : 76.4178  ]
[2026-08-17 08:34:20,608][__main__][INFO] - [RANK 0] [ Eval  | Step: 92000  |  loss : 0.4000 | accuracy : 0.8040 | eval_s : 0.2949  ]
[2026-08-17 08:34:27,102][__main__][INFO] - [RANK 0] [ Train | Step: 92500  |  loss : 0.3887 | accuracy : 0.8137 | opt_sps : 76.4209  ]
[2026-08-17 08:34:27,398][__main__][INFO] - [RANK 0] [ Eval  | Step: 92500  |  loss : 0.4010 | accuracy : 0.8035 | eval_s : 0.2944  ]
[2026-08-17 08:34:33,883][__main__][INFO] - [RANK 0] [ Train | Step: 93000  |  loss : 0.3862 | accuracy : 0.8143 | opt_sps : 76.4245  ]
[2026-08-17 08:34:34,179][__main__][INFO] - [RANK 0] [ Eval  | Step: 93000  |  loss : 0.3998 | accuracy : 0.8052 | eval_s : 0.2951  ]
[2026-08-17 08:34:40,722][__main__][INFO] - [RANK 0] [ Train | Step: 93500  |  loss : 0.3835 | accuracy : 0.8151 | opt_sps : 76.4244  ]
[2026-08-17 08:34:41,018][__main__][INFO] - [RANK 0] [ Eval  | Step: 93500  |  loss : 0.3998 | accuracy : 0.8053 | eval_s : 0.2950  ]
[2026-08-17 08:34:47,542][__main__][INFO] - [RANK 0] [ Train | Step: 94000  |  loss : 0.3867 | accuracy : 0.8136 | opt_sps : 76.4256  ]
[2026-08-17 08:34:47,843][__main__][INFO] - [RANK 0] [ Eval  | Step: 94000  |  loss : 0.4004 | accuracy : 0.8062 | eval_s : 0.3001  ]
[2026-08-17 08:34:54,358][__main__][INFO] - [RANK 0] [ Train | Step: 94500  |  loss : 0.3895 | accuracy : 0.8112 | opt_sps : 76.4273  ]
[2026-08-17 08:34:54,657][__main__][INFO] - [RANK 0] [ Eval  | Step: 94500  |  loss : 0.3997 | accuracy : 0.8057 | eval_s : 0.2982  ]
[2026-08-17 08:35:01,171][__main__][INFO] - [RANK 0] [ Train | Step: 95000  |  loss : 0.3862 | accuracy : 0.8153 | opt_sps : 76.4290  ]
[2026-08-17 08:35:01,467][__main__][INFO] - [RANK 0] [ Eval  | Step: 95000  |  loss : 0.3998 | accuracy : 0.8046 | eval_s : 0.2954  ]
[2026-08-17 08:35:08,003][__main__][INFO] - [RANK 0] [ Train | Step: 95500  |  loss : 0.3879 | accuracy : 0.8135 | opt_sps : 76.4294  ]
[2026-08-17 08:35:08,299][__main__][INFO] - [RANK 0] [ Eval  | Step: 95500  |  loss : 0.3992 | accuracy : 0.8053 | eval_s : 0.2955  ]
[2026-08-17 08:35:14,840][__main__][INFO] - [RANK 0] [ Train | Step: 96000  |  loss : 0.3873 | accuracy : 0.8140 | opt_sps : 76.4296  ]
[2026-08-17 08:35:15,136][__main__][INFO] - [RANK 0] [ Eval  | Step: 96000  |  loss : 0.3994 | accuracy : 0.8055 | eval_s : 0.2951  ]
[2026-08-17 08:35:21,741][__main__][INFO] - [RANK 0] [ Train | Step: 96500  |  loss : 0.3871 | accuracy : 0.8146 | opt_sps : 76.4257  ]
[2026-08-17 08:35:22,039][__main__][INFO] - [RANK 0] [ Eval  | Step: 96500  |  loss : 0.3994 | accuracy : 0.8062 | eval_s : 0.2966  ]
[2026-08-17 08:35:28,467][__main__][INFO] - [RANK 0] [ Train | Step: 97000  |  loss : 0.3890 | accuracy : 0.8126 | opt_sps : 76.4326  ]
[2026-08-17 08:35:28,762][__main__][INFO] - [RANK 0] [ Eval  | Step: 97000  |  loss : 0.3987 | accuracy : 0.8062 | eval_s : 0.2945  ]
[2026-08-17 08:35:35,207][__main__][INFO] - [RANK 0] [ Train | Step: 97500  |  loss : 0.3881 | accuracy : 0.8142 | opt_sps : 76.4384  ]
[2026-08-17 08:35:35,504][__main__][INFO] - [RANK 0] [ Eval  | Step: 97500  |  loss : 0.3997 | accuracy : 0.8053 | eval_s : 0.2957  ]
[2026-08-17 08:35:42,053][__main__][INFO] - [RANK 0] [ Train | Step: 98000  |  loss : 0.3864 | accuracy : 0.8135 | opt_sps : 76.4380  ]
[2026-08-17 08:35:42,358][__main__][INFO] - [RANK 0] [ Eval  | Step: 98000  |  loss : 0.3985 | accuracy : 0.8046 | eval_s : 0.3040  ]
[2026-08-17 08:35:48,818][__main__][INFO] - [RANK 0] [ Train | Step: 98500  |  loss : 0.3875 | accuracy : 0.8137 | opt_sps : 76.4428  ]
[2026-08-17 08:35:49,114][__main__][INFO] - [RANK 0] [ Eval  | Step: 98500  |  loss : 0.3995 | accuracy : 0.8058 | eval_s : 0.2951  ]
[2026-08-17 08:35:55,616][__main__][INFO] - [RANK 0] [ Train | Step: 99000  |  loss : 0.3864 | accuracy : 0.8128 | opt_sps : 76.4451  ]
[2026-08-17 08:35:55,912][__main__][INFO] - [RANK 0] [ Eval  | Step: 99000  |  loss : 0.3995 | accuracy : 0.8054 | eval_s : 0.2945  ]
[2026-08-17 08:36:02,410][__main__][INFO] - [RANK 0] [ Train | Step: 99500  |  loss : 0.3843 | accuracy : 0.8162 | opt_sps : 76.4476  ]
[2026-08-17 08:36:02,707][__main__][INFO] - [RANK 0] [ Eval  | Step: 99500  |  loss : 0.3994 | accuracy : 0.8051 | eval_s : 0.2954  ]
[2026-08-17 08:36:09,194][__main__][INFO] - [RANK 0] [ Train | Step: 100000 |  loss : 0.3883 | accuracy : 0.8131 | opt_sps : 76.4507  ]
[2026-08-17 08:36:09,490][__main__][INFO] - [RANK 0] [ Eval  | Step: 100000 |  loss : 0.3995 | accuracy : 0.8054 | eval_s : 0.2946  ]
[2026-08-17 08:36:09,491][__main__][INFO] - [RANK 0] loading best model
[2026-08-17 08:36:09,492][__main__][INFO] - [RANK 0] [Eval  | Summary |  best_loss : 0.3985 | best_step : 98000.0000 ]
[2026-08-17 08:36:09,787][__main__][INFO] - [RANK 0] [Test  | Summary |  model/phase_R : 0.9691 | model/gate_offdiag : 0.9435 | model/vote_agreement : 0.7202 | model/evidence_ratio : 61.1291 | loss/cross_entropy : 0.3905 | loss/loss : 0.3905 | callbacks/accuracy : 0.8146 | callbacks/non_relational_accuracy : 0.9998 | callbacks/binary_accuracy : 0.8291 | callbacks/ternary_accuracy : 0.6148 | callbacks/query_shape_accuracy : 0.9997 | callbacks/left_of_centre_accuracy : 0.9997 | callbacks/top_half_accuracy : 1.0000 | callbacks/closest_shape_accuracy : 0.7521 | callbacks/furthest_shape_accuracy : 0.7427 | callbacks/count_same_shape_accuracy : 0.9965 | callbacks/count_in_box_accuracy : 0.7380 | callbacks/on_band_accuracy : 0.6575 | callbacks/count_obtuse_accuracy : 0.4448 | timing/eval_s : 0.2946 ]
wandb: updating run metadata
wandb: uploading output.log
wandb: 
wandb: Run history:
wandb:                  eval_callbacks/accuracy ▁▅▅▅▅▅▅▅▆▆▆▆▇▆▇▇▇▇▇▇▇▇██▇███████████████
wandb:           eval_callbacks/binary_accuracy ▁▁▁▂▂▃▃▃▃▃▅▄▆▆▆▆▄▇▇▇▇▇▇▇▇███████████████
wandb:    eval_callbacks/closest_shape_accuracy ▁▂▄▄▅▅▆▆▆▆▆▆▆▆▇▇▇▆▇▇▇▇▇▇▇▇▇█▇███████████
wandb:     eval_callbacks/count_in_box_accuracy ▁▁▁▁▁▁▁▁▁▁▁▁▁▁▁▁▁▁▂▄▃▄▄▄▄▄▄▄▅▅▅▇▅▇▆▇▆▇█▇
wandb:     eval_callbacks/count_obtuse_accuracy ▆▁▆▆▆▆▆▆▆▅▆▆▆▆▆▆▆▆▆▆▇▇▆▇▇▇▇▇▇▇███▇██████
wandb: eval_callbacks/count_same_shape_accuracy ▁▁▁▁▁▁▁▄▅▄▅▅▆▆▆▇▇▇▇▇█▇█▇████████████████
wandb:   eval_callbacks/furthest_shape_accuracy ▂▁▄▂▄▅▆▆▇▆▆▆▅▆▇▇▆▆▆▆▇▇▇▆▇▇▇▇▇▇██████████
wandb:   eval_callbacks/left_of_centre_accuracy ▁███████████████████████████████████████
wandb:   eval_callbacks/non_relational_accuracy ▁▅▆▇████████████████████████████████████
wandb:          eval_callbacks/on_band_accuracy ▂▁▂▂▂▂▁▂▂▂▂▃▃▃▂▅▆▆▆▆▇▆▇▇▇▇▇▇▇█▇█████████
wandb:                                      +32 ...
wandb: 
wandb: Run summary:
wandb:                           eval/best_loss 0.39854
wandb:                           eval/best_step 98000
wandb:                  eval_callbacks/accuracy 0.8054
wandb:           eval_callbacks/binary_accuracy 0.81686
wandb:    eval_callbacks/closest_shape_accuracy 0.74498
wandb:     eval_callbacks/count_in_box_accuracy 0.72211
wandb:     eval_callbacks/count_obtuse_accuracy 0.42334
wandb: eval_callbacks/count_same_shape_accuracy 0.99489
wandb:   eval_callbacks/furthest_shape_accuracy 0.71472
wandb:   eval_callbacks/left_of_centre_accuracy 0.99932
wandb:                                      +54 ...
wandb: 
wandb: 🚀 View run sort_of_clevr/syncnet::multirun::2026-08-17_07-27-27::2 at: https://wandb.ai/niks_priv/sort_of_clevr/runs/ei1vuec2
wandb: ⭐️ View project at: https://wandb.ai/niks_priv/sort_of_clevr
wandb: Synced 5 W&B file(s), 0 media file(s), 0 artifact file(s) and 0 other file(s)
wandb: Find logs at: ./outputs/sort_of_clevr/multirun/2026-08-17_07-27-27/2/wandb/run-20260817_081320-ei1vuec2/logs
[2026-08-17 08:36:12,113][HYDRA] 	#3 : model.module_dim=256 model.n_modules=4 model.partition=quadrant train.seed=0 task=sort_of_clevr experiment=sort_of_clevr/syncnet/scale
wandb: setting up run pl9ykmgm
wandb: Tracking run with wandb version 0.27.2
wandb: Run data is saved locally in /home/nik/workspace/ImperialWork/msc_project/SyncNetProject/outputs/sort_of_clevr/multirun/2026-08-17_07-27-27/3/wandb/run-20260817_083618-pl9ykmgm
wandb: Run `wandb offline` to turn off syncing.
wandb: Syncing run sort_of_clevr/syncnet::multirun::2026-08-17_07-27-27::3
wandb: ⭐️ View project at https://wandb.ai/niks_priv/sort_of_clevr
wandb: 🚀 View run at https://wandb.ai/niks_priv/sort_of_clevr/runs/pl9ykmgm
[2026-08-17 08:36:19,174][__main__][INFO] - [RANK 0] Starting training
[2026-08-17 08:36:19,174][__main__][INFO] - [RANK 0] Model: SortOfClevrSyncNet
[2026-08-17 08:36:19,174][__main__][INFO] - [RANK 0] Parameters: total=694096
[2026-08-17 08:36:19,177][__main__][INFO] - [RANK 0] Config:
train:
  seed: 0
  n_steps: 100000
  train_bs: 256
  val_bs: 1024
  early_stop_metric: loss
  early_stop_big_is_better: false
  early_stop_patience: 1000000
  early_stop_min_delta: 0.0
  mixed_precision: bf16
  compile_model: false
  grad_accum: 1
  grad_clip: 1.0
  loader_mode: gpu_cached
  num_workers: 0
logging:
  eval_log_interval: 500
  train_log_interval: 500
  info_metrics:
  - loss
  - accuracy
  save_best: true
wandb:
  enabled: true
  project_name: sort_of_clevr
  entity: niks_priv
  tags: []
  run_name: null
optim:
  optimiser: adamw
  lr: 0.0003
  weight_decay: 0.01
  lr_scheduler: warmup_cosine
  lr_scheduler_params:
    warmup_steps: 2000
dataset:
  name: sort_of_clevr
  root: ./data
  dir: sort_of_clevr-seed1-train36000-test1000-img75-obj5-q10-t-1
  seed: 1
  train_size: 36000
  test_size: 1000
  img_size: 75
  obj_size: 5
  nb_questions: 10
  t_subtype: -1
model:
  name: sort_of_clevr_syncnet
  q_conditioning: film
  q_emb_dim: 32
  partition: quadrant
  use_pos_emb: true
  n_modules: 4
  module_dim: 256
  content_dim: 8
  query_hidden: 64
  beta_init: 5.0
  learn_beta: true
  use_module_embed: false
  embed_scale: 1.0
  gate_mode: phase
  T: 6
  dt: 0.1
  omega_init: 0.5
  learn_omega: true
  k_hidden: 64
  deterministic_phase: false
  msg_dim: 64
  msg_agg: mean
  readout_mode: sum
  hidden_dim: 128
  use_prior_head: true
  vote_sees_q: true
  encoder:
    name: patchify
    ch: 128
    patch_size: 5
    hidden: 64
callbacks:
- name: accuracy
- name: qtype_accuracy
- name: subtype_accuracy

[2026-08-17 08:36:19,177][__main__][INFO] - [RANK 0] Full model:
SortOfClevrSyncNet(
  (inner): VQASyncNet(
    (q_encoder): IdentityQuestionEncoder()
    (film_gamma): Linear(in_features=18, out_features=128, bias=True)
    (film_beta): Linear(in_features=18, out_features=128, bias=True)
    (encoders): ModuleList(
      (0): PatchifyEncoder(
        (patchify): Conv2d(3, 128, kernel_size=(5, 5), stride=(5, 5))
      )
    )
    (norms): ModuleList(
      (0): GroupNorm(8, 128, eps=1e-05, affine=True, bias=True)
    )
    (h_init): Sequential(
      (0): Linear(in_features=18, out_features=64, bias=True)
      (1): GELU(approximate='none')
      (2): Linear(in_features=64, out_features=1024, bias=True)
    )
    (attn_query): Linear(in_features=256, out_features=128, bias=True)
    (msg_proj): Linear(in_features=256, out_features=64, bias=True)
    (cell): GRUCell(192, 256)
    (k_mlp): Sequential(
      (0): Linear(in_features=512, out_features=64, bias=True)
      (1): GELU(approximate='none')
      (2): Linear(in_features=64, out_features=1, bias=True)
      (3): Tanh()
    )
    (content_head): Linear(in_features=128, out_features=8, bias=True)
    (vote_heads): ModuleList(
      (0-3): 4 x Sequential(
        (0): Linear(in_features=282, out_features=128, bias=True)
        (1): GELU(approximate='none')
        (2): Linear(in_features=128, out_features=10, bias=True)
      )
    )
    (prior_head): Sequential(
      (0): Linear(in_features=18, out_features=128, bias=True)
      (1): GELU(approximate='none')
      (2): Linear(in_features=128, out_features=10, bias=True)
    )
  )
)
[2026-08-17 08:36:25,889][__main__][INFO] - [RANK 0] [ Train | Step: 500    |  loss : 1.4028 | accuracy : 0.3966 | opt_sps : 74.5106  ]
[2026-08-17 08:36:26,191][__main__][INFO] - [RANK 0] [ Eval  | Step: 500    |  loss : 0.8845 | accuracy : 0.4952 | eval_s : 0.3012  ]
[2026-08-17 08:36:32,776][__main__][INFO] - [RANK 0] [ Train | Step: 1000   |  loss : 0.8663 | accuracy : 0.5149 | opt_sps : 75.2188  ]
[2026-08-17 08:36:33,078][__main__][INFO] - [RANK 0] [ Eval  | Step: 1000   |  loss : 0.8118 | accuracy : 0.5608 | eval_s : 0.3011  ]
[2026-08-17 08:36:39,658][__main__][INFO] - [RANK 0] [ Train | Step: 1500   |  loss : 0.7688 | accuracy : 0.5986 | opt_sps : 75.4788  ]
[2026-08-17 08:36:39,961][__main__][INFO] - [RANK 0] [ Eval  | Step: 1500   |  loss : 0.7246 | accuracy : 0.6336 | eval_s : 0.3015  ]
[2026-08-17 08:36:46,564][__main__][INFO] - [RANK 0] [ Train | Step: 2000   |  loss : 0.7170 | accuracy : 0.6384 | opt_sps : 75.5413  ]
[2026-08-17 08:36:46,868][__main__][INFO] - [RANK 0] [ Eval  | Step: 2000   |  loss : 0.7147 | accuracy : 0.6416 | eval_s : 0.3028  ]
[2026-08-17 08:36:53,477][__main__][INFO] - [RANK 0] [ Train | Step: 2500   |  loss : 0.7018 | accuracy : 0.6453 | opt_sps : 75.5656  ]
[2026-08-17 08:36:53,783][__main__][INFO] - [RANK 0] [ Eval  | Step: 2500   |  loss : 0.6866 | accuracy : 0.6516 | eval_s : 0.3054  ]
[2026-08-17 08:37:00,254][__main__][INFO] - [RANK 0] [ Train | Step: 3000   |  loss : 0.6898 | accuracy : 0.6529 | opt_sps : 75.8469  ]
[2026-08-17 08:37:00,558][__main__][INFO] - [RANK 0] [ Eval  | Step: 3000   |  loss : 0.6743 | accuracy : 0.6655 | eval_s : 0.3034  ]
[2026-08-17 08:37:07,052][__main__][INFO] - [RANK 0] [ Train | Step: 3500   |  loss : 0.6757 | accuracy : 0.6639 | opt_sps : 76.0110  ]
[2026-08-17 08:37:07,354][__main__][INFO] - [RANK 0] [ Eval  | Step: 3500   |  loss : 0.6840 | accuracy : 0.6557 | eval_s : 0.3013  ]
[2026-08-17 08:37:13,905][__main__][INFO] - [RANK 0] [ Train | Step: 4000   |  loss : 0.6725 | accuracy : 0.6659 | opt_sps : 76.0495  ]
[2026-08-17 08:37:14,207][__main__][INFO] - [RANK 0] [ Eval  | Step: 4000   |  loss : 0.6700 | accuracy : 0.6634 | eval_s : 0.3011  ]
[2026-08-17 08:37:20,796][__main__][INFO] - [RANK 0] [ Train | Step: 4500   |  loss : 0.6644 | accuracy : 0.6713 | opt_sps : 76.0331  ]
[2026-08-17 08:37:21,099][__main__][INFO] - [RANK 0] [ Eval  | Step: 4500   |  loss : 0.6607 | accuracy : 0.6680 | eval_s : 0.3013  ]
[2026-08-17 08:37:27,829][__main__][INFO] - [RANK 0] [ Train | Step: 5000   |  loss : 0.6579 | accuracy : 0.6754 | opt_sps : 75.8552  ]
[2026-08-17 08:37:28,135][__main__][INFO] - [RANK 0] [ Eval  | Step: 5000   |  loss : 0.6499 | accuracy : 0.6842 | eval_s : 0.3048  ]
[2026-08-17 08:37:34,731][__main__][INFO] - [RANK 0] [ Train | Step: 5500   |  loss : 0.6552 | accuracy : 0.6768 | opt_sps : 75.8515  ]
[2026-08-17 08:37:35,033][__main__][INFO] - [RANK 0] [ Eval  | Step: 5500   |  loss : 0.6508 | accuracy : 0.6784 | eval_s : 0.3012  ]
[2026-08-17 08:37:41,570][__main__][INFO] - [RANK 0] [ Train | Step: 6000   |  loss : 0.6511 | accuracy : 0.6763 | opt_sps : 75.9041  ]
[2026-08-17 08:37:41,872][__main__][INFO] - [RANK 0] [ Eval  | Step: 6000   |  loss : 0.6482 | accuracy : 0.6761 | eval_s : 0.3011  ]
[2026-08-17 08:37:48,507][__main__][INFO] - [RANK 0] [ Train | Step: 6500   |  loss : 0.6458 | accuracy : 0.6799 | opt_sps : 75.8636  ]
[2026-08-17 08:37:48,814][__main__][INFO] - [RANK 0] [ Eval  | Step: 6500   |  loss : 0.6469 | accuracy : 0.6746 | eval_s : 0.3069  ]
[2026-08-17 08:37:55,311][__main__][INFO] - [RANK 0] [ Train | Step: 7000   |  loss : 0.6441 | accuracy : 0.6816 | opt_sps : 75.9417  ]
[2026-08-17 08:37:55,616][__main__][INFO] - [RANK 0] [ Eval  | Step: 7000   |  loss : 0.6525 | accuracy : 0.6802 | eval_s : 0.3031  ]
[2026-08-17 08:38:02,129][__main__][INFO] - [RANK 0] [ Train | Step: 7500   |  loss : 0.6450 | accuracy : 0.6804 | opt_sps : 75.9963  ]
[2026-08-17 08:38:02,431][__main__][INFO] - [RANK 0] [ Eval  | Step: 7500   |  loss : 0.6424 | accuracy : 0.6904 | eval_s : 0.3019  ]
[2026-08-17 08:38:08,996][__main__][INFO] - [RANK 0] [ Train | Step: 8000   |  loss : 0.6424 | accuracy : 0.6808 | opt_sps : 76.0078  ]
[2026-08-17 08:38:09,298][__main__][INFO] - [RANK 0] [ Eval  | Step: 8000   |  loss : 0.6537 | accuracy : 0.6715 | eval_s : 0.3013  ]
[2026-08-17 08:38:15,855][__main__][INFO] - [RANK 0] [ Train | Step: 8500   |  loss : 0.6405 | accuracy : 0.6838 | opt_sps : 76.0220  ]
[2026-08-17 08:38:16,157][__main__][INFO] - [RANK 0] [ Eval  | Step: 8500   |  loss : 0.6419 | accuracy : 0.6872 | eval_s : 0.3011  ]
[2026-08-17 08:38:22,691][__main__][INFO] - [RANK 0] [ Train | Step: 9000   |  loss : 0.6375 | accuracy : 0.6838 | opt_sps : 76.0505  ]
[2026-08-17 08:38:22,993][__main__][INFO] - [RANK 0] [ Eval  | Step: 9000   |  loss : 0.6499 | accuracy : 0.6775 | eval_s : 0.3010  ]
[2026-08-17 08:38:29,680][__main__][INFO] - [RANK 0] [ Train | Step: 9500   |  loss : 0.6353 | accuracy : 0.6876 | opt_sps : 75.9819  ]
[2026-08-17 08:38:29,983][__main__][INFO] - [RANK 0] [ Eval  | Step: 9500   |  loss : 0.6356 | accuracy : 0.6922 | eval_s : 0.3016  ]
[2026-08-17 08:38:36,727][__main__][INFO] - [RANK 0] [ Train | Step: 10000  |  loss : 0.6376 | accuracy : 0.6846 | opt_sps : 75.8879  ]
[2026-08-17 08:38:37,030][__main__][INFO] - [RANK 0] [ Eval  | Step: 10000  |  loss : 0.6349 | accuracy : 0.6869 | eval_s : 0.3015  ]
[2026-08-17 08:38:43,531][__main__][INFO] - [RANK 0] [ Train | Step: 10500  |  loss : 0.6351 | accuracy : 0.6878 | opt_sps : 75.9365  ]
[2026-08-17 08:38:43,838][__main__][INFO] - [RANK 0] [ Eval  | Step: 10500  |  loss : 0.6346 | accuracy : 0.6884 | eval_s : 0.3060  ]
[2026-08-17 08:38:50,338][__main__][INFO] - [RANK 0] [ Train | Step: 11000  |  loss : 0.6316 | accuracy : 0.6894 | opt_sps : 75.9816  ]
[2026-08-17 08:38:50,641][__main__][INFO] - [RANK 0] [ Eval  | Step: 11000  |  loss : 0.6297 | accuracy : 0.6918 | eval_s : 0.3029  ]
[2026-08-17 08:38:57,160][__main__][INFO] - [RANK 0] [ Train | Step: 11500  |  loss : 0.6197 | accuracy : 0.6972 | opt_sps : 76.0129  ]
[2026-08-17 08:38:57,462][__main__][INFO] - [RANK 0] [ Eval  | Step: 11500  |  loss : 0.6132 | accuracy : 0.7029 | eval_s : 0.3010  ]
[2026-08-17 08:39:03,996][__main__][INFO] - [RANK 0] [ Train | Step: 12000  |  loss : 0.6098 | accuracy : 0.7031 | opt_sps : 76.0347  ]
[2026-08-17 08:39:04,300][__main__][INFO] - [RANK 0] [ Eval  | Step: 12000  |  loss : 0.6017 | accuracy : 0.7067 | eval_s : 0.3032  ]
[2026-08-17 08:39:10,920][__main__][INFO] - [RANK 0] [ Train | Step: 12500  |  loss : 0.6016 | accuracy : 0.7100 | opt_sps : 76.0152  ]
[2026-08-17 08:39:11,223][__main__][INFO] - [RANK 0] [ Eval  | Step: 12500  |  loss : 0.5875 | accuracy : 0.7177 | eval_s : 0.3023  ]
[2026-08-17 08:39:17,796][__main__][INFO] - [RANK 0] [ Train | Step: 13000  |  loss : 0.5941 | accuracy : 0.7123 | opt_sps : 76.0177  ]
[2026-08-17 08:39:18,099][__main__][INFO] - [RANK 0] [ Eval  | Step: 13000  |  loss : 0.5825 | accuracy : 0.7212 | eval_s : 0.3021  ]
[2026-08-17 08:39:24,738][__main__][INFO] - [RANK 0] [ Train | Step: 13500  |  loss : 0.5893 | accuracy : 0.7165 | opt_sps : 75.9917  ]
[2026-08-17 08:39:25,040][__main__][INFO] - [RANK 0] [ Eval  | Step: 13500  |  loss : 0.5837 | accuracy : 0.7167 | eval_s : 0.3015  ]
[2026-08-17 08:39:31,594][__main__][INFO] - [RANK 0] [ Train | Step: 14000  |  loss : 0.5720 | accuracy : 0.7251 | opt_sps : 76.0024  ]
[2026-08-17 08:39:31,900][__main__][INFO] - [RANK 0] [ Eval  | Step: 14000  |  loss : 0.5654 | accuracy : 0.7260 | eval_s : 0.3044  ]
[2026-08-17 08:39:38,646][__main__][INFO] - [RANK 0] [ Train | Step: 14500  |  loss : 0.5866 | accuracy : 0.7192 | opt_sps : 75.9363  ]
[2026-08-17 08:39:38,954][__main__][INFO] - [RANK 0] [ Eval  | Step: 14500  |  loss : 0.5628 | accuracy : 0.7317 | eval_s : 0.3079  ]
[2026-08-17 08:39:45,425][__main__][INFO] - [RANK 0] [ Train | Step: 15000  |  loss : 0.5720 | accuracy : 0.7258 | opt_sps : 75.9808  ]
[2026-08-17 08:39:45,730][__main__][INFO] - [RANK 0] [ Eval  | Step: 15000  |  loss : 0.6043 | accuracy : 0.7079 | eval_s : 0.3042  ]
[2026-08-17 08:39:52,352][__main__][INFO] - [RANK 0] [ Train | Step: 15500  |  loss : 0.5691 | accuracy : 0.7246 | opt_sps : 75.9651  ]
[2026-08-17 08:39:52,655][__main__][INFO] - [RANK 0] [ Eval  | Step: 15500  |  loss : 0.5668 | accuracy : 0.7223 | eval_s : 0.3012  ]
[2026-08-17 08:39:59,195][__main__][INFO] - [RANK 0] [ Train | Step: 16000  |  loss : 0.5673 | accuracy : 0.7260 | opt_sps : 75.9800  ]
[2026-08-17 08:39:59,498][__main__][INFO] - [RANK 0] [ Eval  | Step: 16000  |  loss : 0.5960 | accuracy : 0.7162 | eval_s : 0.3014  ]
[2026-08-17 08:40:06,083][__main__][INFO] - [RANK 0] [ Train | Step: 16500  |  loss : 0.5585 | accuracy : 0.7318 | opt_sps : 75.9785  ]
[2026-08-17 08:40:06,386][__main__][INFO] - [RANK 0] [ Eval  | Step: 16500  |  loss : 0.5572 | accuracy : 0.7296 | eval_s : 0.3022  ]
[2026-08-17 08:40:12,925][__main__][INFO] - [RANK 0] [ Train | Step: 17000  |  loss : 0.5570 | accuracy : 0.7301 | opt_sps : 75.9928  ]
[2026-08-17 08:40:13,228][__main__][INFO] - [RANK 0] [ Eval  | Step: 17000  |  loss : 0.5588 | accuracy : 0.7286 | eval_s : 0.3012  ]
[2026-08-17 08:40:19,804][__main__][INFO] - [RANK 0] [ Train | Step: 17500  |  loss : 0.5437 | accuracy : 0.7364 | opt_sps : 75.9938  ]
[2026-08-17 08:40:20,106][__main__][INFO] - [RANK 0] [ Eval  | Step: 17500  |  loss : 0.5330 | accuracy : 0.7310 | eval_s : 0.3009  ]
[2026-08-17 08:40:26,661][__main__][INFO] - [RANK 0] [ Train | Step: 18000  |  loss : 0.5512 | accuracy : 0.7345 | opt_sps : 76.0020  ]
[2026-08-17 08:40:26,964][__main__][INFO] - [RANK 0] [ Eval  | Step: 18000  |  loss : 0.5529 | accuracy : 0.7327 | eval_s : 0.3022  ]
[2026-08-17 08:40:33,529][__main__][INFO] - [RANK 0] [ Train | Step: 18500  |  loss : 0.5582 | accuracy : 0.7331 | opt_sps : 76.0063  ]
[2026-08-17 08:40:33,837][__main__][INFO] - [RANK 0] [ Eval  | Step: 18500  |  loss : 0.5446 | accuracy : 0.7387 | eval_s : 0.3073  ]
[2026-08-17 08:40:40,473][__main__][INFO] - [RANK 0] [ Train | Step: 19000  |  loss : 0.5503 | accuracy : 0.7357 | opt_sps : 75.9888  ]
[2026-08-17 08:40:40,779][__main__][INFO] - [RANK 0] [ Eval  | Step: 19000  |  loss : 0.5992 | accuracy : 0.7143 | eval_s : 0.3052  ]
[2026-08-17 08:40:47,411][__main__][INFO] - [RANK 0] [ Train | Step: 19500  |  loss : 0.5496 | accuracy : 0.7363 | opt_sps : 75.9735  ]
[2026-08-17 08:40:47,713][__main__][INFO] - [RANK 0] [ Eval  | Step: 19500  |  loss : 0.5309 | accuracy : 0.7395 | eval_s : 0.3015  ]
[2026-08-17 08:40:54,253][__main__][INFO] - [RANK 0] [ Train | Step: 20000  |  loss : 0.5441 | accuracy : 0.7392 | opt_sps : 75.9856  ]
[2026-08-17 08:40:54,556][__main__][INFO] - [RANK 0] [ Eval  | Step: 20000  |  loss : 0.5185 | accuracy : 0.7395 | eval_s : 0.3020  ]
[2026-08-17 08:41:01,203][__main__][INFO] - [RANK 0] [ Train | Step: 20500  |  loss : 0.5446 | accuracy : 0.7379 | opt_sps : 75.9670  ]
[2026-08-17 08:41:01,507][__main__][INFO] - [RANK 0] [ Eval  | Step: 20500  |  loss : 0.5215 | accuracy : 0.7446 | eval_s : 0.3025  ]
[2026-08-17 08:41:08,141][__main__][INFO] - [RANK 0] [ Train | Step: 21000  |  loss : 0.5379 | accuracy : 0.7402 | opt_sps : 75.9528  ]
[2026-08-17 08:41:08,443][__main__][INFO] - [RANK 0] [ Eval  | Step: 21000  |  loss : 0.5439 | accuracy : 0.7354 | eval_s : 0.3013  ]
[2026-08-17 08:41:15,037][__main__][INFO] - [RANK 0] [ Train | Step: 21500  |  loss : 0.5294 | accuracy : 0.7435 | opt_sps : 75.9497  ]
[2026-08-17 08:41:15,341][__main__][INFO] - [RANK 0] [ Eval  | Step: 21500  |  loss : 0.5282 | accuracy : 0.7428 | eval_s : 0.3032  ]
[2026-08-17 08:41:21,993][__main__][INFO] - [RANK 0] [ Train | Step: 22000  |  loss : 0.5244 | accuracy : 0.7456 | opt_sps : 75.9319  ]
[2026-08-17 08:41:22,298][__main__][INFO] - [RANK 0] [ Eval  | Step: 22000  |  loss : 0.5265 | accuracy : 0.7421 | eval_s : 0.3039  ]
[2026-08-17 08:41:28,990][__main__][INFO] - [RANK 0] [ Train | Step: 22500  |  loss : 0.5248 | accuracy : 0.7456 | opt_sps : 75.9044  ]
[2026-08-17 08:41:29,293][__main__][INFO] - [RANK 0] [ Eval  | Step: 22500  |  loss : 0.5311 | accuracy : 0.7357 | eval_s : 0.3027  ]
[2026-08-17 08:41:35,845][__main__][INFO] - [RANK 0] [ Train | Step: 23000  |  loss : 0.5287 | accuracy : 0.7455 | opt_sps : 75.9131  ]
[2026-08-17 08:41:36,150][__main__][INFO] - [RANK 0] [ Eval  | Step: 23000  |  loss : 0.5071 | accuracy : 0.7478 | eval_s : 0.3036  ]
[2026-08-17 08:41:42,732][__main__][INFO] - [RANK 0] [ Train | Step: 23500  |  loss : 0.5271 | accuracy : 0.7487 | opt_sps : 75.9145  ]
[2026-08-17 08:41:43,043][__main__][INFO] - [RANK 0] [ Eval  | Step: 23500  |  loss : 0.5406 | accuracy : 0.7382 | eval_s : 0.3102  ]
[2026-08-17 08:41:49,707][__main__][INFO] - [RANK 0] [ Train | Step: 24000  |  loss : 0.4991 | accuracy : 0.7565 | opt_sps : 75.8959  ]
[2026-08-17 08:41:50,009][__main__][INFO] - [RANK 0] [ Eval  | Step: 24000  |  loss : 0.4869 | accuracy : 0.7600 | eval_s : 0.3014  ]
[2026-08-17 08:41:56,688][__main__][INFO] - [RANK 0] [ Train | Step: 24500  |  loss : 0.5100 | accuracy : 0.7564 | opt_sps : 75.8748  ]
[2026-08-17 08:41:56,990][__main__][INFO] - [RANK 0] [ Eval  | Step: 24500  |  loss : 0.4771 | accuracy : 0.7627 | eval_s : 0.3017  ]
[2026-08-17 08:42:03,558][__main__][INFO] - [RANK 0] [ Train | Step: 25000  |  loss : 0.5045 | accuracy : 0.7594 | opt_sps : 75.8802  ]
[2026-08-17 08:42:03,862][__main__][INFO] - [RANK 0] [ Eval  | Step: 25000  |  loss : 0.4752 | accuracy : 0.7632 | eval_s : 0.3029  ]
[2026-08-17 08:42:10,477][__main__][INFO] - [RANK 0] [ Train | Step: 25500  |  loss : 0.4927 | accuracy : 0.7646 | opt_sps : 75.8745  ]
[2026-08-17 08:42:10,779][__main__][INFO] - [RANK 0] [ Eval  | Step: 25500  |  loss : 0.5466 | accuracy : 0.7474 | eval_s : 0.3010  ]
[2026-08-17 08:42:17,312][__main__][INFO] - [RANK 0] [ Train | Step: 26000  |  loss : 0.4944 | accuracy : 0.7671 | opt_sps : 75.8870  ]
[2026-08-17 08:42:17,615][__main__][INFO] - [RANK 0] [ Eval  | Step: 26000  |  loss : 0.5181 | accuracy : 0.7503 | eval_s : 0.3016  ]
[2026-08-17 08:42:24,211][__main__][INFO] - [RANK 0] [ Train | Step: 26500  |  loss : 0.4690 | accuracy : 0.7740 | opt_sps : 75.8855  ]
[2026-08-17 08:42:24,514][__main__][INFO] - [RANK 0] [ Eval  | Step: 26500  |  loss : 0.4625 | accuracy : 0.7761 | eval_s : 0.3023  ]
[2026-08-17 08:42:31,050][__main__][INFO] - [RANK 0] [ Train | Step: 27000  |  loss : 0.4885 | accuracy : 0.7697 | opt_sps : 75.8970  ]
[2026-08-17 08:42:31,353][__main__][INFO] - [RANK 0] [ Eval  | Step: 27000  |  loss : 0.4656 | accuracy : 0.7751 | eval_s : 0.3026  ]
[2026-08-17 08:42:37,834][__main__][INFO] - [RANK 0] [ Train | Step: 27500  |  loss : 0.4607 | accuracy : 0.7799 | opt_sps : 75.9194  ]
[2026-08-17 08:42:38,140][__main__][INFO] - [RANK 0] [ Eval  | Step: 27500  |  loss : 0.4409 | accuracy : 0.7860 | eval_s : 0.3045  ]
[2026-08-17 08:42:44,703][__main__][INFO] - [RANK 0] [ Train | Step: 28000  |  loss : 0.4665 | accuracy : 0.7760 | opt_sps : 75.9242  ]
[2026-08-17 08:42:45,007][__main__][INFO] - [RANK 0] [ Eval  | Step: 28000  |  loss : 0.4512 | accuracy : 0.7801 | eval_s : 0.3030  ]
[2026-08-17 08:42:51,885][__main__][INFO] - [RANK 0] [ Train | Step: 28500  |  loss : 0.4538 | accuracy : 0.7810 | opt_sps : 75.8652  ]
[2026-08-17 08:42:52,188][__main__][INFO] - [RANK 0] [ Eval  | Step: 28500  |  loss : 0.4466 | accuracy : 0.7760 | eval_s : 0.3018  ]
[2026-08-17 08:42:58,772][__main__][INFO] - [RANK 0] [ Train | Step: 29000  |  loss : 0.4623 | accuracy : 0.7791 | opt_sps : 75.8663  ]
[2026-08-17 08:42:59,076][__main__][INFO] - [RANK 0] [ Eval  | Step: 29000  |  loss : 0.4479 | accuracy : 0.7828 | eval_s : 0.3024  ]
[2026-08-17 08:43:05,686][__main__][INFO] - [RANK 0] [ Train | Step: 29500  |  loss : 0.4442 | accuracy : 0.7845 | opt_sps : 75.8625  ]
[2026-08-17 08:43:05,988][__main__][INFO] - [RANK 0] [ Eval  | Step: 29500  |  loss : 0.4509 | accuracy : 0.7805 | eval_s : 0.3014  ]
[2026-08-17 08:43:12,546][__main__][INFO] - [RANK 0] [ Train | Step: 30000  |  loss : 0.4487 | accuracy : 0.7852 | opt_sps : 75.8688  ]
[2026-08-17 08:43:12,849][__main__][INFO] - [RANK 0] [ Eval  | Step: 30000  |  loss : 0.4650 | accuracy : 0.7745 | eval_s : 0.3017  ]
[2026-08-17 08:43:19,434][__main__][INFO] - [RANK 0] [ Train | Step: 30500  |  loss : 0.4456 | accuracy : 0.7865 | opt_sps : 75.8697  ]
[2026-08-17 08:43:19,736][__main__][INFO] - [RANK 0] [ Eval  | Step: 30500  |  loss : 0.4407 | accuracy : 0.7831 | eval_s : 0.3014  ]
[2026-08-17 08:43:26,366][__main__][INFO] - [RANK 0] [ Train | Step: 31000  |  loss : 0.4418 | accuracy : 0.7878 | opt_sps : 75.8626  ]
[2026-08-17 08:43:26,671][__main__][INFO] - [RANK 0] [ Eval  | Step: 31000  |  loss : 0.4359 | accuracy : 0.7849 | eval_s : 0.3040  ]
[2026-08-17 08:43:33,173][__main__][INFO] - [RANK 0] [ Train | Step: 31500  |  loss : 0.4341 | accuracy : 0.7896 | opt_sps : 75.8791  ]
[2026-08-17 08:43:33,477][__main__][INFO] - [RANK 0] [ Eval  | Step: 31500  |  loss : 0.4265 | accuracy : 0.7910 | eval_s : 0.3036  ]
[2026-08-17 08:43:39,972][__main__][INFO] - [RANK 0] [ Train | Step: 32000  |  loss : 0.4348 | accuracy : 0.7901 | opt_sps : 75.8963  ]
[2026-08-17 08:43:40,275][__main__][INFO] - [RANK 0] [ Eval  | Step: 32000  |  loss : 0.4721 | accuracy : 0.7736 | eval_s : 0.3018  ]
[2026-08-17 08:43:46,825][__main__][INFO] - [RANK 0] [ Train | Step: 32500  |  loss : 0.4321 | accuracy : 0.7910 | opt_sps : 75.9029  ]
[2026-08-17 08:43:47,127][__main__][INFO] - [RANK 0] [ Eval  | Step: 32500  |  loss : 0.4273 | accuracy : 0.7896 | eval_s : 0.3012  ]
[2026-08-17 08:43:53,767][__main__][INFO] - [RANK 0] [ Train | Step: 33000  |  loss : 0.4308 | accuracy : 0.7915 | opt_sps : 75.8938  ]
[2026-08-17 08:43:54,069][__main__][INFO] - [RANK 0] [ Eval  | Step: 33000  |  loss : 0.4401 | accuracy : 0.7837 | eval_s : 0.3010  ]
[2026-08-17 08:44:00,832][__main__][INFO] - [RANK 0] [ Train | Step: 33500  |  loss : 0.4316 | accuracy : 0.7919 | opt_sps : 75.8638  ]
[2026-08-17 08:44:01,134][__main__][INFO] - [RANK 0] [ Eval  | Step: 33500  |  loss : 0.4256 | accuracy : 0.7914 | eval_s : 0.3013  ]
[2026-08-17 08:44:07,670][__main__][INFO] - [RANK 0] [ Train | Step: 34000  |  loss : 0.4283 | accuracy : 0.7932 | opt_sps : 75.8732  ]
[2026-08-17 08:44:07,974][__main__][INFO] - [RANK 0] [ Eval  | Step: 34000  |  loss : 0.4267 | accuracy : 0.7911 | eval_s : 0.3029  ]
[2026-08-17 08:44:14,569][__main__][INFO] - [RANK 0] [ Train | Step: 34500  |  loss : 0.4207 | accuracy : 0.7976 | opt_sps : 75.8723  ]
[2026-08-17 08:44:14,872][__main__][INFO] - [RANK 0] [ Eval  | Step: 34500  |  loss : 0.4372 | accuracy : 0.7906 | eval_s : 0.3017  ]
[2026-08-17 08:44:21,433][__main__][INFO] - [RANK 0] [ Train | Step: 35000  |  loss : 0.4228 | accuracy : 0.7977 | opt_sps : 75.8771  ]
[2026-08-17 08:44:21,736][__main__][INFO] - [RANK 0] [ Eval  | Step: 35000  |  loss : 0.4339 | accuracy : 0.7881 | eval_s : 0.3025  ]
[2026-08-17 08:44:28,268][__main__][INFO] - [RANK 0] [ Train | Step: 35500  |  loss : 0.4210 | accuracy : 0.7977 | opt_sps : 75.8865  ]
[2026-08-17 08:44:28,573][__main__][INFO] - [RANK 0] [ Eval  | Step: 35500  |  loss : 0.4174 | accuracy : 0.7946 | eval_s : 0.3045  ]
[2026-08-17 08:44:35,101][__main__][INFO] - [RANK 0] [ Train | Step: 36000  |  loss : 0.4200 | accuracy : 0.7964 | opt_sps : 75.8965  ]
[2026-08-17 08:44:35,404][__main__][INFO] - [RANK 0] [ Eval  | Step: 36000  |  loss : 0.4209 | accuracy : 0.7945 | eval_s : 0.3021  ]
[2026-08-17 08:44:41,960][__main__][INFO] - [RANK 0] [ Train | Step: 36500  |  loss : 0.4210 | accuracy : 0.7969 | opt_sps : 75.9014  ]
[2026-08-17 08:44:42,264][__main__][INFO] - [RANK 0] [ Eval  | Step: 36500  |  loss : 0.4367 | accuracy : 0.7899 | eval_s : 0.3022  ]
[2026-08-17 08:44:48,858][__main__][INFO] - [RANK 0] [ Train | Step: 37000  |  loss : 0.4152 | accuracy : 0.8006 | opt_sps : 75.9003  ]
[2026-08-17 08:44:49,160][__main__][INFO] - [RANK 0] [ Eval  | Step: 37000  |  loss : 0.4169 | accuracy : 0.7972 | eval_s : 0.3016  ]
[2026-08-17 08:44:55,816][__main__][INFO] - [RANK 0] [ Train | Step: 37500  |  loss : 0.4132 | accuracy : 0.7999 | opt_sps : 75.8900  ]
[2026-08-17 08:44:56,120][__main__][INFO] - [RANK 0] [ Eval  | Step: 37500  |  loss : 0.4328 | accuracy : 0.7920 | eval_s : 0.3033  ]
[2026-08-17 08:45:02,823][__main__][INFO] - [RANK 0] [ Train | Step: 38000  |  loss : 0.4136 | accuracy : 0.8016 | opt_sps : 75.8727  ]
[2026-08-17 08:45:03,125][__main__][INFO] - [RANK 0] [ Eval  | Step: 38000  |  loss : 0.4192 | accuracy : 0.7972 | eval_s : 0.3014  ]
[2026-08-17 08:45:09,685][__main__][INFO] - [RANK 0] [ Train | Step: 38500  |  loss : 0.4102 | accuracy : 0.8030 | opt_sps : 75.8772  ]
[2026-08-17 08:45:09,987][__main__][INFO] - [RANK 0] [ Eval  | Step: 38500  |  loss : 0.4133 | accuracy : 0.7997 | eval_s : 0.3015  ]
[2026-08-17 08:45:16,510][__main__][INFO] - [RANK 0] [ Train | Step: 39000  |  loss : 0.4079 | accuracy : 0.8046 | opt_sps : 75.8873  ]
[2026-08-17 08:45:16,813][__main__][INFO] - [RANK 0] [ Eval  | Step: 39000  |  loss : 0.4187 | accuracy : 0.7957 | eval_s : 0.3026  ]
[2026-08-17 08:45:23,375][__main__][INFO] - [RANK 0] [ Train | Step: 39500  |  loss : 0.4106 | accuracy : 0.8034 | opt_sps : 75.8913  ]
[2026-08-17 08:45:23,681][__main__][INFO] - [RANK 0] [ Eval  | Step: 39500  |  loss : 0.4251 | accuracy : 0.7961 | eval_s : 0.3055  ]
[2026-08-17 08:45:30,269][__main__][INFO] - [RANK 0] [ Train | Step: 40000  |  loss : 0.4059 | accuracy : 0.8052 | opt_sps : 75.8913  ]
[2026-08-17 08:45:30,571][__main__][INFO] - [RANK 0] [ Eval  | Step: 40000  |  loss : 0.4122 | accuracy : 0.7997 | eval_s : 0.3011  ]
[2026-08-17 08:45:37,155][__main__][INFO] - [RANK 0] [ Train | Step: 40500  |  loss : 0.4045 | accuracy : 0.8074 | opt_sps : 75.8921  ]
[2026-08-17 08:45:37,458][__main__][INFO] - [RANK 0] [ Eval  | Step: 40500  |  loss : 0.4111 | accuracy : 0.8016 | eval_s : 0.3015  ]
[2026-08-17 08:45:44,054][__main__][INFO] - [RANK 0] [ Train | Step: 41000  |  loss : 0.4053 | accuracy : 0.8058 | opt_sps : 75.8910  ]
[2026-08-17 08:45:44,357][__main__][INFO] - [RANK 0] [ Eval  | Step: 41000  |  loss : 0.4085 | accuracy : 0.8023 | eval_s : 0.3015  ]
[2026-08-17 08:45:50,990][__main__][INFO] - [RANK 0] [ Train | Step: 41500  |  loss : 0.4041 | accuracy : 0.8061 | opt_sps : 75.8850  ]
[2026-08-17 08:45:51,293][__main__][INFO] - [RANK 0] [ Eval  | Step: 41500  |  loss : 0.4013 | accuracy : 0.8070 | eval_s : 0.3017  ]
[2026-08-17 08:45:57,917][__main__][INFO] - [RANK 0] [ Train | Step: 42000  |  loss : 0.3985 | accuracy : 0.8088 | opt_sps : 75.8803  ]
[2026-08-17 08:45:58,220][__main__][INFO] - [RANK 0] [ Eval  | Step: 42000  |  loss : 0.4116 | accuracy : 0.8029 | eval_s : 0.3022  ]
[2026-08-17 08:46:05,168][__main__][INFO] - [RANK 0] [ Train | Step: 42500  |  loss : 0.3961 | accuracy : 0.8097 | opt_sps : 75.8317  ]
[2026-08-17 08:46:05,473][__main__][INFO] - [RANK 0] [ Eval  | Step: 42500  |  loss : 0.4001 | accuracy : 0.8045 | eval_s : 0.3041  ]
[2026-08-17 08:46:12,057][__main__][INFO] - [RANK 0] [ Train | Step: 43000  |  loss : 0.3992 | accuracy : 0.8087 | opt_sps : 75.8332  ]
[2026-08-17 08:46:12,362][__main__][INFO] - [RANK 0] [ Eval  | Step: 43000  |  loss : 0.4030 | accuracy : 0.8055 | eval_s : 0.3035  ]
[2026-08-17 08:46:18,852][__main__][INFO] - [RANK 0] [ Train | Step: 43500  |  loss : 0.3962 | accuracy : 0.8105 | opt_sps : 75.8468  ]
[2026-08-17 08:46:19,158][__main__][INFO] - [RANK 0] [ Eval  | Step: 43500  |  loss : 0.3960 | accuracy : 0.8082 | eval_s : 0.3049  ]
[2026-08-17 08:46:25,661][__main__][INFO] - [RANK 0] [ Train | Step: 44000  |  loss : 0.3957 | accuracy : 0.8097 | opt_sps : 75.8586  ]
[2026-08-17 08:46:25,963][__main__][INFO] - [RANK 0] [ Eval  | Step: 44000  |  loss : 0.3982 | accuracy : 0.8074 | eval_s : 0.3010  ]
[2026-08-17 08:46:32,519][__main__][INFO] - [RANK 0] [ Train | Step: 44500  |  loss : 0.3947 | accuracy : 0.8121 | opt_sps : 75.8632  ]
[2026-08-17 08:46:32,821][__main__][INFO] - [RANK 0] [ Eval  | Step: 44500  |  loss : 0.3970 | accuracy : 0.8076 | eval_s : 0.3011  ]
[2026-08-17 08:46:39,361][__main__][INFO] - [RANK 0] [ Train | Step: 45000  |  loss : 0.3904 | accuracy : 0.8131 | opt_sps : 75.8696  ]
[2026-08-17 08:46:39,664][__main__][INFO] - [RANK 0] [ Eval  | Step: 45000  |  loss : 0.3949 | accuracy : 0.8081 | eval_s : 0.3012  ]
[2026-08-17 08:46:46,260][__main__][INFO] - [RANK 0] [ Train | Step: 45500  |  loss : 0.3880 | accuracy : 0.8150 | opt_sps : 75.8690  ]
[2026-08-17 08:46:46,562][__main__][INFO] - [RANK 0] [ Eval  | Step: 45500  |  loss : 0.3922 | accuracy : 0.8115 | eval_s : 0.3008  ]
[2026-08-17 08:46:53,096][__main__][INFO] - [RANK 0] [ Train | Step: 46000  |  loss : 0.3904 | accuracy : 0.8130 | opt_sps : 75.8760  ]
[2026-08-17 08:46:53,399][__main__][INFO] - [RANK 0] [ Eval  | Step: 46000  |  loss : 0.3912 | accuracy : 0.8081 | eval_s : 0.3017  ]
[2026-08-17 08:46:59,990][__main__][INFO] - [RANK 0] [ Train | Step: 46500  |  loss : 0.3902 | accuracy : 0.8135 | opt_sps : 75.8760  ]
[2026-08-17 08:47:00,294][__main__][INFO] - [RANK 0] [ Eval  | Step: 46500  |  loss : 0.3960 | accuracy : 0.8090 | eval_s : 0.3028  ]
[2026-08-17 08:47:07,085][__main__][INFO] - [RANK 0] [ Train | Step: 47000  |  loss : 0.3810 | accuracy : 0.8186 | opt_sps : 75.8514  ]
[2026-08-17 08:47:07,390][__main__][INFO] - [RANK 0] [ Eval  | Step: 47000  |  loss : 0.3880 | accuracy : 0.8126 | eval_s : 0.3039  ]
[2026-08-17 08:47:14,057][__main__][INFO] - [RANK 0] [ Train | Step: 47500  |  loss : 0.3843 | accuracy : 0.8160 | opt_sps : 75.8423  ]
[2026-08-17 08:47:14,363][__main__][INFO] - [RANK 0] [ Eval  | Step: 47500  |  loss : 0.3897 | accuracy : 0.8106 | eval_s : 0.3050  ]
[2026-08-17 08:47:20,911][__main__][INFO] - [RANK 0] [ Train | Step: 48000  |  loss : 0.3814 | accuracy : 0.8168 | opt_sps : 75.8477  ]
[2026-08-17 08:47:21,215][__main__][INFO] - [RANK 0] [ Eval  | Step: 48000  |  loss : 0.3885 | accuracy : 0.8125 | eval_s : 0.3034  ]
[2026-08-17 08:47:27,755][__main__][INFO] - [RANK 0] [ Train | Step: 48500  |  loss : 0.3858 | accuracy : 0.8159 | opt_sps : 75.8539  ]
[2026-08-17 08:47:28,057][__main__][INFO] - [RANK 0] [ Eval  | Step: 48500  |  loss : 0.3890 | accuracy : 0.8122 | eval_s : 0.3010  ]
[2026-08-17 08:47:34,631][__main__][INFO] - [RANK 0] [ Train | Step: 49000  |  loss : 0.3810 | accuracy : 0.8188 | opt_sps : 75.8560  ]
[2026-08-17 08:47:34,933][__main__][INFO] - [RANK 0] [ Eval  | Step: 49000  |  loss : 0.3857 | accuracy : 0.8130 | eval_s : 0.3015  ]
[2026-08-17 08:47:41,495][__main__][INFO] - [RANK 0] [ Train | Step: 49500  |  loss : 0.3771 | accuracy : 0.8198 | opt_sps : 75.8596  ]
[2026-08-17 08:47:41,797][__main__][INFO] - [RANK 0] [ Eval  | Step: 49500  |  loss : 0.3846 | accuracy : 0.8138 | eval_s : 0.3011  ]
[2026-08-17 08:47:48,387][__main__][INFO] - [RANK 0] [ Train | Step: 50000  |  loss : 0.3798 | accuracy : 0.8174 | opt_sps : 75.8598  ]
[2026-08-17 08:47:48,690][__main__][INFO] - [RANK 0] [ Eval  | Step: 50000  |  loss : 0.3837 | accuracy : 0.8146 | eval_s : 0.3021  ]
[2026-08-17 08:47:55,303][__main__][INFO] - [RANK 0] [ Train | Step: 50500  |  loss : 0.3769 | accuracy : 0.8200 | opt_sps : 75.8575  ]
[2026-08-17 08:47:55,606][__main__][INFO] - [RANK 0] [ Eval  | Step: 50500  |  loss : 0.3819 | accuracy : 0.8157 | eval_s : 0.3021  ]
[2026-08-17 08:48:02,193][__main__][INFO] - [RANK 0] [ Train | Step: 51000  |  loss : 0.3733 | accuracy : 0.8231 | opt_sps : 75.8580  ]
[2026-08-17 08:48:02,496][__main__][INFO] - [RANK 0] [ Eval  | Step: 51000  |  loss : 0.3837 | accuracy : 0.8150 | eval_s : 0.3016  ]
[2026-08-17 08:48:09,211][__main__][INFO] - [RANK 0] [ Train | Step: 51500  |  loss : 0.3708 | accuracy : 0.8236 | opt_sps : 75.8442  ]
[2026-08-17 08:48:09,522][__main__][INFO] - [RANK 0] [ Eval  | Step: 51500  |  loss : 0.3819 | accuracy : 0.8158 | eval_s : 0.3100  ]
[2026-08-17 08:48:16,241][__main__][INFO] - [RANK 0] [ Train | Step: 52000  |  loss : 0.3738 | accuracy : 0.8222 | opt_sps : 75.8302  ]
[2026-08-17 08:48:16,548][__main__][INFO] - [RANK 0] [ Eval  | Step: 52000  |  loss : 0.3838 | accuracy : 0.8143 | eval_s : 0.3063  ]
[2026-08-17 08:48:23,127][__main__][INFO] - [RANK 0] [ Train | Step: 52500  |  loss : 0.3712 | accuracy : 0.8232 | opt_sps : 75.8319  ]
[2026-08-17 08:48:23,430][__main__][INFO] - [RANK 0] [ Eval  | Step: 52500  |  loss : 0.3811 | accuracy : 0.8152 | eval_s : 0.3026  ]
[2026-08-17 08:48:30,038][__main__][INFO] - [RANK 0] [ Train | Step: 53000  |  loss : 0.3700 | accuracy : 0.8236 | opt_sps : 75.8305  ]
[2026-08-17 08:48:30,341][__main__][INFO] - [RANK 0] [ Eval  | Step: 53000  |  loss : 0.3821 | accuracy : 0.8171 | eval_s : 0.3022  ]
[2026-08-17 08:48:36,946][__main__][INFO] - [RANK 0] [ Train | Step: 53500  |  loss : 0.3740 | accuracy : 0.8228 | opt_sps : 75.8293  ]
[2026-08-17 08:48:37,249][__main__][INFO] - [RANK 0] [ Eval  | Step: 53500  |  loss : 0.3761 | accuracy : 0.8189 | eval_s : 0.3022  ]
[2026-08-17 08:48:43,826][__main__][INFO] - [RANK 0] [ Train | Step: 54000  |  loss : 0.3709 | accuracy : 0.8220 | opt_sps : 75.8312  ]
[2026-08-17 08:48:44,129][__main__][INFO] - [RANK 0] [ Eval  | Step: 54000  |  loss : 0.3792 | accuracy : 0.8154 | eval_s : 0.3024  ]
[2026-08-17 08:48:50,738][__main__][INFO] - [RANK 0] [ Train | Step: 54500  |  loss : 0.3706 | accuracy : 0.8226 | opt_sps : 75.8296  ]
[2026-08-17 08:48:51,040][__main__][INFO] - [RANK 0] [ Eval  | Step: 54500  |  loss : 0.3773 | accuracy : 0.8172 | eval_s : 0.3016  ]
[2026-08-17 08:48:57,611][__main__][INFO] - [RANK 0] [ Train | Step: 55000  |  loss : 0.3675 | accuracy : 0.8242 | opt_sps : 75.8320  ]
[2026-08-17 08:48:57,915][__main__][INFO] - [RANK 0] [ Eval  | Step: 55000  |  loss : 0.3880 | accuracy : 0.8140 | eval_s : 0.3028  ]
[2026-08-17 08:49:04,437][__main__][INFO] - [RANK 0] [ Train | Step: 55500  |  loss : 0.3645 | accuracy : 0.8256 | opt_sps : 75.8394  ]
[2026-08-17 08:49:04,741][__main__][INFO] - [RANK 0] [ Eval  | Step: 55500  |  loss : 0.3754 | accuracy : 0.8189 | eval_s : 0.3026  ]
[2026-08-17 08:49:11,226][__main__][INFO] - [RANK 0] [ Train | Step: 56000  |  loss : 0.3652 | accuracy : 0.8274 | opt_sps : 75.8506  ]
[2026-08-17 08:49:11,532][__main__][INFO] - [RANK 0] [ Eval  | Step: 56000  |  loss : 0.3755 | accuracy : 0.8197 | eval_s : 0.3055  ]
[2026-08-17 08:49:18,287][__main__][INFO] - [RANK 0] [ Train | Step: 56500  |  loss : 0.3635 | accuracy : 0.8284 | opt_sps : 75.8340  ]
[2026-08-17 08:49:18,594][__main__][INFO] - [RANK 0] [ Eval  | Step: 56500  |  loss : 0.3725 | accuracy : 0.8216 | eval_s : 0.3059  ]
[2026-08-17 08:49:25,238][__main__][INFO] - [RANK 0] [ Train | Step: 57000  |  loss : 0.3638 | accuracy : 0.8275 | opt_sps : 75.8290  ]
[2026-08-17 08:49:25,540][__main__][INFO] - [RANK 0] [ Eval  | Step: 57000  |  loss : 0.3681 | accuracy : 0.8238 | eval_s : 0.3013  ]
[2026-08-17 08:49:32,098][__main__][INFO] - [RANK 0] [ Train | Step: 57500  |  loss : 0.3577 | accuracy : 0.8302 | opt_sps : 75.8327  ]
[2026-08-17 08:49:32,403][__main__][INFO] - [RANK 0] [ Eval  | Step: 57500  |  loss : 0.3680 | accuracy : 0.8248 | eval_s : 0.3039  ]
[2026-08-17 08:49:39,024][__main__][INFO] - [RANK 0] [ Train | Step: 58000  |  loss : 0.3570 | accuracy : 0.8319 | opt_sps : 75.8301  ]
[2026-08-17 08:49:39,326][__main__][INFO] - [RANK 0] [ Eval  | Step: 58000  |  loss : 0.3672 | accuracy : 0.8261 | eval_s : 0.3015  ]
[2026-08-17 08:49:45,901][__main__][INFO] - [RANK 0] [ Train | Step: 58500  |  loss : 0.3593 | accuracy : 0.8298 | opt_sps : 75.8320  ]
[2026-08-17 08:49:46,204][__main__][INFO] - [RANK 0] [ Eval  | Step: 58500  |  loss : 0.3689 | accuracy : 0.8264 | eval_s : 0.3029  ]
[2026-08-17 08:49:52,846][__main__][INFO] - [RANK 0] [ Train | Step: 59000  |  loss : 0.3560 | accuracy : 0.8327 | opt_sps : 75.8274  ]
[2026-08-17 08:49:53,150][__main__][INFO] - [RANK 0] [ Eval  | Step: 59000  |  loss : 0.3629 | accuracy : 0.8264 | eval_s : 0.3034  ]
[2026-08-17 08:49:59,747][__main__][INFO] - [RANK 0] [ Train | Step: 59500  |  loss : 0.3514 | accuracy : 0.8352 | opt_sps : 75.8272  ]
[2026-08-17 08:50:00,057][__main__][INFO] - [RANK 0] [ Eval  | Step: 59500  |  loss : 0.3620 | accuracy : 0.8267 | eval_s : 0.3091  ]
[2026-08-17 08:50:06,597][__main__][INFO] - [RANK 0] [ Train | Step: 60000  |  loss : 0.3520 | accuracy : 0.8341 | opt_sps : 75.8324  ]
[2026-08-17 08:50:06,903][__main__][INFO] - [RANK 0] [ Eval  | Step: 60000  |  loss : 0.3587 | accuracy : 0.8298 | eval_s : 0.3043  ]
[2026-08-17 08:50:13,568][__main__][INFO] - [RANK 0] [ Train | Step: 60500  |  loss : 0.3548 | accuracy : 0.8343 | opt_sps : 75.8257  ]
[2026-08-17 08:50:13,870][__main__][INFO] - [RANK 0] [ Eval  | Step: 60500  |  loss : 0.3598 | accuracy : 0.8280 | eval_s : 0.3016  ]
[2026-08-17 08:50:20,631][__main__][INFO] - [RANK 0] [ Train | Step: 61000  |  loss : 0.3478 | accuracy : 0.8360 | opt_sps : 75.8100  ]
[2026-08-17 08:50:20,935][__main__][INFO] - [RANK 0] [ Eval  | Step: 61000  |  loss : 0.3580 | accuracy : 0.8309 | eval_s : 0.3022  ]
[2026-08-17 08:50:27,727][__main__][INFO] - [RANK 0] [ Train | Step: 61500  |  loss : 0.3515 | accuracy : 0.8344 | opt_sps : 75.7916  ]
[2026-08-17 08:50:28,029][__main__][INFO] - [RANK 0] [ Eval  | Step: 61500  |  loss : 0.3665 | accuracy : 0.8266 | eval_s : 0.3009  ]
[2026-08-17 08:50:34,646][__main__][INFO] - [RANK 0] [ Train | Step: 62000  |  loss : 0.3477 | accuracy : 0.8365 | opt_sps : 75.7898  ]
[2026-08-17 08:50:34,949][__main__][INFO] - [RANK 0] [ Eval  | Step: 62000  |  loss : 0.3602 | accuracy : 0.8279 | eval_s : 0.3018  ]
[2026-08-17 08:50:41,524][__main__][INFO] - [RANK 0] [ Train | Step: 62500  |  loss : 0.3487 | accuracy : 0.8362 | opt_sps : 75.7918  ]
[2026-08-17 08:50:41,826][__main__][INFO] - [RANK 0] [ Eval  | Step: 62500  |  loss : 0.3599 | accuracy : 0.8290 | eval_s : 0.3009  ]
[2026-08-17 08:50:48,424][__main__][INFO] - [RANK 0] [ Train | Step: 63000  |  loss : 0.3437 | accuracy : 0.8391 | opt_sps : 75.7917  ]
[2026-08-17 08:50:48,726][__main__][INFO] - [RANK 0] [ Eval  | Step: 63000  |  loss : 0.3551 | accuracy : 0.8307 | eval_s : 0.3013  ]
[2026-08-17 08:50:55,303][__main__][INFO] - [RANK 0] [ Train | Step: 63500  |  loss : 0.3443 | accuracy : 0.8381 | opt_sps : 75.7937  ]
[2026-08-17 08:50:55,605][__main__][INFO] - [RANK 0] [ Eval  | Step: 63500  |  loss : 0.3554 | accuracy : 0.8307 | eval_s : 0.3015  ]
[2026-08-17 08:51:02,129][__main__][INFO] - [RANK 0] [ Train | Step: 64000  |  loss : 0.3418 | accuracy : 0.8389 | opt_sps : 75.8002  ]
[2026-08-17 08:51:02,437][__main__][INFO] - [RANK 0] [ Eval  | Step: 64000  |  loss : 0.3550 | accuracy : 0.8287 | eval_s : 0.3067  ]
[2026-08-17 08:51:08,999][__main__][INFO] - [RANK 0] [ Train | Step: 64500  |  loss : 0.3460 | accuracy : 0.8381 | opt_sps : 75.8033  ]
[2026-08-17 08:51:09,302][__main__][INFO] - [RANK 0] [ Eval  | Step: 64500  |  loss : 0.3543 | accuracy : 0.8287 | eval_s : 0.3021  ]
[2026-08-17 08:51:15,882][__main__][INFO] - [RANK 0] [ Train | Step: 65000  |  loss : 0.3416 | accuracy : 0.8398 | opt_sps : 75.8048  ]
[2026-08-17 08:51:16,185][__main__][INFO] - [RANK 0] [ Eval  | Step: 65000  |  loss : 0.3557 | accuracy : 0.8308 | eval_s : 0.3018  ]
[2026-08-17 08:51:22,757][__main__][INFO] - [RANK 0] [ Train | Step: 65500  |  loss : 0.3435 | accuracy : 0.8391 | opt_sps : 75.8069  ]
[2026-08-17 08:51:23,062][__main__][INFO] - [RANK 0] [ Eval  | Step: 65500  |  loss : 0.3524 | accuracy : 0.8327 | eval_s : 0.3042  ]
[2026-08-17 08:51:29,817][__main__][INFO] - [RANK 0] [ Train | Step: 66000  |  loss : 0.3382 | accuracy : 0.8413 | opt_sps : 75.7932  ]
[2026-08-17 08:51:30,120][__main__][INFO] - [RANK 0] [ Eval  | Step: 66000  |  loss : 0.3543 | accuracy : 0.8328 | eval_s : 0.3017  ]
[2026-08-17 08:51:36,753][__main__][INFO] - [RANK 0] [ Train | Step: 66500  |  loss : 0.3393 | accuracy : 0.8414 | opt_sps : 75.7900  ]
[2026-08-17 08:51:37,056][__main__][INFO] - [RANK 0] [ Eval  | Step: 66500  |  loss : 0.3537 | accuracy : 0.8330 | eval_s : 0.3021  ]
[2026-08-17 08:51:43,655][__main__][INFO] - [RANK 0] [ Train | Step: 67000  |  loss : 0.3401 | accuracy : 0.8414 | opt_sps : 75.7899  ]
[2026-08-17 08:51:43,957][__main__][INFO] - [RANK 0] [ Eval  | Step: 67000  |  loss : 0.3514 | accuracy : 0.8345 | eval_s : 0.3012  ]
[2026-08-17 08:51:50,523][__main__][INFO] - [RANK 0] [ Train | Step: 67500  |  loss : 0.3413 | accuracy : 0.8401 | opt_sps : 75.7927  ]
[2026-08-17 08:51:50,826][__main__][INFO] - [RANK 0] [ Eval  | Step: 67500  |  loss : 0.3515 | accuracy : 0.8341 | eval_s : 0.3026  ]
[2026-08-17 08:51:57,350][__main__][INFO] - [RANK 0] [ Train | Step: 68000  |  loss : 0.3371 | accuracy : 0.8421 | opt_sps : 75.7988  ]
[2026-08-17 08:51:57,654][__main__][INFO] - [RANK 0] [ Eval  | Step: 68000  |  loss : 0.3517 | accuracy : 0.8322 | eval_s : 0.3024  ]
[2026-08-17 08:52:04,163][__main__][INFO] - [RANK 0] [ Train | Step: 68500  |  loss : 0.3364 | accuracy : 0.8440 | opt_sps : 75.8061  ]
[2026-08-17 08:52:04,468][__main__][INFO] - [RANK 0] [ Eval  | Step: 68500  |  loss : 0.3516 | accuracy : 0.8325 | eval_s : 0.3036  ]
[2026-08-17 08:52:11,012][__main__][INFO] - [RANK 0] [ Train | Step: 69000  |  loss : 0.3357 | accuracy : 0.8428 | opt_sps : 75.8104  ]
[2026-08-17 08:52:11,316][__main__][INFO] - [RANK 0] [ Eval  | Step: 69000  |  loss : 0.3492 | accuracy : 0.8349 | eval_s : 0.3034  ]
[2026-08-17 08:52:17,966][__main__][INFO] - [RANK 0] [ Train | Step: 69500  |  loss : 0.3340 | accuracy : 0.8436 | opt_sps : 75.8059  ]
[2026-08-17 08:52:18,269][__main__][INFO] - [RANK 0] [ Eval  | Step: 69500  |  loss : 0.3510 | accuracy : 0.8350 | eval_s : 0.3015  ]
[2026-08-17 08:52:24,846][__main__][INFO] - [RANK 0] [ Train | Step: 70000  |  loss : 0.3353 | accuracy : 0.8427 | opt_sps : 75.8075  ]
[2026-08-17 08:52:25,148][__main__][INFO] - [RANK 0] [ Eval  | Step: 70000  |  loss : 0.3483 | accuracy : 0.8333 | eval_s : 0.3010  ]
[2026-08-17 08:52:31,889][__main__][INFO] - [RANK 0] [ Train | Step: 70500  |  loss : 0.3348 | accuracy : 0.8450 | opt_sps : 75.7957  ]
[2026-08-17 08:52:32,195][__main__][INFO] - [RANK 0] [ Eval  | Step: 70500  |  loss : 0.3523 | accuracy : 0.8345 | eval_s : 0.3046  ]
[2026-08-17 08:52:38,889][__main__][INFO] - [RANK 0] [ Train | Step: 71000  |  loss : 0.3326 | accuracy : 0.8444 | opt_sps : 75.7878  ]
[2026-08-17 08:52:39,192][__main__][INFO] - [RANK 0] [ Eval  | Step: 71000  |  loss : 0.3511 | accuracy : 0.8326 | eval_s : 0.3029  ]
[2026-08-17 08:52:45,878][__main__][INFO] - [RANK 0] [ Train | Step: 71500  |  loss : 0.3400 | accuracy : 0.8412 | opt_sps : 75.7808  ]
[2026-08-17 08:52:46,180][__main__][INFO] - [RANK 0] [ Eval  | Step: 71500  |  loss : 0.3463 | accuracy : 0.8352 | eval_s : 0.3014  ]
[2026-08-17 08:52:52,768][__main__][INFO] - [RANK 0] [ Train | Step: 72000  |  loss : 0.3318 | accuracy : 0.8444 | opt_sps : 75.7816  ]
[2026-08-17 08:52:53,076][__main__][INFO] - [RANK 0] [ Eval  | Step: 72000  |  loss : 0.3482 | accuracy : 0.8351 | eval_s : 0.3072  ]
[2026-08-17 08:52:59,602][__main__][INFO] - [RANK 0] [ Train | Step: 72500  |  loss : 0.3308 | accuracy : 0.8451 | opt_sps : 75.7873  ]
[2026-08-17 08:52:59,907][__main__][INFO] - [RANK 0] [ Eval  | Step: 72500  |  loss : 0.3499 | accuracy : 0.8334 | eval_s : 0.3043  ]
[2026-08-17 08:53:06,499][__main__][INFO] - [RANK 0] [ Train | Step: 73000  |  loss : 0.3284 | accuracy : 0.8472 | opt_sps : 75.7878  ]
[2026-08-17 08:53:06,803][__main__][INFO] - [RANK 0] [ Eval  | Step: 73000  |  loss : 0.3492 | accuracy : 0.8348 | eval_s : 0.3028  ]
[2026-08-17 08:53:13,454][__main__][INFO] - [RANK 0] [ Train | Step: 73500  |  loss : 0.3326 | accuracy : 0.8448 | opt_sps : 75.7835  ]
[2026-08-17 08:53:13,758][__main__][INFO] - [RANK 0] [ Eval  | Step: 73500  |  loss : 0.3462 | accuracy : 0.8349 | eval_s : 0.3026  ]
[2026-08-17 08:53:20,341][__main__][INFO] - [RANK 0] [ Train | Step: 74000  |  loss : 0.3305 | accuracy : 0.8456 | opt_sps : 75.7847  ]
[2026-08-17 08:53:20,645][__main__][INFO] - [RANK 0] [ Eval  | Step: 74000  |  loss : 0.3466 | accuracy : 0.8365 | eval_s : 0.3030  ]
[2026-08-17 08:53:27,213][__main__][INFO] - [RANK 0] [ Train | Step: 74500  |  loss : 0.3313 | accuracy : 0.8455 | opt_sps : 75.7870  ]
[2026-08-17 08:53:27,514][__main__][INFO] - [RANK 0] [ Eval  | Step: 74500  |  loss : 0.3473 | accuracy : 0.8345 | eval_s : 0.3010  ]
[2026-08-17 08:53:34,240][__main__][INFO] - [RANK 0] [ Train | Step: 75000  |  loss : 0.3313 | accuracy : 0.8464 | opt_sps : 75.7772  ]
[2026-08-17 08:53:34,542][__main__][INFO] - [RANK 0] [ Eval  | Step: 75000  |  loss : 0.3449 | accuracy : 0.8359 | eval_s : 0.3012  ]
[2026-08-17 08:53:41,233][__main__][INFO] - [RANK 0] [ Train | Step: 75500  |  loss : 0.3306 | accuracy : 0.8460 | opt_sps : 75.7703  ]
[2026-08-17 08:53:41,535][__main__][INFO] - [RANK 0] [ Eval  | Step: 75500  |  loss : 0.3472 | accuracy : 0.8343 | eval_s : 0.3010  ]
[2026-08-17 08:53:48,079][__main__][INFO] - [RANK 0] [ Train | Step: 76000  |  loss : 0.3297 | accuracy : 0.8472 | opt_sps : 75.7744  ]
[2026-08-17 08:53:48,386][__main__][INFO] - [RANK 0] [ Eval  | Step: 76000  |  loss : 0.3457 | accuracy : 0.8356 | eval_s : 0.3055  ]
[2026-08-17 08:53:54,971][__main__][INFO] - [RANK 0] [ Train | Step: 76500  |  loss : 0.3253 | accuracy : 0.8485 | opt_sps : 75.7753  ]
[2026-08-17 08:53:55,278][__main__][INFO] - [RANK 0] [ Eval  | Step: 76500  |  loss : 0.3437 | accuracy : 0.8371 | eval_s : 0.3061  ]
[2026-08-17 08:54:01,877][__main__][INFO] - [RANK 0] [ Train | Step: 77000  |  loss : 0.3265 | accuracy : 0.8484 | opt_sps : 75.7754  ]
[2026-08-17 08:54:02,180][__main__][INFO] - [RANK 0] [ Eval  | Step: 77000  |  loss : 0.3458 | accuracy : 0.8360 | eval_s : 0.3027  ]
[2026-08-17 08:54:08,804][__main__][INFO] - [RANK 0] [ Train | Step: 77500  |  loss : 0.3261 | accuracy : 0.8481 | opt_sps : 75.7736  ]
[2026-08-17 08:54:09,107][__main__][INFO] - [RANK 0] [ Eval  | Step: 77500  |  loss : 0.3446 | accuracy : 0.8379 | eval_s : 0.3020  ]
[2026-08-17 08:54:15,827][__main__][INFO] - [RANK 0] [ Train | Step: 78000  |  loss : 0.3257 | accuracy : 0.8488 | opt_sps : 75.7646  ]
[2026-08-17 08:54:16,132][__main__][INFO] - [RANK 0] [ Eval  | Step: 78000  |  loss : 0.3443 | accuracy : 0.8346 | eval_s : 0.3038  ]
[2026-08-17 08:54:22,798][__main__][INFO] - [RANK 0] [ Train | Step: 78500  |  loss : 0.3274 | accuracy : 0.8470 | opt_sps : 75.7597  ]
[2026-08-17 08:54:23,100][__main__][INFO] - [RANK 0] [ Eval  | Step: 78500  |  loss : 0.3440 | accuracy : 0.8360 | eval_s : 0.3012  ]
[2026-08-17 08:54:29,651][__main__][INFO] - [RANK 0] [ Train | Step: 79000  |  loss : 0.3273 | accuracy : 0.8473 | opt_sps : 75.7633  ]
[2026-08-17 08:54:29,954][__main__][INFO] - [RANK 0] [ Eval  | Step: 79000  |  loss : 0.3428 | accuracy : 0.8369 | eval_s : 0.3017  ]
[2026-08-17 08:54:36,536][__main__][INFO] - [RANK 0] [ Train | Step: 79500  |  loss : 0.3274 | accuracy : 0.8457 | opt_sps : 75.7646  ]
[2026-08-17 08:54:36,841][__main__][INFO] - [RANK 0] [ Eval  | Step: 79500  |  loss : 0.3439 | accuracy : 0.8367 | eval_s : 0.3038  ]
[2026-08-17 08:54:43,567][__main__][INFO] - [RANK 0] [ Train | Step: 80000  |  loss : 0.3269 | accuracy : 0.8481 | opt_sps : 75.7555  ]
[2026-08-17 08:54:43,869][__main__][INFO] - [RANK 0] [ Eval  | Step: 80000  |  loss : 0.3431 | accuracy : 0.8372 | eval_s : 0.3011  ]
[2026-08-17 08:54:50,404][__main__][INFO] - [RANK 0] [ Train | Step: 80500  |  loss : 0.3253 | accuracy : 0.8485 | opt_sps : 75.7601  ]
[2026-08-17 08:54:50,708][__main__][INFO] - [RANK 0] [ Eval  | Step: 80500  |  loss : 0.3436 | accuracy : 0.8366 | eval_s : 0.3029  ]
[2026-08-17 08:54:57,269][__main__][INFO] - [RANK 0] [ Train | Step: 81000  |  loss : 0.3260 | accuracy : 0.8480 | opt_sps : 75.7629  ]
[2026-08-17 08:54:57,576][__main__][INFO] - [RANK 0] [ Eval  | Step: 81000  |  loss : 0.3410 | accuracy : 0.8389 | eval_s : 0.3066  ]
[2026-08-17 08:55:04,087][__main__][INFO] - [RANK 0] [ Train | Step: 81500  |  loss : 0.3216 | accuracy : 0.8498 | opt_sps : 75.7692  ]
[2026-08-17 08:55:04,389][__main__][INFO] - [RANK 0] [ Eval  | Step: 81500  |  loss : 0.3429 | accuracy : 0.8385 | eval_s : 0.3015  ]
[2026-08-17 08:55:10,945][__main__][INFO] - [RANK 0] [ Train | Step: 82000  |  loss : 0.3256 | accuracy : 0.8483 | opt_sps : 75.7723  ]
[2026-08-17 08:55:11,247][__main__][INFO] - [RANK 0] [ Eval  | Step: 82000  |  loss : 0.3423 | accuracy : 0.8358 | eval_s : 0.3011  ]
[2026-08-17 08:55:17,786][__main__][INFO] - [RANK 0] [ Train | Step: 82500  |  loss : 0.3235 | accuracy : 0.8502 | opt_sps : 75.7764  ]
[2026-08-17 08:55:18,090][__main__][INFO] - [RANK 0] [ Eval  | Step: 82500  |  loss : 0.3431 | accuracy : 0.8380 | eval_s : 0.3025  ]
[2026-08-17 08:55:24,648][__main__][INFO] - [RANK 0] [ Train | Step: 83000  |  loss : 0.3230 | accuracy : 0.8498 | opt_sps : 75.7792  ]
[2026-08-17 08:55:24,950][__main__][INFO] - [RANK 0] [ Eval  | Step: 83000  |  loss : 0.3418 | accuracy : 0.8356 | eval_s : 0.3013  ]
[2026-08-17 08:55:31,524][__main__][INFO] - [RANK 0] [ Train | Step: 83500  |  loss : 0.3244 | accuracy : 0.8497 | opt_sps : 75.7808  ]
[2026-08-17 08:55:31,826][__main__][INFO] - [RANK 0] [ Eval  | Step: 83500  |  loss : 0.3428 | accuracy : 0.8367 | eval_s : 0.3016  ]
[2026-08-17 08:55:38,432][__main__][INFO] - [RANK 0] [ Train | Step: 84000  |  loss : 0.3223 | accuracy : 0.8501 | opt_sps : 75.7803  ]
[2026-08-17 08:55:38,735][__main__][INFO] - [RANK 0] [ Eval  | Step: 84000  |  loss : 0.3417 | accuracy : 0.8380 | eval_s : 0.3021  ]
[2026-08-17 08:55:45,480][__main__][INFO] - [RANK 0] [ Train | Step: 84500  |  loss : 0.3212 | accuracy : 0.8504 | opt_sps : 75.7703  ]
[2026-08-17 08:55:45,788][__main__][INFO] - [RANK 0] [ Eval  | Step: 84500  |  loss : 0.3429 | accuracy : 0.8365 | eval_s : 0.3076  ]
[2026-08-17 08:55:52,442][__main__][INFO] - [RANK 0] [ Train | Step: 85000  |  loss : 0.3218 | accuracy : 0.8501 | opt_sps : 75.7667  ]
[2026-08-17 08:55:52,747][__main__][INFO] - [RANK 0] [ Eval  | Step: 85000  |  loss : 0.3420 | accuracy : 0.8378 | eval_s : 0.3046  ]
[2026-08-17 08:55:59,334][__main__][INFO] - [RANK 0] [ Train | Step: 85500  |  loss : 0.3215 | accuracy : 0.8499 | opt_sps : 75.7675  ]
[2026-08-17 08:55:59,637][__main__][INFO] - [RANK 0] [ Eval  | Step: 85500  |  loss : 0.3418 | accuracy : 0.8372 | eval_s : 0.3021  ]
[2026-08-17 08:56:06,257][__main__][INFO] - [RANK 0] [ Train | Step: 86000  |  loss : 0.3226 | accuracy : 0.8496 | opt_sps : 75.7661  ]
[2026-08-17 08:56:06,560][__main__][INFO] - [RANK 0] [ Eval  | Step: 86000  |  loss : 0.3425 | accuracy : 0.8370 | eval_s : 0.3021  ]
[2026-08-17 08:56:13,178][__main__][INFO] - [RANK 0] [ Train | Step: 86500  |  loss : 0.3195 | accuracy : 0.8520 | opt_sps : 75.7648  ]
[2026-08-17 08:56:13,481][__main__][INFO] - [RANK 0] [ Eval  | Step: 86500  |  loss : 0.3417 | accuracy : 0.8378 | eval_s : 0.3016  ]
[2026-08-17 08:56:20,190][__main__][INFO] - [RANK 0] [ Train | Step: 87000  |  loss : 0.3203 | accuracy : 0.8512 | opt_sps : 75.7576  ]
[2026-08-17 08:56:20,498][__main__][INFO] - [RANK 0] [ Eval  | Step: 87000  |  loss : 0.3424 | accuracy : 0.8373 | eval_s : 0.3075  ]
[2026-08-17 08:56:27,135][__main__][INFO] - [RANK 0] [ Train | Step: 87500  |  loss : 0.3214 | accuracy : 0.8508 | opt_sps : 75.7552  ]
[2026-08-17 08:56:27,438][__main__][INFO] - [RANK 0] [ Eval  | Step: 87500  |  loss : 0.3420 | accuracy : 0.8383 | eval_s : 0.3028  ]
[2026-08-17 08:56:34,040][__main__][INFO] - [RANK 0] [ Train | Step: 88000  |  loss : 0.3207 | accuracy : 0.8500 | opt_sps : 75.7551  ]
[2026-08-17 08:56:34,343][__main__][INFO] - [RANK 0] [ Eval  | Step: 88000  |  loss : 0.3409 | accuracy : 0.8386 | eval_s : 0.3017  ]
[2026-08-17 08:56:40,949][__main__][INFO] - [RANK 0] [ Train | Step: 88500  |  loss : 0.3203 | accuracy : 0.8510 | opt_sps : 75.7548  ]
[2026-08-17 08:56:41,253][__main__][INFO] - [RANK 0] [ Eval  | Step: 88500  |  loss : 0.3412 | accuracy : 0.8377 | eval_s : 0.3033  ]
[2026-08-17 08:56:47,918][__main__][INFO] - [RANK 0] [ Train | Step: 89000  |  loss : 0.3216 | accuracy : 0.8505 | opt_sps : 75.7506  ]
[2026-08-17 08:56:48,224][__main__][INFO] - [RANK 0] [ Eval  | Step: 89000  |  loss : 0.3410 | accuracy : 0.8383 | eval_s : 0.3045  ]
[2026-08-17 08:56:54,948][__main__][INFO] - [RANK 0] [ Train | Step: 89500  |  loss : 0.3184 | accuracy : 0.8520 | opt_sps : 75.7427  ]
[2026-08-17 08:56:55,256][__main__][INFO] - [RANK 0] [ Eval  | Step: 89500  |  loss : 0.3417 | accuracy : 0.8378 | eval_s : 0.3069  ]
[2026-08-17 08:57:01,877][__main__][INFO] - [RANK 0] [ Train | Step: 90000  |  loss : 0.3206 | accuracy : 0.8503 | opt_sps : 75.7414  ]
[2026-08-17 08:57:02,180][__main__][INFO] - [RANK 0] [ Eval  | Step: 90000  |  loss : 0.3405 | accuracy : 0.8371 | eval_s : 0.3016  ]
[2026-08-17 08:57:08,783][__main__][INFO] - [RANK 0] [ Train | Step: 90500  |  loss : 0.3175 | accuracy : 0.8525 | opt_sps : 75.7413  ]
[2026-08-17 08:57:09,086][__main__][INFO] - [RANK 0] [ Eval  | Step: 90500  |  loss : 0.3418 | accuracy : 0.8374 | eval_s : 0.3018  ]
[2026-08-17 08:57:15,726][__main__][INFO] - [RANK 0] [ Train | Step: 91000  |  loss : 0.3190 | accuracy : 0.8515 | opt_sps : 75.7389  ]
[2026-08-17 08:57:16,028][__main__][INFO] - [RANK 0] [ Eval  | Step: 91000  |  loss : 0.3417 | accuracy : 0.8379 | eval_s : 0.3011  ]
[2026-08-17 08:57:22,619][__main__][INFO] - [RANK 0] [ Train | Step: 91500  |  loss : 0.3192 | accuracy : 0.8522 | opt_sps : 75.7395  ]
[2026-08-17 08:57:22,922][__main__][INFO] - [RANK 0] [ Eval  | Step: 91500  |  loss : 0.3408 | accuracy : 0.8384 | eval_s : 0.3018  ]
[2026-08-17 08:57:29,507][__main__][INFO] - [RANK 0] [ Train | Step: 92000  |  loss : 0.3212 | accuracy : 0.8502 | opt_sps : 75.7406  ]
[2026-08-17 08:57:29,809][__main__][INFO] - [RANK 0] [ Eval  | Step: 92000  |  loss : 0.3409 | accuracy : 0.8386 | eval_s : 0.3014  ]
[2026-08-17 08:57:36,340][__main__][INFO] - [RANK 0] [ Train | Step: 92500  |  loss : 0.3198 | accuracy : 0.8507 | opt_sps : 75.7450  ]
[2026-08-17 08:57:36,642][__main__][INFO] - [RANK 0] [ Eval  | Step: 92500  |  loss : 0.3409 | accuracy : 0.8382 | eval_s : 0.3010  ]
[2026-08-17 08:57:43,171][__main__][INFO] - [RANK 0] [ Train | Step: 93000  |  loss : 0.3197 | accuracy : 0.8510 | opt_sps : 75.7494  ]
[2026-08-17 08:57:43,474][__main__][INFO] - [RANK 0] [ Eval  | Step: 93000  |  loss : 0.3413 | accuracy : 0.8382 | eval_s : 0.3025  ]
[2026-08-17 08:57:50,002][__main__][INFO] - [RANK 0] [ Train | Step: 93500  |  loss : 0.3197 | accuracy : 0.8507 | opt_sps : 75.7539  ]
[2026-08-17 08:57:50,315][__main__][INFO] - [RANK 0] [ Eval  | Step: 93500  |  loss : 0.3414 | accuracy : 0.8373 | eval_s : 0.3119  ]
[2026-08-17 08:57:57,135][__main__][INFO] - [RANK 0] [ Train | Step: 94000  |  loss : 0.3186 | accuracy : 0.8509 | opt_sps : 75.7405  ]
[2026-08-17 08:57:57,438][__main__][INFO] - [RANK 0] [ Eval  | Step: 94000  |  loss : 0.3414 | accuracy : 0.8369 | eval_s : 0.3024  ]
[2026-08-17 08:58:04,104][__main__][INFO] - [RANK 0] [ Train | Step: 94500  |  loss : 0.3173 | accuracy : 0.8525 | opt_sps : 75.7365  ]
[2026-08-17 08:58:04,407][__main__][INFO] - [RANK 0] [ Eval  | Step: 94500  |  loss : 0.3398 | accuracy : 0.8382 | eval_s : 0.3017  ]
[2026-08-17 08:58:11,007][__main__][INFO] - [RANK 0] [ Train | Step: 95000  |  loss : 0.3167 | accuracy : 0.8517 | opt_sps : 75.7367  ]
[2026-08-17 08:58:11,309][__main__][INFO] - [RANK 0] [ Eval  | Step: 95000  |  loss : 0.3404 | accuracy : 0.8379 | eval_s : 0.3014  ]
[2026-08-17 08:58:17,908][__main__][INFO] - [RANK 0] [ Train | Step: 95500  |  loss : 0.3191 | accuracy : 0.8519 | opt_sps : 75.7369  ]
[2026-08-17 08:58:18,210][__main__][INFO] - [RANK 0] [ Eval  | Step: 95500  |  loss : 0.3416 | accuracy : 0.8378 | eval_s : 0.3019  ]
[2026-08-17 08:58:24,872][__main__][INFO] - [RANK 0] [ Train | Step: 96000  |  loss : 0.3196 | accuracy : 0.8521 | opt_sps : 75.7334  ]
[2026-08-17 08:58:25,173][__main__][INFO] - [RANK 0] [ Eval  | Step: 96000  |  loss : 0.3406 | accuracy : 0.8392 | eval_s : 0.3006  ]
[2026-08-17 08:58:31,729][__main__][INFO] - [RANK 0] [ Train | Step: 96500  |  loss : 0.3215 | accuracy : 0.8508 | opt_sps : 75.7361  ]
[2026-08-17 08:58:32,032][__main__][INFO] - [RANK 0] [ Eval  | Step: 96500  |  loss : 0.3411 | accuracy : 0.8375 | eval_s : 0.3021  ]
[2026-08-17 08:58:38,618][__main__][INFO] - [RANK 0] [ Train | Step: 97000  |  loss : 0.3186 | accuracy : 0.8523 | opt_sps : 75.7371  ]
[2026-08-17 08:58:38,924][__main__][INFO] - [RANK 0] [ Eval  | Step: 97000  |  loss : 0.3412 | accuracy : 0.8376 | eval_s : 0.3052  ]
[2026-08-17 08:58:45,412][__main__][INFO] - [RANK 0] [ Train | Step: 97500  |  loss : 0.3155 | accuracy : 0.8539 | opt_sps : 75.7438  ]
[2026-08-17 08:58:45,717][__main__][INFO] - [RANK 0] [ Eval  | Step: 97500  |  loss : 0.3404 | accuracy : 0.8390 | eval_s : 0.3046  ]
[2026-08-17 08:58:52,255][__main__][INFO] - [RANK 0] [ Train | Step: 98000  |  loss : 0.3198 | accuracy : 0.8511 | opt_sps : 75.7475  ]
[2026-08-17 08:58:52,557][__main__][INFO] - [RANK 0] [ Eval  | Step: 98000  |  loss : 0.3408 | accuracy : 0.8383 | eval_s : 0.3013  ]
[2026-08-17 08:58:59,249][__main__][INFO] - [RANK 0] [ Train | Step: 98500  |  loss : 0.3190 | accuracy : 0.8512 | opt_sps : 75.7422  ]
[2026-08-17 08:58:59,553][__main__][INFO] - [RANK 0] [ Eval  | Step: 98500  |  loss : 0.3396 | accuracy : 0.8387 | eval_s : 0.3031  ]
[2026-08-17 08:59:06,179][__main__][INFO] - [RANK 0] [ Train | Step: 99000  |  loss : 0.3196 | accuracy : 0.8522 | opt_sps : 75.7408  ]
[2026-08-17 08:59:06,482][__main__][INFO] - [RANK 0] [ Eval  | Step: 99000  |  loss : 0.3408 | accuracy : 0.8379 | eval_s : 0.3027  ]
[2026-08-17 08:59:13,129][__main__][INFO] - [RANK 0] [ Train | Step: 99500  |  loss : 0.3215 | accuracy : 0.8505 | opt_sps : 75.7382  ]
[2026-08-17 08:59:13,432][__main__][INFO] - [RANK 0] [ Eval  | Step: 99500  |  loss : 0.3412 | accuracy : 0.8368 | eval_s : 0.3022  ]
[2026-08-17 08:59:20,062][__main__][INFO] - [RANK 0] [ Train | Step: 100000 |  loss : 0.3137 | accuracy : 0.8537 | opt_sps : 75.7366  ]
[2026-08-17 08:59:20,366][__main__][INFO] - [RANK 0] [ Eval  | Step: 100000 |  loss : 0.3404 | accuracy : 0.8379 | eval_s : 0.3029  ]
[2026-08-17 08:59:20,367][__main__][INFO] - [RANK 0] loading best model
[2026-08-17 08:59:20,369][__main__][INFO] - [RANK 0] [Eval  | Summary |  best_loss : 0.3396 | best_step : 98500.0000 ]
[2026-08-17 08:59:20,671][__main__][INFO] - [RANK 0] [Test  | Summary |  model/phase_R : 0.9691 | model/gate_offdiag : 0.9431 | model/vote_agreement : 0.6386 | model/evidence_ratio : 61.3078 | loss/cross_entropy : 0.3357 | loss/loss : 0.3357 | callbacks/accuracy : 0.8406 | callbacks/non_relational_accuracy : 0.9999 | callbacks/binary_accuracy : 0.8801 | callbacks/ternary_accuracy : 0.6418 | callbacks/query_shape_accuracy : 1.0000 | callbacks/left_of_centre_accuracy : 0.9997 | callbacks/top_half_accuracy : 1.0000 | callbacks/closest_shape_accuracy : 0.7952 | callbacks/furthest_shape_accuracy : 0.8493 | callbacks/count_same_shape_accuracy : 0.9994 | callbacks/count_in_box_accuracy : 0.7771 | callbacks/on_band_accuracy : 0.6856 | callbacks/count_obtuse_accuracy : 0.4586 | timing/eval_s : 0.3020 ]
wandb: updating run metadata
wandb: uploading history steps 198-199, summary, console lines 528-532
wandb: 
wandb: Run history:
wandb:                  eval_callbacks/accuracy ▁▄▄▅▅▆▆▆▅▆▆▆▆▇▇▇▇▇▇▇▇▇██████████████████
wandb:           eval_callbacks/binary_accuracy ▁▁▁▂▂▂▄▅▅▅▆▆▇▇▇▇▇▇▇▇▇▇▇▇████████████████
wandb:    eval_callbacks/closest_shape_accuracy ▁▃▄▄▄▅▄▄▅▅▅▆▆▆▇▇▇█▇███▇█████████████████
wandb:     eval_callbacks/count_in_box_accuracy ▁▁▁▁▁▁▁▁▁▁▁▁▁▁▁▂▁▃▄▄▄▅▅▅▆▆▅▇▆▇▇▇▇▇▇▇▇█▇█
wandb:     eval_callbacks/count_obtuse_accuracy ▂▂▂▁▂▂▂▂▂▂▂▂▂▂▂▃▃▅▆▆▆▆▇▇▆▇▇▆██▇▇█▇███▇█▇
wandb: eval_callbacks/count_same_shape_accuracy ▁▁▁▁▁▁▂▄▄▅▇▇█▆▇▇████████████████████████
wandb:   eval_callbacks/furthest_shape_accuracy ▁▂▂▂▃▄▄▄▄▄▄▄▅▅▅▅▅▅▆▆▇█▇▇████████████████
wandb:   eval_callbacks/left_of_centre_accuracy ▁▅▅▅██████▇███▇█████████████████████████
wandb:   eval_callbacks/non_relational_accuracy ▁▆▇█████████████████████████████████████
wandb:          eval_callbacks/on_band_accuracy ▂▂▁▁▂▂▂▃▄▃▅▅▆▆▅▆▆▆▆▆▆▆▆▇▇▇▇▇████████████
wandb:                                      +32 ...
wandb: 
wandb: Run summary:
wandb:                           eval/best_loss 0.33957
wandb:                           eval/best_step 98500
wandb:                  eval_callbacks/accuracy 0.83787
wandb:           eval_callbacks/binary_accuracy 0.87731
wandb:    eval_callbacks/closest_shape_accuracy 0.78134
wandb:     eval_callbacks/count_in_box_accuracy 0.76354
wandb:     eval_callbacks/count_obtuse_accuracy 0.46208
wandb: eval_callbacks/count_same_shape_accuracy 0.99973
wandb:   eval_callbacks/furthest_shape_accuracy 0.85267
wandb:   eval_callbacks/left_of_centre_accuracy 1.0
wandb:                                      +54 ...
wandb: 
wandb: 🚀 View run sort_of_clevr/syncnet::multirun::2026-08-17_07-27-27::3 at: https://wandb.ai/niks_priv/sort_of_clevr/runs/pl9ykmgm
wandb: ⭐️ View project at: https://wandb.ai/niks_priv/sort_of_clevr
wandb: Synced 5 W&B file(s), 0 media file(s), 0 artifact file(s) and 0 other file(s)
wandb: Find logs at: ./outputs/sort_of_clevr/multirun/2026-08-17_07-27-27/3/wandb/run-20260817_083618-pl9ykmgm/logs
[2026-08-17 08:59:21,819][HYDRA] 	#4 : model.module_dim=256 model.n_modules=4 model.partition=quadrant train.seed=1 task=sort_of_clevr experiment=sort_of_clevr/syncnet/scale
wandb: setting up run i3ncryte
wandb: Tracking run with wandb version 0.27.2
wandb: Run data is saved locally in /home/nik/workspace/ImperialWork/msc_project/SyncNetProject/outputs/sort_of_clevr/multirun/2026-08-17_07-27-27/4/wandb/run-20260817_085923-i3ncryte
wandb: Run `wandb offline` to turn off syncing.
wandb: Syncing run sort_of_clevr/syncnet::multirun::2026-08-17_07-27-27::4
wandb: ⭐️ View project at https://wandb.ai/niks_priv/sort_of_clevr
wandb: 🚀 View run at https://wandb.ai/niks_priv/sort_of_clevr/runs/i3ncryte
[2026-08-17 08:59:24,119][__main__][INFO] - [RANK 0] Starting training
[2026-08-17 08:59:24,120][__main__][INFO] - [RANK 0] Model: SortOfClevrSyncNet
[2026-08-17 08:59:24,120][__main__][INFO] - [RANK 0] Parameters: total=694096
[2026-08-17 08:59:24,122][__main__][INFO] - [RANK 0] Config:
train:
  seed: 1
  n_steps: 100000
  train_bs: 256
  val_bs: 1024
  early_stop_metric: loss
  early_stop_big_is_better: false
  early_stop_patience: 1000000
  early_stop_min_delta: 0.0
  mixed_precision: bf16
  compile_model: false
  grad_accum: 1
  grad_clip: 1.0
  loader_mode: gpu_cached
  num_workers: 0
logging:
  eval_log_interval: 500
  train_log_interval: 500
  info_metrics:
  - loss
  - accuracy
  save_best: true
wandb:
  enabled: true
  project_name: sort_of_clevr
  entity: niks_priv
  tags: []
  run_name: null
optim:
  optimiser: adamw
  lr: 0.0003
  weight_decay: 0.01
  lr_scheduler: warmup_cosine
  lr_scheduler_params:
    warmup_steps: 2000
dataset:
  name: sort_of_clevr
  root: ./data
  dir: sort_of_clevr-seed1-train36000-test1000-img75-obj5-q10-t-1
  seed: 1
  train_size: 36000
  test_size: 1000
  img_size: 75
  obj_size: 5
  nb_questions: 10
  t_subtype: -1
model:
  name: sort_of_clevr_syncnet
  q_conditioning: film
  q_emb_dim: 32
  partition: quadrant
  use_pos_emb: true
  n_modules: 4
  module_dim: 256
  content_dim: 8
  query_hidden: 64
  beta_init: 5.0
  learn_beta: true
  use_module_embed: false
  embed_scale: 1.0
  gate_mode: phase
  T: 6
  dt: 0.1
  omega_init: 0.5
  learn_omega: true
  k_hidden: 64
  deterministic_phase: false
  msg_dim: 64
  msg_agg: mean
  readout_mode: sum
  hidden_dim: 128
  use_prior_head: true
  vote_sees_q: true
  encoder:
    name: patchify
    ch: 128
    patch_size: 5
    hidden: 64
callbacks:
- name: accuracy
- name: qtype_accuracy
- name: subtype_accuracy

[2026-08-17 08:59:24,122][__main__][INFO] - [RANK 0] Full model:
SortOfClevrSyncNet(
  (inner): VQASyncNet(
    (q_encoder): IdentityQuestionEncoder()
    (film_gamma): Linear(in_features=18, out_features=128, bias=True)
    (film_beta): Linear(in_features=18, out_features=128, bias=True)
    (encoders): ModuleList(
      (0): PatchifyEncoder(
        (patchify): Conv2d(3, 128, kernel_size=(5, 5), stride=(5, 5))
      )
    )
    (norms): ModuleList(
      (0): GroupNorm(8, 128, eps=1e-05, affine=True, bias=True)
    )
    (h_init): Sequential(
      (0): Linear(in_features=18, out_features=64, bias=True)
      (1): GELU(approximate='none')
      (2): Linear(in_features=64, out_features=1024, bias=True)
    )
    (attn_query): Linear(in_features=256, out_features=128, bias=True)
    (msg_proj): Linear(in_features=256, out_features=64, bias=True)
    (cell): GRUCell(192, 256)
    (k_mlp): Sequential(
      (0): Linear(in_features=512, out_features=64, bias=True)
      (1): GELU(approximate='none')
      (2): Linear(in_features=64, out_features=1, bias=True)
      (3): Tanh()
    )
    (content_head): Linear(in_features=128, out_features=8, bias=True)
    (vote_heads): ModuleList(
      (0-3): 4 x Sequential(
        (0): Linear(in_features=282, out_features=128, bias=True)
        (1): GELU(approximate='none')
        (2): Linear(in_features=128, out_features=10, bias=True)
      )
    )
    (prior_head): Sequential(
      (0): Linear(in_features=18, out_features=128, bias=True)
      (1): GELU(approximate='none')
      (2): Linear(in_features=128, out_features=10, bias=True)
    )
  )
)
[2026-08-17 08:59:30,712][__main__][INFO] - [RANK 0] [ Train | Step: 500    |  loss : 1.4076 | accuracy : 0.3899 | opt_sps : 75.8819  ]
[2026-08-17 08:59:31,014][__main__][INFO] - [RANK 0] [ Eval  | Step: 500    |  loss : 0.8954 | accuracy : 0.4919 | eval_s : 0.3013  ]
[2026-08-17 08:59:37,549][__main__][INFO] - [RANK 0] [ Train | Step: 1000   |  loss : 0.8758 | accuracy : 0.5053 | opt_sps : 76.2021  ]
[2026-08-17 08:59:37,852][__main__][INFO] - [RANK 0] [ Eval  | Step: 1000   |  loss : 0.8299 | accuracy : 0.5536 | eval_s : 0.3013  ]
[2026-08-17 08:59:44,427][__main__][INFO] - [RANK 0] [ Train | Step: 1500   |  loss : 0.7736 | accuracy : 0.5946 | opt_sps : 76.1537  ]
[2026-08-17 08:59:44,729][__main__][INFO] - [RANK 0] [ Eval  | Step: 1500   |  loss : 0.7271 | accuracy : 0.6279 | eval_s : 0.3014  ]
[2026-08-17 08:59:51,338][__main__][INFO] - [RANK 0] [ Train | Step: 2000   |  loss : 0.7226 | accuracy : 0.6332 | opt_sps : 76.0307  ]
[2026-08-17 08:59:51,641][__main__][INFO] - [RANK 0] [ Eval  | Step: 2000   |  loss : 0.7085 | accuracy : 0.6341 | eval_s : 0.3016  ]
[2026-08-17 08:59:58,229][__main__][INFO] - [RANK 0] [ Train | Step: 2500   |  loss : 0.7002 | accuracy : 0.6461 | opt_sps : 76.0064  ]
[2026-08-17 08:59:58,531][__main__][INFO] - [RANK 0] [ Eval  | Step: 2500   |  loss : 0.6836 | accuracy : 0.6571 | eval_s : 0.3016  ]
[2026-08-17 09:00:05,322][__main__][INFO] - [RANK 0] [ Train | Step: 3000   |  loss : 0.6906 | accuracy : 0.6546 | opt_sps : 75.6009  ]
[2026-08-17 09:00:05,639][__main__][INFO] - [RANK 0] [ Eval  | Step: 3000   |  loss : 0.6897 | accuracy : 0.6506 | eval_s : 0.3150  ]
[2026-08-17 09:00:12,160][__main__][INFO] - [RANK 0] [ Train | Step: 3500   |  loss : 0.6797 | accuracy : 0.6611 | opt_sps : 75.7525  ]
[2026-08-17 09:00:12,464][__main__][INFO] - [RANK 0] [ Eval  | Step: 3500   |  loss : 0.6769 | accuracy : 0.6623 | eval_s : 0.3038  ]
[2026-08-17 09:00:19,042][__main__][INFO] - [RANK 0] [ Train | Step: 4000   |  loss : 0.6724 | accuracy : 0.6651 | opt_sps : 75.7863  ]
[2026-08-17 09:00:19,347][__main__][INFO] - [RANK 0] [ Eval  | Step: 4000   |  loss : 0.6648 | accuracy : 0.6700 | eval_s : 0.3042  ]
[2026-08-17 09:00:25,940][__main__][INFO] - [RANK 0] [ Train | Step: 4500   |  loss : 0.6676 | accuracy : 0.6680 | opt_sps : 75.7945  ]
[2026-08-17 09:00:26,242][__main__][INFO] - [RANK 0] [ Eval  | Step: 4500   |  loss : 0.6603 | accuracy : 0.6730 | eval_s : 0.3019  ]
[2026-08-17 09:00:32,980][__main__][INFO] - [RANK 0] [ Train | Step: 5000   |  loss : 0.6579 | accuracy : 0.6741 | opt_sps : 75.6342  ]
[2026-08-17 09:00:33,283][__main__][INFO] - [RANK 0] [ Eval  | Step: 5000   |  loss : 0.6562 | accuracy : 0.6741 | eval_s : 0.3023  ]
[2026-08-17 09:00:39,851][__main__][INFO] - [RANK 0] [ Train | Step: 5500   |  loss : 0.6537 | accuracy : 0.6758 | opt_sps : 75.6804  ]
[2026-08-17 09:00:40,153][__main__][INFO] - [RANK 0] [ Eval  | Step: 5500   |  loss : 0.6516 | accuracy : 0.6830 | eval_s : 0.3011  ]
[2026-08-17 09:00:46,716][__main__][INFO] - [RANK 0] [ Train | Step: 6000   |  loss : 0.6489 | accuracy : 0.6795 | opt_sps : 75.7232  ]
[2026-08-17 09:00:47,020][__main__][INFO] - [RANK 0] [ Eval  | Step: 6000   |  loss : 0.6550 | accuracy : 0.6793 | eval_s : 0.3026  ]
[2026-08-17 09:00:53,571][__main__][INFO] - [RANK 0] [ Train | Step: 6500   |  loss : 0.6474 | accuracy : 0.6782 | opt_sps : 75.7690  ]
[2026-08-17 09:00:53,873][__main__][INFO] - [RANK 0] [ Eval  | Step: 6500   |  loss : 0.6453 | accuracy : 0.6816 | eval_s : 0.3016  ]
[2026-08-17 09:01:00,480][__main__][INFO] - [RANK 0] [ Train | Step: 7000   |  loss : 0.6452 | accuracy : 0.6804 | opt_sps : 75.7637  ]
[2026-08-17 09:01:00,787][__main__][INFO] - [RANK 0] [ Eval  | Step: 7000   |  loss : 0.6453 | accuracy : 0.6804 | eval_s : 0.3064  ]
[2026-08-17 09:01:07,428][__main__][INFO] - [RANK 0] [ Train | Step: 7500   |  loss : 0.6413 | accuracy : 0.6823 | opt_sps : 75.7322  ]
[2026-08-17 09:01:07,734][__main__][INFO] - [RANK 0] [ Eval  | Step: 7500   |  loss : 0.6375 | accuracy : 0.6857 | eval_s : 0.3053  ]
[2026-08-17 09:01:14,459][__main__][INFO] - [RANK 0] [ Train | Step: 8000   |  loss : 0.6412 | accuracy : 0.6843 | opt_sps : 75.6454  ]
[2026-08-17 09:01:14,762][__main__][INFO] - [RANK 0] [ Eval  | Step: 8000   |  loss : 0.6364 | accuracy : 0.6859 | eval_s : 0.3027  ]
[2026-08-17 09:01:21,402][__main__][INFO] - [RANK 0] [ Train | Step: 8500   |  loss : 0.6442 | accuracy : 0.6830 | opt_sps : 75.6257  ]
[2026-08-17 09:01:21,706][__main__][INFO] - [RANK 0] [ Eval  | Step: 8500   |  loss : 0.6411 | accuracy : 0.6807 | eval_s : 0.3027  ]
[2026-08-17 09:01:28,295][__main__][INFO] - [RANK 0] [ Train | Step: 9000   |  loss : 0.6382 | accuracy : 0.6856 | opt_sps : 75.6398  ]
[2026-08-17 09:01:28,597][__main__][INFO] - [RANK 0] [ Eval  | Step: 9000   |  loss : 0.6360 | accuracy : 0.6844 | eval_s : 0.3011  ]
[2026-08-17 09:01:35,242][__main__][INFO] - [RANK 0] [ Train | Step: 9500   |  loss : 0.6351 | accuracy : 0.6886 | opt_sps : 75.6200  ]
[2026-08-17 09:01:35,544][__main__][INFO] - [RANK 0] [ Eval  | Step: 9500   |  loss : 0.6346 | accuracy : 0.6896 | eval_s : 0.3017  ]
[2026-08-17 09:01:42,128][__main__][INFO] - [RANK 0] [ Train | Step: 10000  |  loss : 0.6370 | accuracy : 0.6865 | opt_sps : 75.6368  ]
[2026-08-17 09:01:42,431][__main__][INFO] - [RANK 0] [ Eval  | Step: 10000  |  loss : 0.6361 | accuracy : 0.6870 | eval_s : 0.3024  ]
[2026-08-17 09:01:49,086][__main__][INFO] - [RANK 0] [ Train | Step: 10500  |  loss : 0.6375 | accuracy : 0.6869 | opt_sps : 75.6127  ]
[2026-08-17 09:01:49,388][__main__][INFO] - [RANK 0] [ Eval  | Step: 10500  |  loss : 0.6390 | accuracy : 0.6832 | eval_s : 0.3014  ]
[2026-08-17 09:01:55,985][__main__][INFO] - [RANK 0] [ Train | Step: 11000  |  loss : 0.6353 | accuracy : 0.6871 | opt_sps : 75.6209  ]
[2026-08-17 09:01:56,288][__main__][INFO] - [RANK 0] [ Eval  | Step: 11000  |  loss : 0.6390 | accuracy : 0.6864 | eval_s : 0.3016  ]
[2026-08-17 09:02:02,834][__main__][INFO] - [RANK 0] [ Train | Step: 11500  |  loss : 0.6325 | accuracy : 0.6899 | opt_sps : 75.6535  ]
[2026-08-17 09:02:03,140][__main__][INFO] - [RANK 0] [ Eval  | Step: 11500  |  loss : 0.6316 | accuracy : 0.6921 | eval_s : 0.3050  ]
[2026-08-17 09:02:09,754][__main__][INFO] - [RANK 0] [ Train | Step: 12000  |  loss : 0.6290 | accuracy : 0.6917 | opt_sps : 75.6514  ]
[2026-08-17 09:02:10,066][__main__][INFO] - [RANK 0] [ Eval  | Step: 12000  |  loss : 0.6372 | accuracy : 0.6843 | eval_s : 0.3104  ]
[2026-08-17 09:02:16,816][__main__][INFO] - [RANK 0] [ Train | Step: 12500  |  loss : 0.6298 | accuracy : 0.6931 | opt_sps : 75.5867  ]
[2026-08-17 09:02:17,119][__main__][INFO] - [RANK 0] [ Eval  | Step: 12500  |  loss : 0.6266 | accuracy : 0.6916 | eval_s : 0.3018  ]
[2026-08-17 09:02:23,765][__main__][INFO] - [RANK 0] [ Train | Step: 13000  |  loss : 0.6230 | accuracy : 0.6954 | opt_sps : 75.5736  ]
[2026-08-17 09:02:24,068][__main__][INFO] - [RANK 0] [ Eval  | Step: 13000  |  loss : 0.6241 | accuracy : 0.6921 | eval_s : 0.3020  ]
[2026-08-17 09:02:30,700][__main__][INFO] - [RANK 0] [ Train | Step: 13500  |  loss : 0.6118 | accuracy : 0.7054 | opt_sps : 75.5673  ]
[2026-08-17 09:02:31,007][__main__][INFO] - [RANK 0] [ Eval  | Step: 13500  |  loss : 0.6152 | accuracy : 0.7006 | eval_s : 0.3056  ]
[2026-08-17 09:02:37,705][__main__][INFO] - [RANK 0] [ Train | Step: 14000  |  loss : 0.5973 | accuracy : 0.7138 | opt_sps : 75.5342  ]
[2026-08-17 09:02:38,008][__main__][INFO] - [RANK 0] [ Eval  | Step: 14000  |  loss : 0.5940 | accuracy : 0.7148 | eval_s : 0.3022  ]
[2026-08-17 09:02:44,605][__main__][INFO] - [RANK 0] [ Train | Step: 14500  |  loss : 0.5938 | accuracy : 0.7150 | opt_sps : 75.5434  ]
[2026-08-17 09:02:44,908][__main__][INFO] - [RANK 0] [ Eval  | Step: 14500  |  loss : 0.5755 | accuracy : 0.7250 | eval_s : 0.3017  ]
[2026-08-17 09:02:51,471][__main__][INFO] - [RANK 0] [ Train | Step: 15000  |  loss : 0.5774 | accuracy : 0.7232 | opt_sps : 75.5650  ]
[2026-08-17 09:02:51,774][__main__][INFO] - [RANK 0] [ Eval  | Step: 15000  |  loss : 0.6436 | accuracy : 0.6852 | eval_s : 0.3016  ]
[2026-08-17 09:02:58,358][__main__][INFO] - [RANK 0] [ Train | Step: 15500  |  loss : 0.5711 | accuracy : 0.7257 | opt_sps : 75.5770  ]
[2026-08-17 09:02:58,669][__main__][INFO] - [RANK 0] [ Eval  | Step: 15500  |  loss : 0.5599 | accuracy : 0.7301 | eval_s : 0.3096  ]
[2026-08-17 09:03:05,251][__main__][INFO] - [RANK 0] [ Train | Step: 16000  |  loss : 0.5711 | accuracy : 0.7275 | opt_sps : 75.5891  ]
[2026-08-17 09:03:05,556][__main__][INFO] - [RANK 0] [ Eval  | Step: 16000  |  loss : 0.6158 | accuracy : 0.7052 | eval_s : 0.3037  ]
[2026-08-17 09:03:12,137][__main__][INFO] - [RANK 0] [ Train | Step: 16500  |  loss : 0.5561 | accuracy : 0.7348 | opt_sps : 75.6008  ]
[2026-08-17 09:03:12,440][__main__][INFO] - [RANK 0] [ Eval  | Step: 16500  |  loss : 0.5377 | accuracy : 0.7401 | eval_s : 0.3025  ]
[2026-08-17 09:03:19,321][__main__][INFO] - [RANK 0] [ Train | Step: 17000  |  loss : 0.5625 | accuracy : 0.7305 | opt_sps : 75.5114  ]
[2026-08-17 09:03:19,628][__main__][INFO] - [RANK 0] [ Eval  | Step: 17000  |  loss : 0.5412 | accuracy : 0.7332 | eval_s : 0.3059  ]
[2026-08-17 09:03:26,191][__main__][INFO] - [RANK 0] [ Train | Step: 17500  |  loss : 0.5540 | accuracy : 0.7341 | opt_sps : 75.5305  ]
[2026-08-17 09:03:26,495][__main__][INFO] - [RANK 0] [ Eval  | Step: 17500  |  loss : 0.5235 | accuracy : 0.7447 | eval_s : 0.3026  ]
[2026-08-17 09:03:33,128][__main__][INFO] - [RANK 0] [ Train | Step: 18000  |  loss : 0.5490 | accuracy : 0.7380 | opt_sps : 75.5263  ]
[2026-08-17 09:03:33,432][__main__][INFO] - [RANK 0] [ Eval  | Step: 18000  |  loss : 0.5411 | accuracy : 0.7371 | eval_s : 0.3026  ]
[2026-08-17 09:03:40,068][__main__][INFO] - [RANK 0] [ Train | Step: 18500  |  loss : 0.5421 | accuracy : 0.7383 | opt_sps : 75.5215  ]
[2026-08-17 09:03:40,371][__main__][INFO] - [RANK 0] [ Eval  | Step: 18500  |  loss : 0.5145 | accuracy : 0.7458 | eval_s : 0.3026  ]
[2026-08-17 09:03:47,006][__main__][INFO] - [RANK 0] [ Train | Step: 19000  |  loss : 0.5316 | accuracy : 0.7421 | opt_sps : 75.5178  ]
[2026-08-17 09:03:47,308][__main__][INFO] - [RANK 0] [ Eval  | Step: 19000  |  loss : 0.6170 | accuracy : 0.7184 | eval_s : 0.3012  ]
[2026-08-17 09:03:53,916][__main__][INFO] - [RANK 0] [ Train | Step: 19500  |  loss : 0.5359 | accuracy : 0.7412 | opt_sps : 75.5216  ]
[2026-08-17 09:03:54,218][__main__][INFO] - [RANK 0] [ Eval  | Step: 19500  |  loss : 0.5525 | accuracy : 0.7263 | eval_s : 0.3015  ]
[2026-08-17 09:04:00,723][__main__][INFO] - [RANK 0] [ Train | Step: 20000  |  loss : 0.5395 | accuracy : 0.7384 | opt_sps : 75.5545  ]
[2026-08-17 09:04:01,028][__main__][INFO] - [RANK 0] [ Eval  | Step: 20000  |  loss : 0.5137 | accuracy : 0.7451 | eval_s : 0.3033  ]
[2026-08-17 09:04:07,515][__main__][INFO] - [RANK 0] [ Train | Step: 20500  |  loss : 0.5170 | accuracy : 0.7462 | opt_sps : 75.5911  ]
[2026-08-17 09:04:07,821][__main__][INFO] - [RANK 0] [ Eval  | Step: 20500  |  loss : 0.5918 | accuracy : 0.7211 | eval_s : 0.3052  ]
[2026-08-17 09:04:14,392][__main__][INFO] - [RANK 0] [ Train | Step: 21000  |  loss : 0.5210 | accuracy : 0.7461 | opt_sps : 75.6030  ]
[2026-08-17 09:04:14,694][__main__][INFO] - [RANK 0] [ Eval  | Step: 21000  |  loss : 0.4983 | accuracy : 0.7510 | eval_s : 0.3015  ]
[2026-08-17 09:04:21,421][__main__][INFO] - [RANK 0] [ Train | Step: 21500  |  loss : 0.5220 | accuracy : 0.7476 | opt_sps : 75.5732  ]
[2026-08-17 09:04:21,724][__main__][INFO] - [RANK 0] [ Eval  | Step: 21500  |  loss : 0.5018 | accuracy : 0.7499 | eval_s : 0.3018  ]
[2026-08-17 09:04:28,427][__main__][INFO] - [RANK 0] [ Train | Step: 22000  |  loss : 0.5047 | accuracy : 0.7537 | opt_sps : 75.5505  ]
[2026-08-17 09:04:28,729][__main__][INFO] - [RANK 0] [ Eval  | Step: 22000  |  loss : 0.5071 | accuracy : 0.7461 | eval_s : 0.3014  ]
[2026-08-17 09:04:35,390][__main__][INFO] - [RANK 0] [ Train | Step: 22500  |  loss : 0.5120 | accuracy : 0.7536 | opt_sps : 75.5397  ]
[2026-08-17 09:04:35,693][__main__][INFO] - [RANK 0] [ Eval  | Step: 22500  |  loss : 0.5632 | accuracy : 0.7332 | eval_s : 0.3021  ]
[2026-08-17 09:04:42,344][__main__][INFO] - [RANK 0] [ Train | Step: 23000  |  loss : 0.4987 | accuracy : 0.7570 | opt_sps : 75.5319  ]
[2026-08-17 09:04:42,647][__main__][INFO] - [RANK 0] [ Eval  | Step: 23000  |  loss : 0.4923 | accuracy : 0.7566 | eval_s : 0.3019  ]
[2026-08-17 09:04:49,267][__main__][INFO] - [RANK 0] [ Train | Step: 23500  |  loss : 0.5013 | accuracy : 0.7554 | opt_sps : 75.5318  ]
[2026-08-17 09:04:49,569][__main__][INFO] - [RANK 0] [ Eval  | Step: 23500  |  loss : 0.4925 | accuracy : 0.7607 | eval_s : 0.3012  ]
[2026-08-17 09:04:56,144][__main__][INFO] - [RANK 0] [ Train | Step: 24000  |  loss : 0.5040 | accuracy : 0.7608 | opt_sps : 75.5427  ]
[2026-08-17 09:04:56,454][__main__][INFO] - [RANK 0] [ Eval  | Step: 24000  |  loss : 0.4795 | accuracy : 0.7655 | eval_s : 0.3092  ]
[2026-08-17 09:05:02,988][__main__][INFO] - [RANK 0] [ Train | Step: 24500  |  loss : 0.4896 | accuracy : 0.7657 | opt_sps : 75.5626  ]
[2026-08-17 09:05:03,294][__main__][INFO] - [RANK 0] [ Eval  | Step: 24500  |  loss : 0.5252 | accuracy : 0.7534 | eval_s : 0.3043  ]
[2026-08-17 09:05:09,921][__main__][INFO] - [RANK 0] [ Train | Step: 25000  |  loss : 0.4902 | accuracy : 0.7675 | opt_sps : 75.5602  ]
[2026-08-17 09:05:10,224][__main__][INFO] - [RANK 0] [ Eval  | Step: 25000  |  loss : 0.4781 | accuracy : 0.7677 | eval_s : 0.3020  ]
[2026-08-17 09:05:16,842][__main__][INFO] - [RANK 0] [ Train | Step: 25500  |  loss : 0.4833 | accuracy : 0.7713 | opt_sps : 75.5601  ]
[2026-08-17 09:05:17,149][__main__][INFO] - [RANK 0] [ Eval  | Step: 25500  |  loss : 0.5459 | accuracy : 0.7469 | eval_s : 0.3060  ]
[2026-08-17 09:05:23,894][__main__][INFO] - [RANK 0] [ Train | Step: 26000  |  loss : 0.4818 | accuracy : 0.7719 | opt_sps : 75.5320  ]
[2026-08-17 09:05:24,198][__main__][INFO] - [RANK 0] [ Eval  | Step: 26000  |  loss : 0.4855 | accuracy : 0.7641 | eval_s : 0.3021  ]
[2026-08-17 09:05:30,877][__main__][INFO] - [RANK 0] [ Train | Step: 26500  |  loss : 0.4669 | accuracy : 0.7779 | opt_sps : 75.5192  ]
[2026-08-17 09:05:31,179][__main__][INFO] - [RANK 0] [ Eval  | Step: 26500  |  loss : 0.4585 | accuracy : 0.7820 | eval_s : 0.3015  ]
[2026-08-17 09:05:37,741][__main__][INFO] - [RANK 0] [ Train | Step: 27000  |  loss : 0.4652 | accuracy : 0.7776 | opt_sps : 75.5319  ]
[2026-08-17 09:05:38,043][__main__][INFO] - [RANK 0] [ Eval  | Step: 27000  |  loss : 0.5014 | accuracy : 0.7570 | eval_s : 0.3011  ]
[2026-08-17 09:05:44,582][__main__][INFO] - [RANK 0] [ Train | Step: 27500  |  loss : 0.4559 | accuracy : 0.7829 | opt_sps : 75.5487  ]
[2026-08-17 09:05:44,884][__main__][INFO] - [RANK 0] [ Eval  | Step: 27500  |  loss : 0.4640 | accuracy : 0.7783 | eval_s : 0.3010  ]
[2026-08-17 09:05:51,431][__main__][INFO] - [RANK 0] [ Train | Step: 28000  |  loss : 0.4485 | accuracy : 0.7837 | opt_sps : 75.5632  ]
[2026-08-17 09:05:51,737][__main__][INFO] - [RANK 0] [ Eval  | Step: 28000  |  loss : 0.4473 | accuracy : 0.7825 | eval_s : 0.3056  ]
[2026-08-17 09:05:58,194][__main__][INFO] - [RANK 0] [ Train | Step: 28500  |  loss : 0.4493 | accuracy : 0.7849 | opt_sps : 75.5956  ]
[2026-08-17 09:05:58,498][__main__][INFO] - [RANK 0] [ Eval  | Step: 28500  |  loss : 0.4458 | accuracy : 0.7839 | eval_s : 0.3032  ]
[2026-08-17 09:06:04,986][__main__][INFO] - [RANK 0] [ Train | Step: 29000  |  loss : 0.4481 | accuracy : 0.7857 | opt_sps : 75.6208  ]
[2026-08-17 09:06:05,288][__main__][INFO] - [RANK 0] [ Eval  | Step: 29000  |  loss : 0.4565 | accuracy : 0.7791 | eval_s : 0.3011  ]
[2026-08-17 09:06:11,843][__main__][INFO] - [RANK 0] [ Train | Step: 29500  |  loss : 0.4369 | accuracy : 0.7899 | opt_sps : 75.6318  ]
[2026-08-17 09:06:12,145][__main__][INFO] - [RANK 0] [ Eval  | Step: 29500  |  loss : 0.4316 | accuracy : 0.7889 | eval_s : 0.3015  ]
[2026-08-17 09:06:18,701][__main__][INFO] - [RANK 0] [ Train | Step: 30000  |  loss : 0.4404 | accuracy : 0.7893 | opt_sps : 75.6425  ]
[2026-08-17 09:06:19,003][__main__][INFO] - [RANK 0] [ Eval  | Step: 30000  |  loss : 0.4477 | accuracy : 0.7826 | eval_s : 0.3008  ]
[2026-08-17 09:06:25,616][__main__][INFO] - [RANK 0] [ Train | Step: 30500  |  loss : 0.4361 | accuracy : 0.7891 | opt_sps : 75.6420  ]
[2026-08-17 09:06:25,918][__main__][INFO] - [RANK 0] [ Eval  | Step: 30500  |  loss : 0.4596 | accuracy : 0.7794 | eval_s : 0.3020  ]
[2026-08-17 09:06:32,649][__main__][INFO] - [RANK 0] [ Train | Step: 31000  |  loss : 0.4347 | accuracy : 0.7903 | opt_sps : 75.6197  ]
[2026-08-17 09:06:32,952][__main__][INFO] - [RANK 0] [ Eval  | Step: 31000  |  loss : 0.5466 | accuracy : 0.7567 | eval_s : 0.3020  ]
[2026-08-17 09:06:39,596][__main__][INFO] - [RANK 0] [ Train | Step: 31500  |  loss : 0.4278 | accuracy : 0.7939 | opt_sps : 75.6140  ]
[2026-08-17 09:06:39,900][__main__][INFO] - [RANK 0] [ Eval  | Step: 31500  |  loss : 0.4347 | accuracy : 0.7916 | eval_s : 0.3032  ]
[2026-08-17 09:06:46,523][__main__][INFO] - [RANK 0] [ Train | Step: 32000  |  loss : 0.4335 | accuracy : 0.7917 | opt_sps : 75.6121  ]
[2026-08-17 09:06:46,827][__main__][INFO] - [RANK 0] [ Eval  | Step: 32000  |  loss : 0.4388 | accuracy : 0.7891 | eval_s : 0.3035  ]
[2026-08-17 09:06:53,354][__main__][INFO] - [RANK 0] [ Train | Step: 32500  |  loss : 0.4246 | accuracy : 0.7946 | opt_sps : 75.6271  ]
[2026-08-17 09:06:53,661][__main__][INFO] - [RANK 0] [ Eval  | Step: 32500  |  loss : 0.4388 | accuracy : 0.7885 | eval_s : 0.3049  ]
[2026-08-17 09:07:00,227][__main__][INFO] - [RANK 0] [ Train | Step: 33000  |  loss : 0.4240 | accuracy : 0.7959 | opt_sps : 75.6349  ]
[2026-08-17 09:07:00,531][__main__][INFO] - [RANK 0] [ Eval  | Step: 33000  |  loss : 0.4297 | accuracy : 0.7905 | eval_s : 0.3030  ]
[2026-08-17 09:07:07,146][__main__][INFO] - [RANK 0] [ Train | Step: 33500  |  loss : 0.4211 | accuracy : 0.7954 | opt_sps : 75.6344  ]
[2026-08-17 09:07:07,449][__main__][INFO] - [RANK 0] [ Eval  | Step: 33500  |  loss : 0.4335 | accuracy : 0.7848 | eval_s : 0.3028  ]
[2026-08-17 09:07:14,043][__main__][INFO] - [RANK 0] [ Train | Step: 34000  |  loss : 0.4155 | accuracy : 0.8000 | opt_sps : 75.6373  ]
[2026-08-17 09:07:14,346][__main__][INFO] - [RANK 0] [ Eval  | Step: 34000  |  loss : 0.4238 | accuracy : 0.7942 | eval_s : 0.3020  ]
[2026-08-17 09:07:20,983][__main__][INFO] - [RANK 0] [ Train | Step: 34500  |  loss : 0.4217 | accuracy : 0.7970 | opt_sps : 75.6331  ]
[2026-08-17 09:07:21,285][__main__][INFO] - [RANK 0] [ Eval  | Step: 34500  |  loss : 0.4189 | accuracy : 0.7974 | eval_s : 0.3013  ]
[2026-08-17 09:07:27,867][__main__][INFO] - [RANK 0] [ Train | Step: 35000  |  loss : 0.4151 | accuracy : 0.8001 | opt_sps : 75.6382  ]
[2026-08-17 09:07:28,170][__main__][INFO] - [RANK 0] [ Eval  | Step: 35000  |  loss : 0.4172 | accuracy : 0.7964 | eval_s : 0.3020  ]
[2026-08-17 09:07:34,895][__main__][INFO] - [RANK 0] [ Train | Step: 35500  |  loss : 0.4160 | accuracy : 0.8000 | opt_sps : 75.6198  ]
[2026-08-17 09:07:35,198][__main__][INFO] - [RANK 0] [ Eval  | Step: 35500  |  loss : 0.4225 | accuracy : 0.7942 | eval_s : 0.3020  ]
[2026-08-17 09:07:41,884][__main__][INFO] - [RANK 0] [ Train | Step: 36000  |  loss : 0.4174 | accuracy : 0.7991 | opt_sps : 75.6081  ]
[2026-08-17 09:07:42,186][__main__][INFO] - [RANK 0] [ Eval  | Step: 36000  |  loss : 0.4252 | accuracy : 0.7925 | eval_s : 0.3010  ]
[2026-08-17 09:07:48,726][__main__][INFO] - [RANK 0] [ Train | Step: 36500  |  loss : 0.4140 | accuracy : 0.8005 | opt_sps : 75.6196  ]
[2026-08-17 09:07:49,030][__main__][INFO] - [RANK 0] [ Eval  | Step: 36500  |  loss : 0.4161 | accuracy : 0.7969 | eval_s : 0.3032  ]
[2026-08-17 09:07:55,543][__main__][INFO] - [RANK 0] [ Train | Step: 37000  |  loss : 0.4136 | accuracy : 0.8013 | opt_sps : 75.6351  ]
[2026-08-17 09:07:55,850][__main__][INFO] - [RANK 0] [ Eval  | Step: 37000  |  loss : 0.4128 | accuracy : 0.7990 | eval_s : 0.3057  ]
[2026-08-17 09:08:02,452][__main__][INFO] - [RANK 0] [ Train | Step: 37500  |  loss : 0.4144 | accuracy : 0.8006 | opt_sps : 75.6365  ]
[2026-08-17 09:08:02,755][__main__][INFO] - [RANK 0] [ Eval  | Step: 37500  |  loss : 0.4206 | accuracy : 0.7964 | eval_s : 0.3021  ]
[2026-08-17 09:08:09,395][__main__][INFO] - [RANK 0] [ Train | Step: 38000  |  loss : 0.4113 | accuracy : 0.8022 | opt_sps : 75.6320  ]
[2026-08-17 09:08:09,697][__main__][INFO] - [RANK 0] [ Eval  | Step: 38000  |  loss : 0.4136 | accuracy : 0.7977 | eval_s : 0.3010  ]
[2026-08-17 09:08:16,299][__main__][INFO] - [RANK 0] [ Train | Step: 38500  |  loss : 0.4067 | accuracy : 0.8056 | opt_sps : 75.6333  ]
[2026-08-17 09:08:16,602][__main__][INFO] - [RANK 0] [ Eval  | Step: 38500  |  loss : 0.4129 | accuracy : 0.7981 | eval_s : 0.3015  ]
[2026-08-17 09:08:23,124][__main__][INFO] - [RANK 0] [ Train | Step: 39000  |  loss : 0.4071 | accuracy : 0.8035 | opt_sps : 75.6463  ]
[2026-08-17 09:08:23,426][__main__][INFO] - [RANK 0] [ Eval  | Step: 39000  |  loss : 0.4084 | accuracy : 0.8029 | eval_s : 0.3011  ]
[2026-08-17 09:08:29,956][__main__][INFO] - [RANK 0] [ Train | Step: 39500  |  loss : 0.4099 | accuracy : 0.8026 | opt_sps : 75.6579  ]
[2026-08-17 09:08:30,259][__main__][INFO] - [RANK 0] [ Eval  | Step: 39500  |  loss : 0.4143 | accuracy : 0.7986 | eval_s : 0.3019  ]
[2026-08-17 09:08:36,812][__main__][INFO] - [RANK 0] [ Train | Step: 40000  |  loss : 0.4079 | accuracy : 0.8042 | opt_sps : 75.6659  ]
[2026-08-17 09:08:37,116][__main__][INFO] - [RANK 0] [ Eval  | Step: 40000  |  loss : 0.4166 | accuracy : 0.7979 | eval_s : 0.3027  ]
[2026-08-17 09:08:43,848][__main__][INFO] - [RANK 0] [ Train | Step: 40500  |  loss : 0.4047 | accuracy : 0.8064 | opt_sps : 75.6483  ]
[2026-08-17 09:08:44,158][__main__][INFO] - [RANK 0] [ Eval  | Step: 40500  |  loss : 0.4103 | accuracy : 0.8007 | eval_s : 0.3086  ]
[2026-08-17 09:08:50,714][__main__][INFO] - [RANK 0] [ Train | Step: 41000  |  loss : 0.4022 | accuracy : 0.8073 | opt_sps : 75.6557  ]
[2026-08-17 09:08:51,018][__main__][INFO] - [RANK 0] [ Eval  | Step: 41000  |  loss : 0.4061 | accuracy : 0.8043 | eval_s : 0.3027  ]
[2026-08-17 09:08:57,574][__main__][INFO] - [RANK 0] [ Train | Step: 41500  |  loss : 0.4017 | accuracy : 0.8084 | opt_sps : 75.6631  ]
[2026-08-17 09:08:57,876][__main__][INFO] - [RANK 0] [ Eval  | Step: 41500  |  loss : 0.4074 | accuracy : 0.8041 | eval_s : 0.3013  ]
[2026-08-17 09:09:04,395][__main__][INFO] - [RANK 0] [ Train | Step: 42000  |  loss : 0.3989 | accuracy : 0.8075 | opt_sps : 75.6752  ]
[2026-08-17 09:09:04,697][__main__][INFO] - [RANK 0] [ Eval  | Step: 42000  |  loss : 0.4036 | accuracy : 0.8056 | eval_s : 0.3008  ]
[2026-08-17 09:09:11,350][__main__][INFO] - [RANK 0] [ Train | Step: 42500  |  loss : 0.3976 | accuracy : 0.8100 | opt_sps : 75.6692  ]
[2026-08-17 09:09:11,653][__main__][INFO] - [RANK 0] [ Eval  | Step: 42500  |  loss : 0.4171 | accuracy : 0.7982 | eval_s : 0.3023  ]
[2026-08-17 09:09:18,266][__main__][INFO] - [RANK 0] [ Train | Step: 43000  |  loss : 0.3953 | accuracy : 0.8118 | opt_sps : 75.6685  ]
[2026-08-17 09:09:18,570][__main__][INFO] - [RANK 0] [ Eval  | Step: 43000  |  loss : 0.4067 | accuracy : 0.8024 | eval_s : 0.3026  ]
[2026-08-17 09:09:25,217][__main__][INFO] - [RANK 0] [ Train | Step: 43500  |  loss : 0.3951 | accuracy : 0.8104 | opt_sps : 75.6632  ]
[2026-08-17 09:09:25,520][__main__][INFO] - [RANK 0] [ Eval  | Step: 43500  |  loss : 0.4018 | accuracy : 0.8049 | eval_s : 0.3019  ]
[2026-08-17 09:09:32,187][__main__][INFO] - [RANK 0] [ Train | Step: 44000  |  loss : 0.3964 | accuracy : 0.8111 | opt_sps : 75.6558  ]
[2026-08-17 09:09:32,489][__main__][INFO] - [RANK 0] [ Eval  | Step: 44000  |  loss : 0.3990 | accuracy : 0.8066 | eval_s : 0.3018  ]
[2026-08-17 09:09:39,060][__main__][INFO] - [RANK 0] [ Train | Step: 44500  |  loss : 0.3939 | accuracy : 0.8115 | opt_sps : 75.6609  ]
[2026-08-17 09:09:39,365][__main__][INFO] - [RANK 0] [ Eval  | Step: 44500  |  loss : 0.4000 | accuracy : 0.8069 | eval_s : 0.3039  ]
[2026-08-17 09:09:46,023][__main__][INFO] - [RANK 0] [ Train | Step: 45000  |  loss : 0.3944 | accuracy : 0.8112 | opt_sps : 75.6546  ]
[2026-08-17 09:09:46,333][__main__][INFO] - [RANK 0] [ Eval  | Step: 45000  |  loss : 0.4022 | accuracy : 0.8081 | eval_s : 0.3090  ]
[2026-08-17 09:09:52,936][__main__][INFO] - [RANK 0] [ Train | Step: 45500  |  loss : 0.3897 | accuracy : 0.8131 | opt_sps : 75.6553  ]
[2026-08-17 09:09:53,238][__main__][INFO] - [RANK 0] [ Eval  | Step: 45500  |  loss : 0.3965 | accuracy : 0.8089 | eval_s : 0.3015  ]
[2026-08-17 09:09:59,913][__main__][INFO] - [RANK 0] [ Train | Step: 46000  |  loss : 0.3920 | accuracy : 0.8126 | opt_sps : 75.6473  ]
[2026-08-17 09:10:00,215][__main__][INFO] - [RANK 0] [ Eval  | Step: 46000  |  loss : 0.3950 | accuracy : 0.8104 | eval_s : 0.3020  ]
[2026-08-17 09:10:06,815][__main__][INFO] - [RANK 0] [ Train | Step: 46500  |  loss : 0.3890 | accuracy : 0.8148 | opt_sps : 75.6488  ]
[2026-08-17 09:10:07,117][__main__][INFO] - [RANK 0] [ Eval  | Step: 46500  |  loss : 0.3937 | accuracy : 0.8095 | eval_s : 0.3019  ]
[2026-08-17 09:10:13,752][__main__][INFO] - [RANK 0] [ Train | Step: 47000  |  loss : 0.3846 | accuracy : 0.8163 | opt_sps : 75.6458  ]
[2026-08-17 09:10:14,055][__main__][INFO] - [RANK 0] [ Eval  | Step: 47000  |  loss : 0.3975 | accuracy : 0.8088 | eval_s : 0.3020  ]
[2026-08-17 09:10:20,712][__main__][INFO] - [RANK 0] [ Train | Step: 47500  |  loss : 0.3853 | accuracy : 0.8151 | opt_sps : 75.6402  ]
[2026-08-17 09:10:21,015][__main__][INFO] - [RANK 0] [ Eval  | Step: 47500  |  loss : 0.3917 | accuracy : 0.8123 | eval_s : 0.3024  ]
[2026-08-17 09:10:27,612][__main__][INFO] - [RANK 0] [ Train | Step: 48000  |  loss : 0.3832 | accuracy : 0.8160 | opt_sps : 75.6419  ]
[2026-08-17 09:10:27,914][__main__][INFO] - [RANK 0] [ Eval  | Step: 48000  |  loss : 0.3896 | accuracy : 0.8113 | eval_s : 0.3015  ]
[2026-08-17 09:10:34,501][__main__][INFO] - [RANK 0] [ Train | Step: 48500  |  loss : 0.3820 | accuracy : 0.8173 | opt_sps : 75.6447  ]
[2026-08-17 09:10:34,811][__main__][INFO] - [RANK 0] [ Eval  | Step: 48500  |  loss : 0.3890 | accuracy : 0.8117 | eval_s : 0.3092  ]
[2026-08-17 09:10:41,370][__main__][INFO] - [RANK 0] [ Train | Step: 49000  |  loss : 0.3803 | accuracy : 0.8184 | opt_sps : 75.6508  ]
[2026-08-17 09:10:41,676][__main__][INFO] - [RANK 0] [ Eval  | Step: 49000  |  loss : 0.3882 | accuracy : 0.8141 | eval_s : 0.3049  ]
[2026-08-17 09:10:48,465][__main__][INFO] - [RANK 0] [ Train | Step: 49500  |  loss : 0.3822 | accuracy : 0.8171 | opt_sps : 75.6302  ]
[2026-08-17 09:10:48,771][__main__][INFO] - [RANK 0] [ Eval  | Step: 49500  |  loss : 0.3827 | accuracy : 0.8157 | eval_s : 0.3050  ]
[2026-08-17 09:10:55,481][__main__][INFO] - [RANK 0] [ Train | Step: 50000  |  loss : 0.3769 | accuracy : 0.8207 | opt_sps : 75.6189  ]
[2026-08-17 09:10:55,784][__main__][INFO] - [RANK 0] [ Eval  | Step: 50000  |  loss : 0.3831 | accuracy : 0.8167 | eval_s : 0.3020  ]
[2026-08-17 09:11:02,370][__main__][INFO] - [RANK 0] [ Train | Step: 50500  |  loss : 0.3788 | accuracy : 0.8200 | opt_sps : 75.6218  ]
[2026-08-17 09:11:02,674][__main__][INFO] - [RANK 0] [ Eval  | Step: 50500  |  loss : 0.3834 | accuracy : 0.8161 | eval_s : 0.3024  ]
[2026-08-17 09:11:09,341][__main__][INFO] - [RANK 0] [ Train | Step: 51000  |  loss : 0.3733 | accuracy : 0.8230 | opt_sps : 75.6157  ]
[2026-08-17 09:11:09,643][__main__][INFO] - [RANK 0] [ Eval  | Step: 51000  |  loss : 0.3816 | accuracy : 0.8174 | eval_s : 0.3016  ]
[2026-08-17 09:11:16,260][__main__][INFO] - [RANK 0] [ Train | Step: 51500  |  loss : 0.3722 | accuracy : 0.8228 | opt_sps : 75.6153  ]
[2026-08-17 09:11:16,566][__main__][INFO] - [RANK 0] [ Eval  | Step: 51500  |  loss : 0.3778 | accuracy : 0.8190 | eval_s : 0.3044  ]
[2026-08-17 09:11:23,206][__main__][INFO] - [RANK 0] [ Train | Step: 52000  |  loss : 0.3713 | accuracy : 0.8244 | opt_sps : 75.6124  ]
[2026-08-17 09:11:23,508][__main__][INFO] - [RANK 0] [ Eval  | Step: 52000  |  loss : 0.3757 | accuracy : 0.8190 | eval_s : 0.3014  ]
[2026-08-17 09:11:30,159][__main__][INFO] - [RANK 0] [ Train | Step: 52500  |  loss : 0.3688 | accuracy : 0.8250 | opt_sps : 75.6083  ]
[2026-08-17 09:11:30,462][__main__][INFO] - [RANK 0] [ Eval  | Step: 52500  |  loss : 0.3730 | accuracy : 0.8224 | eval_s : 0.3028  ]
[2026-08-17 09:11:37,060][__main__][INFO] - [RANK 0] [ Train | Step: 53000  |  loss : 0.3663 | accuracy : 0.8273 | opt_sps : 75.6102  ]
[2026-08-17 09:11:37,365][__main__][INFO] - [RANK 0] [ Eval  | Step: 53000  |  loss : 0.3727 | accuracy : 0.8220 | eval_s : 0.3038  ]
[2026-08-17 09:11:43,894][__main__][INFO] - [RANK 0] [ Train | Step: 53500  |  loss : 0.3661 | accuracy : 0.8269 | opt_sps : 75.6192  ]
[2026-08-17 09:11:44,199][__main__][INFO] - [RANK 0] [ Eval  | Step: 53500  |  loss : 0.3737 | accuracy : 0.8218 | eval_s : 0.3035  ]
[2026-08-17 09:11:50,793][__main__][INFO] - [RANK 0] [ Train | Step: 54000  |  loss : 0.3651 | accuracy : 0.8270 | opt_sps : 75.6211  ]
[2026-08-17 09:11:51,098][__main__][INFO] - [RANK 0] [ Eval  | Step: 54000  |  loss : 0.3696 | accuracy : 0.8251 | eval_s : 0.3042  ]
[2026-08-17 09:11:57,904][__main__][INFO] - [RANK 0] [ Train | Step: 54500  |  loss : 0.3631 | accuracy : 0.8295 | opt_sps : 75.6008  ]
[2026-08-17 09:11:58,207][__main__][INFO] - [RANK 0] [ Eval  | Step: 54500  |  loss : 0.3683 | accuracy : 0.8226 | eval_s : 0.3024  ]
[2026-08-17 09:12:04,830][__main__][INFO] - [RANK 0] [ Train | Step: 55000  |  loss : 0.3605 | accuracy : 0.8296 | opt_sps : 75.6000  ]
[2026-08-17 09:12:05,134][__main__][INFO] - [RANK 0] [ Eval  | Step: 55000  |  loss : 0.3686 | accuracy : 0.8234 | eval_s : 0.3030  ]
[2026-08-17 09:12:11,770][__main__][INFO] - [RANK 0] [ Train | Step: 55500  |  loss : 0.3583 | accuracy : 0.8308 | opt_sps : 75.5977  ]
[2026-08-17 09:12:12,074][__main__][INFO] - [RANK 0] [ Eval  | Step: 55500  |  loss : 0.3672 | accuracy : 0.8252 | eval_s : 0.3033  ]
[2026-08-17 09:12:18,672][__main__][INFO] - [RANK 0] [ Train | Step: 56000  |  loss : 0.3582 | accuracy : 0.8313 | opt_sps : 75.5994  ]
[2026-08-17 09:12:18,974][__main__][INFO] - [RANK 0] [ Eval  | Step: 56000  |  loss : 0.3625 | accuracy : 0.8269 | eval_s : 0.3009  ]
[2026-08-17 09:12:25,539][__main__][INFO] - [RANK 0] [ Train | Step: 56500  |  loss : 0.3544 | accuracy : 0.8333 | opt_sps : 75.6045  ]
[2026-08-17 09:12:25,841][__main__][INFO] - [RANK 0] [ Eval  | Step: 56500  |  loss : 0.3686 | accuracy : 0.8247 | eval_s : 0.3011  ]
[2026-08-17 09:12:32,397][__main__][INFO] - [RANK 0] [ Train | Step: 57000  |  loss : 0.3553 | accuracy : 0.8326 | opt_sps : 75.6102  ]
[2026-08-17 09:12:32,704][__main__][INFO] - [RANK 0] [ Eval  | Step: 57000  |  loss : 0.3672 | accuracy : 0.8261 | eval_s : 0.3060  ]
[2026-08-17 09:12:39,268][__main__][INFO] - [RANK 0] [ Train | Step: 57500  |  loss : 0.3544 | accuracy : 0.8325 | opt_sps : 75.6151  ]
[2026-08-17 09:12:39,576][__main__][INFO] - [RANK 0] [ Eval  | Step: 57500  |  loss : 0.3604 | accuracy : 0.8295 | eval_s : 0.3068  ]
[2026-08-17 09:12:46,152][__main__][INFO] - [RANK 0] [ Train | Step: 58000  |  loss : 0.3543 | accuracy : 0.8333 | opt_sps : 75.6187  ]
[2026-08-17 09:12:46,457][__main__][INFO] - [RANK 0] [ Eval  | Step: 58000  |  loss : 0.3592 | accuracy : 0.8287 | eval_s : 0.3033  ]
[2026-08-17 09:12:53,175][__main__][INFO] - [RANK 0] [ Train | Step: 58500  |  loss : 0.3532 | accuracy : 0.8335 | opt_sps : 75.6084  ]
[2026-08-17 09:12:53,478][__main__][INFO] - [RANK 0] [ Eval  | Step: 58500  |  loss : 0.3588 | accuracy : 0.8304 | eval_s : 0.3012  ]
[2026-08-17 09:13:00,237][__main__][INFO] - [RANK 0] [ Train | Step: 59000  |  loss : 0.3513 | accuracy : 0.8351 | opt_sps : 75.5943  ]
[2026-08-17 09:13:00,541][__main__][INFO] - [RANK 0] [ Eval  | Step: 59000  |  loss : 0.3585 | accuracy : 0.8268 | eval_s : 0.3034  ]
[2026-08-17 09:13:07,104][__main__][INFO] - [RANK 0] [ Train | Step: 59500  |  loss : 0.3463 | accuracy : 0.8375 | opt_sps : 75.5993  ]
[2026-08-17 09:13:07,407][__main__][INFO] - [RANK 0] [ Eval  | Step: 59500  |  loss : 0.3566 | accuracy : 0.8323 | eval_s : 0.3016  ]
[2026-08-17 09:13:14,018][__main__][INFO] - [RANK 0] [ Train | Step: 60000  |  loss : 0.3467 | accuracy : 0.8365 | opt_sps : 75.5997  ]
[2026-08-17 09:13:14,320][__main__][INFO] - [RANK 0] [ Eval  | Step: 60000  |  loss : 0.3579 | accuracy : 0.8294 | eval_s : 0.3014  ]
[2026-08-17 09:13:20,887][__main__][INFO] - [RANK 0] [ Train | Step: 60500  |  loss : 0.3486 | accuracy : 0.8357 | opt_sps : 75.6042  ]
[2026-08-17 09:13:21,189][__main__][INFO] - [RANK 0] [ Eval  | Step: 60500  |  loss : 0.3558 | accuracy : 0.8301 | eval_s : 0.3011  ]
[2026-08-17 09:13:27,774][__main__][INFO] - [RANK 0] [ Train | Step: 61000  |  loss : 0.3474 | accuracy : 0.8370 | opt_sps : 75.6070  ]
[2026-08-17 09:13:28,076][__main__][INFO] - [RANK 0] [ Eval  | Step: 61000  |  loss : 0.3575 | accuracy : 0.8306 | eval_s : 0.3019  ]
[2026-08-17 09:13:34,562][__main__][INFO] - [RANK 0] [ Train | Step: 61500  |  loss : 0.3443 | accuracy : 0.8394 | opt_sps : 75.6188  ]
[2026-08-17 09:13:34,868][__main__][INFO] - [RANK 0] [ Eval  | Step: 61500  |  loss : 0.3664 | accuracy : 0.8257 | eval_s : 0.3049  ]
[2026-08-17 09:13:41,346][__main__][INFO] - [RANK 0] [ Train | Step: 62000  |  loss : 0.3468 | accuracy : 0.8377 | opt_sps : 75.6311  ]
[2026-08-17 09:13:41,648][__main__][INFO] - [RANK 0] [ Eval  | Step: 62000  |  loss : 0.3547 | accuracy : 0.8310 | eval_s : 0.3009  ]
[2026-08-17 09:13:48,243][__main__][INFO] - [RANK 0] [ Train | Step: 62500  |  loss : 0.3447 | accuracy : 0.8369 | opt_sps : 75.6328  ]
[2026-08-17 09:13:48,545][__main__][INFO] - [RANK 0] [ Eval  | Step: 62500  |  loss : 0.3556 | accuracy : 0.8307 | eval_s : 0.3014  ]
[2026-08-17 09:13:55,376][__main__][INFO] - [RANK 0] [ Train | Step: 63000  |  loss : 0.3447 | accuracy : 0.8385 | opt_sps : 75.6128  ]
[2026-08-17 09:13:55,687][__main__][INFO] - [RANK 0] [ Eval  | Step: 63000  |  loss : 0.3537 | accuracy : 0.8318 | eval_s : 0.3101  ]
[2026-08-17 09:14:02,848][__main__][INFO] - [RANK 0] [ Train | Step: 63500  |  loss : 0.3411 | accuracy : 0.8398 | opt_sps : 75.5636  ]
[2026-08-17 09:14:03,155][__main__][INFO] - [RANK 0] [ Eval  | Step: 63500  |  loss : 0.3522 | accuracy : 0.8334 | eval_s : 0.3060  ]
[2026-08-17 09:14:09,942][__main__][INFO] - [RANK 0] [ Train | Step: 64000  |  loss : 0.3413 | accuracy : 0.8395 | opt_sps : 75.5485  ]
[2026-08-17 09:14:10,246][__main__][INFO] - [RANK 0] [ Eval  | Step: 64000  |  loss : 0.3522 | accuracy : 0.8328 | eval_s : 0.3032  ]
[2026-08-17 09:14:17,138][__main__][INFO] - [RANK 0] [ Train | Step: 64500  |  loss : 0.3390 | accuracy : 0.8407 | opt_sps : 75.5243  ]
[2026-08-17 09:14:17,461][__main__][INFO] - [RANK 0] [ Eval  | Step: 64500  |  loss : 0.3496 | accuracy : 0.8321 | eval_s : 0.3217  ]
[2026-08-17 09:14:24,748][__main__][INFO] - [RANK 0] [ Train | Step: 65000  |  loss : 0.3416 | accuracy : 0.8395 | opt_sps : 75.4659  ]
[2026-08-17 09:14:25,054][__main__][INFO] - [RANK 0] [ Eval  | Step: 65000  |  loss : 0.3517 | accuracy : 0.8349 | eval_s : 0.3043  ]
[2026-08-17 09:14:31,709][__main__][INFO] - [RANK 0] [ Train | Step: 65500  |  loss : 0.3392 | accuracy : 0.8415 | opt_sps : 75.4632  ]
[2026-08-17 09:14:32,011][__main__][INFO] - [RANK 0] [ Eval  | Step: 65500  |  loss : 0.3517 | accuracy : 0.8333 | eval_s : 0.3013  ]
[2026-08-17 09:14:38,546][__main__][INFO] - [RANK 0] [ Train | Step: 66000  |  loss : 0.3397 | accuracy : 0.8406 | opt_sps : 75.4711  ]
[2026-08-17 09:14:38,852][__main__][INFO] - [RANK 0] [ Eval  | Step: 66000  |  loss : 0.3545 | accuracy : 0.8313 | eval_s : 0.3059  ]
[2026-08-17 09:14:45,294][__main__][INFO] - [RANK 0] [ Train | Step: 66500  |  loss : 0.3389 | accuracy : 0.8424 | opt_sps : 75.4868  ]
[2026-08-17 09:14:45,598][__main__][INFO] - [RANK 0] [ Eval  | Step: 66500  |  loss : 0.3486 | accuracy : 0.8337 | eval_s : 0.3025  ]
[2026-08-17 09:14:52,496][__main__][INFO] - [RANK 0] [ Train | Step: 67000  |  loss : 0.3398 | accuracy : 0.8390 | opt_sps : 75.4636  ]
[2026-08-17 09:14:52,803][__main__][INFO] - [RANK 0] [ Eval  | Step: 67000  |  loss : 0.3489 | accuracy : 0.8354 | eval_s : 0.3062  ]
[2026-08-17 09:15:00,001][__main__][INFO] - [RANK 0] [ Train | Step: 67500  |  loss : 0.3386 | accuracy : 0.8420 | opt_sps : 75.4154  ]
[2026-08-17 09:15:00,308][__main__][INFO] - [RANK 0] [ Eval  | Step: 67500  |  loss : 0.3488 | accuracy : 0.8337 | eval_s : 0.3057  ]
[2026-08-17 09:15:07,512][__main__][INFO] - [RANK 0] [ Train | Step: 68000  |  loss : 0.3323 | accuracy : 0.8438 | opt_sps : 75.3675  ]
[2026-08-17 09:15:07,818][__main__][INFO] - [RANK 0] [ Eval  | Step: 68000  |  loss : 0.3487 | accuracy : 0.8332 | eval_s : 0.3054  ]
[2026-08-17 09:15:14,749][__main__][INFO] - [RANK 0] [ Train | Step: 68500  |  loss : 0.3348 | accuracy : 0.8431 | opt_sps : 75.3429  ]
[2026-08-17 09:15:15,052][__main__][INFO] - [RANK 0] [ Eval  | Step: 68500  |  loss : 0.3456 | accuracy : 0.8347 | eval_s : 0.3028  ]
[2026-08-17 09:15:21,770][__main__][INFO] - [RANK 0] [ Train | Step: 69000  |  loss : 0.3326 | accuracy : 0.8448 | opt_sps : 75.3363  ]
[2026-08-17 09:15:22,075][__main__][INFO] - [RANK 0] [ Eval  | Step: 69000  |  loss : 0.3469 | accuracy : 0.8346 | eval_s : 0.3041  ]
[2026-08-17 09:15:28,779][__main__][INFO] - [RANK 0] [ Train | Step: 69500  |  loss : 0.3375 | accuracy : 0.8405 | opt_sps : 75.3308  ]
[2026-08-17 09:15:29,083][__main__][INFO] - [RANK 0] [ Eval  | Step: 69500  |  loss : 0.3467 | accuracy : 0.8359 | eval_s : 0.3026  ]
[2026-08-17 09:15:35,853][__main__][INFO] - [RANK 0] [ Train | Step: 70000  |  loss : 0.3352 | accuracy : 0.8436 | opt_sps : 75.3200  ]
[2026-08-17 09:15:36,159][__main__][INFO] - [RANK 0] [ Eval  | Step: 70000  |  loss : 0.3465 | accuracy : 0.8350 | eval_s : 0.3047  ]
[2026-08-17 09:15:42,769][__main__][INFO] - [RANK 0] [ Train | Step: 70500  |  loss : 0.3331 | accuracy : 0.8443 | opt_sps : 75.3223  ]
[2026-08-17 09:15:43,071][__main__][INFO] - [RANK 0] [ Eval  | Step: 70500  |  loss : 0.3468 | accuracy : 0.8347 | eval_s : 0.3015  ]
[2026-08-17 09:15:49,657][__main__][INFO] - [RANK 0] [ Train | Step: 71000  |  loss : 0.3317 | accuracy : 0.8440 | opt_sps : 75.3265  ]
[2026-08-17 09:15:49,973][__main__][INFO] - [RANK 0] [ Eval  | Step: 71000  |  loss : 0.3457 | accuracy : 0.8354 | eval_s : 0.3152  ]
[2026-08-17 09:15:57,357][__main__][INFO] - [RANK 0] [ Train | Step: 71500  |  loss : 0.3332 | accuracy : 0.8442 | opt_sps : 75.2673  ]
[2026-08-17 09:15:57,674][__main__][INFO] - [RANK 0] [ Eval  | Step: 71500  |  loss : 0.3463 | accuracy : 0.8351 | eval_s : 0.3150  ]
[2026-08-17 09:16:04,859][__main__][INFO] - [RANK 0] [ Train | Step: 72000  |  loss : 0.3319 | accuracy : 0.8452 | opt_sps : 75.2247  ]
[2026-08-17 09:16:05,165][__main__][INFO] - [RANK 0] [ Eval  | Step: 72000  |  loss : 0.3455 | accuracy : 0.8358 | eval_s : 0.3046  ]
[2026-08-17 09:16:12,040][__main__][INFO] - [RANK 0] [ Train | Step: 72500  |  loss : 0.3302 | accuracy : 0.8459 | opt_sps : 75.2069  ]
[2026-08-17 09:16:12,345][__main__][INFO] - [RANK 0] [ Eval  | Step: 72500  |  loss : 0.3459 | accuracy : 0.8363 | eval_s : 0.3046  ]
[2026-08-17 09:16:19,252][__main__][INFO] - [RANK 0] [ Train | Step: 73000  |  loss : 0.3274 | accuracy : 0.8473 | opt_sps : 75.1869  ]
[2026-08-17 09:16:19,562][__main__][INFO] - [RANK 0] [ Eval  | Step: 73000  |  loss : 0.3489 | accuracy : 0.8339 | eval_s : 0.3082  ]
[2026-08-17 09:16:26,456][__main__][INFO] - [RANK 0] [ Train | Step: 73500  |  loss : 0.3310 | accuracy : 0.8441 | opt_sps : 75.1681  ]
[2026-08-17 09:16:26,761][__main__][INFO] - [RANK 0] [ Eval  | Step: 73500  |  loss : 0.3462 | accuracy : 0.8360 | eval_s : 0.3038  ]
[2026-08-17 09:16:33,795][__main__][INFO] - [RANK 0] [ Train | Step: 74000  |  loss : 0.3305 | accuracy : 0.8452 | opt_sps : 75.1389  ]
[2026-08-17 09:16:34,098][__main__][INFO] - [RANK 0] [ Eval  | Step: 74000  |  loss : 0.3448 | accuracy : 0.8349 | eval_s : 0.3023  ]
[2026-08-17 09:16:41,304][__main__][INFO] - [RANK 0] [ Train | Step: 74500  |  loss : 0.3293 | accuracy : 0.8447 | opt_sps : 75.0972  ]
[2026-08-17 09:16:41,606][__main__][INFO] - [RANK 0] [ Eval  | Step: 74500  |  loss : 0.3439 | accuracy : 0.8378 | eval_s : 0.3015  ]
[2026-08-17 09:16:48,921][__main__][INFO] - [RANK 0] [ Train | Step: 75000  |  loss : 0.3276 | accuracy : 0.8471 | opt_sps : 75.0480  ]
[2026-08-17 09:16:49,227][__main__][INFO] - [RANK 0] [ Eval  | Step: 75000  |  loss : 0.3432 | accuracy : 0.8363 | eval_s : 0.3055  ]
[2026-08-17 09:16:56,443][__main__][INFO] - [RANK 0] [ Train | Step: 75500  |  loss : 0.3276 | accuracy : 0.8465 | opt_sps : 75.0068  ]
[2026-08-17 09:16:56,748][__main__][INFO] - [RANK 0] [ Eval  | Step: 75500  |  loss : 0.3428 | accuracy : 0.8366 | eval_s : 0.3040  ]
[2026-08-17 09:17:03,588][__main__][INFO] - [RANK 0] [ Train | Step: 76000  |  loss : 0.3280 | accuracy : 0.8459 | opt_sps : 74.9940  ]
[2026-08-17 09:17:03,895][__main__][INFO] - [RANK 0] [ Eval  | Step: 76000  |  loss : 0.3438 | accuracy : 0.8371 | eval_s : 0.3069  ]
[2026-08-17 09:17:10,496][__main__][INFO] - [RANK 0] [ Train | Step: 76500  |  loss : 0.3242 | accuracy : 0.8487 | opt_sps : 74.9989  ]
[2026-08-17 09:17:10,804][__main__][INFO] - [RANK 0] [ Eval  | Step: 76500  |  loss : 0.3440 | accuracy : 0.8353 | eval_s : 0.3068  ]
[2026-08-17 09:17:17,427][__main__][INFO] - [RANK 0] [ Train | Step: 77000  |  loss : 0.3265 | accuracy : 0.8482 | opt_sps : 75.0021  ]
[2026-08-17 09:17:17,729][__main__][INFO] - [RANK 0] [ Eval  | Step: 77000  |  loss : 0.3425 | accuracy : 0.8373 | eval_s : 0.3019  ]
[2026-08-17 09:17:24,358][__main__][INFO] - [RANK 0] [ Train | Step: 77500  |  loss : 0.3251 | accuracy : 0.8475 | opt_sps : 75.0049  ]
[2026-08-17 09:17:24,661][__main__][INFO] - [RANK 0] [ Eval  | Step: 77500  |  loss : 0.3431 | accuracy : 0.8371 | eval_s : 0.3023  ]
[2026-08-17 09:17:31,281][__main__][INFO] - [RANK 0] [ Train | Step: 78000  |  loss : 0.3246 | accuracy : 0.8486 | opt_sps : 75.0083  ]
[2026-08-17 09:17:31,584][__main__][INFO] - [RANK 0] [ Eval  | Step: 78000  |  loss : 0.3418 | accuracy : 0.8390 | eval_s : 0.3020  ]
[2026-08-17 09:17:38,273][__main__][INFO] - [RANK 0] [ Train | Step: 78500  |  loss : 0.3273 | accuracy : 0.8470 | opt_sps : 75.0067  ]
[2026-08-17 09:17:38,576][__main__][INFO] - [RANK 0] [ Eval  | Step: 78500  |  loss : 0.3424 | accuracy : 0.8381 | eval_s : 0.3017  ]
[2026-08-17 09:17:45,193][__main__][INFO] - [RANK 0] [ Train | Step: 79000  |  loss : 0.3280 | accuracy : 0.8461 | opt_sps : 75.0102  ]
[2026-08-17 09:17:45,497][__main__][INFO] - [RANK 0] [ Eval  | Step: 79000  |  loss : 0.3413 | accuracy : 0.8379 | eval_s : 0.3027  ]
[2026-08-17 09:17:52,215][__main__][INFO] - [RANK 0] [ Train | Step: 79500  |  loss : 0.3247 | accuracy : 0.8477 | opt_sps : 75.0065  ]
[2026-08-17 09:17:52,522][__main__][INFO] - [RANK 0] [ Eval  | Step: 79500  |  loss : 0.3411 | accuracy : 0.8396 | eval_s : 0.3051  ]
[2026-08-17 09:17:59,483][__main__][INFO] - [RANK 0] [ Train | Step: 80000  |  loss : 0.3268 | accuracy : 0.8462 | opt_sps : 74.9858  ]
[2026-08-17 09:17:59,787][__main__][INFO] - [RANK 0] [ Eval  | Step: 80000  |  loss : 0.3418 | accuracy : 0.8377 | eval_s : 0.3026  ]
[2026-08-17 09:18:06,633][__main__][INFO] - [RANK 0] [ Train | Step: 80500  |  loss : 0.3238 | accuracy : 0.8492 | opt_sps : 74.9733  ]
[2026-08-17 09:18:06,941][__main__][INFO] - [RANK 0] [ Eval  | Step: 80500  |  loss : 0.3412 | accuracy : 0.8382 | eval_s : 0.3066  ]
[2026-08-17 09:18:13,637][__main__][INFO] - [RANK 0] [ Train | Step: 81000  |  loss : 0.3216 | accuracy : 0.8505 | opt_sps : 74.9714  ]
[2026-08-17 09:18:13,948][__main__][INFO] - [RANK 0] [ Eval  | Step: 81000  |  loss : 0.3405 | accuracy : 0.8387 | eval_s : 0.3100  ]
[2026-08-17 09:18:20,795][__main__][INFO] - [RANK 0] [ Train | Step: 81500  |  loss : 0.3208 | accuracy : 0.8507 | opt_sps : 74.9592  ]
[2026-08-17 09:18:21,102][__main__][INFO] - [RANK 0] [ Eval  | Step: 81500  |  loss : 0.3413 | accuracy : 0.8376 | eval_s : 0.3058  ]
[2026-08-17 09:18:27,907][__main__][INFO] - [RANK 0] [ Train | Step: 82000  |  loss : 0.3249 | accuracy : 0.8462 | opt_sps : 74.9500  ]
[2026-08-17 09:18:28,214][__main__][INFO] - [RANK 0] [ Eval  | Step: 82000  |  loss : 0.3408 | accuracy : 0.8382 | eval_s : 0.3064  ]
[2026-08-17 09:18:35,141][__main__][INFO] - [RANK 0] [ Train | Step: 82500  |  loss : 0.3226 | accuracy : 0.8487 | opt_sps : 74.9326  ]
[2026-08-17 09:18:35,449][__main__][INFO] - [RANK 0] [ Eval  | Step: 82500  |  loss : 0.3411 | accuracy : 0.8399 | eval_s : 0.3072  ]
[2026-08-17 09:18:42,298][__main__][INFO] - [RANK 0] [ Train | Step: 83000  |  loss : 0.3230 | accuracy : 0.8494 | opt_sps : 74.9207  ]
[2026-08-17 09:18:42,606][__main__][INFO] - [RANK 0] [ Eval  | Step: 83000  |  loss : 0.3400 | accuracy : 0.8395 | eval_s : 0.3061  ]
[2026-08-17 09:18:49,489][__main__][INFO] - [RANK 0] [ Train | Step: 83500  |  loss : 0.3227 | accuracy : 0.8495 | opt_sps : 74.9066  ]
[2026-08-17 09:18:49,799][__main__][INFO] - [RANK 0] [ Eval  | Step: 83500  |  loss : 0.3409 | accuracy : 0.8388 | eval_s : 0.3087  ]
[2026-08-17 09:18:56,632][__main__][INFO] - [RANK 0] [ Train | Step: 84000  |  loss : 0.3236 | accuracy : 0.8485 | opt_sps : 74.8960  ]
[2026-08-17 09:18:56,936][__main__][INFO] - [RANK 0] [ Eval  | Step: 84000  |  loss : 0.3402 | accuracy : 0.8387 | eval_s : 0.3032  ]
[2026-08-17 09:19:03,805][__main__][INFO] - [RANK 0] [ Train | Step: 84500  |  loss : 0.3196 | accuracy : 0.8504 | opt_sps : 74.8832  ]
[2026-08-17 09:19:04,108][__main__][INFO] - [RANK 0] [ Eval  | Step: 84500  |  loss : 0.3409 | accuracy : 0.8370 | eval_s : 0.3025  ]
[2026-08-17 09:19:10,935][__main__][INFO] - [RANK 0] [ Train | Step: 85000  |  loss : 0.3235 | accuracy : 0.8495 | opt_sps : 74.8734  ]
[2026-08-17 09:19:11,239][__main__][INFO] - [RANK 0] [ Eval  | Step: 85000  |  loss : 0.3403 | accuracy : 0.8377 | eval_s : 0.3026  ]
[2026-08-17 09:19:18,041][__main__][INFO] - [RANK 0] [ Train | Step: 85500  |  loss : 0.3211 | accuracy : 0.8504 | opt_sps : 74.8652  ]
[2026-08-17 09:19:18,349][__main__][INFO] - [RANK 0] [ Eval  | Step: 85500  |  loss : 0.3402 | accuracy : 0.8385 | eval_s : 0.3071  ]
[2026-08-17 09:19:25,252][__main__][INFO] - [RANK 0] [ Train | Step: 86000  |  loss : 0.3195 | accuracy : 0.8501 | opt_sps : 74.8506  ]
[2026-08-17 09:19:25,559][__main__][INFO] - [RANK 0] [ Eval  | Step: 86000  |  loss : 0.3396 | accuracy : 0.8398 | eval_s : 0.3059  ]
[2026-08-17 09:19:32,383][__main__][INFO] - [RANK 0] [ Train | Step: 86500  |  loss : 0.3188 | accuracy : 0.8511 | opt_sps : 74.8414  ]
[2026-08-17 09:19:32,691][__main__][INFO] - [RANK 0] [ Eval  | Step: 86500  |  loss : 0.3400 | accuracy : 0.8385 | eval_s : 0.3072  ]
[2026-08-17 09:19:39,526][__main__][INFO] - [RANK 0] [ Train | Step: 87000  |  loss : 0.3202 | accuracy : 0.8517 | opt_sps : 74.8314  ]
[2026-08-17 09:19:39,832][__main__][INFO] - [RANK 0] [ Eval  | Step: 87000  |  loss : 0.3407 | accuracy : 0.8399 | eval_s : 0.3049  ]
[2026-08-17 09:19:46,628][__main__][INFO] - [RANK 0] [ Train | Step: 87500  |  loss : 0.3220 | accuracy : 0.8498 | opt_sps : 74.8241  ]
[2026-08-17 09:19:46,931][__main__][INFO] - [RANK 0] [ Eval  | Step: 87500  |  loss : 0.3391 | accuracy : 0.8397 | eval_s : 0.3027  ]
[2026-08-17 09:19:53,675][__main__][INFO] - [RANK 0] [ Train | Step: 88000  |  loss : 0.3221 | accuracy : 0.8485 | opt_sps : 74.8203  ]
[2026-08-17 09:19:53,978][__main__][INFO] - [RANK 0] [ Eval  | Step: 88000  |  loss : 0.3400 | accuracy : 0.8394 | eval_s : 0.3018  ]
[2026-08-17 09:20:00,800][__main__][INFO] - [RANK 0] [ Train | Step: 88500  |  loss : 0.3194 | accuracy : 0.8501 | opt_sps : 74.8114  ]
[2026-08-17 09:20:01,104][__main__][INFO] - [RANK 0] [ Eval  | Step: 88500  |  loss : 0.3400 | accuracy : 0.8377 | eval_s : 0.3033  ]
[2026-08-17 09:20:08,084][__main__][INFO] - [RANK 0] [ Train | Step: 89000  |  loss : 0.3169 | accuracy : 0.8523 | opt_sps : 74.7928  ]
[2026-08-17 09:20:08,391][__main__][INFO] - [RANK 0] [ Eval  | Step: 89000  |  loss : 0.3392 | accuracy : 0.8390 | eval_s : 0.3061  ]
[2026-08-17 09:20:15,308][__main__][INFO] - [RANK 0] [ Train | Step: 89500  |  loss : 0.3182 | accuracy : 0.8511 | opt_sps : 74.7783  ]
[2026-08-17 09:20:15,612][__main__][INFO] - [RANK 0] [ Eval  | Step: 89500  |  loss : 0.3380 | accuracy : 0.8390 | eval_s : 0.3026  ]
[2026-08-17 09:20:22,350][__main__][INFO] - [RANK 0] [ Train | Step: 90000  |  loss : 0.3188 | accuracy : 0.8510 | opt_sps : 74.7752  ]
[2026-08-17 09:20:22,662][__main__][INFO] - [RANK 0] [ Eval  | Step: 90000  |  loss : 0.3397 | accuracy : 0.8403 | eval_s : 0.3116  ]
[2026-08-17 09:20:29,466][__main__][INFO] - [RANK 0] [ Train | Step: 90500  |  loss : 0.3201 | accuracy : 0.8504 | opt_sps : 74.7679  ]
[2026-08-17 09:20:29,774][__main__][INFO] - [RANK 0] [ Eval  | Step: 90500  |  loss : 0.3394 | accuracy : 0.8390 | eval_s : 0.3073  ]
[2026-08-17 09:20:36,369][__main__][INFO] - [RANK 0] [ Train | Step: 91000  |  loss : 0.3185 | accuracy : 0.8532 | opt_sps : 74.7736  ]
[2026-08-17 09:20:36,675][__main__][INFO] - [RANK 0] [ Eval  | Step: 91000  |  loss : 0.3391 | accuracy : 0.8398 | eval_s : 0.3043  ]
[2026-08-17 09:20:43,432][__main__][INFO] - [RANK 0] [ Train | Step: 91500  |  loss : 0.3228 | accuracy : 0.8489 | opt_sps : 74.7693  ]
[2026-08-17 09:20:43,737][__main__][INFO] - [RANK 0] [ Eval  | Step: 91500  |  loss : 0.3390 | accuracy : 0.8376 | eval_s : 0.3034  ]
[2026-08-17 09:20:50,539][__main__][INFO] - [RANK 0] [ Train | Step: 92000  |  loss : 0.3198 | accuracy : 0.8502 | opt_sps : 74.7623  ]
[2026-08-17 09:20:50,843][__main__][INFO] - [RANK 0] [ Eval  | Step: 92000  |  loss : 0.3390 | accuracy : 0.8388 | eval_s : 0.3032  ]
[2026-08-17 09:20:57,776][__main__][INFO] - [RANK 0] [ Train | Step: 92500  |  loss : 0.3188 | accuracy : 0.8510 | opt_sps : 74.7475  ]
[2026-08-17 09:20:58,079][__main__][INFO] - [RANK 0] [ Eval  | Step: 92500  |  loss : 0.3395 | accuracy : 0.8385 | eval_s : 0.3029  ]
[2026-08-17 09:21:04,874][__main__][INFO] - [RANK 0] [ Train | Step: 93000  |  loss : 0.3181 | accuracy : 0.8518 | opt_sps : 74.7411  ]
[2026-08-17 09:21:05,181][__main__][INFO] - [RANK 0] [ Eval  | Step: 93000  |  loss : 0.3389 | accuracy : 0.8396 | eval_s : 0.3061  ]
[2026-08-17 09:21:12,163][__main__][INFO] - [RANK 0] [ Train | Step: 93500  |  loss : 0.3200 | accuracy : 0.8502 | opt_sps : 74.7237  ]
[2026-08-17 09:21:12,470][__main__][INFO] - [RANK 0] [ Eval  | Step: 93500  |  loss : 0.3394 | accuracy : 0.8405 | eval_s : 0.3066  ]
[2026-08-17 09:21:19,389][__main__][INFO] - [RANK 0] [ Train | Step: 94000  |  loss : 0.3189 | accuracy : 0.8507 | opt_sps : 74.7102  ]
[2026-08-17 09:21:19,696][__main__][INFO] - [RANK 0] [ Eval  | Step: 94000  |  loss : 0.3395 | accuracy : 0.8395 | eval_s : 0.3059  ]
[2026-08-17 09:21:26,495][__main__][INFO] - [RANK 0] [ Train | Step: 94500  |  loss : 0.3173 | accuracy : 0.8518 | opt_sps : 74.7039  ]
[2026-08-17 09:21:26,799][__main__][INFO] - [RANK 0] [ Eval  | Step: 94500  |  loss : 0.3385 | accuracy : 0.8399 | eval_s : 0.3026  ]
[2026-08-17 09:21:33,453][__main__][INFO] - [RANK 0] [ Train | Step: 95000  |  loss : 0.3179 | accuracy : 0.8513 | opt_sps : 74.7062  ]
[2026-08-17 09:21:33,763][__main__][INFO] - [RANK 0] [ Eval  | Step: 95000  |  loss : 0.3385 | accuracy : 0.8390 | eval_s : 0.3084  ]
[2026-08-17 09:21:40,392][__main__][INFO] - [RANK 0] [ Train | Step: 95500  |  loss : 0.3183 | accuracy : 0.8513 | opt_sps : 74.7099  ]
[2026-08-17 09:21:40,701][__main__][INFO] - [RANK 0] [ Eval  | Step: 95500  |  loss : 0.3386 | accuracy : 0.8386 | eval_s : 0.3079  ]
[2026-08-17 09:21:47,265][__main__][INFO] - [RANK 0] [ Train | Step: 96000  |  loss : 0.3164 | accuracy : 0.8526 | opt_sps : 74.7173  ]
[2026-08-17 09:21:47,567][__main__][INFO] - [RANK 0] [ Eval  | Step: 96000  |  loss : 0.3385 | accuracy : 0.8399 | eval_s : 0.3016  ]
[2026-08-17 09:21:54,287][__main__][INFO] - [RANK 0] [ Train | Step: 96500  |  loss : 0.3176 | accuracy : 0.8518 | opt_sps : 74.7157  ]
[2026-08-17 09:21:54,592][__main__][INFO] - [RANK 0] [ Eval  | Step: 96500  |  loss : 0.3386 | accuracy : 0.8395 | eval_s : 0.3041  ]
[2026-08-17 09:22:01,161][__main__][INFO] - [RANK 0] [ Train | Step: 97000  |  loss : 0.3169 | accuracy : 0.8526 | opt_sps : 74.7228  ]
[2026-08-17 09:22:01,468][__main__][INFO] - [RANK 0] [ Eval  | Step: 97000  |  loss : 0.3397 | accuracy : 0.8391 | eval_s : 0.3057  ]
[2026-08-17 09:22:08,214][__main__][INFO] - [RANK 0] [ Train | Step: 97500  |  loss : 0.3189 | accuracy : 0.8512 | opt_sps : 74.7196  ]
[2026-08-17 09:22:08,517][__main__][INFO] - [RANK 0] [ Eval  | Step: 97500  |  loss : 0.3392 | accuracy : 0.8384 | eval_s : 0.3020  ]
[2026-08-17 09:22:15,215][__main__][INFO] - [RANK 0] [ Train | Step: 98000  |  loss : 0.3164 | accuracy : 0.8529 | opt_sps : 74.7193  ]
[2026-08-17 09:22:15,521][__main__][INFO] - [RANK 0] [ Eval  | Step: 98000  |  loss : 0.3385 | accuracy : 0.8389 | eval_s : 0.3055  ]
[2026-08-17 09:22:22,305][__main__][INFO] - [RANK 0] [ Train | Step: 98500  |  loss : 0.3179 | accuracy : 0.8521 | opt_sps : 74.7141  ]
[2026-08-17 09:22:22,610][__main__][INFO] - [RANK 0] [ Eval  | Step: 98500  |  loss : 0.3382 | accuracy : 0.8398 | eval_s : 0.3038  ]
[2026-08-17 09:22:29,217][__main__][INFO] - [RANK 0] [ Train | Step: 99000  |  loss : 0.3134 | accuracy : 0.8537 | opt_sps : 74.7189  ]
[2026-08-17 09:22:29,526][__main__][INFO] - [RANK 0] [ Eval  | Step: 99000  |  loss : 0.3385 | accuracy : 0.8390 | eval_s : 0.3080  ]
[2026-08-17 09:22:36,080][__main__][INFO] - [RANK 0] [ Train | Step: 99500  |  loss : 0.3218 | accuracy : 0.8485 | opt_sps : 74.7266  ]
[2026-08-17 09:22:36,383][__main__][INFO] - [RANK 0] [ Eval  | Step: 99500  |  loss : 0.3395 | accuracy : 0.8389 | eval_s : 0.3023  ]
[2026-08-17 09:22:42,962][__main__][INFO] - [RANK 0] [ Train | Step: 100000 |  loss : 0.3169 | accuracy : 0.8521 | opt_sps : 74.7328  ]
[2026-08-17 09:22:43,265][__main__][INFO] - [RANK 0] [ Eval  | Step: 100000 |  loss : 0.3392 | accuracy : 0.8389 | eval_s : 0.3013  ]
[2026-08-17 09:22:43,266][__main__][INFO] - [RANK 0] loading best model
[2026-08-17 09:22:43,267][__main__][INFO] - [RANK 0] [Eval  | Summary |  best_loss : 0.3380 | best_step : 89500.0000 ]
[2026-08-17 09:22:43,570][__main__][INFO] - [RANK 0] [Test  | Summary |  model/phase_R : 0.9560 | model/gate_offdiag : 0.9303 | model/vote_agreement : 0.7112 | model/evidence_ratio : 75.8927 | loss/cross_entropy : 0.3373 | loss/loss : 0.3373 | callbacks/accuracy : 0.8406 | callbacks/non_relational_accuracy : 0.9998 | callbacks/binary_accuracy : 0.8855 | callbacks/ternary_accuracy : 0.6366 | callbacks/query_shape_accuracy : 1.0000 | callbacks/left_of_centre_accuracy : 0.9994 | callbacks/top_half_accuracy : 1.0000 | callbacks/closest_shape_accuracy : 0.8011 | callbacks/furthest_shape_accuracy : 0.8606 | callbacks/count_same_shape_accuracy : 0.9994 | callbacks/count_in_box_accuracy : 0.7691 | callbacks/on_band_accuracy : 0.6718 | callbacks/count_obtuse_accuracy : 0.4647 | timing/eval_s : 0.3020 ]
wandb: updating run metadata
wandb: uploading output.log; uploading wandb-summary.json; uploading config.yaml
wandb: 
wandb: Run history:
wandb:                  eval_callbacks/accuracy ▁▁▂▂▂▂▃▄▄▄▅▅▅▅▆▆▆▆▆▆▇▇▇▇▇▇█▇████████████
wandb:           eval_callbacks/binary_accuracy ▁▁▃▂▃▂▃▄▃▅▅▅▆▆▆▇▇▇▇▇▇▇▇▇████████████████
wandb:    eval_callbacks/closest_shape_accuracy ▁▃▃▄▅▅▄▅▄▆▆▆▆▆▇▇▇▇▇▇▇▇▇███▇█▇█▇█████████
wandb:     eval_callbacks/count_in_box_accuracy ▁▁▁▁▁▁▁▁▁▁▁▁▁▁▁▃▃▄▄▅▆▆▆▆▆▆▇▇▇▇█▇▇█▇█████
wandb:     eval_callbacks/count_obtuse_accuracy ▂▂▂▂▂▁▂▂▂▂▂▃▃▃▃▄▃▄▄▅▇▇█▇▇███▇█▇████████▇
wandb: eval_callbacks/count_same_shape_accuracy ▁▁▁▁▁▃▄▄▅▆▆▄▆▇█▇████████████████████████
wandb:   eval_callbacks/furthest_shape_accuracy ▁▂▃▃▃▄▄▄▅▅▅▄▅▅▄▅▅▅▅▆▆▇▇▇▇▇▇█████████████
wandb:   eval_callbacks/left_of_centre_accuracy ▁███████████████████████████████████████
wandb:   eval_callbacks/non_relational_accuracy ▁▆▆▇████████████████████████████████████
wandb:          eval_callbacks/on_band_accuracy ▁▂▁▂▁▃▃▃▃▃▄▅▆▆▆▆▆▆▆▆▆▇▆▇▇▇▇▇▇▇██████████
wandb:                                      +32 ...
wandb: 
wandb: Run summary:
wandb:                           eval/best_loss 0.338
wandb:                           eval/best_step 89500
wandb:                  eval_callbacks/accuracy 0.83893
wandb:           eval_callbacks/binary_accuracy 0.88631
wandb:    eval_callbacks/closest_shape_accuracy 0.79988
wandb:     eval_callbacks/count_in_box_accuracy 0.74736
wandb:     eval_callbacks/count_obtuse_accuracy 0.46432
wandb: eval_callbacks/count_same_shape_accuracy 0.9997
wandb:   eval_callbacks/furthest_shape_accuracy 0.86149
wandb:   eval_callbacks/left_of_centre_accuracy 1.0
wandb:                                      +54 ...
wandb: 
wandb: 🚀 View run sort_of_clevr/syncnet::multirun::2026-08-17_07-27-27::4 at: https://wandb.ai/niks_priv/sort_of_clevr/runs/i3ncryte
wandb: ⭐️ View project at: https://wandb.ai/niks_priv/sort_of_clevr
wandb: Synced 5 W&B file(s), 0 media file(s), 0 artifact file(s) and 0 other file(s)
wandb: Find logs at: ./outputs/sort_of_clevr/multirun/2026-08-17_07-27-27/4/wandb/run-20260817_085923-i3ncryte/logs
[2026-08-17 09:22:44,518][HYDRA] 	#5 : model.module_dim=256 model.n_modules=4 model.partition=quadrant train.seed=2 task=sort_of_clevr experiment=sort_of_clevr/syncnet/scale
wandb: setting up run 3kip5ha9
wandb: Tracking run with wandb version 0.27.2
wandb: Run data is saved locally in /home/nik/workspace/ImperialWork/msc_project/SyncNetProject/outputs/sort_of_clevr/multirun/2026-08-17_07-27-27/5/wandb/run-20260817_092245-3kip5ha9
wandb: Run `wandb offline` to turn off syncing.
wandb: Syncing run sort_of_clevr/syncnet::multirun::2026-08-17_07-27-27::5
wandb: ⭐️ View project at https://wandb.ai/niks_priv/sort_of_clevr
wandb: 🚀 View run at https://wandb.ai/niks_priv/sort_of_clevr/runs/3kip5ha9
[2026-08-17 09:22:46,359][__main__][INFO] - [RANK 0] Starting training
[2026-08-17 09:22:46,359][__main__][INFO] - [RANK 0] Model: SortOfClevrSyncNet
[2026-08-17 09:22:46,359][__main__][INFO] - [RANK 0] Parameters: total=694096
[2026-08-17 09:22:46,362][__main__][INFO] - [RANK 0] Config:
train:
  seed: 2
  n_steps: 100000
  train_bs: 256
  val_bs: 1024
  early_stop_metric: loss
  early_stop_big_is_better: false
  early_stop_patience: 1000000
  early_stop_min_delta: 0.0
  mixed_precision: bf16
  compile_model: false
  grad_accum: 1
  grad_clip: 1.0
  loader_mode: gpu_cached
  num_workers: 0
logging:
  eval_log_interval: 500
  train_log_interval: 500
  info_metrics:
  - loss
  - accuracy
  save_best: true
wandb:
  enabled: true
  project_name: sort_of_clevr
  entity: niks_priv
  tags: []
  run_name: null
optim:
  optimiser: adamw
  lr: 0.0003
  weight_decay: 0.01
  lr_scheduler: warmup_cosine
  lr_scheduler_params:
    warmup_steps: 2000
dataset:
  name: sort_of_clevr
  root: ./data
  dir: sort_of_clevr-seed1-train36000-test1000-img75-obj5-q10-t-1
  seed: 1
  train_size: 36000
  test_size: 1000
  img_size: 75
  obj_size: 5
  nb_questions: 10
  t_subtype: -1
model:
  name: sort_of_clevr_syncnet
  q_conditioning: film
  q_emb_dim: 32
  partition: quadrant
  use_pos_emb: true
  n_modules: 4
  module_dim: 256
  content_dim: 8
  query_hidden: 64
  beta_init: 5.0
  learn_beta: true
  use_module_embed: false
  embed_scale: 1.0
  gate_mode: phase
  T: 6
  dt: 0.1
  omega_init: 0.5
  learn_omega: true
  k_hidden: 64
  deterministic_phase: false
  msg_dim: 64
  msg_agg: mean
  readout_mode: sum
  hidden_dim: 128
  use_prior_head: true
  vote_sees_q: true
  encoder:
    name: patchify
    ch: 128
    patch_size: 5
    hidden: 64
callbacks:
- name: accuracy
- name: qtype_accuracy
- name: subtype_accuracy

[2026-08-17 09:22:46,362][__main__][INFO] - [RANK 0] Full model:
SortOfClevrSyncNet(
  (inner): VQASyncNet(
    (q_encoder): IdentityQuestionEncoder()
    (film_gamma): Linear(in_features=18, out_features=128, bias=True)
    (film_beta): Linear(in_features=18, out_features=128, bias=True)
    (encoders): ModuleList(
      (0): PatchifyEncoder(
        (patchify): Conv2d(3, 128, kernel_size=(5, 5), stride=(5, 5))
      )
    )
    (norms): ModuleList(
      (0): GroupNorm(8, 128, eps=1e-05, affine=True, bias=True)
    )
    (h_init): Sequential(
      (0): Linear(in_features=18, out_features=64, bias=True)
      (1): GELU(approximate='none')
      (2): Linear(in_features=64, out_features=1024, bias=True)
    )
    (attn_query): Linear(in_features=256, out_features=128, bias=True)
    (msg_proj): Linear(in_features=256, out_features=64, bias=True)
    (cell): GRUCell(192, 256)
    (k_mlp): Sequential(
      (0): Linear(in_features=512, out_features=64, bias=True)
      (1): GELU(approximate='none')
      (2): Linear(in_features=64, out_features=1, bias=True)
      (3): Tanh()
    )
    (content_head): Linear(in_features=128, out_features=8, bias=True)
    (vote_heads): ModuleList(
      (0-3): 4 x Sequential(
        (0): Linear(in_features=282, out_features=128, bias=True)
        (1): GELU(approximate='none')
        (2): Linear(in_features=128, out_features=10, bias=True)
      )
    )
    (prior_head): Sequential(
      (0): Linear(in_features=18, out_features=128, bias=True)
      (1): GELU(approximate='none')
      (2): Linear(in_features=128, out_features=10, bias=True)
    )
  )
)
[2026-08-17 09:22:53,121][__main__][INFO] - [RANK 0] [ Train | Step: 500    |  loss : 1.4154 | accuracy : 0.3851 | opt_sps : 73.9815  ]
[2026-08-17 09:22:53,425][__main__][INFO] - [RANK 0] [ Eval  | Step: 500    |  loss : 0.8853 | accuracy : 0.4886 | eval_s : 0.3026  ]
[2026-08-17 09:23:00,098][__main__][INFO] - [RANK 0] [ Train | Step: 1000   |  loss : 0.8766 | accuracy : 0.5039 | opt_sps : 74.4556  ]
[2026-08-17 09:23:00,406][__main__][INFO] - [RANK 0] [ Eval  | Step: 1000   |  loss : 0.8282 | accuracy : 0.5536 | eval_s : 0.3063  ]
[2026-08-17 09:23:06,994][__main__][INFO] - [RANK 0] [ Train | Step: 1500   |  loss : 0.7571 | accuracy : 0.5992 | opt_sps : 74.9318  ]
[2026-08-17 09:23:07,308][__main__][INFO] - [RANK 0] [ Eval  | Step: 1500   |  loss : 0.7280 | accuracy : 0.6175 | eval_s : 0.3127  ]
[2026-08-17 09:23:14,035][__main__][INFO] - [RANK 0] [ Train | Step: 2000   |  loss : 0.7158 | accuracy : 0.6331 | opt_sps : 74.7836  ]
[2026-08-17 09:23:14,337][__main__][INFO] - [RANK 0] [ Eval  | Step: 2000   |  loss : 0.7140 | accuracy : 0.6281 | eval_s : 0.3018  ]
[2026-08-17 09:23:21,109][__main__][INFO] - [RANK 0] [ Train | Step: 2500   |  loss : 0.7077 | accuracy : 0.6391 | opt_sps : 74.5949  ]
[2026-08-17 09:23:21,413][__main__][INFO] - [RANK 0] [ Eval  | Step: 2500   |  loss : 0.6994 | accuracy : 0.6414 | eval_s : 0.3032  ]
[2026-08-17 09:23:28,225][__main__][INFO] - [RANK 0] [ Train | Step: 3000   |  loss : 0.6934 | accuracy : 0.6513 | opt_sps : 74.3949  ]
[2026-08-17 09:23:28,529][__main__][INFO] - [RANK 0] [ Eval  | Step: 3000   |  loss : 0.6871 | accuracy : 0.6601 | eval_s : 0.3026  ]
[2026-08-17 09:23:35,181][__main__][INFO] - [RANK 0] [ Train | Step: 3500   |  loss : 0.6843 | accuracy : 0.6581 | opt_sps : 74.5059  ]
[2026-08-17 09:23:35,485][__main__][INFO] - [RANK 0] [ Eval  | Step: 3500   |  loss : 0.6777 | accuracy : 0.6646 | eval_s : 0.3032  ]
[2026-08-17 09:23:42,106][__main__][INFO] - [RANK 0] [ Train | Step: 4000   |  loss : 0.6710 | accuracy : 0.6673 | opt_sps : 74.6321  ]
[2026-08-17 09:23:42,410][__main__][INFO] - [RANK 0] [ Eval  | Step: 4000   |  loss : 0.6816 | accuracy : 0.6628 | eval_s : 0.3026  ]
[2026-08-17 09:23:49,044][__main__][INFO] - [RANK 0] [ Train | Step: 4500   |  loss : 0.6677 | accuracy : 0.6683 | opt_sps : 74.7133  ]
[2026-08-17 09:23:49,347][__main__][INFO] - [RANK 0] [ Eval  | Step: 4500   |  loss : 0.6610 | accuracy : 0.6759 | eval_s : 0.3023  ]
[2026-08-17 09:23:55,984][__main__][INFO] - [RANK 0] [ Train | Step: 5000   |  loss : 0.6615 | accuracy : 0.6707 | opt_sps : 74.7755  ]
[2026-08-17 09:23:56,292][__main__][INFO] - [RANK 0] [ Eval  | Step: 5000   |  loss : 0.6547 | accuracy : 0.6749 | eval_s : 0.3068  ]
[2026-08-17 09:24:03,026][__main__][INFO] - [RANK 0] [ Train | Step: 5500   |  loss : 0.6575 | accuracy : 0.6743 | opt_sps : 74.7288  ]
[2026-08-17 09:24:03,331][__main__][INFO] - [RANK 0] [ Eval  | Step: 5500   |  loss : 0.6503 | accuracy : 0.6812 | eval_s : 0.3045  ]
[2026-08-17 09:24:09,976][__main__][INFO] - [RANK 0] [ Train | Step: 6000   |  loss : 0.6528 | accuracy : 0.6763 | opt_sps : 74.7724  ]
[2026-08-17 09:24:10,282][__main__][INFO] - [RANK 0] [ Eval  | Step: 6000   |  loss : 0.6869 | accuracy : 0.6556 | eval_s : 0.3049  ]
[2026-08-17 09:24:16,853][__main__][INFO] - [RANK 0] [ Train | Step: 6500   |  loss : 0.6505 | accuracy : 0.6764 | opt_sps : 74.8723  ]
[2026-08-17 09:24:17,156][__main__][INFO] - [RANK 0] [ Eval  | Step: 6500   |  loss : 0.6400 | accuracy : 0.6844 | eval_s : 0.3015  ]
[2026-08-17 09:24:23,778][__main__][INFO] - [RANK 0] [ Train | Step: 7000   |  loss : 0.6457 | accuracy : 0.6808 | opt_sps : 74.9176  ]
[2026-08-17 09:24:24,084][__main__][INFO] - [RANK 0] [ Eval  | Step: 7000   |  loss : 0.6597 | accuracy : 0.6724 | eval_s : 0.3052  ]
[2026-08-17 09:24:30,735][__main__][INFO] - [RANK 0] [ Train | Step: 7500   |  loss : 0.6462 | accuracy : 0.6792 | opt_sps : 74.9353  ]
[2026-08-17 09:24:31,038][__main__][INFO] - [RANK 0] [ Eval  | Step: 7500   |  loss : 0.6562 | accuracy : 0.6739 | eval_s : 0.3022  ]
[2026-08-17 09:24:37,844][__main__][INFO] - [RANK 0] [ Train | Step: 8000   |  loss : 0.6463 | accuracy : 0.6810 | opt_sps : 74.8410  ]
[2026-08-17 09:24:38,147][__main__][INFO] - [RANK 0] [ Eval  | Step: 8000   |  loss : 0.6392 | accuracy : 0.6860 | eval_s : 0.3018  ]
[2026-08-17 09:24:44,727][__main__][INFO] - [RANK 0] [ Train | Step: 8500   |  loss : 0.6412 | accuracy : 0.6830 | opt_sps : 74.9082  ]
[2026-08-17 09:24:45,029][__main__][INFO] - [RANK 0] [ Eval  | Step: 8500   |  loss : 0.6406 | accuracy : 0.6829 | eval_s : 0.3014  ]
[2026-08-17 09:24:51,674][__main__][INFO] - [RANK 0] [ Train | Step: 9000   |  loss : 0.6424 | accuracy : 0.6827 | opt_sps : 74.9273  ]
[2026-08-17 09:24:51,978][__main__][INFO] - [RANK 0] [ Eval  | Step: 9000   |  loss : 0.6347 | accuracy : 0.6872 | eval_s : 0.3031  ]
[2026-08-17 09:24:58,582][__main__][INFO] - [RANK 0] [ Train | Step: 9500   |  loss : 0.6370 | accuracy : 0.6861 | opt_sps : 74.9683  ]
[2026-08-17 09:24:58,888][__main__][INFO] - [RANK 0] [ Eval  | Step: 9500   |  loss : 0.6343 | accuracy : 0.6888 | eval_s : 0.3048  ]
[2026-08-17 09:25:05,595][__main__][INFO] - [RANK 0] [ Train | Step: 10000  |  loss : 0.6392 | accuracy : 0.6837 | opt_sps : 74.9483  ]
[2026-08-17 09:25:05,900][__main__][INFO] - [RANK 0] [ Eval  | Step: 10000  |  loss : 0.6340 | accuracy : 0.6893 | eval_s : 0.3046  ]
[2026-08-17 09:25:12,566][__main__][INFO] - [RANK 0] [ Train | Step: 10500  |  loss : 0.6386 | accuracy : 0.6858 | opt_sps : 74.9519  ]
[2026-08-17 09:25:12,869][__main__][INFO] - [RANK 0] [ Eval  | Step: 10500  |  loss : 0.6374 | accuracy : 0.6867 | eval_s : 0.3024  ]
[2026-08-17 09:25:19,541][__main__][INFO] - [RANK 0] [ Train | Step: 11000  |  loss : 0.6386 | accuracy : 0.6849 | opt_sps : 74.9515  ]
[2026-08-17 09:25:19,845][__main__][INFO] - [RANK 0] [ Eval  | Step: 11000  |  loss : 0.6318 | accuracy : 0.6895 | eval_s : 0.3029  ]
[2026-08-17 09:25:26,414][__main__][INFO] - [RANK 0] [ Train | Step: 11500  |  loss : 0.6359 | accuracy : 0.6865 | opt_sps : 75.0017  ]
[2026-08-17 09:25:26,717][__main__][INFO] - [RANK 0] [ Eval  | Step: 11500  |  loss : 0.6539 | accuracy : 0.6822 | eval_s : 0.3023  ]
[2026-08-17 09:25:33,301][__main__][INFO] - [RANK 0] [ Train | Step: 12000  |  loss : 0.6351 | accuracy : 0.6887 | opt_sps : 75.0407  ]
[2026-08-17 09:25:33,603][__main__][INFO] - [RANK 0] [ Eval  | Step: 12000  |  loss : 0.6379 | accuracy : 0.6881 | eval_s : 0.3016  ]
[2026-08-17 09:25:40,321][__main__][INFO] - [RANK 0] [ Train | Step: 12500  |  loss : 0.6317 | accuracy : 0.6897 | opt_sps : 75.0160  ]
[2026-08-17 09:25:40,625][__main__][INFO] - [RANK 0] [ Eval  | Step: 12500  |  loss : 0.6308 | accuracy : 0.6912 | eval_s : 0.3031  ]
[2026-08-17 09:25:47,406][__main__][INFO] - [RANK 0] [ Train | Step: 13000  |  loss : 0.6302 | accuracy : 0.6923 | opt_sps : 74.9664  ]
[2026-08-17 09:25:47,711][__main__][INFO] - [RANK 0] [ Eval  | Step: 13000  |  loss : 0.6313 | accuracy : 0.6922 | eval_s : 0.3040  ]
[2026-08-17 09:25:54,382][__main__][INFO] - [RANK 0] [ Train | Step: 13500  |  loss : 0.6241 | accuracy : 0.6943 | opt_sps : 74.9657  ]
[2026-08-17 09:25:54,686][__main__][INFO] - [RANK 0] [ Eval  | Step: 13500  |  loss : 0.6361 | accuracy : 0.6847 | eval_s : 0.3034  ]
[2026-08-17 09:26:01,429][__main__][INFO] - [RANK 0] [ Train | Step: 14000  |  loss : 0.6270 | accuracy : 0.6931 | opt_sps : 74.9366  ]
[2026-08-17 09:26:01,735][__main__][INFO] - [RANK 0] [ Eval  | Step: 14000  |  loss : 0.6314 | accuracy : 0.6909 | eval_s : 0.3050  ]
[2026-08-17 09:26:08,388][__main__][INFO] - [RANK 0] [ Train | Step: 14500  |  loss : 0.6298 | accuracy : 0.6926 | opt_sps : 74.9439  ]
[2026-08-17 09:26:08,699][__main__][INFO] - [RANK 0] [ Eval  | Step: 14500  |  loss : 0.6292 | accuracy : 0.6930 | eval_s : 0.3101  ]
[2026-08-17 09:26:15,496][__main__][INFO] - [RANK 0] [ Train | Step: 15000  |  loss : 0.6295 | accuracy : 0.6967 | opt_sps : 74.8973  ]
[2026-08-17 09:26:15,805][__main__][INFO] - [RANK 0] [ Eval  | Step: 15000  |  loss : 0.6266 | accuracy : 0.6963 | eval_s : 0.3079  ]
[2026-08-17 09:26:22,661][__main__][INFO] - [RANK 0] [ Train | Step: 15500  |  loss : 0.6267 | accuracy : 0.6955 | opt_sps : 74.8326  ]
[2026-08-17 09:26:22,968][__main__][INFO] - [RANK 0] [ Eval  | Step: 15500  |  loss : 0.6332 | accuracy : 0.6938 | eval_s : 0.3054  ]
[2026-08-17 09:26:29,742][__main__][INFO] - [RANK 0] [ Train | Step: 16000  |  loss : 0.6261 | accuracy : 0.6961 | opt_sps : 74.8000  ]
[2026-08-17 09:26:30,046][__main__][INFO] - [RANK 0] [ Eval  | Step: 16000  |  loss : 0.6230 | accuracy : 0.6940 | eval_s : 0.3023  ]
[2026-08-17 09:26:36,802][__main__][INFO] - [RANK 0] [ Train | Step: 16500  |  loss : 0.6258 | accuracy : 0.6965 | opt_sps : 74.7758  ]
[2026-08-17 09:26:37,105][__main__][INFO] - [RANK 0] [ Eval  | Step: 16500  |  loss : 0.6324 | accuracy : 0.6958 | eval_s : 0.3022  ]
[2026-08-17 09:26:43,816][__main__][INFO] - [RANK 0] [ Train | Step: 17000  |  loss : 0.6190 | accuracy : 0.7014 | opt_sps : 74.7678  ]
[2026-08-17 09:26:44,121][__main__][INFO] - [RANK 0] [ Eval  | Step: 17000  |  loss : 0.6105 | accuracy : 0.7047 | eval_s : 0.3037  ]
[2026-08-17 09:26:50,872][__main__][INFO] - [RANK 0] [ Train | Step: 17500  |  loss : 0.6027 | accuracy : 0.7121 | opt_sps : 74.7476  ]
[2026-08-17 09:26:51,176][__main__][INFO] - [RANK 0] [ Eval  | Step: 17500  |  loss : 0.5960 | accuracy : 0.7165 | eval_s : 0.3025  ]
[2026-08-17 09:26:57,910][__main__][INFO] - [RANK 0] [ Train | Step: 18000  |  loss : 0.5935 | accuracy : 0.7168 | opt_sps : 74.7342  ]
[2026-08-17 09:26:58,219][__main__][INFO] - [RANK 0] [ Eval  | Step: 18000  |  loss : 0.5800 | accuracy : 0.7223 | eval_s : 0.3084  ]
[2026-08-17 09:27:04,797][__main__][INFO] - [RANK 0] [ Train | Step: 18500  |  loss : 0.5774 | accuracy : 0.7250 | opt_sps : 74.7684  ]
[2026-08-17 09:27:05,104][__main__][INFO] - [RANK 0] [ Eval  | Step: 18500  |  loss : 0.5596 | accuracy : 0.7337 | eval_s : 0.3064  ]
[2026-08-17 09:27:11,886][__main__][INFO] - [RANK 0] [ Train | Step: 19000  |  loss : 0.5778 | accuracy : 0.7229 | opt_sps : 74.7411  ]
[2026-08-17 09:27:12,189][__main__][INFO] - [RANK 0] [ Eval  | Step: 19000  |  loss : 0.5584 | accuracy : 0.7341 | eval_s : 0.3026  ]
[2026-08-17 09:27:19,019][__main__][INFO] - [RANK 0] [ Train | Step: 19500  |  loss : 0.5695 | accuracy : 0.7277 | opt_sps : 74.7013  ]
[2026-08-17 09:27:19,323][__main__][INFO] - [RANK 0] [ Eval  | Step: 19500  |  loss : 0.5529 | accuracy : 0.7363 | eval_s : 0.3034  ]
[2026-08-17 09:27:26,044][__main__][INFO] - [RANK 0] [ Train | Step: 20000  |  loss : 0.5597 | accuracy : 0.7342 | opt_sps : 74.6938  ]
[2026-08-17 09:27:26,350][__main__][INFO] - [RANK 0] [ Eval  | Step: 20000  |  loss : 0.5541 | accuracy : 0.7340 | eval_s : 0.3052  ]
[2026-08-17 09:27:33,117][__main__][INFO] - [RANK 0] [ Train | Step: 20500  |  loss : 0.5486 | accuracy : 0.7368 | opt_sps : 74.6740  ]
[2026-08-17 09:27:33,420][__main__][INFO] - [RANK 0] [ Eval  | Step: 20500  |  loss : 0.5316 | accuracy : 0.7439 | eval_s : 0.3017  ]
[2026-08-17 09:27:40,295][__main__][INFO] - [RANK 0] [ Train | Step: 21000  |  loss : 0.5557 | accuracy : 0.7335 | opt_sps : 74.6268  ]
[2026-08-17 09:27:40,598][__main__][INFO] - [RANK 0] [ Eval  | Step: 21000  |  loss : 0.5429 | accuracy : 0.7332 | eval_s : 0.3025  ]
[2026-08-17 09:27:47,375][__main__][INFO] - [RANK 0] [ Train | Step: 21500  |  loss : 0.5478 | accuracy : 0.7364 | opt_sps : 74.6068  ]
[2026-08-17 09:27:47,678][__main__][INFO] - [RANK 0] [ Eval  | Step: 21500  |  loss : 0.5763 | accuracy : 0.7230 | eval_s : 0.3021  ]
[2026-08-17 09:27:54,297][__main__][INFO] - [RANK 0] [ Train | Step: 22000  |  loss : 0.5446 | accuracy : 0.7384 | opt_sps : 74.6278  ]
[2026-08-17 09:27:54,600][__main__][INFO] - [RANK 0] [ Eval  | Step: 22000  |  loss : 0.5356 | accuracy : 0.7386 | eval_s : 0.3017  ]
[2026-08-17 09:28:01,236][__main__][INFO] - [RANK 0] [ Train | Step: 22500  |  loss : 0.5380 | accuracy : 0.7413 | opt_sps : 74.6437  ]
[2026-08-17 09:28:01,546][__main__][INFO] - [RANK 0] [ Eval  | Step: 22500  |  loss : 0.5251 | accuracy : 0.7458 | eval_s : 0.3092  ]
[2026-08-17 09:28:08,140][__main__][INFO] - [RANK 0] [ Train | Step: 23000  |  loss : 0.5337 | accuracy : 0.7426 | opt_sps : 74.6693  ]
[2026-08-17 09:28:08,447][__main__][INFO] - [RANK 0] [ Eval  | Step: 23000  |  loss : 0.5739 | accuracy : 0.7284 | eval_s : 0.3062  ]
[2026-08-17 09:28:15,080][__main__][INFO] - [RANK 0] [ Train | Step: 23500  |  loss : 0.5241 | accuracy : 0.7471 | opt_sps : 74.6842  ]
[2026-08-17 09:28:15,384][__main__][INFO] - [RANK 0] [ Eval  | Step: 23500  |  loss : 0.5188 | accuracy : 0.7488 | eval_s : 0.3031  ]
[2026-08-17 09:28:22,048][__main__][INFO] - [RANK 0] [ Train | Step: 24000  |  loss : 0.5148 | accuracy : 0.7519 | opt_sps : 74.6916  ]
[2026-08-17 09:28:22,351][__main__][INFO] - [RANK 0] [ Eval  | Step: 24000  |  loss : 0.5077 | accuracy : 0.7528 | eval_s : 0.3020  ]
[2026-08-17 09:28:29,026][__main__][INFO] - [RANK 0] [ Train | Step: 24500  |  loss : 0.5123 | accuracy : 0.7526 | opt_sps : 74.6963  ]
[2026-08-17 09:28:29,332][__main__][INFO] - [RANK 0] [ Eval  | Step: 24500  |  loss : 0.4979 | accuracy : 0.7579 | eval_s : 0.3051  ]
[2026-08-17 09:28:35,998][__main__][INFO] - [RANK 0] [ Train | Step: 25000  |  loss : 0.5053 | accuracy : 0.7549 | opt_sps : 74.7027  ]
[2026-08-17 09:28:36,302][__main__][INFO] - [RANK 0] [ Eval  | Step: 25000  |  loss : 0.5127 | accuracy : 0.7501 | eval_s : 0.3035  ]
[2026-08-17 09:28:43,105][__main__][INFO] - [RANK 0] [ Train | Step: 25500  |  loss : 0.5032 | accuracy : 0.7556 | opt_sps : 74.6787  ]
[2026-08-17 09:28:43,408][__main__][INFO] - [RANK 0] [ Eval  | Step: 25500  |  loss : 0.4997 | accuracy : 0.7558 | eval_s : 0.3026  ]
[2026-08-17 09:28:49,994][__main__][INFO] - [RANK 0] [ Train | Step: 26000  |  loss : 0.5029 | accuracy : 0.7580 | opt_sps : 74.7022  ]
[2026-08-17 09:28:50,297][__main__][INFO] - [RANK 0] [ Eval  | Step: 26000  |  loss : 0.5555 | accuracy : 0.7326 | eval_s : 0.3014  ]
[2026-08-17 09:28:56,857][__main__][INFO] - [RANK 0] [ Train | Step: 26500  |  loss : 0.5008 | accuracy : 0.7566 | opt_sps : 74.7301  ]
[2026-08-17 09:28:57,166][__main__][INFO] - [RANK 0] [ Eval  | Step: 26500  |  loss : 0.5091 | accuracy : 0.7529 | eval_s : 0.3075  ]
[2026-08-17 09:29:03,674][__main__][INFO] - [RANK 0] [ Train | Step: 27000  |  loss : 0.4993 | accuracy : 0.7580 | opt_sps : 74.7679  ]
[2026-08-17 09:29:03,979][__main__][INFO] - [RANK 0] [ Eval  | Step: 27000  |  loss : 0.4811 | accuracy : 0.7658 | eval_s : 0.3040  ]
[2026-08-17 09:29:10,699][__main__][INFO] - [RANK 0] [ Train | Step: 27500  |  loss : 0.4920 | accuracy : 0.7623 | opt_sps : 74.7614  ]
[2026-08-17 09:29:11,001][__main__][INFO] - [RANK 0] [ Eval  | Step: 27500  |  loss : 0.5381 | accuracy : 0.7450 | eval_s : 0.3011  ]
[2026-08-17 09:29:17,793][__main__][INFO] - [RANK 0] [ Train | Step: 28000  |  loss : 0.4935 | accuracy : 0.7622 | opt_sps : 74.7408  ]
[2026-08-17 09:29:18,096][__main__][INFO] - [RANK 0] [ Eval  | Step: 28000  |  loss : 0.5446 | accuracy : 0.7408 | eval_s : 0.3020  ]
[2026-08-17 09:29:24,702][__main__][INFO] - [RANK 0] [ Train | Step: 28500  |  loss : 0.4918 | accuracy : 0.7624 | opt_sps : 74.7571  ]
[2026-08-17 09:29:25,005][__main__][INFO] - [RANK 0] [ Eval  | Step: 28500  |  loss : 0.4963 | accuracy : 0.7558 | eval_s : 0.3021  ]
[2026-08-17 09:29:31,641][__main__][INFO] - [RANK 0] [ Train | Step: 29000  |  loss : 0.4798 | accuracy : 0.7675 | opt_sps : 74.7672  ]
[2026-08-17 09:29:31,945][__main__][INFO] - [RANK 0] [ Eval  | Step: 29000  |  loss : 0.4885 | accuracy : 0.7641 | eval_s : 0.3027  ]
[2026-08-17 09:29:38,538][__main__][INFO] - [RANK 0] [ Train | Step: 29500  |  loss : 0.4736 | accuracy : 0.7730 | opt_sps : 74.7850  ]
[2026-08-17 09:29:38,841][__main__][INFO] - [RANK 0] [ Eval  | Step: 29500  |  loss : 0.4782 | accuracy : 0.7716 | eval_s : 0.3023  ]
[2026-08-17 09:29:45,465][__main__][INFO] - [RANK 0] [ Train | Step: 30000  |  loss : 0.4796 | accuracy : 0.7716 | opt_sps : 74.7968  ]
[2026-08-17 09:29:45,769][__main__][INFO] - [RANK 0] [ Eval  | Step: 30000  |  loss : 0.4979 | accuracy : 0.7617 | eval_s : 0.3032  ]
[2026-08-17 09:29:52,446][__main__][INFO] - [RANK 0] [ Train | Step: 30500  |  loss : 0.4685 | accuracy : 0.7759 | opt_sps : 74.7983  ]
[2026-08-17 09:29:52,750][__main__][INFO] - [RANK 0] [ Eval  | Step: 30500  |  loss : 0.4804 | accuracy : 0.7712 | eval_s : 0.3030  ]
[2026-08-17 09:29:59,399][__main__][INFO] - [RANK 0] [ Train | Step: 31000  |  loss : 0.4790 | accuracy : 0.7731 | opt_sps : 74.8046  ]
[2026-08-17 09:29:59,705][__main__][INFO] - [RANK 0] [ Eval  | Step: 31000  |  loss : 0.4570 | accuracy : 0.7790 | eval_s : 0.3046  ]
[2026-08-17 09:30:06,225][__main__][INFO] - [RANK 0] [ Train | Step: 31500  |  loss : 0.4744 | accuracy : 0.7746 | opt_sps : 74.8338  ]
[2026-08-17 09:30:06,530][__main__][INFO] - [RANK 0] [ Eval  | Step: 31500  |  loss : 0.4616 | accuracy : 0.7802 | eval_s : 0.3044  ]
[2026-08-17 09:30:13,230][__main__][INFO] - [RANK 0] [ Train | Step: 32000  |  loss : 0.4703 | accuracy : 0.7747 | opt_sps : 74.8307  ]
[2026-08-17 09:30:13,535][__main__][INFO] - [RANK 0] [ Eval  | Step: 32000  |  loss : 0.5492 | accuracy : 0.7434 | eval_s : 0.3037  ]
[2026-08-17 09:30:20,216][__main__][INFO] - [RANK 0] [ Train | Step: 32500  |  loss : 0.4806 | accuracy : 0.7707 | opt_sps : 74.8307  ]
[2026-08-17 09:30:20,519][__main__][INFO] - [RANK 0] [ Eval  | Step: 32500  |  loss : 0.4645 | accuracy : 0.7778 | eval_s : 0.3023  ]
[2026-08-17 09:30:27,179][__main__][INFO] - [RANK 0] [ Train | Step: 33000  |  loss : 0.4652 | accuracy : 0.7774 | opt_sps : 74.8345  ]
[2026-08-17 09:30:27,482][__main__][INFO] - [RANK 0] [ Eval  | Step: 33000  |  loss : 0.4562 | accuracy : 0.7786 | eval_s : 0.3028  ]
[2026-08-17 09:30:34,115][__main__][INFO] - [RANK 0] [ Train | Step: 33500  |  loss : 0.4696 | accuracy : 0.7783 | opt_sps : 74.8428  ]
[2026-08-17 09:30:34,418][__main__][INFO] - [RANK 0] [ Eval  | Step: 33500  |  loss : 0.4680 | accuracy : 0.7791 | eval_s : 0.3020  ]
[2026-08-17 09:30:41,047][__main__][INFO] - [RANK 0] [ Train | Step: 34000  |  loss : 0.4640 | accuracy : 0.7799 | opt_sps : 74.8513  ]
[2026-08-17 09:30:41,352][__main__][INFO] - [RANK 0] [ Eval  | Step: 34000  |  loss : 0.4816 | accuracy : 0.7711 | eval_s : 0.3043  ]
[2026-08-17 09:30:48,034][__main__][INFO] - [RANK 0] [ Train | Step: 34500  |  loss : 0.4620 | accuracy : 0.7826 | opt_sps : 74.8510  ]
[2026-08-17 09:30:48,338][__main__][INFO] - [RANK 0] [ Eval  | Step: 34500  |  loss : 0.5734 | accuracy : 0.7420 | eval_s : 0.3027  ]
[2026-08-17 09:30:54,979][__main__][INFO] - [RANK 0] [ Train | Step: 35000  |  loss : 0.4568 | accuracy : 0.7830 | opt_sps : 74.8573  ]
[2026-08-17 09:30:55,283][__main__][INFO] - [RANK 0] [ Eval  | Step: 35000  |  loss : 0.4539 | accuracy : 0.7824 | eval_s : 0.3039  ]
[2026-08-17 09:31:01,879][__main__][INFO] - [RANK 0] [ Train | Step: 35500  |  loss : 0.4654 | accuracy : 0.7814 | opt_sps : 74.8708  ]
[2026-08-17 09:31:02,185][__main__][INFO] - [RANK 0] [ Eval  | Step: 35500  |  loss : 0.4569 | accuracy : 0.7834 | eval_s : 0.3050  ]
[2026-08-17 09:31:08,939][__main__][INFO] - [RANK 0] [ Train | Step: 36000  |  loss : 0.4680 | accuracy : 0.7799 | opt_sps : 74.8590  ]
[2026-08-17 09:31:09,242][__main__][INFO] - [RANK 0] [ Eval  | Step: 36000  |  loss : 0.4502 | accuracy : 0.7829 | eval_s : 0.3028  ]
[2026-08-17 09:31:16,056][__main__][INFO] - [RANK 0] [ Train | Step: 36500  |  loss : 0.4491 | accuracy : 0.7867 | opt_sps : 74.8385  ]
[2026-08-17 09:31:16,360][__main__][INFO] - [RANK 0] [ Eval  | Step: 36500  |  loss : 0.4518 | accuracy : 0.7823 | eval_s : 0.3027  ]
[2026-08-17 09:31:23,213][__main__][INFO] - [RANK 0] [ Train | Step: 37000  |  loss : 0.4456 | accuracy : 0.7868 | opt_sps : 74.8124  ]
[2026-08-17 09:31:23,516][__main__][INFO] - [RANK 0] [ Eval  | Step: 37000  |  loss : 0.4463 | accuracy : 0.7845 | eval_s : 0.3022  ]
[2026-08-17 09:31:30,531][__main__][INFO] - [RANK 0] [ Train | Step: 37500  |  loss : 0.4585 | accuracy : 0.7822 | opt_sps : 74.7632  ]
[2026-08-17 09:31:30,842][__main__][INFO] - [RANK 0] [ Eval  | Step: 37500  |  loss : 0.4478 | accuracy : 0.7845 | eval_s : 0.3108  ]
[2026-08-17 09:31:37,746][__main__][INFO] - [RANK 0] [ Train | Step: 38000  |  loss : 0.4541 | accuracy : 0.7847 | opt_sps : 74.7315  ]
[2026-08-17 09:31:38,052][__main__][INFO] - [RANK 0] [ Eval  | Step: 38000  |  loss : 0.4597 | accuracy : 0.7804 | eval_s : 0.3057  ]
[2026-08-17 09:31:44,669][__main__][INFO] - [RANK 0] [ Train | Step: 38500  |  loss : 0.4545 | accuracy : 0.7851 | opt_sps : 74.7421  ]
[2026-08-17 09:31:44,974][__main__][INFO] - [RANK 0] [ Eval  | Step: 38500  |  loss : 0.4388 | accuracy : 0.7866 | eval_s : 0.3038  ]
[2026-08-17 09:31:51,716][__main__][INFO] - [RANK 0] [ Train | Step: 39000  |  loss : 0.4430 | accuracy : 0.7894 | opt_sps : 74.7348  ]
[2026-08-17 09:31:52,031][__main__][INFO] - [RANK 0] [ Eval  | Step: 39000  |  loss : 0.4653 | accuracy : 0.7825 | eval_s : 0.3139  ]
[2026-08-17 09:31:58,783][__main__][INFO] - [RANK 0] [ Train | Step: 39500  |  loss : 0.4430 | accuracy : 0.7889 | opt_sps : 74.7260  ]
[2026-08-17 09:31:59,098][__main__][INFO] - [RANK 0] [ Eval  | Step: 39500  |  loss : 0.4424 | accuracy : 0.7858 | eval_s : 0.3139  ]
[2026-08-17 09:32:05,901][__main__][INFO] - [RANK 0] [ Train | Step: 40000  |  loss : 0.4403 | accuracy : 0.7904 | opt_sps : 74.7106  ]
[2026-08-17 09:32:06,214][__main__][INFO] - [RANK 0] [ Eval  | Step: 40000  |  loss : 0.4397 | accuracy : 0.7880 | eval_s : 0.3121  ]
[2026-08-17 09:32:12,833][__main__][INFO] - [RANK 0] [ Train | Step: 40500  |  loss : 0.4400 | accuracy : 0.7898 | opt_sps : 74.7206  ]
[2026-08-17 09:32:13,137][__main__][INFO] - [RANK 0] [ Eval  | Step: 40500  |  loss : 0.4438 | accuracy : 0.7834 | eval_s : 0.3030  ]
[2026-08-17 09:32:19,788][__main__][INFO] - [RANK 0] [ Train | Step: 41000  |  loss : 0.4310 | accuracy : 0.7938 | opt_sps : 74.7261  ]
[2026-08-17 09:32:20,093][__main__][INFO] - [RANK 0] [ Eval  | Step: 41000  |  loss : 0.4338 | accuracy : 0.7898 | eval_s : 0.3040  ]
[2026-08-17 09:32:26,751][__main__][INFO] - [RANK 0] [ Train | Step: 41500  |  loss : 0.4418 | accuracy : 0.7868 | opt_sps : 74.7307  ]
[2026-08-17 09:32:27,054][__main__][INFO] - [RANK 0] [ Eval  | Step: 41500  |  loss : 0.4325 | accuracy : 0.7900 | eval_s : 0.3027  ]
[2026-08-17 09:32:33,746][__main__][INFO] - [RANK 0] [ Train | Step: 42000  |  loss : 0.4372 | accuracy : 0.7918 | opt_sps : 74.7307  ]
[2026-08-17 09:32:34,051][__main__][INFO] - [RANK 0] [ Eval  | Step: 42000  |  loss : 0.4379 | accuracy : 0.7892 | eval_s : 0.3038  ]
[2026-08-17 09:32:40,784][__main__][INFO] - [RANK 0] [ Train | Step: 42500  |  loss : 0.4318 | accuracy : 0.7931 | opt_sps : 74.7251  ]
[2026-08-17 09:32:41,087][__main__][INFO] - [RANK 0] [ Eval  | Step: 42500  |  loss : 0.4450 | accuracy : 0.7850 | eval_s : 0.3020  ]
[2026-08-17 09:32:47,769][__main__][INFO] - [RANK 0] [ Train | Step: 43000  |  loss : 0.4320 | accuracy : 0.7935 | opt_sps : 74.7263  ]
[2026-08-17 09:32:48,074][__main__][INFO] - [RANK 0] [ Eval  | Step: 43000  |  loss : 0.4481 | accuracy : 0.7846 | eval_s : 0.3038  ]
[2026-08-17 09:32:54,709][__main__][INFO] - [RANK 0] [ Train | Step: 43500  |  loss : 0.4348 | accuracy : 0.7947 | opt_sps : 74.7335  ]
[2026-08-17 09:32:55,013][__main__][INFO] - [RANK 0] [ Eval  | Step: 43500  |  loss : 0.5423 | accuracy : 0.7543 | eval_s : 0.3027  ]
[2026-08-17 09:33:01,819][__main__][INFO] - [RANK 0] [ Train | Step: 44000  |  loss : 0.4289 | accuracy : 0.7952 | opt_sps : 74.7187  ]
[2026-08-17 09:33:02,123][__main__][INFO] - [RANK 0] [ Eval  | Step: 44000  |  loss : 0.4290 | accuracy : 0.7918 | eval_s : 0.3032  ]
[2026-08-17 09:33:08,881][__main__][INFO] - [RANK 0] [ Train | Step: 44500  |  loss : 0.4299 | accuracy : 0.7944 | opt_sps : 74.7106  ]
[2026-08-17 09:33:09,194][__main__][INFO] - [RANK 0] [ Eval  | Step: 44500  |  loss : 0.4305 | accuracy : 0.7915 | eval_s : 0.3123  ]
[2026-08-17 09:33:16,060][__main__][INFO] - [RANK 0] [ Train | Step: 45000  |  loss : 0.4288 | accuracy : 0.7948 | opt_sps : 74.6891  ]
[2026-08-17 09:33:16,373][__main__][INFO] - [RANK 0] [ Eval  | Step: 45000  |  loss : 0.4969 | accuracy : 0.7742 | eval_s : 0.3111  ]
[2026-08-17 09:33:23,230][__main__][INFO] - [RANK 0] [ Train | Step: 45500  |  loss : 0.4283 | accuracy : 0.7950 | opt_sps : 74.6691  ]
[2026-08-17 09:33:23,536][__main__][INFO] - [RANK 0] [ Eval  | Step: 45500  |  loss : 0.4797 | accuracy : 0.7739 | eval_s : 0.3056  ]
[2026-08-17 09:33:30,549][__main__][INFO] - [RANK 0] [ Train | Step: 46000  |  loss : 0.4250 | accuracy : 0.7972 | opt_sps : 74.6308  ]
[2026-08-17 09:33:30,856][__main__][INFO] - [RANK 0] [ Eval  | Step: 46000  |  loss : 0.4271 | accuracy : 0.7920 | eval_s : 0.3059  ]
[2026-08-17 09:33:37,705][__main__][INFO] - [RANK 0] [ Train | Step: 46500  |  loss : 0.4254 | accuracy : 0.7967 | opt_sps : 74.6129  ]
[2026-08-17 09:33:38,008][__main__][INFO] - [RANK 0] [ Eval  | Step: 46500  |  loss : 0.4417 | accuracy : 0.7877 | eval_s : 0.3020  ]
[2026-08-17 09:33:44,997][__main__][INFO] - [RANK 0] [ Train | Step: 47000  |  loss : 0.4242 | accuracy : 0.7959 | opt_sps : 74.5788  ]
[2026-08-17 09:33:45,300][__main__][INFO] - [RANK 0] [ Eval  | Step: 47000  |  loss : 0.4338 | accuracy : 0.7892 | eval_s : 0.3017  ]
[2026-08-17 09:33:51,954][__main__][INFO] - [RANK 0] [ Train | Step: 47500  |  loss : 0.4168 | accuracy : 0.8007 | opt_sps : 74.5847  ]
[2026-08-17 09:33:52,257][__main__][INFO] - [RANK 0] [ Eval  | Step: 47500  |  loss : 0.4309 | accuracy : 0.7946 | eval_s : 0.3014  ]
[2026-08-17 09:33:59,287][__main__][INFO] - [RANK 0] [ Train | Step: 48000  |  loss : 0.4193 | accuracy : 0.7996 | opt_sps : 74.5469  ]
[2026-08-17 09:33:59,591][__main__][INFO] - [RANK 0] [ Eval  | Step: 48000  |  loss : 0.4257 | accuracy : 0.7956 | eval_s : 0.3032  ]
[2026-08-17 09:34:06,194][__main__][INFO] - [RANK 0] [ Train | Step: 48500  |  loss : 0.4175 | accuracy : 0.7999 | opt_sps : 74.5589  ]
[2026-08-17 09:34:06,501][__main__][INFO] - [RANK 0] [ Eval  | Step: 48500  |  loss : 0.4252 | accuracy : 0.7954 | eval_s : 0.3062  ]
[2026-08-17 09:34:13,116][__main__][INFO] - [RANK 0] [ Train | Step: 49000  |  loss : 0.4166 | accuracy : 0.8005 | opt_sps : 74.5694  ]
[2026-08-17 09:34:13,421][__main__][INFO] - [RANK 0] [ Eval  | Step: 49000  |  loss : 0.4252 | accuracy : 0.7924 | eval_s : 0.3045  ]
[2026-08-17 09:34:20,247][__main__][INFO] - [RANK 0] [ Train | Step: 49500  |  loss : 0.4184 | accuracy : 0.8004 | opt_sps : 74.5559  ]
[2026-08-17 09:34:20,551][__main__][INFO] - [RANK 0] [ Eval  | Step: 49500  |  loss : 0.4335 | accuracy : 0.7923 | eval_s : 0.3030  ]
[2026-08-17 09:34:27,408][__main__][INFO] - [RANK 0] [ Train | Step: 50000  |  loss : 0.4149 | accuracy : 0.8019 | opt_sps : 74.5391  ]
[2026-08-17 09:34:27,712][__main__][INFO] - [RANK 0] [ Eval  | Step: 50000  |  loss : 0.4269 | accuracy : 0.7950 | eval_s : 0.3034  ]
[2026-08-17 09:34:34,596][__main__][INFO] - [RANK 0] [ Train | Step: 50500  |  loss : 0.4189 | accuracy : 0.7996 | opt_sps : 74.5197  ]
[2026-08-17 09:34:34,899][__main__][INFO] - [RANK 0] [ Eval  | Step: 50500  |  loss : 0.4290 | accuracy : 0.7947 | eval_s : 0.3019  ]
[2026-08-17 09:34:41,894][__main__][INFO] - [RANK 0] [ Train | Step: 51000  |  loss : 0.4126 | accuracy : 0.8037 | opt_sps : 74.4887  ]
[2026-08-17 09:34:42,199][__main__][INFO] - [RANK 0] [ Eval  | Step: 51000  |  loss : 0.4211 | accuracy : 0.7982 | eval_s : 0.3039  ]
[2026-08-17 09:34:48,994][__main__][INFO] - [RANK 0] [ Train | Step: 51500  |  loss : 0.4117 | accuracy : 0.8032 | opt_sps : 74.4799  ]
[2026-08-17 09:34:49,300][__main__][INFO] - [RANK 0] [ Eval  | Step: 51500  |  loss : 0.4191 | accuracy : 0.7982 | eval_s : 0.3045  ]
[2026-08-17 09:34:56,187][__main__][INFO] - [RANK 0] [ Train | Step: 52000  |  loss : 0.4132 | accuracy : 0.8028 | opt_sps : 74.4615  ]
[2026-08-17 09:34:56,489][__main__][INFO] - [RANK 0] [ Eval  | Step: 52000  |  loss : 0.4153 | accuracy : 0.8016 | eval_s : 0.3014  ]
[2026-08-17 09:35:03,359][__main__][INFO] - [RANK 0] [ Train | Step: 52500  |  loss : 0.4111 | accuracy : 0.8037 | opt_sps : 74.4453  ]
[2026-08-17 09:35:03,669][__main__][INFO] - [RANK 0] [ Eval  | Step: 52500  |  loss : 0.4158 | accuracy : 0.7994 | eval_s : 0.3081  ]
[2026-08-17 09:35:10,607][__main__][INFO] - [RANK 0] [ Train | Step: 53000  |  loss : 0.4104 | accuracy : 0.8039 | opt_sps : 74.4221  ]
[2026-08-17 09:35:10,917][__main__][INFO] - [RANK 0] [ Eval  | Step: 53000  |  loss : 0.4208 | accuracy : 0.8004 | eval_s : 0.3088  ]
[2026-08-17 09:35:17,678][__main__][INFO] - [RANK 0] [ Train | Step: 53500  |  loss : 0.4086 | accuracy : 0.8052 | opt_sps : 74.4176  ]
[2026-08-17 09:35:17,983][__main__][INFO] - [RANK 0] [ Eval  | Step: 53500  |  loss : 0.4292 | accuracy : 0.7967 | eval_s : 0.3043  ]
[2026-08-17 09:35:24,630][__main__][INFO] - [RANK 0] [ Train | Step: 54000  |  loss : 0.4081 | accuracy : 0.8051 | opt_sps : 74.4250  ]
[2026-08-17 09:35:24,935][__main__][INFO] - [RANK 0] [ Eval  | Step: 54000  |  loss : 0.4200 | accuracy : 0.7996 | eval_s : 0.3042  ]
[2026-08-17 09:35:31,913][__main__][INFO] - [RANK 0] [ Train | Step: 54500  |  loss : 0.4069 | accuracy : 0.8055 | opt_sps : 74.3986  ]
[2026-08-17 09:35:32,216][__main__][INFO] - [RANK 0] [ Eval  | Step: 54500  |  loss : 0.4292 | accuracy : 0.7974 | eval_s : 0.3019  ]
[2026-08-17 09:35:39,040][__main__][INFO] - [RANK 0] [ Train | Step: 55000  |  loss : 0.4023 | accuracy : 0.8084 | opt_sps : 74.3881  ]
[2026-08-17 09:35:39,346][__main__][INFO] - [RANK 0] [ Eval  | Step: 55000  |  loss : 0.4086 | accuracy : 0.8033 | eval_s : 0.3044  ]
[2026-08-17 09:35:46,420][__main__][INFO] - [RANK 0] [ Train | Step: 55500  |  loss : 0.4006 | accuracy : 0.8082 | opt_sps : 74.3531  ]
[2026-08-17 09:35:46,726][__main__][INFO] - [RANK 0] [ Eval  | Step: 55500  |  loss : 0.4148 | accuracy : 0.8036 | eval_s : 0.3047  ]
[2026-08-17 09:35:53,764][__main__][INFO] - [RANK 0] [ Train | Step: 56000  |  loss : 0.3981 | accuracy : 0.8112 | opt_sps : 74.3221  ]
[2026-08-17 09:35:54,075][__main__][INFO] - [RANK 0] [ Eval  | Step: 56000  |  loss : 0.4068 | accuracy : 0.8052 | eval_s : 0.3096  ]
[2026-08-17 09:36:00,932][__main__][INFO] - [RANK 0] [ Train | Step: 56500  |  loss : 0.4009 | accuracy : 0.8096 | opt_sps : 74.3096  ]
[2026-08-17 09:36:01,238][__main__][INFO] - [RANK 0] [ Eval  | Step: 56500  |  loss : 0.4129 | accuracy : 0.8014 | eval_s : 0.3055  ]
[2026-08-17 09:36:08,284][__main__][INFO] - [RANK 0] [ Train | Step: 57000  |  loss : 0.4012 | accuracy : 0.8082 | opt_sps : 74.2788  ]
[2026-08-17 09:36:08,595][__main__][INFO] - [RANK 0] [ Eval  | Step: 57000  |  loss : 0.4053 | accuracy : 0.8052 | eval_s : 0.3099  ]
[2026-08-17 09:36:15,519][__main__][INFO] - [RANK 0] [ Train | Step: 57500  |  loss : 0.3979 | accuracy : 0.8086 | opt_sps : 74.2605  ]
[2026-08-17 09:36:15,826][__main__][INFO] - [RANK 0] [ Eval  | Step: 57500  |  loss : 0.4110 | accuracy : 0.8042 | eval_s : 0.3065  ]
[2026-08-17 09:36:22,845][__main__][INFO] - [RANK 0] [ Train | Step: 58000  |  loss : 0.3984 | accuracy : 0.8106 | opt_sps : 74.2334  ]
[2026-08-17 09:36:23,152][__main__][INFO] - [RANK 0] [ Eval  | Step: 58000  |  loss : 0.4163 | accuracy : 0.8028 | eval_s : 0.3063  ]
[2026-08-17 09:36:30,152][__main__][INFO] - [RANK 0] [ Train | Step: 58500  |  loss : 0.3928 | accuracy : 0.8137 | opt_sps : 74.2084  ]
[2026-08-17 09:36:30,457][__main__][INFO] - [RANK 0] [ Eval  | Step: 58500  |  loss : 0.4020 | accuracy : 0.8074 | eval_s : 0.3038  ]
[2026-08-17 09:36:37,447][__main__][INFO] - [RANK 0] [ Train | Step: 59000  |  loss : 0.3959 | accuracy : 0.8108 | opt_sps : 74.1850  ]
[2026-08-17 09:36:37,755][__main__][INFO] - [RANK 0] [ Eval  | Step: 59000  |  loss : 0.4095 | accuracy : 0.8049 | eval_s : 0.3069  ]
[2026-08-17 09:36:44,636][__main__][INFO] - [RANK 0] [ Train | Step: 59500  |  loss : 0.3919 | accuracy : 0.8151 | opt_sps : 74.1719  ]
[2026-08-17 09:36:44,942][__main__][INFO] - [RANK 0] [ Eval  | Step: 59500  |  loss : 0.3994 | accuracy : 0.8078 | eval_s : 0.3050  ]
[2026-08-17 09:36:52,021][__main__][INFO] - [RANK 0] [ Train | Step: 60000  |  loss : 0.3912 | accuracy : 0.8148 | opt_sps : 74.1410  ]
[2026-08-17 09:36:52,330][__main__][INFO] - [RANK 0] [ Eval  | Step: 60000  |  loss : 0.4005 | accuracy : 0.8063 | eval_s : 0.3077  ]
[2026-08-17 09:36:59,868][__main__][INFO] - [RANK 0] [ Train | Step: 60500  |  loss : 0.3903 | accuracy : 0.8136 | opt_sps : 74.0689  ]
[2026-08-17 09:37:00,178][__main__][INFO] - [RANK 0] [ Eval  | Step: 60500  |  loss : 0.4018 | accuracy : 0.8079 | eval_s : 0.3092  ]
[2026-08-17 09:37:07,163][__main__][INFO] - [RANK 0] [ Train | Step: 61000  |  loss : 0.3918 | accuracy : 0.8139 | opt_sps : 74.0479  ]
[2026-08-17 09:37:07,474][__main__][INFO] - [RANK 0] [ Eval  | Step: 61000  |  loss : 0.4015 | accuracy : 0.8084 | eval_s : 0.3107  ]
[2026-08-17 09:37:14,453][__main__][INFO] - [RANK 0] [ Train | Step: 61500  |  loss : 0.3902 | accuracy : 0.8140 | opt_sps : 74.0278  ]
[2026-08-17 09:37:14,759][__main__][INFO] - [RANK 0] [ Eval  | Step: 61500  |  loss : 0.3990 | accuracy : 0.8094 | eval_s : 0.3049  ]
[2026-08-17 09:37:21,688][__main__][INFO] - [RANK 0] [ Train | Step: 62000  |  loss : 0.3888 | accuracy : 0.8136 | opt_sps : 74.0123  ]
[2026-08-17 09:37:21,998][__main__][INFO] - [RANK 0] [ Eval  | Step: 62000  |  loss : 0.4002 | accuracy : 0.8087 | eval_s : 0.3084  ]
[2026-08-17 09:37:28,590][__main__][INFO] - [RANK 0] [ Train | Step: 62500  |  loss : 0.3862 | accuracy : 0.8158 | opt_sps : 74.0266  ]
[2026-08-17 09:37:28,892][__main__][INFO] - [RANK 0] [ Eval  | Step: 62500  |  loss : 0.4019 | accuracy : 0.8085 | eval_s : 0.3015  ]
[2026-08-17 09:37:35,568][__main__][INFO] - [RANK 0] [ Train | Step: 63000  |  loss : 0.3850 | accuracy : 0.8167 | opt_sps : 74.0335  ]
[2026-08-17 09:37:35,873][__main__][INFO] - [RANK 0] [ Eval  | Step: 63000  |  loss : 0.4004 | accuracy : 0.8057 | eval_s : 0.3045  ]
[2026-08-17 09:37:42,705][__main__][INFO] - [RANK 0] [ Train | Step: 63500  |  loss : 0.3847 | accuracy : 0.8166 | opt_sps : 74.0267  ]
[2026-08-17 09:37:43,008][__main__][INFO] - [RANK 0] [ Eval  | Step: 63500  |  loss : 0.3940 | accuracy : 0.8107 | eval_s : 0.3018  ]
[2026-08-17 09:37:49,775][__main__][INFO] - [RANK 0] [ Train | Step: 64000  |  loss : 0.3801 | accuracy : 0.8190 | opt_sps : 74.0258  ]
[2026-08-17 09:37:50,077][__main__][INFO] - [RANK 0] [ Eval  | Step: 64000  |  loss : 0.4062 | accuracy : 0.8070 | eval_s : 0.3018  ]
[2026-08-17 09:37:57,022][__main__][INFO] - [RANK 0] [ Train | Step: 64500  |  loss : 0.3794 | accuracy : 0.8198 | opt_sps : 74.0096  ]
[2026-08-17 09:37:57,326][__main__][INFO] - [RANK 0] [ Eval  | Step: 64500  |  loss : 0.3960 | accuracy : 0.8110 | eval_s : 0.3027  ]
[2026-08-17 09:38:04,265][__main__][INFO] - [RANK 0] [ Train | Step: 65000  |  loss : 0.3825 | accuracy : 0.8178 | opt_sps : 73.9941  ]
[2026-08-17 09:38:04,573][__main__][INFO] - [RANK 0] [ Eval  | Step: 65000  |  loss : 0.4018 | accuracy : 0.8073 | eval_s : 0.3062  ]
[2026-08-17 09:38:11,522][__main__][INFO] - [RANK 0] [ Train | Step: 65500  |  loss : 0.3832 | accuracy : 0.8168 | opt_sps : 73.9780  ]
[2026-08-17 09:38:11,828][__main__][INFO] - [RANK 0] [ Eval  | Step: 65500  |  loss : 0.3959 | accuracy : 0.8122 | eval_s : 0.3047  ]
[2026-08-17 09:38:18,688][__main__][INFO] - [RANK 0] [ Train | Step: 66000  |  loss : 0.3824 | accuracy : 0.8176 | opt_sps : 73.9697  ]
[2026-08-17 09:38:18,992][__main__][INFO] - [RANK 0] [ Eval  | Step: 66000  |  loss : 0.3915 | accuracy : 0.8126 | eval_s : 0.3038  ]
[2026-08-17 09:38:26,103][__main__][INFO] - [RANK 0] [ Train | Step: 66500  |  loss : 0.3802 | accuracy : 0.8196 | opt_sps : 73.9409  ]
[2026-08-17 09:38:26,410][__main__][INFO] - [RANK 0] [ Eval  | Step: 66500  |  loss : 0.3934 | accuracy : 0.8111 | eval_s : 0.3063  ]
[2026-08-17 09:38:33,468][__main__][INFO] - [RANK 0] [ Train | Step: 67000  |  loss : 0.3804 | accuracy : 0.8189 | opt_sps : 73.9168  ]
[2026-08-17 09:38:33,776][__main__][INFO] - [RANK 0] [ Eval  | Step: 67000  |  loss : 0.3934 | accuracy : 0.8112 | eval_s : 0.3076  ]
[2026-08-17 09:38:40,516][__main__][INFO] - [RANK 0] [ Train | Step: 67500  |  loss : 0.3797 | accuracy : 0.8196 | opt_sps : 73.9188  ]
[2026-08-17 09:38:40,827][__main__][INFO] - [RANK 0] [ Eval  | Step: 67500  |  loss : 0.3909 | accuracy : 0.8159 | eval_s : 0.3092  ]
[2026-08-17 09:38:47,489][__main__][INFO] - [RANK 0] [ Train | Step: 68000  |  loss : 0.3785 | accuracy : 0.8206 | opt_sps : 73.9270  ]
[2026-08-17 09:38:47,792][__main__][INFO] - [RANK 0] [ Eval  | Step: 68000  |  loss : 0.3957 | accuracy : 0.8129 | eval_s : 0.3019  ]
[2026-08-17 09:38:54,481][__main__][INFO] - [RANK 0] [ Train | Step: 68500  |  loss : 0.3757 | accuracy : 0.8212 | opt_sps : 73.9330  ]
[2026-08-17 09:38:54,785][__main__][INFO] - [RANK 0] [ Eval  | Step: 68500  |  loss : 0.3918 | accuracy : 0.8118 | eval_s : 0.3030  ]
[2026-08-17 09:39:01,490][__main__][INFO] - [RANK 0] [ Train | Step: 69000  |  loss : 0.3755 | accuracy : 0.8218 | opt_sps : 73.9375  ]
[2026-08-17 09:39:01,794][__main__][INFO] - [RANK 0] [ Eval  | Step: 69000  |  loss : 0.3893 | accuracy : 0.8148 | eval_s : 0.3032  ]
[2026-08-17 09:39:08,590][__main__][INFO] - [RANK 0] [ Train | Step: 69500  |  loss : 0.3749 | accuracy : 0.8206 | opt_sps : 73.9350  ]
[2026-08-17 09:39:08,900][__main__][INFO] - [RANK 0] [ Eval  | Step: 69500  |  loss : 0.3876 | accuracy : 0.8155 | eval_s : 0.3095  ]
[2026-08-17 09:39:15,698][__main__][INFO] - [RANK 0] [ Train | Step: 70000  |  loss : 0.3758 | accuracy : 0.8204 | opt_sps : 73.9323  ]
[2026-08-17 09:39:16,005][__main__][INFO] - [RANK 0] [ Eval  | Step: 70000  |  loss : 0.3887 | accuracy : 0.8166 | eval_s : 0.3065  ]
[2026-08-17 09:39:22,756][__main__][INFO] - [RANK 0] [ Train | Step: 70500  |  loss : 0.3734 | accuracy : 0.8216 | opt_sps : 73.9333  ]
[2026-08-17 09:39:23,058][__main__][INFO] - [RANK 0] [ Eval  | Step: 70500  |  loss : 0.3868 | accuracy : 0.8154 | eval_s : 0.3015  ]
[2026-08-17 09:39:29,880][__main__][INFO] - [RANK 0] [ Train | Step: 71000  |  loss : 0.3720 | accuracy : 0.8236 | opt_sps : 73.9289  ]
[2026-08-17 09:39:30,184][__main__][INFO] - [RANK 0] [ Eval  | Step: 71000  |  loss : 0.3876 | accuracy : 0.8164 | eval_s : 0.3032  ]
[2026-08-17 09:39:36,835][__main__][INFO] - [RANK 0] [ Train | Step: 71500  |  loss : 0.3724 | accuracy : 0.8237 | opt_sps : 73.9374  ]
[2026-08-17 09:39:37,140][__main__][INFO] - [RANK 0] [ Eval  | Step: 71500  |  loss : 0.3904 | accuracy : 0.8132 | eval_s : 0.3035  ]
[2026-08-17 09:39:43,849][__main__][INFO] - [RANK 0] [ Train | Step: 72000  |  loss : 0.3689 | accuracy : 0.8243 | opt_sps : 73.9415  ]
[2026-08-17 09:39:44,152][__main__][INFO] - [RANK 0] [ Eval  | Step: 72000  |  loss : 0.3892 | accuracy : 0.8153 | eval_s : 0.3018  ]
[2026-08-17 09:39:50,813][__main__][INFO] - [RANK 0] [ Train | Step: 72500  |  loss : 0.3674 | accuracy : 0.8257 | opt_sps : 73.9491  ]
[2026-08-17 09:39:51,118][__main__][INFO] - [RANK 0] [ Eval  | Step: 72500  |  loss : 0.3900 | accuracy : 0.8167 | eval_s : 0.3040  ]
[2026-08-17 09:39:57,789][__main__][INFO] - [RANK 0] [ Train | Step: 73000  |  loss : 0.3668 | accuracy : 0.8262 | opt_sps : 73.9558  ]
[2026-08-17 09:39:58,092][__main__][INFO] - [RANK 0] [ Eval  | Step: 73000  |  loss : 0.3890 | accuracy : 0.8179 | eval_s : 0.3026  ]
[2026-08-17 09:40:04,749][__main__][INFO] - [RANK 0] [ Train | Step: 73500  |  loss : 0.3707 | accuracy : 0.8241 | opt_sps : 73.9636  ]
[2026-08-17 09:40:05,056][__main__][INFO] - [RANK 0] [ Eval  | Step: 73500  |  loss : 0.3875 | accuracy : 0.8150 | eval_s : 0.3059  ]
[2026-08-17 09:40:11,749][__main__][INFO] - [RANK 0] [ Train | Step: 74000  |  loss : 0.3699 | accuracy : 0.8231 | opt_sps : 73.9685  ]
[2026-08-17 09:40:12,059][__main__][INFO] - [RANK 0] [ Eval  | Step: 74000  |  loss : 0.3891 | accuracy : 0.8165 | eval_s : 0.3089  ]
[2026-08-17 09:40:18,865][__main__][INFO] - [RANK 0] [ Train | Step: 74500  |  loss : 0.3681 | accuracy : 0.8265 | opt_sps : 73.9651  ]
[2026-08-17 09:40:19,172][__main__][INFO] - [RANK 0] [ Eval  | Step: 74500  |  loss : 0.3869 | accuracy : 0.8154 | eval_s : 0.3052  ]
[2026-08-17 09:40:26,083][__main__][INFO] - [RANK 0] [ Train | Step: 75000  |  loss : 0.3690 | accuracy : 0.8233 | opt_sps : 73.9540  ]
[2026-08-17 09:40:26,388][__main__][INFO] - [RANK 0] [ Eval  | Step: 75000  |  loss : 0.3854 | accuracy : 0.8171 | eval_s : 0.3041  ]
[2026-08-17 09:40:33,084][__main__][INFO] - [RANK 0] [ Train | Step: 75500  |  loss : 0.3677 | accuracy : 0.8247 | opt_sps : 73.9589  ]
[2026-08-17 09:40:33,387][__main__][INFO] - [RANK 0] [ Eval  | Step: 75500  |  loss : 0.3861 | accuracy : 0.8159 | eval_s : 0.3024  ]
[2026-08-17 09:40:40,116][__main__][INFO] - [RANK 0] [ Train | Step: 76000  |  loss : 0.3695 | accuracy : 0.8250 | opt_sps : 73.9612  ]
[2026-08-17 09:40:40,420][__main__][INFO] - [RANK 0] [ Eval  | Step: 76000  |  loss : 0.4004 | accuracy : 0.8136 | eval_s : 0.3033  ]
[2026-08-17 09:40:47,371][__main__][INFO] - [RANK 0] [ Train | Step: 76500  |  loss : 0.3651 | accuracy : 0.8271 | opt_sps : 73.9475  ]
[2026-08-17 09:40:47,674][__main__][INFO] - [RANK 0] [ Eval  | Step: 76500  |  loss : 0.3856 | accuracy : 0.8180 | eval_s : 0.3021  ]
[2026-08-17 09:40:54,301][__main__][INFO] - [RANK 0] [ Train | Step: 77000  |  loss : 0.3645 | accuracy : 0.8263 | opt_sps : 73.9571  ]
[2026-08-17 09:40:54,608][__main__][INFO] - [RANK 0] [ Eval  | Step: 77000  |  loss : 0.3849 | accuracy : 0.8190 | eval_s : 0.3058  ]
[2026-08-17 09:41:01,308][__main__][INFO] - [RANK 0] [ Train | Step: 77500  |  loss : 0.3667 | accuracy : 0.8255 | opt_sps : 73.9614  ]
[2026-08-17 09:41:01,617][__main__][INFO] - [RANK 0] [ Eval  | Step: 77500  |  loss : 0.3868 | accuracy : 0.8166 | eval_s : 0.3078  ]
[2026-08-17 09:41:08,396][__main__][INFO] - [RANK 0] [ Train | Step: 78000  |  loss : 0.3665 | accuracy : 0.8268 | opt_sps : 73.9601  ]
[2026-08-17 09:41:08,700][__main__][INFO] - [RANK 0] [ Eval  | Step: 78000  |  loss : 0.3837 | accuracy : 0.8175 | eval_s : 0.3039  ]
[2026-08-17 09:41:15,434][__main__][INFO] - [RANK 0] [ Train | Step: 78500  |  loss : 0.3646 | accuracy : 0.8255 | opt_sps : 73.9620  ]
[2026-08-17 09:41:15,737][__main__][INFO] - [RANK 0] [ Eval  | Step: 78500  |  loss : 0.3847 | accuracy : 0.8167 | eval_s : 0.3025  ]
[2026-08-17 09:41:22,687][__main__][INFO] - [RANK 0] [ Train | Step: 79000  |  loss : 0.3643 | accuracy : 0.8266 | opt_sps : 73.9489  ]
[2026-08-17 09:41:22,992][__main__][INFO] - [RANK 0] [ Eval  | Step: 79000  |  loss : 0.3825 | accuracy : 0.8185 | eval_s : 0.3034  ]
[2026-08-17 09:41:29,943][__main__][INFO] - [RANK 0] [ Train | Step: 79500  |  loss : 0.3611 | accuracy : 0.8289 | opt_sps : 73.9359  ]
[2026-08-17 09:41:30,248][__main__][INFO] - [RANK 0] [ Eval  | Step: 79500  |  loss : 0.3827 | accuracy : 0.8193 | eval_s : 0.3042  ]
[2026-08-17 09:41:37,164][__main__][INFO] - [RANK 0] [ Train | Step: 80000  |  loss : 0.3637 | accuracy : 0.8277 | opt_sps : 73.9254  ]
[2026-08-17 09:41:37,471][__main__][INFO] - [RANK 0] [ Eval  | Step: 80000  |  loss : 0.3832 | accuracy : 0.8171 | eval_s : 0.3056  ]
[2026-08-17 09:41:44,305][__main__][INFO] - [RANK 0] [ Train | Step: 80500  |  loss : 0.3639 | accuracy : 0.8264 | opt_sps : 73.9206  ]
[2026-08-17 09:41:44,608][__main__][INFO] - [RANK 0] [ Eval  | Step: 80500  |  loss : 0.3829 | accuracy : 0.8199 | eval_s : 0.3020  ]
[2026-08-17 09:41:51,345][__main__][INFO] - [RANK 0] [ Train | Step: 81000  |  loss : 0.3616 | accuracy : 0.8285 | opt_sps : 73.9225  ]
[2026-08-17 09:41:51,647][__main__][INFO] - [RANK 0] [ Eval  | Step: 81000  |  loss : 0.3819 | accuracy : 0.8201 | eval_s : 0.3017  ]
[2026-08-17 09:41:58,393][__main__][INFO] - [RANK 0] [ Train | Step: 81500  |  loss : 0.3619 | accuracy : 0.8287 | opt_sps : 73.9238  ]
[2026-08-17 09:41:58,700][__main__][INFO] - [RANK 0] [ Eval  | Step: 81500  |  loss : 0.3831 | accuracy : 0.8183 | eval_s : 0.3059  ]
[2026-08-17 09:42:05,516][__main__][INFO] - [RANK 0] [ Train | Step: 82000  |  loss : 0.3618 | accuracy : 0.8288 | opt_sps : 73.9203  ]
[2026-08-17 09:42:05,826][__main__][INFO] - [RANK 0] [ Eval  | Step: 82000  |  loss : 0.3832 | accuracy : 0.8172 | eval_s : 0.3091  ]
[2026-08-17 09:42:12,562][__main__][INFO] - [RANK 0] [ Train | Step: 82500  |  loss : 0.3619 | accuracy : 0.8275 | opt_sps : 73.9222  ]
[2026-08-17 09:42:12,869][__main__][INFO] - [RANK 0] [ Eval  | Step: 82500  |  loss : 0.3828 | accuracy : 0.8175 | eval_s : 0.3057  ]
[2026-08-17 09:42:19,638][__main__][INFO] - [RANK 0] [ Train | Step: 83000  |  loss : 0.3588 | accuracy : 0.8298 | opt_sps : 73.9218  ]
[2026-08-17 09:42:19,944][__main__][INFO] - [RANK 0] [ Eval  | Step: 83000  |  loss : 0.3812 | accuracy : 0.8190 | eval_s : 0.3049  ]
[2026-08-17 09:42:27,028][__main__][INFO] - [RANK 0] [ Train | Step: 83500  |  loss : 0.3598 | accuracy : 0.8298 | opt_sps : 73.9010  ]
[2026-08-17 09:42:27,333][__main__][INFO] - [RANK 0] [ Eval  | Step: 83500  |  loss : 0.3815 | accuracy : 0.8198 | eval_s : 0.3044  ]
[2026-08-17 09:42:34,223][__main__][INFO] - [RANK 0] [ Train | Step: 84000  |  loss : 0.3590 | accuracy : 0.8313 | opt_sps : 73.8930  ]
[2026-08-17 09:42:34,526][__main__][INFO] - [RANK 0] [ Eval  | Step: 84000  |  loss : 0.3819 | accuracy : 0.8189 | eval_s : 0.3024  ]
[2026-08-17 09:42:41,342][__main__][INFO] - [RANK 0] [ Train | Step: 84500  |  loss : 0.3610 | accuracy : 0.8286 | opt_sps : 73.8898  ]
[2026-08-17 09:42:41,646][__main__][INFO] - [RANK 0] [ Eval  | Step: 84500  |  loss : 0.3800 | accuracy : 0.8210 | eval_s : 0.3033  ]
[2026-08-17 09:42:48,699][__main__][INFO] - [RANK 0] [ Train | Step: 85000  |  loss : 0.3575 | accuracy : 0.8316 | opt_sps : 73.8715  ]
[2026-08-17 09:42:49,009][__main__][INFO] - [RANK 0] [ Eval  | Step: 85000  |  loss : 0.3802 | accuracy : 0.8195 | eval_s : 0.3088  ]
[2026-08-17 09:42:55,897][__main__][INFO] - [RANK 0] [ Train | Step: 85500  |  loss : 0.3610 | accuracy : 0.8283 | opt_sps : 73.8638  ]
[2026-08-17 09:42:56,210][__main__][INFO] - [RANK 0] [ Eval  | Step: 85500  |  loss : 0.3810 | accuracy : 0.8196 | eval_s : 0.3119  ]
[2026-08-17 09:43:03,022][__main__][INFO] - [RANK 0] [ Train | Step: 86000  |  loss : 0.3587 | accuracy : 0.8293 | opt_sps : 73.8611  ]
[2026-08-17 09:43:03,329][__main__][INFO] - [RANK 0] [ Eval  | Step: 86000  |  loss : 0.3806 | accuracy : 0.8199 | eval_s : 0.3059  ]
[2026-08-17 09:43:10,185][__main__][INFO] - [RANK 0] [ Train | Step: 86500  |  loss : 0.3617 | accuracy : 0.8289 | opt_sps : 73.8556  ]
[2026-08-17 09:43:10,492][__main__][INFO] - [RANK 0] [ Eval  | Step: 86500  |  loss : 0.3806 | accuracy : 0.8197 | eval_s : 0.3057  ]
[2026-08-17 09:43:17,457][__main__][INFO] - [RANK 0] [ Train | Step: 87000  |  loss : 0.3559 | accuracy : 0.8309 | opt_sps : 73.8434  ]
[2026-08-17 09:43:17,760][__main__][INFO] - [RANK 0] [ Eval  | Step: 87000  |  loss : 0.3798 | accuracy : 0.8192 | eval_s : 0.3019  ]
[2026-08-17 09:43:24,465][__main__][INFO] - [RANK 0] [ Train | Step: 87500  |  loss : 0.3595 | accuracy : 0.8298 | opt_sps : 73.8476  ]
[2026-08-17 09:43:24,770][__main__][INFO] - [RANK 0] [ Eval  | Step: 87500  |  loss : 0.3800 | accuracy : 0.8201 | eval_s : 0.3044  ]
[2026-08-17 09:43:31,925][__main__][INFO] - [RANK 0] [ Train | Step: 88000  |  loss : 0.3560 | accuracy : 0.8317 | opt_sps : 73.8238  ]
[2026-08-17 09:43:32,240][__main__][INFO] - [RANK 0] [ Eval  | Step: 88000  |  loss : 0.3831 | accuracy : 0.8197 | eval_s : 0.3141  ]
[2026-08-17 09:43:39,444][__main__][INFO] - [RANK 0] [ Train | Step: 88500  |  loss : 0.3596 | accuracy : 0.8293 | opt_sps : 73.7972  ]
[2026-08-17 09:43:39,752][__main__][INFO] - [RANK 0] [ Eval  | Step: 88500  |  loss : 0.3819 | accuracy : 0.8188 | eval_s : 0.3071  ]
[2026-08-17 09:43:46,523][__main__][INFO] - [RANK 0] [ Train | Step: 89000  |  loss : 0.3530 | accuracy : 0.8335 | opt_sps : 73.7975  ]
[2026-08-17 09:43:46,826][__main__][INFO] - [RANK 0] [ Eval  | Step: 89000  |  loss : 0.3798 | accuracy : 0.8206 | eval_s : 0.3017  ]
[2026-08-17 09:43:53,519][__main__][INFO] - [RANK 0] [ Train | Step: 89500  |  loss : 0.3567 | accuracy : 0.8322 | opt_sps : 73.8025  ]
[2026-08-17 09:43:53,823][__main__][INFO] - [RANK 0] [ Eval  | Step: 89500  |  loss : 0.3799 | accuracy : 0.8206 | eval_s : 0.3027  ]
[2026-08-17 09:44:00,563][__main__][INFO] - [RANK 0] [ Train | Step: 90000  |  loss : 0.3587 | accuracy : 0.8288 | opt_sps : 73.8046  ]
[2026-08-17 09:44:00,868][__main__][INFO] - [RANK 0] [ Eval  | Step: 90000  |  loss : 0.3805 | accuracy : 0.8201 | eval_s : 0.3044  ]
[2026-08-17 09:44:07,424][__main__][INFO] - [RANK 0] [ Train | Step: 90500  |  loss : 0.3561 | accuracy : 0.8315 | opt_sps : 73.8178  ]
[2026-08-17 09:44:07,729][__main__][INFO] - [RANK 0] [ Eval  | Step: 90500  |  loss : 0.3820 | accuracy : 0.8197 | eval_s : 0.3043  ]
[2026-08-17 09:44:14,445][__main__][INFO] - [RANK 0] [ Train | Step: 91000  |  loss : 0.3563 | accuracy : 0.8307 | opt_sps : 73.8212  ]
[2026-08-17 09:44:14,748][__main__][INFO] - [RANK 0] [ Eval  | Step: 91000  |  loss : 0.3801 | accuracy : 0.8206 | eval_s : 0.3025  ]
[2026-08-17 09:44:21,390][__main__][INFO] - [RANK 0] [ Train | Step: 91500  |  loss : 0.3559 | accuracy : 0.8317 | opt_sps : 73.8291  ]
[2026-08-17 09:44:21,694][__main__][INFO] - [RANK 0] [ Eval  | Step: 91500  |  loss : 0.3805 | accuracy : 0.8196 | eval_s : 0.3030  ]
[2026-08-17 09:44:28,369][__main__][INFO] - [RANK 0] [ Train | Step: 92000  |  loss : 0.3581 | accuracy : 0.8306 | opt_sps : 73.8348  ]
[2026-08-17 09:44:28,678][__main__][INFO] - [RANK 0] [ Eval  | Step: 92000  |  loss : 0.3802 | accuracy : 0.8196 | eval_s : 0.3082  ]
[2026-08-17 09:44:35,596][__main__][INFO] - [RANK 0] [ Train | Step: 92500  |  loss : 0.3582 | accuracy : 0.8309 | opt_sps : 73.8262  ]
[2026-08-17 09:44:35,908][__main__][INFO] - [RANK 0] [ Eval  | Step: 92500  |  loss : 0.3814 | accuracy : 0.8196 | eval_s : 0.3107  ]
[2026-08-17 09:44:42,665][__main__][INFO] - [RANK 0] [ Train | Step: 93000  |  loss : 0.3550 | accuracy : 0.8313 | opt_sps : 73.8271  ]
[2026-08-17 09:44:42,969][__main__][INFO] - [RANK 0] [ Eval  | Step: 93000  |  loss : 0.3809 | accuracy : 0.8194 | eval_s : 0.3031  ]
[2026-08-17 09:44:49,609][__main__][INFO] - [RANK 0] [ Train | Step: 93500  |  loss : 0.3528 | accuracy : 0.8329 | opt_sps : 73.8348  ]
[2026-08-17 09:44:49,912][__main__][INFO] - [RANK 0] [ Eval  | Step: 93500  |  loss : 0.3795 | accuracy : 0.8191 | eval_s : 0.3017  ]
[2026-08-17 09:44:56,611][__main__][INFO] - [RANK 0] [ Train | Step: 94000  |  loss : 0.3559 | accuracy : 0.8316 | opt_sps : 73.8391  ]
[2026-08-17 09:44:56,915][__main__][INFO] - [RANK 0] [ Eval  | Step: 94000  |  loss : 0.3799 | accuracy : 0.8201 | eval_s : 0.3033  ]
[2026-08-17 09:45:03,506][__main__][INFO] - [RANK 0] [ Train | Step: 94500  |  loss : 0.3576 | accuracy : 0.8309 | opt_sps : 73.8495  ]
[2026-08-17 09:45:03,815][__main__][INFO] - [RANK 0] [ Eval  | Step: 94500  |  loss : 0.3808 | accuracy : 0.8180 | eval_s : 0.3076  ]
[2026-08-17 09:45:10,387][__main__][INFO] - [RANK 0] [ Train | Step: 95000  |  loss : 0.3537 | accuracy : 0.8322 | opt_sps : 73.8609  ]
[2026-08-17 09:45:10,689][__main__][INFO] - [RANK 0] [ Eval  | Step: 95000  |  loss : 0.3803 | accuracy : 0.8200 | eval_s : 0.3012  ]
[2026-08-17 09:45:17,322][__main__][INFO] - [RANK 0] [ Train | Step: 95500  |  loss : 0.3568 | accuracy : 0.8316 | opt_sps : 73.8687  ]
[2026-08-17 09:45:17,624][__main__][INFO] - [RANK 0] [ Eval  | Step: 95500  |  loss : 0.3807 | accuracy : 0.8212 | eval_s : 0.3014  ]
[2026-08-17 09:45:24,305][__main__][INFO] - [RANK 0] [ Train | Step: 96000  |  loss : 0.3559 | accuracy : 0.8317 | opt_sps : 73.8737  ]
[2026-08-17 09:45:24,615][__main__][INFO] - [RANK 0] [ Eval  | Step: 96000  |  loss : 0.3785 | accuracy : 0.8219 | eval_s : 0.3087  ]
[2026-08-17 09:45:31,292][__main__][INFO] - [RANK 0] [ Train | Step: 96500  |  loss : 0.3568 | accuracy : 0.8315 | opt_sps : 73.8789  ]
[2026-08-17 09:45:31,596][__main__][INFO] - [RANK 0] [ Eval  | Step: 96500  |  loss : 0.3801 | accuracy : 0.8209 | eval_s : 0.3029  ]
[2026-08-17 09:45:38,360][__main__][INFO] - [RANK 0] [ Train | Step: 97000  |  loss : 0.3584 | accuracy : 0.8304 | opt_sps : 73.8791  ]
[2026-08-17 09:45:38,663][__main__][INFO] - [RANK 0] [ Eval  | Step: 97000  |  loss : 0.3793 | accuracy : 0.8211 | eval_s : 0.3023  ]
[2026-08-17 09:45:45,267][__main__][INFO] - [RANK 0] [ Train | Step: 97500  |  loss : 0.3581 | accuracy : 0.8306 | opt_sps : 73.8882  ]
[2026-08-17 09:45:45,575][__main__][INFO] - [RANK 0] [ Eval  | Step: 97500  |  loss : 0.3802 | accuracy : 0.8203 | eval_s : 0.3063  ]
[2026-08-17 09:45:52,057][__main__][INFO] - [RANK 0] [ Train | Step: 98000  |  loss : 0.3555 | accuracy : 0.8318 | opt_sps : 73.9041  ]
[2026-08-17 09:45:52,361][__main__][INFO] - [RANK 0] [ Eval  | Step: 98000  |  loss : 0.3788 | accuracy : 0.8207 | eval_s : 0.3031  ]
[2026-08-17 09:45:58,959][__main__][INFO] - [RANK 0] [ Train | Step: 98500  |  loss : 0.3553 | accuracy : 0.8322 | opt_sps : 73.9134  ]
[2026-08-17 09:45:59,265][__main__][INFO] - [RANK 0] [ Eval  | Step: 98500  |  loss : 0.3801 | accuracy : 0.8193 | eval_s : 0.3051  ]
[2026-08-17 09:46:05,816][__main__][INFO] - [RANK 0] [ Train | Step: 99000  |  loss : 0.3548 | accuracy : 0.8323 | opt_sps : 73.9252  ]
[2026-08-17 09:46:06,119][__main__][INFO] - [RANK 0] [ Eval  | Step: 99000  |  loss : 0.3799 | accuracy : 0.8201 | eval_s : 0.3019  ]
[2026-08-17 09:46:12,656][__main__][INFO] - [RANK 0] [ Train | Step: 99500  |  loss : 0.3525 | accuracy : 0.8330 | opt_sps : 73.9376  ]
[2026-08-17 09:46:12,958][__main__][INFO] - [RANK 0] [ Eval  | Step: 99500  |  loss : 0.3801 | accuracy : 0.8195 | eval_s : 0.3015  ]
[2026-08-17 09:46:19,502][__main__][INFO] - [RANK 0] [ Train | Step: 100000 |  loss : 0.3572 | accuracy : 0.8300 | opt_sps : 73.9496  ]
[2026-08-17 09:46:19,805][__main__][INFO] - [RANK 0] [ Eval  | Step: 100000 |  loss : 0.3795 | accuracy : 0.8203 | eval_s : 0.3021  ]
[2026-08-17 09:46:19,806][__main__][INFO] - [RANK 0] loading best model
[2026-08-17 09:46:19,808][__main__][INFO] - [RANK 0] [Eval  | Summary |  best_loss : 0.3785 | best_step : 96000.0000 ]
[2026-08-17 09:46:20,110][__main__][INFO] - [RANK 0] [Test  | Summary |  model/phase_R : 0.9608 | model/gate_offdiag : 0.9347 | model/vote_agreement : 0.6716 | model/evidence_ratio : 65.8903 | loss/cross_entropy : 0.3703 | loss/loss : 0.3703 | callbacks/accuracy : 0.8238 | callbacks/non_relational_accuracy : 0.9994 | callbacks/binary_accuracy : 0.8468 | callbacks/ternary_accuracy : 0.6253 | callbacks/query_shape_accuracy : 0.9994 | callbacks/left_of_centre_accuracy : 0.9991 | callbacks/top_half_accuracy : 0.9997 | callbacks/closest_shape_accuracy : 0.7725 | callbacks/furthest_shape_accuracy : 0.7738 | callbacks/count_same_shape_accuracy : 0.9984 | callbacks/count_in_box_accuracy : 0.7391 | callbacks/on_band_accuracy : 0.6754 | callbacks/count_obtuse_accuracy : 0.4578 | timing/eval_s : 0.3017 ]
wandb: updating run metadata
wandb: uploading output.log; uploading wandb-summary.json; uploading config.yaml
wandb: 
wandb: Run history:
wandb:                  eval_callbacks/accuracy ▁▂▂▂▃▄▄▅▅▆▆▅▆▅▆▆▇▆▇▇▇▇▇▇▇▇██████████████
wandb:           eval_callbacks/binary_accuracy ▁▁▁▂▂▃▅▄▅▅▅▆▇▇▇▇▇▇▇▇████████████████████
wandb:    eval_callbacks/closest_shape_accuracy ▂▃▁▄▄▄▅▅▅▅▆▆▆▆▅▆▆▆▇▇▇▇▇▇▇▇██████████████
wandb:     eval_callbacks/count_in_box_accuracy ▁▁▁▁▁▁▁▁▁▁▁▁▁▁▂▁▂▂▂▄▅▄▅▅▆▆▆█▆▇▇▇█▇▇▇▇██▇
wandb:     eval_callbacks/count_obtuse_accuracy ▅▁▅▅▅▅▅▆▅▅▅▅▆▅▆▅▅▅▅▆▆▆▇▆▇▇▇▇▇▇▇███▇███▇█
wandb: eval_callbacks/count_same_shape_accuracy ▁▁▁▁▁▅▆▇▆▆▇█▄███████████████████████████
wandb:   eval_callbacks/furthest_shape_accuracy ▁▂▂▂▂▃▄▄▄▃▄▄▃▅▄▅▄▅▅▅▅▅▅▆▆▇▆▆▆▇▇█▇▇██████
wandb:   eval_callbacks/left_of_centre_accuracy ▁▃▅▇▆███████████████████████████████████
wandb:   eval_callbacks/non_relational_accuracy ▁▅▇█████████████████████████████████████
wandb:          eval_callbacks/on_band_accuracy ▂▂▂▁▂▃▂▂▂▁▃▃▃▅▅▆▆▆▆▆▇▇▇▇▇▇█▇▇███████████
wandb:                                      +32 ...
wandb: 
wandb: Run summary:
wandb:                           eval/best_loss 0.37855
wandb:                           eval/best_step 96000
wandb:                  eval_callbacks/accuracy 0.82033
wandb:           eval_callbacks/binary_accuracy 0.84529
wandb:    eval_callbacks/closest_shape_accuracy 0.7716
wandb:     eval_callbacks/count_in_box_accuracy 0.73238
wandb:     eval_callbacks/count_obtuse_accuracy 0.45406
wandb: eval_callbacks/count_same_shape_accuracy 0.99533
wandb:   eval_callbacks/furthest_shape_accuracy 0.77243
wandb:   eval_callbacks/left_of_centre_accuracy 0.99969
wandb:                                      +54 ...
wandb: 
wandb: 🚀 View run sort_of_clevr/syncnet::multirun::2026-08-17_07-27-27::5 at: https://wandb.ai/niks_priv/sort_of_clevr/runs/3kip5ha9
wandb: ⭐️ View project at: https://wandb.ai/niks_priv/sort_of_clevr
wandb: Synced 5 W&B file(s), 0 media file(s), 0 artifact file(s) and 0 other file(s)
wandb: Find logs at: ./outputs/sort_of_clevr/multirun/2026-08-17_07-27-27/5/wandb/run-20260817_092245-3kip5ha9/logs
[2026-08-17 09:46:21,061][HYDRA] 	#6 : model.module_dim=512 model.n_modules=4 model.partition=quadrant train.seed=0 task=sort_of_clevr experiment=sort_of_clevr/syncnet/scale
wandb: setting up run 0lc4c6h8
wandb: Tracking run with wandb version 0.27.2
wandb: Run data is saved locally in /home/nik/workspace/ImperialWork/msc_project/SyncNetProject/outputs/sort_of_clevr/multirun/2026-08-17_07-27-27/6/wandb/run-20260817_094622-0lc4c6h8
wandb: Run `wandb offline` to turn off syncing.
wandb: Syncing run sort_of_clevr/syncnet::multirun::2026-08-17_07-27-27::6
wandb: ⭐️ View project at https://wandb.ai/niks_priv/sort_of_clevr
wandb: 🚀 View run at https://wandb.ai/niks_priv/sort_of_clevr/runs/0lc4c6h8
[2026-08-17 09:46:22,936][__main__][INFO] - [RANK 0] Starting training
[2026-08-17 09:46:22,936][__main__][INFO] - [RANK 0] Model: SortOfClevrSyncNet
[2026-08-17 09:46:22,936][__main__][INFO] - [RANK 0] Parameters: total=1712464
[2026-08-17 09:46:22,938][__main__][INFO] - [RANK 0] Config:
train:
  seed: 0
  n_steps: 100000
  train_bs: 256
  val_bs: 1024
  early_stop_metric: loss
  early_stop_big_is_better: false
  early_stop_patience: 1000000
  early_stop_min_delta: 0.0
  mixed_precision: bf16
  compile_model: false
  grad_accum: 1
  grad_clip: 1.0
  loader_mode: gpu_cached
  num_workers: 0
logging:
  eval_log_interval: 500
  train_log_interval: 500
  info_metrics:
  - loss
  - accuracy
  save_best: true
wandb:
  enabled: true
  project_name: sort_of_clevr
  entity: niks_priv
  tags: []
  run_name: null
optim:
  optimiser: adamw
  lr: 0.0003
  weight_decay: 0.01
  lr_scheduler: warmup_cosine
  lr_scheduler_params:
    warmup_steps: 2000
dataset:
  name: sort_of_clevr
  root: ./data
  dir: sort_of_clevr-seed1-train36000-test1000-img75-obj5-q10-t-1
  seed: 1
  train_size: 36000
  test_size: 1000
  img_size: 75
  obj_size: 5
  nb_questions: 10
  t_subtype: -1
model:
  name: sort_of_clevr_syncnet
  q_conditioning: film
  q_emb_dim: 32
  partition: quadrant
  use_pos_emb: true
  n_modules: 4
  module_dim: 512
  content_dim: 8
  query_hidden: 64
  beta_init: 5.0
  learn_beta: true
  use_module_embed: false
  embed_scale: 1.0
  gate_mode: phase
  T: 6
  dt: 0.1
  omega_init: 0.5
  learn_omega: true
  k_hidden: 64
  deterministic_phase: false
  msg_dim: 64
  msg_agg: mean
  readout_mode: sum
  hidden_dim: 128
  use_prior_head: true
  vote_sees_q: true
  encoder:
    name: patchify
    ch: 128
    patch_size: 5
    hidden: 64
callbacks:
- name: accuracy
- name: qtype_accuracy
- name: subtype_accuracy

[2026-08-17 09:46:22,939][__main__][INFO] - [RANK 0] Full model:
SortOfClevrSyncNet(
  (inner): VQASyncNet(
    (q_encoder): IdentityQuestionEncoder()
    (film_gamma): Linear(in_features=18, out_features=128, bias=True)
    (film_beta): Linear(in_features=18, out_features=128, bias=True)
    (encoders): ModuleList(
      (0): PatchifyEncoder(
        (patchify): Conv2d(3, 128, kernel_size=(5, 5), stride=(5, 5))
      )
    )
    (norms): ModuleList(
      (0): GroupNorm(8, 128, eps=1e-05, affine=True, bias=True)
    )
    (h_init): Sequential(
      (0): Linear(in_features=18, out_features=64, bias=True)
      (1): GELU(approximate='none')
      (2): Linear(in_features=64, out_features=2048, bias=True)
    )
    (attn_query): Linear(in_features=512, out_features=128, bias=True)
    (msg_proj): Linear(in_features=512, out_features=64, bias=True)
    (cell): GRUCell(192, 512)
    (k_mlp): Sequential(
      (0): Linear(in_features=1024, out_features=64, bias=True)
      (1): GELU(approximate='none')
      (2): Linear(in_features=64, out_features=1, bias=True)
      (3): Tanh()
    )
    (content_head): Linear(in_features=128, out_features=8, bias=True)
    (vote_heads): ModuleList(
      (0-3): 4 x Sequential(
        (0): Linear(in_features=538, out_features=128, bias=True)
        (1): GELU(approximate='none')
        (2): Linear(in_features=128, out_features=10, bias=True)
      )
    )
    (prior_head): Sequential(
      (0): Linear(in_features=18, out_features=128, bias=True)
      (1): GELU(approximate='none')
      (2): Linear(in_features=128, out_features=10, bias=True)
    )
  )
)
[2026-08-17 09:46:29,667][__main__][INFO] - [RANK 0] [ Train | Step: 500    |  loss : 1.3235 | accuracy : 0.3977 | opt_sps : 74.3205  ]
[2026-08-17 09:46:29,989][__main__][INFO] - [RANK 0] [ Eval  | Step: 500    |  loss : 0.8832 | accuracy : 0.4931 | eval_s : 0.3205  ]
[2026-08-17 09:46:36,860][__main__][INFO] - [RANK 0] [ Train | Step: 1000   |  loss : 0.8552 | accuracy : 0.5245 | opt_sps : 73.5463  ]
[2026-08-17 09:46:37,183][__main__][INFO] - [RANK 0] [ Eval  | Step: 1000   |  loss : 0.7783 | accuracy : 0.5923 | eval_s : 0.3224  ]
[2026-08-17 09:46:43,982][__main__][INFO] - [RANK 0] [ Train | Step: 1500   |  loss : 0.7383 | accuracy : 0.6165 | opt_sps : 73.5510  ]
[2026-08-17 09:46:44,303][__main__][INFO] - [RANK 0] [ Eval  | Step: 1500   |  loss : 0.7190 | accuracy : 0.6306 | eval_s : 0.3199  ]
[2026-08-17 09:46:51,129][__main__][INFO] - [RANK 0] [ Train | Step: 2000   |  loss : 0.7124 | accuracy : 0.6411 | opt_sps : 73.4804  ]
[2026-08-17 09:46:51,449][__main__][INFO] - [RANK 0] [ Eval  | Step: 2000   |  loss : 0.7006 | accuracy : 0.6503 | eval_s : 0.3199  ]
[2026-08-17 09:46:58,277][__main__][INFO] - [RANK 0] [ Train | Step: 2500   |  loss : 0.7002 | accuracy : 0.6461 | opt_sps : 73.4334  ]
[2026-08-17 09:46:58,598][__main__][INFO] - [RANK 0] [ Eval  | Step: 2500   |  loss : 0.6835 | accuracy : 0.6525 | eval_s : 0.3198  ]
[2026-08-17 09:47:05,409][__main__][INFO] - [RANK 0] [ Train | Step: 3000   |  loss : 0.6869 | accuracy : 0.6534 | opt_sps : 73.4330  ]
[2026-08-17 09:47:05,734][__main__][INFO] - [RANK 0] [ Eval  | Step: 3000   |  loss : 0.6790 | accuracy : 0.6619 | eval_s : 0.3237  ]
[2026-08-17 09:47:12,528][__main__][INFO] - [RANK 0] [ Train | Step: 3500   |  loss : 0.6745 | accuracy : 0.6620 | opt_sps : 73.4582  ]
[2026-08-17 09:47:12,852][__main__][INFO] - [RANK 0] [ Eval  | Step: 3500   |  loss : 0.6805 | accuracy : 0.6539 | eval_s : 0.3234  ]
[2026-08-17 09:47:19,617][__main__][INFO] - [RANK 0] [ Train | Step: 4000   |  loss : 0.6667 | accuracy : 0.6665 | opt_sps : 73.5148  ]
[2026-08-17 09:47:19,939][__main__][INFO] - [RANK 0] [ Eval  | Step: 4000   |  loss : 0.6709 | accuracy : 0.6642 | eval_s : 0.3216  ]
[2026-08-17 09:47:26,855][__main__][INFO] - [RANK 0] [ Train | Step: 4500   |  loss : 0.6607 | accuracy : 0.6682 | opt_sps : 73.3801  ]
[2026-08-17 09:47:27,174][__main__][INFO] - [RANK 0] [ Eval  | Step: 4500   |  loss : 0.6613 | accuracy : 0.6674 | eval_s : 0.3184  ]
[2026-08-17 09:47:33,965][__main__][INFO] - [RANK 0] [ Train | Step: 5000   |  loss : 0.6534 | accuracy : 0.6767 | opt_sps : 73.4059  ]
[2026-08-17 09:47:34,286][__main__][INFO] - [RANK 0] [ Eval  | Step: 5000   |  loss : 0.6892 | accuracy : 0.6697 | eval_s : 0.3199  ]
[2026-08-17 09:47:41,166][__main__][INFO] - [RANK 0] [ Train | Step: 5500   |  loss : 0.6497 | accuracy : 0.6781 | opt_sps : 73.3391  ]
[2026-08-17 09:47:41,492][__main__][INFO] - [RANK 0] [ Eval  | Step: 5500   |  loss : 0.6471 | accuracy : 0.6787 | eval_s : 0.3254  ]
[2026-08-17 09:47:48,255][__main__][INFO] - [RANK 0] [ Train | Step: 6000   |  loss : 0.6480 | accuracy : 0.6759 | opt_sps : 73.3901  ]
[2026-08-17 09:47:48,575][__main__][INFO] - [RANK 0] [ Eval  | Step: 6000   |  loss : 0.6463 | accuracy : 0.6757 | eval_s : 0.3193  ]
[2026-08-17 09:47:55,416][__main__][INFO] - [RANK 0] [ Train | Step: 6500   |  loss : 0.6439 | accuracy : 0.6806 | opt_sps : 73.3675  ]
[2026-08-17 09:47:55,737][__main__][INFO] - [RANK 0] [ Eval  | Step: 6500   |  loss : 0.6465 | accuracy : 0.6817 | eval_s : 0.3197  ]
[2026-08-17 09:48:02,516][__main__][INFO] - [RANK 0] [ Train | Step: 7000   |  loss : 0.6422 | accuracy : 0.6806 | opt_sps : 73.3950  ]
[2026-08-17 09:48:02,836][__main__][INFO] - [RANK 0] [ Eval  | Step: 7000   |  loss : 0.6419 | accuracy : 0.6844 | eval_s : 0.3190  ]
[2026-08-17 09:48:09,602][__main__][INFO] - [RANK 0] [ Train | Step: 7500   |  loss : 0.6424 | accuracy : 0.6813 | opt_sps : 73.4293  ]
[2026-08-17 09:48:09,926][__main__][INFO] - [RANK 0] [ Eval  | Step: 7500   |  loss : 0.6442 | accuracy : 0.6856 | eval_s : 0.3224  ]
[2026-08-17 09:48:16,620][__main__][INFO] - [RANK 0] [ Train | Step: 8000   |  loss : 0.6433 | accuracy : 0.6791 | opt_sps : 73.5070  ]
[2026-08-17 09:48:16,944][__main__][INFO] - [RANK 0] [ Eval  | Step: 8000   |  loss : 0.6394 | accuracy : 0.6814 | eval_s : 0.3232  ]
[2026-08-17 09:48:23,670][__main__][INFO] - [RANK 0] [ Train | Step: 8500   |  loss : 0.6401 | accuracy : 0.6839 | opt_sps : 73.5567  ]
[2026-08-17 09:48:23,990][__main__][INFO] - [RANK 0] [ Eval  | Step: 8500   |  loss : 0.6379 | accuracy : 0.6879 | eval_s : 0.3193  ]
[2026-08-17 09:48:30,721][__main__][INFO] - [RANK 0] [ Train | Step: 9000   |  loss : 0.6368 | accuracy : 0.6837 | opt_sps : 73.5978  ]
[2026-08-17 09:48:31,040][__main__][INFO] - [RANK 0] [ Eval  | Step: 9000   |  loss : 0.6471 | accuracy : 0.6783 | eval_s : 0.3186  ]
[2026-08-17 09:48:37,840][__main__][INFO] - [RANK 0] [ Train | Step: 9500   |  loss : 0.6353 | accuracy : 0.6868 | opt_sps : 73.5941  ]
[2026-08-17 09:48:38,162][__main__][INFO] - [RANK 0] [ Eval  | Step: 9500   |  loss : 0.6356 | accuracy : 0.6890 | eval_s : 0.3209  ]
[2026-08-17 09:48:45,032][__main__][INFO] - [RANK 0] [ Train | Step: 10000  |  loss : 0.6363 | accuracy : 0.6851 | opt_sps : 73.5540  ]
[2026-08-17 09:48:45,352][__main__][INFO] - [RANK 0] [ Eval  | Step: 10000  |  loss : 0.6318 | accuracy : 0.6843 | eval_s : 0.3188  ]
[2026-08-17 09:48:52,104][__main__][INFO] - [RANK 0] [ Train | Step: 10500  |  loss : 0.6262 | accuracy : 0.6946 | opt_sps : 73.5782  ]
[2026-08-17 09:48:52,426][__main__][INFO] - [RANK 0] [ Eval  | Step: 10500  |  loss : 0.6108 | accuracy : 0.7034 | eval_s : 0.3206  ]
[2026-08-17 09:48:59,197][__main__][INFO] - [RANK 0] [ Train | Step: 11000  |  loss : 0.6091 | accuracy : 0.7042 | opt_sps : 73.5912  ]
[2026-08-17 09:48:59,517][__main__][INFO] - [RANK 0] [ Eval  | Step: 11000  |  loss : 0.6216 | accuracy : 0.6898 | eval_s : 0.3195  ]
[2026-08-17 09:49:06,276][__main__][INFO] - [RANK 0] [ Train | Step: 11500  |  loss : 0.6012 | accuracy : 0.7093 | opt_sps : 73.6080  ]
[2026-08-17 09:49:06,598][__main__][INFO] - [RANK 0] [ Eval  | Step: 11500  |  loss : 0.6069 | accuracy : 0.7027 | eval_s : 0.3213  ]
[2026-08-17 09:49:13,327][__main__][INFO] - [RANK 0] [ Train | Step: 12000  |  loss : 0.5917 | accuracy : 0.7140 | opt_sps : 73.6373  ]
[2026-08-17 09:49:13,648][__main__][INFO] - [RANK 0] [ Eval  | Step: 12000  |  loss : 0.5941 | accuracy : 0.7100 | eval_s : 0.3202  ]
[2026-08-17 09:49:20,302][__main__][INFO] - [RANK 0] [ Train | Step: 12500  |  loss : 0.5892 | accuracy : 0.7181 | opt_sps : 73.6972  ]
[2026-08-17 09:49:20,625][__main__][INFO] - [RANK 0] [ Eval  | Step: 12500  |  loss : 0.5776 | accuracy : 0.7198 | eval_s : 0.3224  ]
[2026-08-17 09:49:27,356][__main__][INFO] - [RANK 0] [ Train | Step: 13000  |  loss : 0.5783 | accuracy : 0.7215 | opt_sps : 73.7204  ]
[2026-08-17 09:49:27,675][__main__][INFO] - [RANK 0] [ Eval  | Step: 13000  |  loss : 0.5819 | accuracy : 0.7200 | eval_s : 0.3185  ]
[2026-08-17 09:49:34,438][__main__][INFO] - [RANK 0] [ Train | Step: 13500  |  loss : 0.5740 | accuracy : 0.7241 | opt_sps : 73.7285  ]
[2026-08-17 09:49:34,758][__main__][INFO] - [RANK 0] [ Eval  | Step: 13500  |  loss : 0.5751 | accuracy : 0.7191 | eval_s : 0.3191  ]
[2026-08-17 09:49:41,618][__main__][INFO] - [RANK 0] [ Train | Step: 14000  |  loss : 0.5613 | accuracy : 0.7302 | opt_sps : 73.6985  ]
[2026-08-17 09:49:41,942][__main__][INFO] - [RANK 0] [ Eval  | Step: 14000  |  loss : 0.6016 | accuracy : 0.7101 | eval_s : 0.3231  ]
[2026-08-17 09:49:48,857][__main__][INFO] - [RANK 0] [ Train | Step: 14500  |  loss : 0.5725 | accuracy : 0.7230 | opt_sps : 73.6496  ]
[2026-08-17 09:49:49,177][__main__][INFO] - [RANK 0] [ Eval  | Step: 14500  |  loss : 0.5546 | accuracy : 0.7311 | eval_s : 0.3196  ]
[2026-08-17 09:49:55,979][__main__][INFO] - [RANK 0] [ Train | Step: 15000  |  loss : 0.5668 | accuracy : 0.7285 | opt_sps : 73.6457  ]
[2026-08-17 09:49:56,298][__main__][INFO] - [RANK 0] [ Eval  | Step: 15000  |  loss : 0.5917 | accuracy : 0.7160 | eval_s : 0.3190  ]
[2026-08-17 09:50:03,039][__main__][INFO] - [RANK 0] [ Train | Step: 15500  |  loss : 0.5529 | accuracy : 0.7311 | opt_sps : 73.6629  ]
[2026-08-17 09:50:03,360][__main__][INFO] - [RANK 0] [ Eval  | Step: 15500  |  loss : 0.5399 | accuracy : 0.7329 | eval_s : 0.3200  ]
[2026-08-17 09:50:10,134][__main__][INFO] - [RANK 0] [ Train | Step: 16000  |  loss : 0.5536 | accuracy : 0.7327 | opt_sps : 73.6678  ]
[2026-08-17 09:50:10,456][__main__][INFO] - [RANK 0] [ Eval  | Step: 16000  |  loss : 0.5810 | accuracy : 0.7178 | eval_s : 0.3207  ]
[2026-08-17 09:50:17,162][__main__][INFO] - [RANK 0] [ Train | Step: 16500  |  loss : 0.5539 | accuracy : 0.7326 | opt_sps : 73.6944  ]
[2026-08-17 09:50:17,487][__main__][INFO] - [RANK 0] [ Eval  | Step: 16500  |  loss : 0.5248 | accuracy : 0.7386 | eval_s : 0.3232  ]
[2026-08-17 09:50:24,208][__main__][INFO] - [RANK 0] [ Train | Step: 17000  |  loss : 0.5510 | accuracy : 0.7322 | opt_sps : 73.7150  ]
[2026-08-17 09:50:24,534][__main__][INFO] - [RANK 0] [ Eval  | Step: 17000  |  loss : 0.5240 | accuracy : 0.7390 | eval_s : 0.3244  ]
[2026-08-17 09:50:31,286][__main__][INFO] - [RANK 0] [ Train | Step: 17500  |  loss : 0.5438 | accuracy : 0.7370 | opt_sps : 73.7250  ]
[2026-08-17 09:50:31,606][__main__][INFO] - [RANK 0] [ Eval  | Step: 17500  |  loss : 0.5430 | accuracy : 0.7333 | eval_s : 0.3187  ]
[2026-08-17 09:50:38,389][__main__][INFO] - [RANK 0] [ Train | Step: 18000  |  loss : 0.5571 | accuracy : 0.7306 | opt_sps : 73.7246  ]
[2026-08-17 09:50:38,710][__main__][INFO] - [RANK 0] [ Eval  | Step: 18000  |  loss : 0.5085 | accuracy : 0.7494 | eval_s : 0.3197  ]
[2026-08-17 09:50:45,549][__main__][INFO] - [RANK 0] [ Train | Step: 18500  |  loss : 0.5342 | accuracy : 0.7395 | opt_sps : 73.7082  ]
[2026-08-17 09:50:45,869][__main__][INFO] - [RANK 0] [ Eval  | Step: 18500  |  loss : 0.5176 | accuracy : 0.7338 | eval_s : 0.3192  ]
[2026-08-17 09:50:52,706][__main__][INFO] - [RANK 0] [ Train | Step: 19000  |  loss : 0.5321 | accuracy : 0.7407 | opt_sps : 73.6930  ]
[2026-08-17 09:50:53,026][__main__][INFO] - [RANK 0] [ Eval  | Step: 19000  |  loss : 0.5144 | accuracy : 0.7472 | eval_s : 0.3197  ]
[2026-08-17 09:50:59,777][__main__][INFO] - [RANK 0] [ Train | Step: 19500  |  loss : 0.5276 | accuracy : 0.7415 | opt_sps : 73.7025  ]
[2026-08-17 09:51:00,099][__main__][INFO] - [RANK 0] [ Eval  | Step: 19500  |  loss : 0.5132 | accuracy : 0.7472 | eval_s : 0.3209  ]
[2026-08-17 09:51:06,898][__main__][INFO] - [RANK 0] [ Train | Step: 20000  |  loss : 0.5267 | accuracy : 0.7434 | opt_sps : 73.6985  ]
[2026-08-17 09:51:07,219][__main__][INFO] - [RANK 0] [ Eval  | Step: 20000  |  loss : 0.5089 | accuracy : 0.7440 | eval_s : 0.3201  ]
[2026-08-17 09:51:13,960][__main__][INFO] - [RANK 0] [ Train | Step: 20500  |  loss : 0.5126 | accuracy : 0.7472 | opt_sps : 73.7099  ]
[2026-08-17 09:51:14,281][__main__][INFO] - [RANK 0] [ Eval  | Step: 20500  |  loss : 0.4982 | accuracy : 0.7529 | eval_s : 0.3196  ]
[2026-08-17 09:51:21,003][__main__][INFO] - [RANK 0] [ Train | Step: 21000  |  loss : 0.5141 | accuracy : 0.7473 | opt_sps : 73.7261  ]
[2026-08-17 09:51:21,329][__main__][INFO] - [RANK 0] [ Eval  | Step: 21000  |  loss : 0.7403 | accuracy : 0.6884 | eval_s : 0.3250  ]
[2026-08-17 09:51:28,028][__main__][INFO] - [RANK 0] [ Train | Step: 21500  |  loss : 0.5054 | accuracy : 0.7520 | opt_sps : 73.7470  ]
[2026-08-17 09:51:28,350][__main__][INFO] - [RANK 0] [ Eval  | Step: 21500  |  loss : 0.5286 | accuracy : 0.7390 | eval_s : 0.3208  ]
[2026-08-17 09:51:35,158][__main__][INFO] - [RANK 0] [ Train | Step: 22000  |  loss : 0.4991 | accuracy : 0.7553 | opt_sps : 73.7401  ]
[2026-08-17 09:51:35,478][__main__][INFO] - [RANK 0] [ Eval  | Step: 22000  |  loss : 0.5183 | accuracy : 0.7470 | eval_s : 0.3196  ]
[2026-08-17 09:51:42,279][__main__][INFO] - [RANK 0] [ Train | Step: 22500  |  loss : 0.4906 | accuracy : 0.7578 | opt_sps : 73.7352  ]
[2026-08-17 09:51:42,598][__main__][INFO] - [RANK 0] [ Eval  | Step: 22500  |  loss : 0.4724 | accuracy : 0.7624 | eval_s : 0.3183  ]
[2026-08-17 09:51:49,558][__main__][INFO] - [RANK 0] [ Train | Step: 23000  |  loss : 0.4854 | accuracy : 0.7605 | opt_sps : 73.6934  ]
[2026-08-17 09:51:49,879][__main__][INFO] - [RANK 0] [ Eval  | Step: 23000  |  loss : 0.4703 | accuracy : 0.7655 | eval_s : 0.3200  ]
[2026-08-17 09:51:56,737][__main__][INFO] - [RANK 0] [ Train | Step: 23500  |  loss : 0.4748 | accuracy : 0.7654 | opt_sps : 73.6769  ]
[2026-08-17 09:51:57,057][__main__][INFO] - [RANK 0] [ Eval  | Step: 23500  |  loss : 0.4748 | accuracy : 0.7611 | eval_s : 0.3194  ]
[2026-08-17 09:52:03,873][__main__][INFO] - [RANK 0] [ Train | Step: 24000  |  loss : 0.4787 | accuracy : 0.7633 | opt_sps : 73.6703  ]
[2026-08-17 09:52:04,193][__main__][INFO] - [RANK 0] [ Eval  | Step: 24000  |  loss : 0.4621 | accuracy : 0.7699 | eval_s : 0.3188  ]
[2026-08-17 09:52:11,009][__main__][INFO] - [RANK 0] [ Train | Step: 24500  |  loss : 0.4717 | accuracy : 0.7669 | opt_sps : 73.6641  ]
[2026-08-17 09:52:11,332][__main__][INFO] - [RANK 0] [ Eval  | Step: 24500  |  loss : 0.4601 | accuracy : 0.7701 | eval_s : 0.3222  ]
[2026-08-17 09:52:18,167][__main__][INFO] - [RANK 0] [ Train | Step: 25000  |  loss : 0.4669 | accuracy : 0.7701 | opt_sps : 73.6542  ]
[2026-08-17 09:52:18,487][__main__][INFO] - [RANK 0] [ Eval  | Step: 25000  |  loss : 0.4575 | accuracy : 0.7745 | eval_s : 0.3196  ]
[2026-08-17 09:52:25,295][__main__][INFO] - [RANK 0] [ Train | Step: 25500  |  loss : 0.4700 | accuracy : 0.7696 | opt_sps : 73.6504  ]
[2026-08-17 09:52:25,618][__main__][INFO] - [RANK 0] [ Eval  | Step: 25500  |  loss : 0.5366 | accuracy : 0.7513 | eval_s : 0.3213  ]
[2026-08-17 09:52:32,307][__main__][INFO] - [RANK 0] [ Train | Step: 26000  |  loss : 0.4662 | accuracy : 0.7729 | opt_sps : 73.6712  ]
[2026-08-17 09:52:32,630][__main__][INFO] - [RANK 0] [ Eval  | Step: 26000  |  loss : 0.4583 | accuracy : 0.7718 | eval_s : 0.3219  ]
[2026-08-17 09:52:39,287][__main__][INFO] - [RANK 0] [ Train | Step: 26500  |  loss : 0.4535 | accuracy : 0.7769 | opt_sps : 73.6977  ]
[2026-08-17 09:52:39,607][__main__][INFO] - [RANK 0] [ Eval  | Step: 26500  |  loss : 0.4625 | accuracy : 0.7711 | eval_s : 0.3190  ]
[2026-08-17 09:52:46,475][__main__][INFO] - [RANK 0] [ Train | Step: 27000  |  loss : 0.4572 | accuracy : 0.7757 | opt_sps : 73.6809  ]
[2026-08-17 09:52:46,797][__main__][INFO] - [RANK 0] [ Eval  | Step: 27000  |  loss : 0.4554 | accuracy : 0.7730 | eval_s : 0.3206  ]
[2026-08-17 09:52:53,567][__main__][INFO] - [RANK 0] [ Train | Step: 27500  |  loss : 0.4509 | accuracy : 0.7795 | opt_sps : 73.6843  ]
[2026-08-17 09:52:53,888][__main__][INFO] - [RANK 0] [ Eval  | Step: 27500  |  loss : 0.4449 | accuracy : 0.7766 | eval_s : 0.3203  ]
[2026-08-17 09:53:00,677][__main__][INFO] - [RANK 0] [ Train | Step: 28000  |  loss : 0.4493 | accuracy : 0.7794 | opt_sps : 73.6839  ]
[2026-08-17 09:53:00,997][__main__][INFO] - [RANK 0] [ Eval  | Step: 28000  |  loss : 0.4483 | accuracy : 0.7747 | eval_s : 0.3188  ]
[2026-08-17 09:53:07,728][__main__][INFO] - [RANK 0] [ Train | Step: 28500  |  loss : 0.4551 | accuracy : 0.7771 | opt_sps : 73.6943  ]
[2026-08-17 09:53:08,049][__main__][INFO] - [RANK 0] [ Eval  | Step: 28500  |  loss : 0.4962 | accuracy : 0.7614 | eval_s : 0.3200  ]
[2026-08-17 09:53:14,865][__main__][INFO] - [RANK 0] [ Train | Step: 29000  |  loss : 0.4456 | accuracy : 0.7810 | opt_sps : 73.6883  ]
[2026-08-17 09:53:15,187][__main__][INFO] - [RANK 0] [ Eval  | Step: 29000  |  loss : 0.4416 | accuracy : 0.7831 | eval_s : 0.3208  ]
[2026-08-17 09:53:22,022][__main__][INFO] - [RANK 0] [ Train | Step: 29500  |  loss : 0.4465 | accuracy : 0.7822 | opt_sps : 73.6795  ]
[2026-08-17 09:53:22,343][__main__][INFO] - [RANK 0] [ Eval  | Step: 29500  |  loss : 0.4443 | accuracy : 0.7803 | eval_s : 0.3198  ]
[2026-08-17 09:53:29,036][__main__][INFO] - [RANK 0] [ Train | Step: 30000  |  loss : 0.4419 | accuracy : 0.7873 | opt_sps : 73.6963  ]
[2026-08-17 09:53:29,358][__main__][INFO] - [RANK 0] [ Eval  | Step: 30000  |  loss : 0.4521 | accuracy : 0.7827 | eval_s : 0.3209  ]
[2026-08-17 09:53:36,040][__main__][INFO] - [RANK 0] [ Train | Step: 30500  |  loss : 0.4375 | accuracy : 0.7905 | opt_sps : 73.7145  ]
[2026-08-17 09:53:36,363][__main__][INFO] - [RANK 0] [ Eval  | Step: 30500  |  loss : 0.4423 | accuracy : 0.7845 | eval_s : 0.3220  ]
[2026-08-17 09:53:43,084][__main__][INFO] - [RANK 0] [ Train | Step: 31000  |  loss : 0.4372 | accuracy : 0.7919 | opt_sps : 73.7254  ]
[2026-08-17 09:53:43,404][__main__][INFO] - [RANK 0] [ Eval  | Step: 31000  |  loss : 0.4348 | accuracy : 0.7886 | eval_s : 0.3191  ]
[2026-08-17 09:53:50,363][__main__][INFO] - [RANK 0] [ Train | Step: 31500  |  loss : 0.4333 | accuracy : 0.7920 | opt_sps : 73.6952  ]
[2026-08-17 09:53:50,683][__main__][INFO] - [RANK 0] [ Eval  | Step: 31500  |  loss : 0.4318 | accuracy : 0.7901 | eval_s : 0.3191  ]
[2026-08-17 09:53:57,557][__main__][INFO] - [RANK 0] [ Train | Step: 32000  |  loss : 0.4248 | accuracy : 0.7940 | opt_sps : 73.6803  ]
[2026-08-17 09:53:57,877][__main__][INFO] - [RANK 0] [ Eval  | Step: 32000  |  loss : 0.4277 | accuracy : 0.7927 | eval_s : 0.3192  ]
[2026-08-17 09:54:04,603][__main__][INFO] - [RANK 0] [ Train | Step: 32500  |  loss : 0.4296 | accuracy : 0.7938 | opt_sps : 73.6905  ]
[2026-08-17 09:54:04,924][__main__][INFO] - [RANK 0] [ Eval  | Step: 32500  |  loss : 0.4288 | accuracy : 0.7879 | eval_s : 0.3201  ]
[2026-08-17 09:54:11,768][__main__][INFO] - [RANK 0] [ Train | Step: 33000  |  loss : 0.4274 | accuracy : 0.7941 | opt_sps : 73.6808  ]
[2026-08-17 09:54:12,088][__main__][INFO] - [RANK 0] [ Eval  | Step: 33000  |  loss : 0.4178 | accuracy : 0.7958 | eval_s : 0.3188  ]
[2026-08-17 09:54:18,787][__main__][INFO] - [RANK 0] [ Train | Step: 33500  |  loss : 0.4235 | accuracy : 0.7959 | opt_sps : 73.6951  ]
[2026-08-17 09:54:19,106][__main__][INFO] - [RANK 0] [ Eval  | Step: 33500  |  loss : 0.4199 | accuracy : 0.7959 | eval_s : 0.3187  ]
[2026-08-17 09:54:25,801][__main__][INFO] - [RANK 0] [ Train | Step: 34000  |  loss : 0.4204 | accuracy : 0.7972 | opt_sps : 73.7096  ]
[2026-08-17 09:54:26,123][__main__][INFO] - [RANK 0] [ Eval  | Step: 34000  |  loss : 0.4237 | accuracy : 0.7932 | eval_s : 0.3218  ]
[2026-08-17 09:54:32,790][__main__][INFO] - [RANK 0] [ Train | Step: 34500  |  loss : 0.4182 | accuracy : 0.7985 | opt_sps : 73.7280  ]
[2026-08-17 09:54:33,111][__main__][INFO] - [RANK 0] [ Eval  | Step: 34500  |  loss : 0.4223 | accuracy : 0.7932 | eval_s : 0.3204  ]
[2026-08-17 09:54:39,814][__main__][INFO] - [RANK 0] [ Train | Step: 35000  |  loss : 0.4155 | accuracy : 0.8001 | opt_sps : 73.7403  ]
[2026-08-17 09:54:40,134][__main__][INFO] - [RANK 0] [ Eval  | Step: 35000  |  loss : 0.4171 | accuracy : 0.7942 | eval_s : 0.3190  ]
[2026-08-17 09:54:46,969][__main__][INFO] - [RANK 0] [ Train | Step: 35500  |  loss : 0.4154 | accuracy : 0.8008 | opt_sps : 73.7321  ]
[2026-08-17 09:54:47,289][__main__][INFO] - [RANK 0] [ Eval  | Step: 35500  |  loss : 0.4149 | accuracy : 0.7961 | eval_s : 0.3188  ]
[2026-08-17 09:54:54,021][__main__][INFO] - [RANK 0] [ Train | Step: 36000  |  loss : 0.4142 | accuracy : 0.7989 | opt_sps : 73.7397  ]
[2026-08-17 09:54:54,344][__main__][INFO] - [RANK 0] [ Eval  | Step: 36000  |  loss : 0.4130 | accuracy : 0.7981 | eval_s : 0.3213  ]
[2026-08-17 09:55:01,130][__main__][INFO] - [RANK 0] [ Train | Step: 36500  |  loss : 0.4132 | accuracy : 0.7993 | opt_sps : 73.7391  ]
[2026-08-17 09:55:01,450][__main__][INFO] - [RANK 0] [ Eval  | Step: 36500  |  loss : 0.4147 | accuracy : 0.7966 | eval_s : 0.3194  ]
[2026-08-17 09:55:08,233][__main__][INFO] - [RANK 0] [ Train | Step: 37000  |  loss : 0.4164 | accuracy : 0.8005 | opt_sps : 73.7389  ]
[2026-08-17 09:55:08,554][__main__][INFO] - [RANK 0] [ Eval  | Step: 37000  |  loss : 0.4843 | accuracy : 0.7788 | eval_s : 0.3201  ]
[2026-08-17 09:55:15,359][__main__][INFO] - [RANK 0] [ Train | Step: 37500  |  loss : 0.4112 | accuracy : 0.8007 | opt_sps : 73.7353  ]
[2026-08-17 09:55:15,678][__main__][INFO] - [RANK 0] [ Eval  | Step: 37500  |  loss : 0.4121 | accuracy : 0.7980 | eval_s : 0.3187  ]
[2026-08-17 09:55:22,435][__main__][INFO] - [RANK 0] [ Train | Step: 38000  |  loss : 0.4084 | accuracy : 0.8043 | opt_sps : 73.7390  ]
[2026-08-17 09:55:22,755][__main__][INFO] - [RANK 0] [ Eval  | Step: 38000  |  loss : 0.4097 | accuracy : 0.8013 | eval_s : 0.3191  ]
[2026-08-17 09:55:29,531][__main__][INFO] - [RANK 0] [ Train | Step: 38500  |  loss : 0.4054 | accuracy : 0.8048 | opt_sps : 73.7398  ]
[2026-08-17 09:55:29,857][__main__][INFO] - [RANK 0] [ Eval  | Step: 38500  |  loss : 0.4123 | accuracy : 0.7991 | eval_s : 0.3250  ]
[2026-08-17 09:55:36,547][__main__][INFO] - [RANK 0] [ Train | Step: 39000  |  loss : 0.4043 | accuracy : 0.8057 | opt_sps : 73.7526  ]
[2026-08-17 09:55:36,870][__main__][INFO] - [RANK 0] [ Eval  | Step: 39000  |  loss : 0.4108 | accuracy : 0.7966 | eval_s : 0.3222  ]
[2026-08-17 09:55:43,642][__main__][INFO] - [RANK 0] [ Train | Step: 39500  |  loss : 0.4037 | accuracy : 0.8063 | opt_sps : 73.7536  ]
[2026-08-17 09:55:43,962][__main__][INFO] - [RANK 0] [ Eval  | Step: 39500  |  loss : 0.4072 | accuracy : 0.7998 | eval_s : 0.3189  ]
[2026-08-17 09:55:50,712][__main__][INFO] - [RANK 0] [ Train | Step: 40000  |  loss : 0.4018 | accuracy : 0.8062 | opt_sps : 73.7577  ]
[2026-08-17 09:55:51,033][__main__][INFO] - [RANK 0] [ Eval  | Step: 40000  |  loss : 0.4057 | accuracy : 0.8015 | eval_s : 0.3201  ]
[2026-08-17 09:55:57,974][__main__][INFO] - [RANK 0] [ Train | Step: 40500  |  loss : 0.4009 | accuracy : 0.8078 | opt_sps : 73.7362  ]
[2026-08-17 09:55:58,294][__main__][INFO] - [RANK 0] [ Eval  | Step: 40500  |  loss : 0.4061 | accuracy : 0.8023 | eval_s : 0.3190  ]
[2026-08-17 09:56:05,066][__main__][INFO] - [RANK 0] [ Train | Step: 41000  |  loss : 0.4003 | accuracy : 0.8080 | opt_sps : 73.7374  ]
[2026-08-17 09:56:05,387][__main__][INFO] - [RANK 0] [ Eval  | Step: 41000  |  loss : 0.4066 | accuracy : 0.8037 | eval_s : 0.3202  ]
[2026-08-17 09:56:12,229][__main__][INFO] - [RANK 0] [ Train | Step: 41500  |  loss : 0.4014 | accuracy : 0.8080 | opt_sps : 73.7293  ]
[2026-08-17 09:56:12,552][__main__][INFO] - [RANK 0] [ Eval  | Step: 41500  |  loss : 0.3997 | accuracy : 0.8055 | eval_s : 0.3213  ]
[2026-08-17 09:56:19,436][__main__][INFO] - [RANK 0] [ Train | Step: 42000  |  loss : 0.3974 | accuracy : 0.8101 | opt_sps : 73.7162  ]
[2026-08-17 09:56:19,755][__main__][INFO] - [RANK 0] [ Eval  | Step: 42000  |  loss : 0.4068 | accuracy : 0.8076 | eval_s : 0.3183  ]
[2026-08-17 09:56:26,494][__main__][INFO] - [RANK 0] [ Train | Step: 42500  |  loss : 0.3918 | accuracy : 0.8108 | opt_sps : 73.7219  ]
[2026-08-17 09:56:26,814][__main__][INFO] - [RANK 0] [ Eval  | Step: 42500  |  loss : 0.4088 | accuracy : 0.8023 | eval_s : 0.3196  ]
[2026-08-17 09:56:33,538][__main__][INFO] - [RANK 0] [ Train | Step: 43000  |  loss : 0.3936 | accuracy : 0.8116 | opt_sps : 73.7293  ]
[2026-08-17 09:56:33,859][__main__][INFO] - [RANK 0] [ Eval  | Step: 43000  |  loss : 0.3966 | accuracy : 0.8086 | eval_s : 0.3196  ]
[2026-08-17 09:56:40,543][__main__][INFO] - [RANK 0] [ Train | Step: 43500  |  loss : 0.3927 | accuracy : 0.8125 | opt_sps : 73.7416  ]
[2026-08-17 09:56:40,865][__main__][INFO] - [RANK 0] [ Eval  | Step: 43500  |  loss : 0.3956 | accuracy : 0.8064 | eval_s : 0.3212  ]
[2026-08-17 09:56:47,612][__main__][INFO] - [RANK 0] [ Train | Step: 44000  |  loss : 0.3893 | accuracy : 0.8126 | opt_sps : 73.7460  ]
[2026-08-17 09:56:47,932][__main__][INFO] - [RANK 0] [ Eval  | Step: 44000  |  loss : 0.3919 | accuracy : 0.8100 | eval_s : 0.3190  ]
[2026-08-17 09:56:54,708][__main__][INFO] - [RANK 0] [ Train | Step: 44500  |  loss : 0.3867 | accuracy : 0.8158 | opt_sps : 73.7466  ]
[2026-08-17 09:56:55,028][__main__][INFO] - [RANK 0] [ Eval  | Step: 44500  |  loss : 0.3911 | accuracy : 0.8103 | eval_s : 0.3186  ]
[2026-08-17 09:57:01,828][__main__][INFO] - [RANK 0] [ Train | Step: 45000  |  loss : 0.3814 | accuracy : 0.8188 | opt_sps : 73.7443  ]
[2026-08-17 09:57:02,150][__main__][INFO] - [RANK 0] [ Eval  | Step: 45000  |  loss : 0.3881 | accuracy : 0.8128 | eval_s : 0.3205  ]
[2026-08-17 09:57:08,960][__main__][INFO] - [RANK 0] [ Train | Step: 45500  |  loss : 0.3805 | accuracy : 0.8193 | opt_sps : 73.7409  ]
[2026-08-17 09:57:09,281][__main__][INFO] - [RANK 0] [ Eval  | Step: 45500  |  loss : 0.3844 | accuracy : 0.8170 | eval_s : 0.3200  ]
[2026-08-17 09:57:16,095][__main__][INFO] - [RANK 0] [ Train | Step: 46000  |  loss : 0.3794 | accuracy : 0.8202 | opt_sps : 73.7371  ]
[2026-08-17 09:57:16,415][__main__][INFO] - [RANK 0] [ Eval  | Step: 46000  |  loss : 0.3821 | accuracy : 0.8173 | eval_s : 0.3189  ]
[2026-08-17 09:57:23,200][__main__][INFO] - [RANK 0] [ Train | Step: 46500  |  loss : 0.3769 | accuracy : 0.8216 | opt_sps : 73.7367  ]
[2026-08-17 09:57:23,520][__main__][INFO] - [RANK 0] [ Eval  | Step: 46500  |  loss : 0.3854 | accuracy : 0.8171 | eval_s : 0.3191  ]
[2026-08-17 09:57:30,320][__main__][INFO] - [RANK 0] [ Train | Step: 47000  |  loss : 0.3681 | accuracy : 0.8255 | opt_sps : 73.7345  ]
[2026-08-17 09:57:30,641][__main__][INFO] - [RANK 0] [ Eval  | Step: 47000  |  loss : 0.3795 | accuracy : 0.8183 | eval_s : 0.3197  ]
[2026-08-17 09:57:37,418][__main__][INFO] - [RANK 0] [ Train | Step: 47500  |  loss : 0.3680 | accuracy : 0.8251 | opt_sps : 73.7351  ]
[2026-08-17 09:57:37,741][__main__][INFO] - [RANK 0] [ Eval  | Step: 47500  |  loss : 0.3755 | accuracy : 0.8209 | eval_s : 0.3214  ]
[2026-08-17 09:57:44,483][__main__][INFO] - [RANK 0] [ Train | Step: 48000  |  loss : 0.3670 | accuracy : 0.8272 | opt_sps : 73.7397  ]
[2026-08-17 09:57:44,806][__main__][INFO] - [RANK 0] [ Eval  | Step: 48000  |  loss : 0.3749 | accuracy : 0.8208 | eval_s : 0.3222  ]
[2026-08-17 09:57:51,603][__main__][INFO] - [RANK 0] [ Train | Step: 48500  |  loss : 0.3683 | accuracy : 0.8261 | opt_sps : 73.7380  ]
[2026-08-17 09:57:51,924][__main__][INFO] - [RANK 0] [ Eval  | Step: 48500  |  loss : 0.3724 | accuracy : 0.8244 | eval_s : 0.3204  ]
[2026-08-17 09:57:58,877][__main__][INFO] - [RANK 0] [ Train | Step: 49000  |  loss : 0.3647 | accuracy : 0.8288 | opt_sps : 73.7191  ]
[2026-08-17 09:57:59,198][__main__][INFO] - [RANK 0] [ Eval  | Step: 49000  |  loss : 0.3734 | accuracy : 0.8226 | eval_s : 0.3206  ]
[2026-08-17 09:58:05,998][__main__][INFO] - [RANK 0] [ Train | Step: 49500  |  loss : 0.3594 | accuracy : 0.8308 | opt_sps : 73.7173  ]
[2026-08-17 09:58:06,319][__main__][INFO] - [RANK 0] [ Eval  | Step: 49500  |  loss : 0.3680 | accuracy : 0.8251 | eval_s : 0.3200  ]
[2026-08-17 09:58:13,140][__main__][INFO] - [RANK 0] [ Train | Step: 50000  |  loss : 0.3618 | accuracy : 0.8284 | opt_sps : 73.7133  ]
[2026-08-17 09:58:13,462][__main__][INFO] - [RANK 0] [ Eval  | Step: 50000  |  loss : 0.3636 | accuracy : 0.8277 | eval_s : 0.3215  ]
[2026-08-17 09:58:20,388][__main__][INFO] - [RANK 0] [ Train | Step: 50500  |  loss : 0.3567 | accuracy : 0.8319 | opt_sps : 73.6981  ]
[2026-08-17 09:58:20,710][__main__][INFO] - [RANK 0] [ Eval  | Step: 50500  |  loss : 0.3652 | accuracy : 0.8278 | eval_s : 0.3207  ]
[2026-08-17 09:58:27,523][__main__][INFO] - [RANK 0] [ Train | Step: 51000  |  loss : 0.3534 | accuracy : 0.8339 | opt_sps : 73.6951  ]
[2026-08-17 09:58:27,844][__main__][INFO] - [RANK 0] [ Eval  | Step: 51000  |  loss : 0.3615 | accuracy : 0.8284 | eval_s : 0.3208  ]
[2026-08-17 09:58:34,619][__main__][INFO] - [RANK 0] [ Train | Step: 51500  |  loss : 0.3518 | accuracy : 0.8347 | opt_sps : 73.6964  ]
[2026-08-17 09:58:34,939][__main__][INFO] - [RANK 0] [ Eval  | Step: 51500  |  loss : 0.3641 | accuracy : 0.8294 | eval_s : 0.3189  ]
[2026-08-17 09:58:41,709][__main__][INFO] - [RANK 0] [ Train | Step: 52000  |  loss : 0.3534 | accuracy : 0.8333 | opt_sps : 73.6980  ]
[2026-08-17 09:58:42,033][__main__][INFO] - [RANK 0] [ Eval  | Step: 52000  |  loss : 0.3656 | accuracy : 0.8255 | eval_s : 0.3231  ]
[2026-08-17 09:58:48,778][__main__][INFO] - [RANK 0] [ Train | Step: 52500  |  loss : 0.3513 | accuracy : 0.8346 | opt_sps : 73.7020  ]
[2026-08-17 09:58:49,099][__main__][INFO] - [RANK 0] [ Eval  | Step: 52500  |  loss : 0.3618 | accuracy : 0.8285 | eval_s : 0.3198  ]
[2026-08-17 09:58:55,760][__main__][INFO] - [RANK 0] [ Train | Step: 53000  |  loss : 0.3493 | accuracy : 0.8363 | opt_sps : 73.7146  ]
[2026-08-17 09:58:56,079][__main__][INFO] - [RANK 0] [ Eval  | Step: 53000  |  loss : 0.3651 | accuracy : 0.8258 | eval_s : 0.3186  ]
[2026-08-17 09:59:02,801][__main__][INFO] - [RANK 0] [ Train | Step: 53500  |  loss : 0.3505 | accuracy : 0.8349 | opt_sps : 73.7209  ]
[2026-08-17 09:59:03,122][__main__][INFO] - [RANK 0] [ Eval  | Step: 53500  |  loss : 0.3578 | accuracy : 0.8293 | eval_s : 0.3199  ]
[2026-08-17 09:59:09,799][__main__][INFO] - [RANK 0] [ Train | Step: 54000  |  loss : 0.3493 | accuracy : 0.8354 | opt_sps : 73.7315  ]
[2026-08-17 09:59:10,119][__main__][INFO] - [RANK 0] [ Eval  | Step: 54000  |  loss : 0.3580 | accuracy : 0.8298 | eval_s : 0.3184  ]
[2026-08-17 09:59:16,790][__main__][INFO] - [RANK 0] [ Train | Step: 54500  |  loss : 0.3489 | accuracy : 0.8353 | opt_sps : 73.7425  ]
[2026-08-17 09:59:17,109][__main__][INFO] - [RANK 0] [ Eval  | Step: 54500  |  loss : 0.3624 | accuracy : 0.8278 | eval_s : 0.3187  ]
[2026-08-17 09:59:23,822][__main__][INFO] - [RANK 0] [ Train | Step: 55000  |  loss : 0.3447 | accuracy : 0.8382 | opt_sps : 73.7493  ]
[2026-08-17 09:59:24,141][__main__][INFO] - [RANK 0] [ Eval  | Step: 55000  |  loss : 0.3543 | accuracy : 0.8315 | eval_s : 0.3187  ]
[2026-08-17 09:59:30,929][__main__][INFO] - [RANK 0] [ Train | Step: 55500  |  loss : 0.3415 | accuracy : 0.8395 | opt_sps : 73.7487  ]
[2026-08-17 09:59:31,250][__main__][INFO] - [RANK 0] [ Eval  | Step: 55500  |  loss : 0.3576 | accuracy : 0.8315 | eval_s : 0.3203  ]
[2026-08-17 09:59:37,981][__main__][INFO] - [RANK 0] [ Train | Step: 56000  |  loss : 0.3409 | accuracy : 0.8405 | opt_sps : 73.7534  ]
[2026-08-17 09:59:38,307][__main__][INFO] - [RANK 0] [ Eval  | Step: 56000  |  loss : 0.3580 | accuracy : 0.8286 | eval_s : 0.3244  ]
[2026-08-17 09:59:45,019][__main__][INFO] - [RANK 0] [ Train | Step: 56500  |  loss : 0.3400 | accuracy : 0.8405 | opt_sps : 73.7598  ]
[2026-08-17 09:59:45,342][__main__][INFO] - [RANK 0] [ Eval  | Step: 56500  |  loss : 0.3537 | accuracy : 0.8336 | eval_s : 0.3226  ]
[2026-08-17 09:59:52,081][__main__][INFO] - [RANK 0] [ Train | Step: 57000  |  loss : 0.3408 | accuracy : 0.8396 | opt_sps : 73.7639  ]
[2026-08-17 09:59:52,403][__main__][INFO] - [RANK 0] [ Eval  | Step: 57000  |  loss : 0.3526 | accuracy : 0.8305 | eval_s : 0.3215  ]
[2026-08-17 09:59:59,296][__main__][INFO] - [RANK 0] [ Train | Step: 57500  |  loss : 0.3355 | accuracy : 0.8428 | opt_sps : 73.7532  ]
[2026-08-17 09:59:59,619][__main__][INFO] - [RANK 0] [ Eval  | Step: 57500  |  loss : 0.3523 | accuracy : 0.8322 | eval_s : 0.3227  ]
[2026-08-17 10:00:06,498][__main__][INFO] - [RANK 0] [ Train | Step: 58000  |  loss : 0.3371 | accuracy : 0.8409 | opt_sps : 73.7441  ]
[2026-08-17 10:00:06,819][__main__][INFO] - [RANK 0] [ Eval  | Step: 58000  |  loss : 0.3510 | accuracy : 0.8318 | eval_s : 0.3197  ]
[2026-08-17 10:00:13,624][__main__][INFO] - [RANK 0] [ Train | Step: 58500  |  loss : 0.3397 | accuracy : 0.8399 | opt_sps : 73.7419  ]
[2026-08-17 10:00:13,944][__main__][INFO] - [RANK 0] [ Eval  | Step: 58500  |  loss : 0.3506 | accuracy : 0.8338 | eval_s : 0.3194  ]
[2026-08-17 10:00:20,810][__main__][INFO] - [RANK 0] [ Train | Step: 59000  |  loss : 0.3365 | accuracy : 0.8428 | opt_sps : 73.7341  ]
[2026-08-17 10:00:21,134][__main__][INFO] - [RANK 0] [ Eval  | Step: 59000  |  loss : 0.3534 | accuracy : 0.8301 | eval_s : 0.3227  ]
[2026-08-17 10:00:27,991][__main__][INFO] - [RANK 0] [ Train | Step: 59500  |  loss : 0.3303 | accuracy : 0.8451 | opt_sps : 73.7272  ]
[2026-08-17 10:00:28,312][__main__][INFO] - [RANK 0] [ Eval  | Step: 59500  |  loss : 0.3507 | accuracy : 0.8340 | eval_s : 0.3205  ]
[2026-08-17 10:00:35,115][__main__][INFO] - [RANK 0] [ Train | Step: 60000  |  loss : 0.3326 | accuracy : 0.8427 | opt_sps : 73.7253  ]
[2026-08-17 10:00:35,438][__main__][INFO] - [RANK 0] [ Eval  | Step: 60000  |  loss : 0.3484 | accuracy : 0.8350 | eval_s : 0.3213  ]
[2026-08-17 10:00:42,232][__main__][INFO] - [RANK 0] [ Train | Step: 60500  |  loss : 0.3348 | accuracy : 0.8435 | opt_sps : 73.7243  ]
[2026-08-17 10:00:42,561][__main__][INFO] - [RANK 0] [ Eval  | Step: 60500  |  loss : 0.3480 | accuracy : 0.8335 | eval_s : 0.3278  ]
[2026-08-17 10:00:49,323][__main__][INFO] - [RANK 0] [ Train | Step: 61000  |  loss : 0.3289 | accuracy : 0.8451 | opt_sps : 73.7261  ]
[2026-08-17 10:00:49,650][__main__][INFO] - [RANK 0] [ Eval  | Step: 61000  |  loss : 0.3475 | accuracy : 0.8349 | eval_s : 0.3259  ]
[2026-08-17 10:00:56,425][__main__][INFO] - [RANK 0] [ Train | Step: 61500  |  loss : 0.3317 | accuracy : 0.8448 | opt_sps : 73.7270  ]
[2026-08-17 10:00:56,750][__main__][INFO] - [RANK 0] [ Eval  | Step: 61500  |  loss : 0.3482 | accuracy : 0.8359 | eval_s : 0.3246  ]
[2026-08-17 10:01:03,477][__main__][INFO] - [RANK 0] [ Train | Step: 62000  |  loss : 0.3301 | accuracy : 0.8455 | opt_sps : 73.7318  ]
[2026-08-17 10:01:03,797][__main__][INFO] - [RANK 0] [ Eval  | Step: 62000  |  loss : 0.3456 | accuracy : 0.8352 | eval_s : 0.3196  ]
[2026-08-17 10:01:10,653][__main__][INFO] - [RANK 0] [ Train | Step: 62500  |  loss : 0.3300 | accuracy : 0.8454 | opt_sps : 73.7255  ]
[2026-08-17 10:01:10,974][__main__][INFO] - [RANK 0] [ Eval  | Step: 62500  |  loss : 0.3479 | accuracy : 0.8342 | eval_s : 0.3198  ]
[2026-08-17 10:01:17,958][__main__][INFO] - [RANK 0] [ Train | Step: 63000  |  loss : 0.3257 | accuracy : 0.8477 | opt_sps : 73.7080  ]
[2026-08-17 10:01:18,283][__main__][INFO] - [RANK 0] [ Eval  | Step: 63000  |  loss : 0.3440 | accuracy : 0.8364 | eval_s : 0.3238  ]
[2026-08-17 10:01:25,159][__main__][INFO] - [RANK 0] [ Train | Step: 63500  |  loss : 0.3252 | accuracy : 0.8483 | opt_sps : 73.7002  ]
[2026-08-17 10:01:25,479][__main__][INFO] - [RANK 0] [ Eval  | Step: 63500  |  loss : 0.3448 | accuracy : 0.8370 | eval_s : 0.3192  ]
[2026-08-17 10:01:32,247][__main__][INFO] - [RANK 0] [ Train | Step: 64000  |  loss : 0.3219 | accuracy : 0.8487 | opt_sps : 73.7016  ]
[2026-08-17 10:01:32,567][__main__][INFO] - [RANK 0] [ Eval  | Step: 64000  |  loss : 0.3459 | accuracy : 0.8360 | eval_s : 0.3192  ]
[2026-08-17 10:01:39,428][__main__][INFO] - [RANK 0] [ Train | Step: 64500  |  loss : 0.3266 | accuracy : 0.8480 | opt_sps : 73.6951  ]
[2026-08-17 10:01:39,749][__main__][INFO] - [RANK 0] [ Eval  | Step: 64500  |  loss : 0.3468 | accuracy : 0.8355 | eval_s : 0.3197  ]
[2026-08-17 10:01:46,447][__main__][INFO] - [RANK 0] [ Train | Step: 65000  |  loss : 0.3225 | accuracy : 0.8490 | opt_sps : 73.7023  ]
[2026-08-17 10:01:46,775][__main__][INFO] - [RANK 0] [ Eval  | Step: 65000  |  loss : 0.3443 | accuracy : 0.8366 | eval_s : 0.3263  ]
[2026-08-17 10:01:53,537][__main__][INFO] - [RANK 0] [ Train | Step: 65500  |  loss : 0.3242 | accuracy : 0.8490 | opt_sps : 73.7042  ]
[2026-08-17 10:01:53,861][__main__][INFO] - [RANK 0] [ Eval  | Step: 65500  |  loss : 0.3428 | accuracy : 0.8364 | eval_s : 0.3233  ]
[2026-08-17 10:02:00,628][__main__][INFO] - [RANK 0] [ Train | Step: 66000  |  loss : 0.3195 | accuracy : 0.8500 | opt_sps : 73.7057  ]
[2026-08-17 10:02:00,950][__main__][INFO] - [RANK 0] [ Eval  | Step: 66000  |  loss : 0.3452 | accuracy : 0.8361 | eval_s : 0.3211  ]
[2026-08-17 10:02:08,210][__main__][INFO] - [RANK 0] [ Train | Step: 66500  |  loss : 0.3200 | accuracy : 0.8504 | opt_sps : 73.6668  ]
[2026-08-17 10:02:08,530][__main__][INFO] - [RANK 0] [ Eval  | Step: 66500  |  loss : 0.3433 | accuracy : 0.8375 | eval_s : 0.3187  ]
[2026-08-17 10:02:15,371][__main__][INFO] - [RANK 0] [ Train | Step: 67000  |  loss : 0.3220 | accuracy : 0.8507 | opt_sps : 73.6624  ]
[2026-08-17 10:02:15,693][__main__][INFO] - [RANK 0] [ Eval  | Step: 67000  |  loss : 0.3420 | accuracy : 0.8373 | eval_s : 0.3210  ]
[2026-08-17 10:02:22,460][__main__][INFO] - [RANK 0] [ Train | Step: 67500  |  loss : 0.3231 | accuracy : 0.8493 | opt_sps : 73.6649  ]
[2026-08-17 10:02:22,781][__main__][INFO] - [RANK 0] [ Eval  | Step: 67500  |  loss : 0.3426 | accuracy : 0.8380 | eval_s : 0.3196  ]
[2026-08-17 10:02:29,817][__main__][INFO] - [RANK 0] [ Train | Step: 68000  |  loss : 0.3172 | accuracy : 0.8523 | opt_sps : 73.6450  ]
[2026-08-17 10:02:30,138][__main__][INFO] - [RANK 0] [ Eval  | Step: 68000  |  loss : 0.3442 | accuracy : 0.8361 | eval_s : 0.3199  ]
[2026-08-17 10:02:37,183][__main__][INFO] - [RANK 0] [ Train | Step: 68500  |  loss : 0.3159 | accuracy : 0.8528 | opt_sps : 73.6248  ]
[2026-08-17 10:02:37,508][__main__][INFO] - [RANK 0] [ Eval  | Step: 68500  |  loss : 0.3417 | accuracy : 0.8382 | eval_s : 0.3238  ]
[2026-08-17 10:02:44,452][__main__][INFO] - [RANK 0] [ Train | Step: 69000  |  loss : 0.3149 | accuracy : 0.8538 | opt_sps : 73.6129  ]
[2026-08-17 10:02:44,774][__main__][INFO] - [RANK 0] [ Eval  | Step: 69000  |  loss : 0.3405 | accuracy : 0.8387 | eval_s : 0.3212  ]
[2026-08-17 10:02:51,750][__main__][INFO] - [RANK 0] [ Train | Step: 69500  |  loss : 0.3140 | accuracy : 0.8529 | opt_sps : 73.5987  ]
[2026-08-17 10:02:52,073][__main__][INFO] - [RANK 0] [ Eval  | Step: 69500  |  loss : 0.3418 | accuracy : 0.8377 | eval_s : 0.3224  ]
[2026-08-17 10:02:58,987][__main__][INFO] - [RANK 0] [ Train | Step: 70000  |  loss : 0.3171 | accuracy : 0.8519 | opt_sps : 73.5894  ]
[2026-08-17 10:02:59,310][__main__][INFO] - [RANK 0] [ Eval  | Step: 70000  |  loss : 0.3416 | accuracy : 0.8370 | eval_s : 0.3221  ]
[2026-08-17 10:03:06,148][__main__][INFO] - [RANK 0] [ Train | Step: 70500  |  loss : 0.3153 | accuracy : 0.8531 | opt_sps : 73.5861  ]
[2026-08-17 10:03:06,472][__main__][INFO] - [RANK 0] [ Eval  | Step: 70500  |  loss : 0.3396 | accuracy : 0.8375 | eval_s : 0.3235  ]
[2026-08-17 10:03:13,262][__main__][INFO] - [RANK 0] [ Train | Step: 71000  |  loss : 0.3121 | accuracy : 0.8543 | opt_sps : 73.5867  ]
[2026-08-17 10:03:13,587][__main__][INFO] - [RANK 0] [ Eval  | Step: 71000  |  loss : 0.3392 | accuracy : 0.8403 | eval_s : 0.3244  ]
[2026-08-17 10:03:20,506][__main__][INFO] - [RANK 0] [ Train | Step: 71500  |  loss : 0.3198 | accuracy : 0.8503 | opt_sps : 73.5774  ]
[2026-08-17 10:03:20,827][__main__][INFO] - [RANK 0] [ Eval  | Step: 71500  |  loss : 0.3404 | accuracy : 0.8387 | eval_s : 0.3203  ]
[2026-08-17 10:03:27,720][__main__][INFO] - [RANK 0] [ Train | Step: 72000  |  loss : 0.3114 | accuracy : 0.8546 | opt_sps : 73.5701  ]
[2026-08-17 10:03:28,039][__main__][INFO] - [RANK 0] [ Eval  | Step: 72000  |  loss : 0.3413 | accuracy : 0.8372 | eval_s : 0.3186  ]
[2026-08-17 10:03:34,859][__main__][INFO] - [RANK 0] [ Train | Step: 72500  |  loss : 0.3095 | accuracy : 0.8560 | opt_sps : 73.5683  ]
[2026-08-17 10:03:35,179][__main__][INFO] - [RANK 0] [ Eval  | Step: 72500  |  loss : 0.3406 | accuracy : 0.8388 | eval_s : 0.3193  ]
[2026-08-17 10:03:42,247][__main__][INFO] - [RANK 0] [ Train | Step: 73000  |  loss : 0.3081 | accuracy : 0.8564 | opt_sps : 73.5482  ]
[2026-08-17 10:03:42,567][__main__][INFO] - [RANK 0] [ Eval  | Step: 73000  |  loss : 0.3405 | accuracy : 0.8384 | eval_s : 0.3186  ]
[2026-08-17 10:03:49,502][__main__][INFO] - [RANK 0] [ Train | Step: 73500  |  loss : 0.3117 | accuracy : 0.8552 | opt_sps : 73.5381  ]
[2026-08-17 10:03:49,824][__main__][INFO] - [RANK 0] [ Eval  | Step: 73500  |  loss : 0.3397 | accuracy : 0.8383 | eval_s : 0.3213  ]
[2026-08-17 10:03:56,590][__main__][INFO] - [RANK 0] [ Train | Step: 74000  |  loss : 0.3101 | accuracy : 0.8568 | opt_sps : 73.5405  ]
[2026-08-17 10:03:56,914][__main__][INFO] - [RANK 0] [ Eval  | Step: 74000  |  loss : 0.3394 | accuracy : 0.8404 | eval_s : 0.3232  ]
[2026-08-17 10:04:03,727][__main__][INFO] - [RANK 0] [ Train | Step: 74500  |  loss : 0.3106 | accuracy : 0.8558 | opt_sps : 73.5395  ]
[2026-08-17 10:04:04,049][__main__][INFO] - [RANK 0] [ Eval  | Step: 74500  |  loss : 0.3398 | accuracy : 0.8382 | eval_s : 0.3206  ]
[2026-08-17 10:04:11,094][__main__][INFO] - [RANK 0] [ Train | Step: 75000  |  loss : 0.3109 | accuracy : 0.8552 | opt_sps : 73.5218  ]
[2026-08-17 10:04:11,425][__main__][INFO] - [RANK 0] [ Eval  | Step: 75000  |  loss : 0.3383 | accuracy : 0.8382 | eval_s : 0.3296  ]
[2026-08-17 10:04:18,353][__main__][INFO] - [RANK 0] [ Train | Step: 75500  |  loss : 0.3103 | accuracy : 0.8562 | opt_sps : 73.5128  ]
[2026-08-17 10:04:18,674][__main__][INFO] - [RANK 0] [ Eval  | Step: 75500  |  loss : 0.3380 | accuracy : 0.8407 | eval_s : 0.3208  ]
[2026-08-17 10:04:25,786][__main__][INFO] - [RANK 0] [ Train | Step: 76000  |  loss : 0.3086 | accuracy : 0.8569 | opt_sps : 73.4908  ]
[2026-08-17 10:04:26,108][__main__][INFO] - [RANK 0] [ Eval  | Step: 76000  |  loss : 0.3383 | accuracy : 0.8387 | eval_s : 0.3205  ]
[2026-08-17 10:04:33,113][__main__][INFO] - [RANK 0] [ Train | Step: 76500  |  loss : 0.3036 | accuracy : 0.8591 | opt_sps : 73.4766  ]
[2026-08-17 10:04:33,435][__main__][INFO] - [RANK 0] [ Eval  | Step: 76500  |  loss : 0.3401 | accuracy : 0.8394 | eval_s : 0.3211  ]
[2026-08-17 10:04:40,228][__main__][INFO] - [RANK 0] [ Train | Step: 77000  |  loss : 0.3038 | accuracy : 0.8597 | opt_sps : 73.4774  ]
[2026-08-17 10:04:40,549][__main__][INFO] - [RANK 0] [ Eval  | Step: 77000  |  loss : 0.3397 | accuracy : 0.8399 | eval_s : 0.3195  ]
[2026-08-17 10:04:47,343][__main__][INFO] - [RANK 0] [ Train | Step: 77500  |  loss : 0.3039 | accuracy : 0.8589 | opt_sps : 73.4781  ]
[2026-08-17 10:04:47,664][__main__][INFO] - [RANK 0] [ Eval  | Step: 77500  |  loss : 0.3380 | accuracy : 0.8405 | eval_s : 0.3203  ]
[2026-08-17 10:04:54,442][__main__][INFO] - [RANK 0] [ Train | Step: 78000  |  loss : 0.3036 | accuracy : 0.8588 | opt_sps : 73.4801  ]
[2026-08-17 10:04:54,765][__main__][INFO] - [RANK 0] [ Eval  | Step: 78000  |  loss : 0.3400 | accuracy : 0.8391 | eval_s : 0.3205  ]
[2026-08-17 10:05:01,520][__main__][INFO] - [RANK 0] [ Train | Step: 78500  |  loss : 0.3072 | accuracy : 0.8574 | opt_sps : 73.4834  ]
[2026-08-17 10:05:01,843][__main__][INFO] - [RANK 0] [ Eval  | Step: 78500  |  loss : 0.3384 | accuracy : 0.8384 | eval_s : 0.3218  ]
[2026-08-17 10:05:08,583][__main__][INFO] - [RANK 0] [ Train | Step: 79000  |  loss : 0.3047 | accuracy : 0.8585 | opt_sps : 73.4878  ]
[2026-08-17 10:05:08,909][__main__][INFO] - [RANK 0] [ Eval  | Step: 79000  |  loss : 0.3388 | accuracy : 0.8389 | eval_s : 0.3242  ]
[2026-08-17 10:05:15,719][__main__][INFO] - [RANK 0] [ Train | Step: 79500  |  loss : 0.3052 | accuracy : 0.8585 | opt_sps : 73.4874  ]
[2026-08-17 10:05:16,038][__main__][INFO] - [RANK 0] [ Eval  | Step: 79500  |  loss : 0.3375 | accuracy : 0.8405 | eval_s : 0.3188  ]
[2026-08-17 10:05:22,878][__main__][INFO] - [RANK 0] [ Train | Step: 80000  |  loss : 0.3067 | accuracy : 0.8567 | opt_sps : 73.4850  ]
[2026-08-17 10:05:23,198][__main__][INFO] - [RANK 0] [ Eval  | Step: 80000  |  loss : 0.3370 | accuracy : 0.8391 | eval_s : 0.3184  ]
[2026-08-17 10:05:30,060][__main__][INFO] - [RANK 0] [ Train | Step: 80500  |  loss : 0.3024 | accuracy : 0.8605 | opt_sps : 73.4812  ]
[2026-08-17 10:05:30,382][__main__][INFO] - [RANK 0] [ Eval  | Step: 80500  |  loss : 0.3387 | accuracy : 0.8405 | eval_s : 0.3215  ]
[2026-08-17 10:05:37,294][__main__][INFO] - [RANK 0] [ Train | Step: 81000  |  loss : 0.3025 | accuracy : 0.8602 | opt_sps : 73.4741  ]
[2026-08-17 10:05:37,613][__main__][INFO] - [RANK 0] [ Eval  | Step: 81000  |  loss : 0.3371 | accuracy : 0.8421 | eval_s : 0.3186  ]
[2026-08-17 10:05:44,461][__main__][INFO] - [RANK 0] [ Train | Step: 81500  |  loss : 0.2979 | accuracy : 0.8622 | opt_sps : 73.4713  ]
[2026-08-17 10:05:44,783][__main__][INFO] - [RANK 0] [ Eval  | Step: 81500  |  loss : 0.3364 | accuracy : 0.8430 | eval_s : 0.3211  ]
[2026-08-17 10:05:51,734][__main__][INFO] - [RANK 0] [ Train | Step: 82000  |  loss : 0.3020 | accuracy : 0.8601 | opt_sps : 73.4618  ]
[2026-08-17 10:05:52,059][__main__][INFO] - [RANK 0] [ Eval  | Step: 82000  |  loss : 0.3378 | accuracy : 0.8394 | eval_s : 0.3238  ]
[2026-08-17 10:05:58,996][__main__][INFO] - [RANK 0] [ Train | Step: 82500  |  loss : 0.3006 | accuracy : 0.8608 | opt_sps : 73.4532  ]
[2026-08-17 10:05:59,327][__main__][INFO] - [RANK 0] [ Eval  | Step: 82500  |  loss : 0.3382 | accuracy : 0.8396 | eval_s : 0.3302  ]
[2026-08-17 10:06:06,220][__main__][INFO] - [RANK 0] [ Train | Step: 83000  |  loss : 0.3013 | accuracy : 0.8605 | opt_sps : 73.4476  ]
[2026-08-17 10:06:06,543][__main__][INFO] - [RANK 0] [ Eval  | Step: 83000  |  loss : 0.3381 | accuracy : 0.8388 | eval_s : 0.3221  ]
[2026-08-17 10:06:13,320][__main__][INFO] - [RANK 0] [ Train | Step: 83500  |  loss : 0.3027 | accuracy : 0.8600 | opt_sps : 73.4496  ]
[2026-08-17 10:06:13,644][__main__][INFO] - [RANK 0] [ Eval  | Step: 83500  |  loss : 0.3383 | accuracy : 0.8393 | eval_s : 0.3228  ]
[2026-08-17 10:06:20,449][__main__][INFO] - [RANK 0] [ Train | Step: 84000  |  loss : 0.3006 | accuracy : 0.8604 | opt_sps : 73.4498  ]
[2026-08-17 10:06:20,769][__main__][INFO] - [RANK 0] [ Eval  | Step: 84000  |  loss : 0.3380 | accuracy : 0.8396 | eval_s : 0.3190  ]
[2026-08-17 10:06:27,550][__main__][INFO] - [RANK 0] [ Train | Step: 84500  |  loss : 0.2995 | accuracy : 0.8614 | opt_sps : 73.4514  ]
[2026-08-17 10:06:27,871][__main__][INFO] - [RANK 0] [ Eval  | Step: 84500  |  loss : 0.3384 | accuracy : 0.8409 | eval_s : 0.3196  ]
[2026-08-17 10:06:34,753][__main__][INFO] - [RANK 0] [ Train | Step: 85000  |  loss : 0.2986 | accuracy : 0.8631 | opt_sps : 73.4466  ]
[2026-08-17 10:06:35,076][__main__][INFO] - [RANK 0] [ Eval  | Step: 85000  |  loss : 0.3383 | accuracy : 0.8400 | eval_s : 0.3214  ]
[2026-08-17 10:06:42,140][__main__][INFO] - [RANK 0] [ Train | Step: 85500  |  loss : 0.2972 | accuracy : 0.8623 | opt_sps : 73.4304  ]
[2026-08-17 10:06:42,468][__main__][INFO] - [RANK 0] [ Eval  | Step: 85500  |  loss : 0.3376 | accuracy : 0.8405 | eval_s : 0.3274  ]
[2026-08-17 10:06:49,652][__main__][INFO] - [RANK 0] [ Train | Step: 86000  |  loss : 0.2990 | accuracy : 0.8626 | opt_sps : 73.4069  ]
[2026-08-17 10:06:49,980][__main__][INFO] - [RANK 0] [ Eval  | Step: 86000  |  loss : 0.3386 | accuracy : 0.8411 | eval_s : 0.3262  ]
[2026-08-17 10:06:57,246][__main__][INFO] - [RANK 0] [ Train | Step: 86500  |  loss : 0.2963 | accuracy : 0.8635 | opt_sps : 73.3786  ]
[2026-08-17 10:06:57,569][__main__][INFO] - [RANK 0] [ Eval  | Step: 86500  |  loss : 0.3377 | accuracy : 0.8414 | eval_s : 0.3222  ]
[2026-08-17 10:07:04,735][__main__][INFO] - [RANK 0] [ Train | Step: 87000  |  loss : 0.2969 | accuracy : 0.8628 | opt_sps : 73.3568  ]
[2026-08-17 10:07:05,066][__main__][INFO] - [RANK 0] [ Eval  | Step: 87000  |  loss : 0.3397 | accuracy : 0.8393 | eval_s : 0.3296  ]
[2026-08-17 10:07:12,236][__main__][INFO] - [RANK 0] [ Train | Step: 87500  |  loss : 0.2987 | accuracy : 0.8625 | opt_sps : 73.3350  ]
[2026-08-17 10:07:12,562][__main__][INFO] - [RANK 0] [ Eval  | Step: 87500  |  loss : 0.3384 | accuracy : 0.8402 | eval_s : 0.3247  ]
[2026-08-17 10:07:19,576][__main__][INFO] - [RANK 0] [ Train | Step: 88000  |  loss : 0.2980 | accuracy : 0.8615 | opt_sps : 73.3231  ]
[2026-08-17 10:07:19,897][__main__][INFO] - [RANK 0] [ Eval  | Step: 88000  |  loss : 0.3375 | accuracy : 0.8408 | eval_s : 0.3206  ]
[2026-08-17 10:07:26,935][__main__][INFO] - [RANK 0] [ Train | Step: 88500  |  loss : 0.2975 | accuracy : 0.8622 | opt_sps : 73.3098  ]
[2026-08-17 10:07:27,256][__main__][INFO] - [RANK 0] [ Eval  | Step: 88500  |  loss : 0.3374 | accuracy : 0.8414 | eval_s : 0.3194  ]
[2026-08-17 10:07:34,117][__main__][INFO] - [RANK 0] [ Train | Step: 89000  |  loss : 0.2974 | accuracy : 0.8623 | opt_sps : 73.3073  ]
[2026-08-17 10:07:34,437][__main__][INFO] - [RANK 0] [ Eval  | Step: 89000  |  loss : 0.3371 | accuracy : 0.8406 | eval_s : 0.3194  ]
[2026-08-17 10:07:41,653][__main__][INFO] - [RANK 0] [ Train | Step: 89500  |  loss : 0.2953 | accuracy : 0.8637 | opt_sps : 73.2836  ]
[2026-08-17 10:07:41,980][__main__][INFO] - [RANK 0] [ Eval  | Step: 89500  |  loss : 0.3382 | accuracy : 0.8414 | eval_s : 0.3256  ]
[2026-08-17 10:07:49,118][__main__][INFO] - [RANK 0] [ Train | Step: 90000  |  loss : 0.2961 | accuracy : 0.8627 | opt_sps : 73.2648  ]
[2026-08-17 10:07:49,444][__main__][INFO] - [RANK 0] [ Eval  | Step: 90000  |  loss : 0.3383 | accuracy : 0.8404 | eval_s : 0.3255  ]
[2026-08-17 10:07:56,485][__main__][INFO] - [RANK 0] [ Train | Step: 90500  |  loss : 0.2936 | accuracy : 0.8647 | opt_sps : 73.2520  ]
[2026-08-17 10:07:56,811][__main__][INFO] - [RANK 0] [ Eval  | Step: 90500  |  loss : 0.3389 | accuracy : 0.8405 | eval_s : 0.3253  ]
[2026-08-17 10:08:03,611][__main__][INFO] - [RANK 0] [ Train | Step: 91000  |  loss : 0.2945 | accuracy : 0.8633 | opt_sps : 73.2535  ]
[2026-08-17 10:08:03,931][__main__][INFO] - [RANK 0] [ Eval  | Step: 91000  |  loss : 0.3386 | accuracy : 0.8419 | eval_s : 0.3196  ]
[2026-08-17 10:08:10,984][__main__][INFO] - [RANK 0] [ Train | Step: 91500  |  loss : 0.2968 | accuracy : 0.8616 | opt_sps : 73.2402  ]
[2026-08-17 10:08:11,319][__main__][INFO] - [RANK 0] [ Eval  | Step: 91500  |  loss : 0.3370 | accuracy : 0.8414 | eval_s : 0.3332  ]
[2026-08-17 10:08:18,219][__main__][INFO] - [RANK 0] [ Train | Step: 92000  |  loss : 0.2961 | accuracy : 0.8634 | opt_sps : 73.2358  ]
[2026-08-17 10:08:18,541][__main__][INFO] - [RANK 0] [ Eval  | Step: 92000  |  loss : 0.3371 | accuracy : 0.8411 | eval_s : 0.3205  ]
[2026-08-17 10:08:25,545][__main__][INFO] - [RANK 0] [ Train | Step: 92500  |  loss : 0.2959 | accuracy : 0.8630 | opt_sps : 73.2256  ]
[2026-08-17 10:08:25,872][__main__][INFO] - [RANK 0] [ Eval  | Step: 92500  |  loss : 0.3379 | accuracy : 0.8410 | eval_s : 0.3265  ]
[2026-08-17 10:08:33,013][__main__][INFO] - [RANK 0] [ Train | Step: 93000  |  loss : 0.2957 | accuracy : 0.8635 | opt_sps : 73.2076  ]
[2026-08-17 10:08:33,335][__main__][INFO] - [RANK 0] [ Eval  | Step: 93000  |  loss : 0.3377 | accuracy : 0.8417 | eval_s : 0.3217  ]
[2026-08-17 10:08:40,546][__main__][INFO] - [RANK 0] [ Train | Step: 93500  |  loss : 0.2951 | accuracy : 0.8640 | opt_sps : 73.1858  ]
[2026-08-17 10:08:40,870][__main__][INFO] - [RANK 0] [ Eval  | Step: 93500  |  loss : 0.3367 | accuracy : 0.8421 | eval_s : 0.3232  ]
[2026-08-17 10:08:47,557][__main__][INFO] - [RANK 0] [ Train | Step: 94000  |  loss : 0.2945 | accuracy : 0.8630 | opt_sps : 73.1940  ]
[2026-08-17 10:08:47,877][__main__][INFO] - [RANK 0] [ Eval  | Step: 94000  |  loss : 0.3379 | accuracy : 0.8418 | eval_s : 0.3193  ]
[2026-08-17 10:08:54,567][__main__][INFO] - [RANK 0] [ Train | Step: 94500  |  loss : 0.2938 | accuracy : 0.8638 | opt_sps : 73.2020  ]
[2026-08-17 10:08:54,887][__main__][INFO] - [RANK 0] [ Eval  | Step: 94500  |  loss : 0.3374 | accuracy : 0.8416 | eval_s : 0.3194  ]
[2026-08-17 10:09:01,562][__main__][INFO] - [RANK 0] [ Train | Step: 95000  |  loss : 0.2928 | accuracy : 0.8638 | opt_sps : 73.2108  ]
[2026-08-17 10:09:01,882][__main__][INFO] - [RANK 0] [ Eval  | Step: 95000  |  loss : 0.3380 | accuracy : 0.8411 | eval_s : 0.3190  ]
[2026-08-17 10:09:08,531][__main__][INFO] - [RANK 0] [ Train | Step: 95500  |  loss : 0.2945 | accuracy : 0.8640 | opt_sps : 73.2210  ]
[2026-08-17 10:09:08,854][__main__][INFO] - [RANK 0] [ Eval  | Step: 95500  |  loss : 0.3379 | accuracy : 0.8414 | eval_s : 0.3227  ]
[2026-08-17 10:09:15,455][__main__][INFO] - [RANK 0] [ Train | Step: 96000  |  loss : 0.2960 | accuracy : 0.8643 | opt_sps : 73.2337  ]
[2026-08-17 10:09:15,775][__main__][INFO] - [RANK 0] [ Eval  | Step: 96000  |  loss : 0.3365 | accuracy : 0.8423 | eval_s : 0.3187  ]
[2026-08-17 10:09:22,448][__main__][INFO] - [RANK 0] [ Train | Step: 96500  |  loss : 0.2970 | accuracy : 0.8624 | opt_sps : 73.2423  ]
[2026-08-17 10:09:22,767][__main__][INFO] - [RANK 0] [ Eval  | Step: 96500  |  loss : 0.3376 | accuracy : 0.8412 | eval_s : 0.3184  ]
[2026-08-17 10:09:29,340][__main__][INFO] - [RANK 0] [ Train | Step: 97000  |  loss : 0.2940 | accuracy : 0.8648 | opt_sps : 73.2563  ]
[2026-08-17 10:09:29,660][__main__][INFO] - [RANK 0] [ Eval  | Step: 97000  |  loss : 0.3374 | accuracy : 0.8410 | eval_s : 0.3183  ]
[2026-08-17 10:09:36,285][__main__][INFO] - [RANK 0] [ Train | Step: 97500  |  loss : 0.2917 | accuracy : 0.8658 | opt_sps : 73.2673  ]
[2026-08-17 10:09:36,605][__main__][INFO] - [RANK 0] [ Eval  | Step: 97500  |  loss : 0.3373 | accuracy : 0.8411 | eval_s : 0.3187  ]
[2026-08-17 10:09:43,259][__main__][INFO] - [RANK 0] [ Train | Step: 98000  |  loss : 0.2956 | accuracy : 0.8623 | opt_sps : 73.2766  ]
[2026-08-17 10:09:43,581][__main__][INFO] - [RANK 0] [ Eval  | Step: 98000  |  loss : 0.3366 | accuracy : 0.8431 | eval_s : 0.3207  ]
[2026-08-17 10:09:50,194][__main__][INFO] - [RANK 0] [ Train | Step: 98500  |  loss : 0.2937 | accuracy : 0.8649 | opt_sps : 73.2881  ]
[2026-08-17 10:09:50,514][__main__][INFO] - [RANK 0] [ Eval  | Step: 98500  |  loss : 0.3365 | accuracy : 0.8423 | eval_s : 0.3192  ]
[2026-08-17 10:09:57,155][__main__][INFO] - [RANK 0] [ Train | Step: 99000  |  loss : 0.2942 | accuracy : 0.8650 | opt_sps : 73.2979  ]
[2026-08-17 10:09:57,476][__main__][INFO] - [RANK 0] [ Eval  | Step: 99000  |  loss : 0.3377 | accuracy : 0.8416 | eval_s : 0.3194  ]
[2026-08-17 10:10:04,086][__main__][INFO] - [RANK 0] [ Train | Step: 99500  |  loss : 0.2970 | accuracy : 0.8631 | opt_sps : 73.3093  ]
[2026-08-17 10:10:04,405][__main__][INFO] - [RANK 0] [ Eval  | Step: 99500  |  loss : 0.3383 | accuracy : 0.8425 | eval_s : 0.3181  ]
[2026-08-17 10:10:11,371][__main__][INFO] - [RANK 0] [ Train | Step: 100000 |  loss : 0.2896 | accuracy : 0.8659 | opt_sps : 73.3015  ]
[2026-08-17 10:10:11,695][__main__][INFO] - [RANK 0] [ Eval  | Step: 100000 |  loss : 0.3373 | accuracy : 0.8425 | eval_s : 0.3232  ]
[2026-08-17 10:10:11,696][__main__][INFO] - [RANK 0] loading best model
[2026-08-17 10:10:11,699][__main__][INFO] - [RANK 0] [Eval  | Summary |  best_loss : 0.3364 | best_step : 81500.0000 ]
[2026-08-17 10:10:12,020][__main__][INFO] - [RANK 0] [Test  | Summary |  model/phase_R : 0.8800 | model/gate_offdiag : 0.8607 | model/vote_agreement : 0.7000 | model/evidence_ratio : 77.7448 | loss/cross_entropy : 0.3330 | loss/loss : 0.3330 | callbacks/accuracy : 0.8439 | callbacks/non_relational_accuracy : 1.0000 | callbacks/binary_accuracy : 0.8856 | callbacks/ternary_accuracy : 0.6460 | callbacks/query_shape_accuracy : 1.0000 | callbacks/left_of_centre_accuracy : 1.0000 | callbacks/top_half_accuracy : 1.0000 | callbacks/closest_shape_accuracy : 0.7972 | callbacks/furthest_shape_accuracy : 0.8652 | callbacks/count_same_shape_accuracy : 0.9994 | callbacks/count_in_box_accuracy : 0.7757 | callbacks/on_band_accuracy : 0.6935 | callbacks/count_obtuse_accuracy : 0.4651 | timing/eval_s : 0.3209 ]
wandb: updating run metadata
wandb: uploading history steps 198-199, summary, console lines 528-532
wandb: 
wandb: Run history:
wandb:                  eval_callbacks/accuracy ▁▁▂▂▃▄▄▄▄▄▅▆▆▆▆▆▆▇▇▇▇███████████████████
wandb:           eval_callbacks/binary_accuracy ▁▂▂▂▂▂▂▂▂▃▃▄▅▅▆▆▆▇▇▇▇▇██████████████████
wandb:    eval_callbacks/closest_shape_accuracy ▁▃▄▅▅▅▅▅▆▆▆▆▇▇▇█▇█▇█████████████████████
wandb:     eval_callbacks/count_in_box_accuracy ▁▁▁▁▁▁▁▁▁▁▁▁▁▁▁▁▂▃▂▂▂▄▄▅▆▆▇▇▇███▇▇█▇████
wandb:     eval_callbacks/count_obtuse_accuracy ▃▃▃▂▃▁▃▂▃▃▃▃▃▄▃▄▃▅▅▆▇▇█▇▇█▇████▇██▇█████
wandb: eval_callbacks/count_same_shape_accuracy ▂▂▃▄▆▁▇▇█▇███▆██████████████████████████
wandb:   eval_callbacks/furthest_shape_accuracy ▁▂▁▁▄▃▄▄▄▄▄▄▄▄▄▄▄▅▅▅▆▇▇▇▇▇▇▇████████████
wandb:   eval_callbacks/left_of_centre_accuracy ▁▃▇▇▇█▇▇▇▇▇▇▇▇▇█▇█▇▇▇▇▇▇▇██▇████▇█▇▇▇▇▇▇
wandb:   eval_callbacks/non_relational_accuracy ▁▆████████▇█████████████████████████████
wandb:          eval_callbacks/on_band_accuracy ▂▂▂▁▁▂▂▁▃▂▃▃▂▃▃▃▆▇▇▆▇▆▆▇▇▇▇▇▇███████████
wandb:                                      +32 ...
wandb: 
wandb: Run summary:
wandb:                           eval/best_loss 0.33637
wandb:                           eval/best_step 81500
wandb:                  eval_callbacks/accuracy 0.84247
wandb:           eval_callbacks/binary_accuracy 0.88782
wandb:    eval_callbacks/closest_shape_accuracy 0.79766
wandb:     eval_callbacks/count_in_box_accuracy 0.76323
wandb:     eval_callbacks/count_obtuse_accuracy 0.46771
wandb: eval_callbacks/count_same_shape_accuracy 0.99973
wandb:   eval_callbacks/furthest_shape_accuracy 0.86799
wandb:   eval_callbacks/left_of_centre_accuracy 0.99932
wandb:                                      +54 ...
wandb: 
wandb: 🚀 View run sort_of_clevr/syncnet::multirun::2026-08-17_07-27-27::6 at: https://wandb.ai/niks_priv/sort_of_clevr/runs/0lc4c6h8
wandb: ⭐️ View project at: https://wandb.ai/niks_priv/sort_of_clevr
wandb: Synced 5 W&B file(s), 0 media file(s), 0 artifact file(s) and 0 other file(s)
wandb: Find logs at: ./outputs/sort_of_clevr/multirun/2026-08-17_07-27-27/6/wandb/run-20260817_094622-0lc4c6h8/logs
[2026-08-17 10:10:13,623][HYDRA] 	#7 : model.module_dim=512 model.n_modules=4 model.partition=quadrant train.seed=1 task=sort_of_clevr experiment=sort_of_clevr/syncnet/scale
wandb: setting up run l74skmzc
wandb: Tracking run with wandb version 0.27.2
wandb: Run data is saved locally in /home/nik/workspace/ImperialWork/msc_project/SyncNetProject/outputs/sort_of_clevr/multirun/2026-08-17_07-27-27/7/wandb/run-20260817_101014-l74skmzc
wandb: Run `wandb offline` to turn off syncing.
wandb: Syncing run sort_of_clevr/syncnet::multirun::2026-08-17_07-27-27::7
wandb: ⭐️ View project at https://wandb.ai/niks_priv/sort_of_clevr
wandb: 🚀 View run at https://wandb.ai/niks_priv/sort_of_clevr/runs/l74skmzc
[2026-08-17 10:10:15,608][__main__][INFO] - [RANK 0] Starting training
[2026-08-17 10:10:15,609][__main__][INFO] - [RANK 0] Model: SortOfClevrSyncNet
[2026-08-17 10:10:15,609][__main__][INFO] - [RANK 0] Parameters: total=1712464
[2026-08-17 10:10:15,611][__main__][INFO] - [RANK 0] Config:
train:
  seed: 1
  n_steps: 100000
  train_bs: 256
  val_bs: 1024
  early_stop_metric: loss
  early_stop_big_is_better: false
  early_stop_patience: 1000000
  early_stop_min_delta: 0.0
  mixed_precision: bf16
  compile_model: false
  grad_accum: 1
  grad_clip: 1.0
  loader_mode: gpu_cached
  num_workers: 0
logging:
  eval_log_interval: 500
  train_log_interval: 500
  info_metrics:
  - loss
  - accuracy
  save_best: true
wandb:
  enabled: true
  project_name: sort_of_clevr
  entity: niks_priv
  tags: []
  run_name: null
optim:
  optimiser: adamw
  lr: 0.0003
  weight_decay: 0.01
  lr_scheduler: warmup_cosine
  lr_scheduler_params:
    warmup_steps: 2000
dataset:
  name: sort_of_clevr
  root: ./data
  dir: sort_of_clevr-seed1-train36000-test1000-img75-obj5-q10-t-1
  seed: 1
  train_size: 36000
  test_size: 1000
  img_size: 75
  obj_size: 5
  nb_questions: 10
  t_subtype: -1
model:
  name: sort_of_clevr_syncnet
  q_conditioning: film
  q_emb_dim: 32
  partition: quadrant
  use_pos_emb: true
  n_modules: 4
  module_dim: 512
  content_dim: 8
  query_hidden: 64
  beta_init: 5.0
  learn_beta: true
  use_module_embed: false
  embed_scale: 1.0
  gate_mode: phase
  T: 6
  dt: 0.1
  omega_init: 0.5
  learn_omega: true
  k_hidden: 64
  deterministic_phase: false
  msg_dim: 64
  msg_agg: mean
  readout_mode: sum
  hidden_dim: 128
  use_prior_head: true
  vote_sees_q: true
  encoder:
    name: patchify
    ch: 128
    patch_size: 5
    hidden: 64
callbacks:
- name: accuracy
- name: qtype_accuracy
- name: subtype_accuracy

[2026-08-17 10:10:15,611][__main__][INFO] - [RANK 0] Full model:
SortOfClevrSyncNet(
  (inner): VQASyncNet(
    (q_encoder): IdentityQuestionEncoder()
    (film_gamma): Linear(in_features=18, out_features=128, bias=True)
    (film_beta): Linear(in_features=18, out_features=128, bias=True)
    (encoders): ModuleList(
      (0): PatchifyEncoder(
        (patchify): Conv2d(3, 128, kernel_size=(5, 5), stride=(5, 5))
      )
    )
    (norms): ModuleList(
      (0): GroupNorm(8, 128, eps=1e-05, affine=True, bias=True)
    )
    (h_init): Sequential(
      (0): Linear(in_features=18, out_features=64, bias=True)
      (1): GELU(approximate='none')
      (2): Linear(in_features=64, out_features=2048, bias=True)
    )
    (attn_query): Linear(in_features=512, out_features=128, bias=True)
    (msg_proj): Linear(in_features=512, out_features=64, bias=True)
    (cell): GRUCell(192, 512)
    (k_mlp): Sequential(
      (0): Linear(in_features=1024, out_features=64, bias=True)
      (1): GELU(approximate='none')
      (2): Linear(in_features=64, out_features=1, bias=True)
      (3): Tanh()
    )
    (content_head): Linear(in_features=128, out_features=8, bias=True)
    (vote_heads): ModuleList(
      (0-3): 4 x Sequential(
        (0): Linear(in_features=538, out_features=128, bias=True)
        (1): GELU(approximate='none')
        (2): Linear(in_features=128, out_features=10, bias=True)
      )
    )
    (prior_head): Sequential(
      (0): Linear(in_features=18, out_features=128, bias=True)
      (1): GELU(approximate='none')
      (2): Linear(in_features=128, out_features=10, bias=True)
    )
  )
)
[2026-08-17 10:10:22,400][__main__][INFO] - [RANK 0] [ Train | Step: 500    |  loss : 1.3339 | accuracy : 0.3978 | opt_sps : 73.6596  ]
[2026-08-17 10:10:22,720][__main__][INFO] - [RANK 0] [ Eval  | Step: 500    |  loss : 0.8815 | accuracy : 0.5039 | eval_s : 0.3189  ]
[2026-08-17 10:10:29,496][__main__][INFO] - [RANK 0] [ Train | Step: 1000   |  loss : 0.8501 | accuracy : 0.5204 | opt_sps : 73.7311  ]
[2026-08-17 10:10:29,818][__main__][INFO] - [RANK 0] [ Eval  | Step: 1000   |  loss : 0.8365 | accuracy : 0.5279 | eval_s : 0.3211  ]
[2026-08-17 10:10:36,544][__main__][INFO] - [RANK 0] [ Train | Step: 1500   |  loss : 0.7873 | accuracy : 0.5741 | opt_sps : 73.9377  ]
[2026-08-17 10:10:36,864][__main__][INFO] - [RANK 0] [ Eval  | Step: 1500   |  loss : 0.7354 | accuracy : 0.6165 | eval_s : 0.3184  ]
[2026-08-17 10:10:43,582][__main__][INFO] - [RANK 0] [ Train | Step: 2000   |  loss : 0.7253 | accuracy : 0.6230 | opt_sps : 74.0641  ]
[2026-08-17 10:10:43,901][__main__][INFO] - [RANK 0] [ Eval  | Step: 2000   |  loss : 0.7147 | accuracy : 0.6309 | eval_s : 0.3187  ]
[2026-08-17 10:10:50,514][__main__][INFO] - [RANK 0] [ Train | Step: 2500   |  loss : 0.7008 | accuracy : 0.6427 | opt_sps : 74.3727  ]
[2026-08-17 10:10:50,834][__main__][INFO] - [RANK 0] [ Eval  | Step: 2500   |  loss : 0.7012 | accuracy : 0.6430 | eval_s : 0.3196  ]
[2026-08-17 10:10:57,464][__main__][INFO] - [RANK 0] [ Train | Step: 3000   |  loss : 0.6889 | accuracy : 0.6534 | opt_sps : 74.5466  ]
[2026-08-17 10:10:57,785][__main__][INFO] - [RANK 0] [ Eval  | Step: 3000   |  loss : 0.6790 | accuracy : 0.6592 | eval_s : 0.3199  ]
[2026-08-17 10:11:04,367][__main__][INFO] - [RANK 0] [ Train | Step: 3500   |  loss : 0.6775 | accuracy : 0.6623 | opt_sps : 74.7490  ]
[2026-08-17 10:11:04,688][__main__][INFO] - [RANK 0] [ Eval  | Step: 3500   |  loss : 0.6810 | accuracy : 0.6613 | eval_s : 0.3205  ]
[2026-08-17 10:11:11,353][__main__][INFO] - [RANK 0] [ Train | Step: 4000   |  loss : 0.6671 | accuracy : 0.6657 | opt_sps : 74.7833  ]
[2026-08-17 10:11:11,677][__main__][INFO] - [RANK 0] [ Eval  | Step: 4000   |  loss : 0.6586 | accuracy : 0.6728 | eval_s : 0.3227  ]
[2026-08-17 10:11:18,417][__main__][INFO] - [RANK 0] [ Train | Step: 4500   |  loss : 0.6617 | accuracy : 0.6695 | opt_sps : 74.7169  ]
[2026-08-17 10:11:18,736][__main__][INFO] - [RANK 0] [ Eval  | Step: 4500   |  loss : 0.6789 | accuracy : 0.6605 | eval_s : 0.3174  ]
[2026-08-17 10:11:25,686][__main__][INFO] - [RANK 0] [ Train | Step: 5000   |  loss : 0.6536 | accuracy : 0.6760 | opt_sps : 74.4292  ]
[2026-08-17 10:11:26,007][__main__][INFO] - [RANK 0] [ Eval  | Step: 5000   |  loss : 0.6534 | accuracy : 0.6735 | eval_s : 0.3193  ]
[2026-08-17 10:11:32,812][__main__][INFO] - [RANK 0] [ Train | Step: 5500   |  loss : 0.6517 | accuracy : 0.6764 | opt_sps : 74.3432  ]
[2026-08-17 10:11:33,140][__main__][INFO] - [RANK 0] [ Eval  | Step: 5500   |  loss : 0.6595 | accuracy : 0.6790 | eval_s : 0.3273  ]
[2026-08-17 10:11:40,206][__main__][INFO] - [RANK 0] [ Train | Step: 6000   |  loss : 0.6469 | accuracy : 0.6796 | opt_sps : 74.0309  ]
[2026-08-17 10:11:40,527][__main__][INFO] - [RANK 0] [ Eval  | Step: 6000   |  loss : 0.6413 | accuracy : 0.6860 | eval_s : 0.3200  ]
[2026-08-17 10:11:47,267][__main__][INFO] - [RANK 0] [ Train | Step: 6500   |  loss : 0.6459 | accuracy : 0.6780 | opt_sps : 74.0435  ]
[2026-08-17 10:11:47,591][__main__][INFO] - [RANK 0] [ Eval  | Step: 6500   |  loss : 0.6512 | accuracy : 0.6738 | eval_s : 0.3224  ]
[2026-08-17 10:11:54,332][__main__][INFO] - [RANK 0] [ Train | Step: 7000   |  loss : 0.6460 | accuracy : 0.6783 | opt_sps : 74.0526  ]
[2026-08-17 10:11:54,652][__main__][INFO] - [RANK 0] [ Eval  | Step: 7000   |  loss : 0.6421 | accuracy : 0.6797 | eval_s : 0.3195  ]
[2026-08-17 10:12:01,459][__main__][INFO] - [RANK 0] [ Train | Step: 7500   |  loss : 0.6412 | accuracy : 0.6818 | opt_sps : 74.0126  ]
[2026-08-17 10:12:01,779][__main__][INFO] - [RANK 0] [ Eval  | Step: 7500   |  loss : 0.6393 | accuracy : 0.6843 | eval_s : 0.3190  ]
[2026-08-17 10:12:08,433][__main__][INFO] - [RANK 0] [ Train | Step: 8000   |  loss : 0.6419 | accuracy : 0.6825 | opt_sps : 74.0831  ]
[2026-08-17 10:12:08,755][__main__][INFO] - [RANK 0] [ Eval  | Step: 8000   |  loss : 0.6411 | accuracy : 0.6841 | eval_s : 0.3210  ]
[2026-08-17 10:12:15,475][__main__][INFO] - [RANK 0] [ Train | Step: 8500   |  loss : 0.6433 | accuracy : 0.6835 | opt_sps : 74.1017  ]
[2026-08-17 10:12:15,796][__main__][INFO] - [RANK 0] [ Eval  | Step: 8500   |  loss : 0.6421 | accuracy : 0.6860 | eval_s : 0.3194  ]
[2026-08-17 10:12:22,488][__main__][INFO] - [RANK 0] [ Train | Step: 9000   |  loss : 0.6378 | accuracy : 0.6843 | opt_sps : 74.1356  ]
[2026-08-17 10:12:22,808][__main__][INFO] - [RANK 0] [ Eval  | Step: 9000   |  loss : 0.6383 | accuracy : 0.6829 | eval_s : 0.3198  ]
[2026-08-17 10:12:29,439][__main__][INFO] - [RANK 0] [ Train | Step: 9500   |  loss : 0.6343 | accuracy : 0.6881 | opt_sps : 74.2024  ]
[2026-08-17 10:12:29,758][__main__][INFO] - [RANK 0] [ Eval  | Step: 9500   |  loss : 0.6345 | accuracy : 0.6907 | eval_s : 0.3178  ]
[2026-08-17 10:12:36,437][__main__][INFO] - [RANK 0] [ Train | Step: 10000  |  loss : 0.6375 | accuracy : 0.6846 | opt_sps : 74.2357  ]
[2026-08-17 10:12:36,759][__main__][INFO] - [RANK 0] [ Eval  | Step: 10000  |  loss : 0.6625 | accuracy : 0.6655 | eval_s : 0.3209  ]
[2026-08-17 10:12:43,368][__main__][INFO] - [RANK 0] [ Train | Step: 10500  |  loss : 0.6359 | accuracy : 0.6871 | opt_sps : 74.3021  ]
[2026-08-17 10:12:43,687][__main__][INFO] - [RANK 0] [ Eval  | Step: 10500  |  loss : 0.6314 | accuracy : 0.6848 | eval_s : 0.3185  ]
[2026-08-17 10:12:50,311][__main__][INFO] - [RANK 0] [ Train | Step: 11000  |  loss : 0.6289 | accuracy : 0.6909 | opt_sps : 74.3559  ]
[2026-08-17 10:12:50,630][__main__][INFO] - [RANK 0] [ Eval  | Step: 11000  |  loss : 0.6166 | accuracy : 0.6974 | eval_s : 0.3182  ]
[2026-08-17 10:12:57,264][__main__][INFO] - [RANK 0] [ Train | Step: 11500  |  loss : 0.6121 | accuracy : 0.7031 | opt_sps : 74.4002  ]
[2026-08-17 10:12:57,583][__main__][INFO] - [RANK 0] [ Eval  | Step: 11500  |  loss : 0.6174 | accuracy : 0.7026 | eval_s : 0.3185  ]
[2026-08-17 10:13:04,279][__main__][INFO] - [RANK 0] [ Train | Step: 12000  |  loss : 0.6041 | accuracy : 0.7059 | opt_sps : 74.4113  ]
[2026-08-17 10:13:04,600][__main__][INFO] - [RANK 0] [ Eval  | Step: 12000  |  loss : 0.5982 | accuracy : 0.7075 | eval_s : 0.3195  ]
[2026-08-17 10:13:11,183][__main__][INFO] - [RANK 0] [ Train | Step: 12500  |  loss : 0.5999 | accuracy : 0.7100 | opt_sps : 74.4721  ]
[2026-08-17 10:13:11,503][__main__][INFO] - [RANK 0] [ Eval  | Step: 12500  |  loss : 0.5793 | accuracy : 0.7203 | eval_s : 0.3186  ]
[2026-08-17 10:13:18,063][__main__][INFO] - [RANK 0] [ Train | Step: 13000  |  loss : 0.5913 | accuracy : 0.7130 | opt_sps : 74.5382  ]
[2026-08-17 10:13:18,383][__main__][INFO] - [RANK 0] [ Eval  | Step: 13000  |  loss : 0.5995 | accuracy : 0.7063 | eval_s : 0.3183  ]
[2026-08-17 10:13:24,947][__main__][INFO] - [RANK 0] [ Train | Step: 13500  |  loss : 0.5780 | accuracy : 0.7221 | opt_sps : 74.5972  ]
[2026-08-17 10:13:25,267][__main__][INFO] - [RANK 0] [ Eval  | Step: 13500  |  loss : 0.6421 | accuracy : 0.6923 | eval_s : 0.3183  ]
[2026-08-17 10:13:31,826][__main__][INFO] - [RANK 0] [ Train | Step: 14000  |  loss : 0.5687 | accuracy : 0.7258 | opt_sps : 74.6540  ]
[2026-08-17 10:13:32,147][__main__][INFO] - [RANK 0] [ Eval  | Step: 14000  |  loss : 0.6135 | accuracy : 0.7075 | eval_s : 0.3197  ]
[2026-08-17 10:13:38,822][__main__][INFO] - [RANK 0] [ Train | Step: 14500  |  loss : 0.5648 | accuracy : 0.7287 | opt_sps : 74.6628  ]
[2026-08-17 10:13:39,141][__main__][INFO] - [RANK 0] [ Eval  | Step: 14500  |  loss : 0.5646 | accuracy : 0.7229 | eval_s : 0.3187  ]
[2026-08-17 10:13:45,772][__main__][INFO] - [RANK 0] [ Train | Step: 15000  |  loss : 0.5592 | accuracy : 0.7303 | opt_sps : 74.6878  ]
[2026-08-17 10:13:46,092][__main__][INFO] - [RANK 0] [ Eval  | Step: 15000  |  loss : 0.7035 | accuracy : 0.6878 | eval_s : 0.3185  ]
[2026-08-17 10:13:52,667][__main__][INFO] - [RANK 0] [ Train | Step: 15500  |  loss : 0.5569 | accuracy : 0.7305 | opt_sps : 74.7309  ]
[2026-08-17 10:13:52,986][__main__][INFO] - [RANK 0] [ Eval  | Step: 15500  |  loss : 0.5477 | accuracy : 0.7343 | eval_s : 0.3186  ]
[2026-08-17 10:13:59,704][__main__][INFO] - [RANK 0] [ Train | Step: 16000  |  loss : 0.5546 | accuracy : 0.7337 | opt_sps : 74.7221  ]
[2026-08-17 10:14:00,023][__main__][INFO] - [RANK 0] [ Eval  | Step: 16000  |  loss : 0.5406 | accuracy : 0.7375 | eval_s : 0.3187  ]
[2026-08-17 10:14:06,686][__main__][INFO] - [RANK 0] [ Train | Step: 16500  |  loss : 0.5374 | accuracy : 0.7399 | opt_sps : 74.7323  ]
[2026-08-17 10:14:07,017][__main__][INFO] - [RANK 0] [ Eval  | Step: 16500  |  loss : 0.5232 | accuracy : 0.7414 | eval_s : 0.3295  ]
[2026-08-17 10:14:13,825][__main__][INFO] - [RANK 0] [ Train | Step: 17000  |  loss : 0.5365 | accuracy : 0.7408 | opt_sps : 74.6941  ]
[2026-08-17 10:14:14,147][__main__][INFO] - [RANK 0] [ Eval  | Step: 17000  |  loss : 0.5387 | accuracy : 0.7366 | eval_s : 0.3202  ]
[2026-08-17 10:14:21,052][__main__][INFO] - [RANK 0] [ Train | Step: 17500  |  loss : 0.5325 | accuracy : 0.7419 | opt_sps : 74.6268  ]
[2026-08-17 10:14:21,371][__main__][INFO] - [RANK 0] [ Eval  | Step: 17500  |  loss : 0.5113 | accuracy : 0.7408 | eval_s : 0.3190  ]
[2026-08-17 10:14:28,229][__main__][INFO] - [RANK 0] [ Train | Step: 18000  |  loss : 0.5292 | accuracy : 0.7440 | opt_sps : 74.5785  ]
[2026-08-17 10:14:28,549][__main__][INFO] - [RANK 0] [ Eval  | Step: 18000  |  loss : 0.5433 | accuracy : 0.7331 | eval_s : 0.3186  ]
[2026-08-17 10:14:35,344][__main__][INFO] - [RANK 0] [ Train | Step: 18500  |  loss : 0.5176 | accuracy : 0.7484 | opt_sps : 74.5512  ]
[2026-08-17 10:14:35,665][__main__][INFO] - [RANK 0] [ Eval  | Step: 18500  |  loss : 0.5175 | accuracy : 0.7452 | eval_s : 0.3198  ]
[2026-08-17 10:14:42,616][__main__][INFO] - [RANK 0] [ Train | Step: 19000  |  loss : 0.5199 | accuracy : 0.7497 | opt_sps : 74.4798  ]
[2026-08-17 10:14:42,935][__main__][INFO] - [RANK 0] [ Eval  | Step: 19000  |  loss : 0.5118 | accuracy : 0.7533 | eval_s : 0.3183  ]
[2026-08-17 10:14:49,714][__main__][INFO] - [RANK 0] [ Train | Step: 19500  |  loss : 0.4981 | accuracy : 0.7588 | opt_sps : 74.4613  ]
[2026-08-17 10:14:50,036][__main__][INFO] - [RANK 0] [ Eval  | Step: 19500  |  loss : 0.4956 | accuracy : 0.7580 | eval_s : 0.3212  ]
[2026-08-17 10:14:56,740][__main__][INFO] - [RANK 0] [ Train | Step: 20000  |  loss : 0.4995 | accuracy : 0.7572 | opt_sps : 74.4648  ]
[2026-08-17 10:14:57,059][__main__][INFO] - [RANK 0] [ Eval  | Step: 20000  |  loss : 0.4899 | accuracy : 0.7575 | eval_s : 0.3190  ]
[2026-08-17 10:15:04,600][__main__][INFO] - [RANK 0] [ Train | Step: 20500  |  loss : 0.4793 | accuracy : 0.7656 | opt_sps : 74.2426  ]
[2026-08-17 10:15:04,931][__main__][INFO] - [RANK 0] [ Eval  | Step: 20500  |  loss : 0.4718 | accuracy : 0.7689 | eval_s : 0.3301  ]
[2026-08-17 10:15:11,661][__main__][INFO] - [RANK 0] [ Train | Step: 21000  |  loss : 0.4766 | accuracy : 0.7661 | opt_sps : 74.2441  ]
[2026-08-17 10:15:11,986][__main__][INFO] - [RANK 0] [ Eval  | Step: 21000  |  loss : 0.4670 | accuracy : 0.7667 | eval_s : 0.3227  ]
[2026-08-17 10:15:18,671][__main__][INFO] - [RANK 0] [ Train | Step: 21500  |  loss : 0.4741 | accuracy : 0.7687 | opt_sps : 74.2576  ]
[2026-08-17 10:15:18,991][__main__][INFO] - [RANK 0] [ Eval  | Step: 21500  |  loss : 0.4737 | accuracy : 0.7661 | eval_s : 0.3181  ]
[2026-08-17 10:15:26,235][__main__][INFO] - [RANK 0] [ Train | Step: 22000  |  loss : 0.4668 | accuracy : 0.7722 | opt_sps : 74.1298  ]
[2026-08-17 10:15:26,554][__main__][INFO] - [RANK 0] [ Eval  | Step: 22000  |  loss : 0.4809 | accuracy : 0.7652 | eval_s : 0.3190  ]
[2026-08-17 10:15:33,961][__main__][INFO] - [RANK 0] [ Train | Step: 22500  |  loss : 0.4724 | accuracy : 0.7697 | opt_sps : 73.9686  ]
[2026-08-17 10:15:34,281][__main__][INFO] - [RANK 0] [ Eval  | Step: 22500  |  loss : 0.4594 | accuracy : 0.7697 | eval_s : 0.3193  ]
[2026-08-17 10:15:41,697][__main__][INFO] - [RANK 0] [ Train | Step: 23000  |  loss : 0.4650 | accuracy : 0.7721 | opt_sps : 73.8136  ]
[2026-08-17 10:15:42,028][__main__][INFO] - [RANK 0] [ Eval  | Step: 23000  |  loss : 0.4546 | accuracy : 0.7721 | eval_s : 0.3301  ]
[2026-08-17 10:15:49,473][__main__][INFO] - [RANK 0] [ Train | Step: 23500  |  loss : 0.4601 | accuracy : 0.7742 | opt_sps : 73.6589  ]
[2026-08-17 10:15:49,796][__main__][INFO] - [RANK 0] [ Eval  | Step: 23500  |  loss : 0.4509 | accuracy : 0.7736 | eval_s : 0.3218  ]
[2026-08-17 10:15:56,574][__main__][INFO] - [RANK 0] [ Train | Step: 24000  |  loss : 0.4524 | accuracy : 0.7803 | opt_sps : 73.6614  ]
[2026-08-17 10:15:56,897][__main__][INFO] - [RANK 0] [ Eval  | Step: 24000  |  loss : 0.4458 | accuracy : 0.7810 | eval_s : 0.3216  ]
[2026-08-17 10:16:03,912][__main__][INFO] - [RANK 0] [ Train | Step: 24500  |  loss : 0.4475 | accuracy : 0.7814 | opt_sps : 73.6114  ]
[2026-08-17 10:16:04,234][__main__][INFO] - [RANK 0] [ Eval  | Step: 24500  |  loss : 0.4828 | accuracy : 0.7688 | eval_s : 0.3211  ]
[2026-08-17 10:16:11,300][__main__][INFO] - [RANK 0] [ Train | Step: 25000  |  loss : 0.4499 | accuracy : 0.7806 | opt_sps : 73.5523  ]
[2026-08-17 10:16:11,650][__main__][INFO] - [RANK 0] [ Eval  | Step: 25000  |  loss : 0.4499 | accuracy : 0.7773 | eval_s : 0.3489  ]
[2026-08-17 10:16:19,125][__main__][INFO] - [RANK 0] [ Train | Step: 25500  |  loss : 0.4508 | accuracy : 0.7836 | opt_sps : 73.4087  ]
[2026-08-17 10:16:19,453][__main__][INFO] - [RANK 0] [ Eval  | Step: 25500  |  loss : 0.4365 | accuracy : 0.7863 | eval_s : 0.3261  ]
[2026-08-17 10:16:26,643][__main__][INFO] - [RANK 0] [ Train | Step: 26000  |  loss : 0.4464 | accuracy : 0.7866 | opt_sps : 73.3307  ]
[2026-08-17 10:16:26,966][__main__][INFO] - [RANK 0] [ Eval  | Step: 26000  |  loss : 0.4450 | accuracy : 0.7861 | eval_s : 0.3213  ]
[2026-08-17 10:16:34,066][__main__][INFO] - [RANK 0] [ Train | Step: 26500  |  loss : 0.4385 | accuracy : 0.7900 | opt_sps : 73.2734  ]
[2026-08-17 10:16:34,391][__main__][INFO] - [RANK 0] [ Eval  | Step: 26500  |  loss : 0.4342 | accuracy : 0.7924 | eval_s : 0.3238  ]
[2026-08-17 10:16:41,269][__main__][INFO] - [RANK 0] [ Train | Step: 27000  |  loss : 0.4350 | accuracy : 0.7929 | opt_sps : 73.2630  ]
[2026-08-17 10:16:41,591][__main__][INFO] - [RANK 0] [ Eval  | Step: 27000  |  loss : 0.4468 | accuracy : 0.7840 | eval_s : 0.3208  ]
[2026-08-17 10:16:48,759][__main__][INFO] - [RANK 0] [ Train | Step: 27500  |  loss : 0.4308 | accuracy : 0.7950 | opt_sps : 73.1960  ]
[2026-08-17 10:16:49,083][__main__][INFO] - [RANK 0] [ Eval  | Step: 27500  |  loss : 0.5008 | accuracy : 0.7734 | eval_s : 0.3231  ]
[2026-08-17 10:16:56,034][__main__][INFO] - [RANK 0] [ Train | Step: 28000  |  loss : 0.4331 | accuracy : 0.7940 | opt_sps : 73.1730  ]
[2026-08-17 10:16:56,356][__main__][INFO] - [RANK 0] [ Eval  | Step: 28000  |  loss : 0.4287 | accuracy : 0.7956 | eval_s : 0.3205  ]
[2026-08-17 10:17:03,365][__main__][INFO] - [RANK 0] [ Train | Step: 28500  |  loss : 0.4272 | accuracy : 0.7965 | opt_sps : 73.1402  ]
[2026-08-17 10:17:03,688][__main__][INFO] - [RANK 0] [ Eval  | Step: 28500  |  loss : 0.4258 | accuracy : 0.7960 | eval_s : 0.3222  ]
[2026-08-17 10:17:10,572][__main__][INFO] - [RANK 0] [ Train | Step: 29000  |  loss : 0.4263 | accuracy : 0.7972 | opt_sps : 73.1317  ]
[2026-08-17 10:17:10,892][__main__][INFO] - [RANK 0] [ Eval  | Step: 29000  |  loss : 0.4384 | accuracy : 0.7896 | eval_s : 0.3197  ]
[2026-08-17 10:17:17,597][__main__][INFO] - [RANK 0] [ Train | Step: 29500  |  loss : 0.4189 | accuracy : 0.8000 | opt_sps : 73.1557  ]
[2026-08-17 10:17:17,918][__main__][INFO] - [RANK 0] [ Eval  | Step: 29500  |  loss : 0.4200 | accuracy : 0.7980 | eval_s : 0.3199  ]
[2026-08-17 10:17:24,802][__main__][INFO] - [RANK 0] [ Train | Step: 30000  |  loss : 0.4201 | accuracy : 0.7982 | opt_sps : 73.1472  ]
[2026-08-17 10:17:25,123][__main__][INFO] - [RANK 0] [ Eval  | Step: 30000  |  loss : 0.4257 | accuracy : 0.7940 | eval_s : 0.3203  ]
[2026-08-17 10:17:32,026][__main__][INFO] - [RANK 0] [ Train | Step: 30500  |  loss : 0.4164 | accuracy : 0.8004 | opt_sps : 73.1353  ]
[2026-08-17 10:17:32,346][__main__][INFO] - [RANK 0] [ Eval  | Step: 30500  |  loss : 0.4162 | accuracy : 0.8016 | eval_s : 0.3183  ]
[2026-08-17 10:17:39,067][__main__][INFO] - [RANK 0] [ Train | Step: 31000  |  loss : 0.4125 | accuracy : 0.8022 | opt_sps : 73.1555  ]
[2026-08-17 10:17:39,385][__main__][INFO] - [RANK 0] [ Eval  | Step: 31000  |  loss : 0.4121 | accuracy : 0.7988 | eval_s : 0.3176  ]
[2026-08-17 10:17:46,021][__main__][INFO] - [RANK 0] [ Train | Step: 31500  |  loss : 0.4094 | accuracy : 0.8045 | opt_sps : 73.1895  ]
[2026-08-17 10:17:46,342][__main__][INFO] - [RANK 0] [ Eval  | Step: 31500  |  loss : 0.4284 | accuracy : 0.7973 | eval_s : 0.3193  ]
[2026-08-17 10:17:53,180][__main__][INFO] - [RANK 0] [ Train | Step: 32000  |  loss : 0.4116 | accuracy : 0.8022 | opt_sps : 73.1884  ]
[2026-08-17 10:17:53,503][__main__][INFO] - [RANK 0] [ Eval  | Step: 32000  |  loss : 0.4130 | accuracy : 0.8025 | eval_s : 0.3218  ]
[2026-08-17 10:18:00,419][__main__][INFO] - [RANK 0] [ Train | Step: 32500  |  loss : 0.4054 | accuracy : 0.8057 | opt_sps : 73.1746  ]
[2026-08-17 10:18:00,744][__main__][INFO] - [RANK 0] [ Eval  | Step: 32500  |  loss : 0.4093 | accuracy : 0.8004 | eval_s : 0.3248  ]
[2026-08-17 10:18:07,710][__main__][INFO] - [RANK 0] [ Train | Step: 33000  |  loss : 0.4117 | accuracy : 0.8026 | opt_sps : 73.1534  ]
[2026-08-17 10:18:08,031][__main__][INFO] - [RANK 0] [ Eval  | Step: 33000  |  loss : 0.4074 | accuracy : 0.8037 | eval_s : 0.3201  ]
[2026-08-17 10:18:15,062][__main__][INFO] - [RANK 0] [ Train | Step: 33500  |  loss : 0.4034 | accuracy : 0.8054 | opt_sps : 73.1223  ]
[2026-08-17 10:18:15,382][__main__][INFO] - [RANK 0] [ Eval  | Step: 33500  |  loss : 0.4122 | accuracy : 0.8021 | eval_s : 0.3190  ]
[2026-08-17 10:18:22,704][__main__][INFO] - [RANK 0] [ Train | Step: 34000  |  loss : 0.3997 | accuracy : 0.8090 | opt_sps : 73.0462  ]
[2026-08-17 10:18:23,030][__main__][INFO] - [RANK 0] [ Eval  | Step: 34000  |  loss : 0.4057 | accuracy : 0.8047 | eval_s : 0.3255  ]
[2026-08-17 10:18:30,336][__main__][INFO] - [RANK 0] [ Train | Step: 34500  |  loss : 0.4051 | accuracy : 0.8065 | opt_sps : 72.9754  ]
[2026-08-17 10:18:30,656][__main__][INFO] - [RANK 0] [ Eval  | Step: 34500  |  loss : 0.4066 | accuracy : 0.8049 | eval_s : 0.3188  ]
[2026-08-17 10:18:37,772][__main__][INFO] - [RANK 0] [ Train | Step: 35000  |  loss : 0.3995 | accuracy : 0.8084 | opt_sps : 72.9351  ]
[2026-08-17 10:18:38,093][__main__][INFO] - [RANK 0] [ Eval  | Step: 35000  |  loss : 0.4031 | accuracy : 0.8045 | eval_s : 0.3196  ]
[2026-08-17 10:18:44,987][__main__][INFO] - [RANK 0] [ Train | Step: 35500  |  loss : 0.3997 | accuracy : 0.8080 | opt_sps : 72.9294  ]
[2026-08-17 10:18:45,307][__main__][INFO] - [RANK 0] [ Eval  | Step: 35500  |  loss : 0.4011 | accuracy : 0.8045 | eval_s : 0.3192  ]
[2026-08-17 10:18:52,424][__main__][INFO] - [RANK 0] [ Train | Step: 36000  |  loss : 0.3973 | accuracy : 0.8100 | opt_sps : 72.8912  ]
[2026-08-17 10:18:52,744][__main__][INFO] - [RANK 0] [ Eval  | Step: 36000  |  loss : 0.4023 | accuracy : 0.8064 | eval_s : 0.3191  ]
[2026-08-17 10:18:59,429][__main__][INFO] - [RANK 0] [ Train | Step: 36500  |  loss : 0.3946 | accuracy : 0.8111 | opt_sps : 72.9166  ]
[2026-08-17 10:18:59,750][__main__][INFO] - [RANK 0] [ Eval  | Step: 36500  |  loss : 0.4202 | accuracy : 0.7983 | eval_s : 0.3199  ]
[2026-08-17 10:19:06,379][__main__][INFO] - [RANK 0] [ Train | Step: 37000  |  loss : 0.3956 | accuracy : 0.8110 | opt_sps : 72.9493  ]
[2026-08-17 10:19:06,699][__main__][INFO] - [RANK 0] [ Eval  | Step: 37000  |  loss : 0.4014 | accuracy : 0.8054 | eval_s : 0.3185  ]
[2026-08-17 10:19:13,288][__main__][INFO] - [RANK 0] [ Train | Step: 37500  |  loss : 0.3929 | accuracy : 0.8106 | opt_sps : 72.9869  ]
[2026-08-17 10:19:13,607][__main__][INFO] - [RANK 0] [ Eval  | Step: 37500  |  loss : 0.3979 | accuracy : 0.8083 | eval_s : 0.3180  ]
[2026-08-17 10:19:20,662][__main__][INFO] - [RANK 0] [ Train | Step: 38000  |  loss : 0.3892 | accuracy : 0.8131 | opt_sps : 72.9584  ]
[2026-08-17 10:19:20,981][__main__][INFO] - [RANK 0] [ Eval  | Step: 38000  |  loss : 0.3950 | accuracy : 0.8106 | eval_s : 0.3180  ]
[2026-08-17 10:19:27,755][__main__][INFO] - [RANK 0] [ Train | Step: 38500  |  loss : 0.3878 | accuracy : 0.8142 | opt_sps : 72.9696  ]
[2026-08-17 10:19:28,075][__main__][INFO] - [RANK 0] [ Eval  | Step: 38500  |  loss : 0.4058 | accuracy : 0.8071 | eval_s : 0.3187  ]
[2026-08-17 10:19:35,141][__main__][INFO] - [RANK 0] [ Train | Step: 39000  |  loss : 0.3840 | accuracy : 0.8152 | opt_sps : 72.9403  ]
[2026-08-17 10:19:35,468][__main__][INFO] - [RANK 0] [ Eval  | Step: 39000  |  loss : 0.3909 | accuracy : 0.8090 | eval_s : 0.3257  ]
[2026-08-17 10:19:42,422][__main__][INFO] - [RANK 0] [ Train | Step: 39500  |  loss : 0.3853 | accuracy : 0.8152 | opt_sps : 72.9272  ]
[2026-08-17 10:19:42,746][__main__][INFO] - [RANK 0] [ Eval  | Step: 39500  |  loss : 0.3904 | accuracy : 0.8102 | eval_s : 0.3232  ]
[2026-08-17 10:19:49,461][__main__][INFO] - [RANK 0] [ Train | Step: 40000  |  loss : 0.3850 | accuracy : 0.8161 | opt_sps : 72.9462  ]
[2026-08-17 10:19:49,782][__main__][INFO] - [RANK 0] [ Eval  | Step: 40000  |  loss : 0.3914 | accuracy : 0.8128 | eval_s : 0.3201  ]
[2026-08-17 10:19:56,513][__main__][INFO] - [RANK 0] [ Train | Step: 40500  |  loss : 0.3789 | accuracy : 0.8180 | opt_sps : 72.9625  ]
[2026-08-17 10:19:56,838][__main__][INFO] - [RANK 0] [ Eval  | Step: 40500  |  loss : 0.4215 | accuracy : 0.8015 | eval_s : 0.3247  ]
[2026-08-17 10:20:03,621][__main__][INFO] - [RANK 0] [ Train | Step: 41000  |  loss : 0.3753 | accuracy : 0.8220 | opt_sps : 72.9716  ]
[2026-08-17 10:20:03,942][__main__][INFO] - [RANK 0] [ Eval  | Step: 41000  |  loss : 0.3833 | accuracy : 0.8171 | eval_s : 0.3197  ]
[2026-08-17 10:20:10,609][__main__][INFO] - [RANK 0] [ Train | Step: 41500  |  loss : 0.3748 | accuracy : 0.8228 | opt_sps : 72.9955  ]
[2026-08-17 10:20:10,929][__main__][INFO] - [RANK 0] [ Eval  | Step: 41500  |  loss : 0.3791 | accuracy : 0.8169 | eval_s : 0.3190  ]
[2026-08-17 10:20:17,635][__main__][INFO] - [RANK 0] [ Train | Step: 42000  |  loss : 0.3698 | accuracy : 0.8237 | opt_sps : 73.0139  ]
[2026-08-17 10:20:17,960][__main__][INFO] - [RANK 0] [ Eval  | Step: 42000  |  loss : 0.3748 | accuracy : 0.8217 | eval_s : 0.3236  ]
[2026-08-17 10:20:24,632][__main__][INFO] - [RANK 0] [ Train | Step: 42500  |  loss : 0.3670 | accuracy : 0.8268 | opt_sps : 73.0363  ]
[2026-08-17 10:20:24,957][__main__][INFO] - [RANK 0] [ Eval  | Step: 42500  |  loss : 0.3787 | accuracy : 0.8183 | eval_s : 0.3235  ]
[2026-08-17 10:20:31,659][__main__][INFO] - [RANK 0] [ Train | Step: 43000  |  loss : 0.3631 | accuracy : 0.8280 | opt_sps : 73.0541  ]
[2026-08-17 10:20:31,979][__main__][INFO] - [RANK 0] [ Eval  | Step: 43000  |  loss : 0.3737 | accuracy : 0.8218 | eval_s : 0.3196  ]
[2026-08-17 10:20:38,634][__main__][INFO] - [RANK 0] [ Train | Step: 43500  |  loss : 0.3622 | accuracy : 0.8288 | opt_sps : 73.0775  ]
[2026-08-17 10:20:38,954][__main__][INFO] - [RANK 0] [ Eval  | Step: 43500  |  loss : 0.3688 | accuracy : 0.8225 | eval_s : 0.3186  ]
[2026-08-17 10:20:45,806][__main__][INFO] - [RANK 0] [ Train | Step: 44000  |  loss : 0.3618 | accuracy : 0.8297 | opt_sps : 73.0765  ]
[2026-08-17 10:20:46,126][__main__][INFO] - [RANK 0] [ Eval  | Step: 44000  |  loss : 0.3687 | accuracy : 0.8244 | eval_s : 0.3192  ]
[2026-08-17 10:20:52,861][__main__][INFO] - [RANK 0] [ Train | Step: 44500  |  loss : 0.3594 | accuracy : 0.8299 | opt_sps : 73.0896  ]
[2026-08-17 10:20:53,181][__main__][INFO] - [RANK 0] [ Eval  | Step: 44500  |  loss : 0.3663 | accuracy : 0.8235 | eval_s : 0.3196  ]
[2026-08-17 10:20:59,983][__main__][INFO] - [RANK 0] [ Train | Step: 45000  |  loss : 0.3609 | accuracy : 0.8294 | opt_sps : 73.0944  ]
[2026-08-17 10:21:00,302][__main__][INFO] - [RANK 0] [ Eval  | Step: 45000  |  loss : 0.3664 | accuracy : 0.8238 | eval_s : 0.3181  ]
[2026-08-17 10:21:07,040][__main__][INFO] - [RANK 0] [ Train | Step: 45500  |  loss : 0.3575 | accuracy : 0.8315 | opt_sps : 73.1065  ]
[2026-08-17 10:21:07,361][__main__][INFO] - [RANK 0] [ Eval  | Step: 45500  |  loss : 0.3635 | accuracy : 0.8274 | eval_s : 0.3202  ]
[2026-08-17 10:21:14,237][__main__][INFO] - [RANK 0] [ Train | Step: 46000  |  loss : 0.3597 | accuracy : 0.8300 | opt_sps : 73.1024  ]
[2026-08-17 10:21:14,561][__main__][INFO] - [RANK 0] [ Eval  | Step: 46000  |  loss : 0.3666 | accuracy : 0.8252 | eval_s : 0.3229  ]
[2026-08-17 10:21:22,008][__main__][INFO] - [RANK 0] [ Train | Step: 46500  |  loss : 0.3532 | accuracy : 0.8341 | opt_sps : 73.0327  ]
[2026-08-17 10:21:22,345][__main__][INFO] - [RANK 0] [ Eval  | Step: 46500  |  loss : 0.3641 | accuracy : 0.8252 | eval_s : 0.3364  ]
[2026-08-17 10:21:29,370][__main__][INFO] - [RANK 0] [ Train | Step: 47000  |  loss : 0.3498 | accuracy : 0.8350 | opt_sps : 73.0125  ]
[2026-08-17 10:21:29,697][__main__][INFO] - [RANK 0] [ Eval  | Step: 47000  |  loss : 0.3668 | accuracy : 0.8266 | eval_s : 0.3263  ]
[2026-08-17 10:21:36,473][__main__][INFO] - [RANK 0] [ Train | Step: 47500  |  loss : 0.3493 | accuracy : 0.8347 | opt_sps : 73.0205  ]
[2026-08-17 10:21:36,798][__main__][INFO] - [RANK 0] [ Eval  | Step: 47500  |  loss : 0.3623 | accuracy : 0.8277 | eval_s : 0.3236  ]
[2026-08-17 10:21:43,726][__main__][INFO] - [RANK 0] [ Train | Step: 48000  |  loss : 0.3484 | accuracy : 0.8362 | opt_sps : 73.0116  ]
[2026-08-17 10:21:44,046][__main__][INFO] - [RANK 0] [ Eval  | Step: 48000  |  loss : 0.3597 | accuracy : 0.8283 | eval_s : 0.3186  ]
[2026-08-17 10:21:51,035][__main__][INFO] - [RANK 0] [ Train | Step: 48500  |  loss : 0.3464 | accuracy : 0.8360 | opt_sps : 72.9963  ]
[2026-08-17 10:21:51,356][__main__][INFO] - [RANK 0] [ Eval  | Step: 48500  |  loss : 0.3610 | accuracy : 0.8281 | eval_s : 0.3203  ]
[2026-08-17 10:21:58,356][__main__][INFO] - [RANK 0] [ Train | Step: 49000  |  loss : 0.3461 | accuracy : 0.8370 | opt_sps : 72.9800  ]
[2026-08-17 10:21:58,680][__main__][INFO] - [RANK 0] [ Eval  | Step: 49000  |  loss : 0.3580 | accuracy : 0.8303 | eval_s : 0.3224  ]
[2026-08-17 10:22:05,655][__main__][INFO] - [RANK 0] [ Train | Step: 49500  |  loss : 0.3482 | accuracy : 0.8354 | opt_sps : 72.9668  ]
[2026-08-17 10:22:05,976][__main__][INFO] - [RANK 0] [ Eval  | Step: 49500  |  loss : 0.3568 | accuracy : 0.8285 | eval_s : 0.3202  ]
[2026-08-17 10:22:12,760][__main__][INFO] - [RANK 0] [ Train | Step: 50000  |  loss : 0.3429 | accuracy : 0.8383 | opt_sps : 72.9742  ]
[2026-08-17 10:22:13,080][__main__][INFO] - [RANK 0] [ Eval  | Step: 50000  |  loss : 0.3544 | accuracy : 0.8305 | eval_s : 0.3194  ]
[2026-08-17 10:22:19,860][__main__][INFO] - [RANK 0] [ Train | Step: 50500  |  loss : 0.3468 | accuracy : 0.8372 | opt_sps : 72.9820  ]
[2026-08-17 10:22:20,180][__main__][INFO] - [RANK 0] [ Eval  | Step: 50500  |  loss : 0.3530 | accuracy : 0.8305 | eval_s : 0.3190  ]
[2026-08-17 10:22:27,032][__main__][INFO] - [RANK 0] [ Train | Step: 51000  |  loss : 0.3386 | accuracy : 0.8412 | opt_sps : 72.9821  ]
[2026-08-17 10:22:27,353][__main__][INFO] - [RANK 0] [ Eval  | Step: 51000  |  loss : 0.3554 | accuracy : 0.8318 | eval_s : 0.3199  ]
[2026-08-17 10:22:34,168][__main__][INFO] - [RANK 0] [ Train | Step: 51500  |  loss : 0.3394 | accuracy : 0.8400 | opt_sps : 72.9857  ]
[2026-08-17 10:22:34,489][__main__][INFO] - [RANK 0] [ Eval  | Step: 51500  |  loss : 0.3515 | accuracy : 0.8330 | eval_s : 0.3193  ]
[2026-08-17 10:22:41,301][__main__][INFO] - [RANK 0] [ Train | Step: 52000  |  loss : 0.3370 | accuracy : 0.8410 | opt_sps : 72.9898  ]
[2026-08-17 10:22:41,624][__main__][INFO] - [RANK 0] [ Eval  | Step: 52000  |  loss : 0.3521 | accuracy : 0.8307 | eval_s : 0.3225  ]
[2026-08-17 10:22:48,766][__main__][INFO] - [RANK 0] [ Train | Step: 52500  |  loss : 0.3371 | accuracy : 0.8407 | opt_sps : 72.9602  ]
[2026-08-17 10:22:49,091][__main__][INFO] - [RANK 0] [ Eval  | Step: 52500  |  loss : 0.3499 | accuracy : 0.8329 | eval_s : 0.3235  ]
[2026-08-17 10:22:56,032][__main__][INFO] - [RANK 0] [ Train | Step: 53000  |  loss : 0.3356 | accuracy : 0.8416 | opt_sps : 72.9516  ]
[2026-08-17 10:22:56,353][__main__][INFO] - [RANK 0] [ Eval  | Step: 53000  |  loss : 0.3513 | accuracy : 0.8310 | eval_s : 0.3195  ]
[2026-08-17 10:23:03,059][__main__][INFO] - [RANK 0] [ Train | Step: 53500  |  loss : 0.3334 | accuracy : 0.8438 | opt_sps : 72.9662  ]
[2026-08-17 10:23:03,379][__main__][INFO] - [RANK 0] [ Eval  | Step: 53500  |  loss : 0.3487 | accuracy : 0.8333 | eval_s : 0.3190  ]
[2026-08-17 10:23:10,326][__main__][INFO] - [RANK 0] [ Train | Step: 54000  |  loss : 0.3368 | accuracy : 0.8416 | opt_sps : 72.9571  ]
[2026-08-17 10:23:10,662][__main__][INFO] - [RANK 0] [ Eval  | Step: 54000  |  loss : 0.3484 | accuracy : 0.8336 | eval_s : 0.3352  ]
[2026-08-17 10:23:17,719][__main__][INFO] - [RANK 0] [ Train | Step: 54500  |  loss : 0.3338 | accuracy : 0.8421 | opt_sps : 72.9374  ]
[2026-08-17 10:23:18,041][__main__][INFO] - [RANK 0] [ Eval  | Step: 54500  |  loss : 0.3455 | accuracy : 0.8352 | eval_s : 0.3206  ]
[2026-08-17 10:23:25,117][__main__][INFO] - [RANK 0] [ Train | Step: 55000  |  loss : 0.3304 | accuracy : 0.8443 | opt_sps : 72.9162  ]
[2026-08-17 10:23:25,439][__main__][INFO] - [RANK 0] [ Eval  | Step: 55000  |  loss : 0.3481 | accuracy : 0.8348 | eval_s : 0.3213  ]
[2026-08-17 10:23:32,219][__main__][INFO] - [RANK 0] [ Train | Step: 55500  |  loss : 0.3293 | accuracy : 0.8453 | opt_sps : 72.9236  ]
[2026-08-17 10:23:32,540][__main__][INFO] - [RANK 0] [ Eval  | Step: 55500  |  loss : 0.3444 | accuracy : 0.8339 | eval_s : 0.3207  ]
[2026-08-17 10:23:39,384][__main__][INFO] - [RANK 0] [ Train | Step: 56000  |  loss : 0.3290 | accuracy : 0.8462 | opt_sps : 72.9250  ]
[2026-08-17 10:23:39,706][__main__][INFO] - [RANK 0] [ Eval  | Step: 56000  |  loss : 0.3433 | accuracy : 0.8349 | eval_s : 0.3211  ]
[2026-08-17 10:23:46,583][__main__][INFO] - [RANK 0] [ Train | Step: 56500  |  loss : 0.3245 | accuracy : 0.8477 | opt_sps : 72.9232  ]
[2026-08-17 10:23:46,904][__main__][INFO] - [RANK 0] [ Eval  | Step: 56500  |  loss : 0.3455 | accuracy : 0.8363 | eval_s : 0.3201  ]
[2026-08-17 10:23:53,867][__main__][INFO] - [RANK 0] [ Train | Step: 57000  |  loss : 0.3264 | accuracy : 0.8477 | opt_sps : 72.9132  ]
[2026-08-17 10:23:54,189][__main__][INFO] - [RANK 0] [ Eval  | Step: 57000  |  loss : 0.3487 | accuracy : 0.8340 | eval_s : 0.3212  ]
[2026-08-17 10:24:01,293][__main__][INFO] - [RANK 0] [ Train | Step: 57500  |  loss : 0.3266 | accuracy : 0.8474 | opt_sps : 72.8905  ]
[2026-08-17 10:24:01,616][__main__][INFO] - [RANK 0] [ Eval  | Step: 57500  |  loss : 0.3449 | accuracy : 0.8347 | eval_s : 0.3227  ]
[2026-08-17 10:24:08,830][__main__][INFO] - [RANK 0] [ Train | Step: 58000  |  loss : 0.3262 | accuracy : 0.8467 | opt_sps : 72.8581  ]
[2026-08-17 10:24:09,150][__main__][INFO] - [RANK 0] [ Eval  | Step: 58000  |  loss : 0.3407 | accuracy : 0.8370 | eval_s : 0.3192  ]
[2026-08-17 10:24:16,506][__main__][INFO] - [RANK 0] [ Train | Step: 58500  |  loss : 0.3260 | accuracy : 0.8465 | opt_sps : 72.8136  ]
[2026-08-17 10:24:16,832][__main__][INFO] - [RANK 0] [ Eval  | Step: 58500  |  loss : 0.3435 | accuracy : 0.8367 | eval_s : 0.3257  ]
[2026-08-17 10:24:23,917][__main__][INFO] - [RANK 0] [ Train | Step: 59000  |  loss : 0.3245 | accuracy : 0.8471 | opt_sps : 72.7940  ]
[2026-08-17 10:24:24,244][__main__][INFO] - [RANK 0] [ Eval  | Step: 59000  |  loss : 0.3425 | accuracy : 0.8356 | eval_s : 0.3256  ]
[2026-08-17 10:24:31,252][__main__][INFO] - [RANK 0] [ Train | Step: 59500  |  loss : 0.3175 | accuracy : 0.8510 | opt_sps : 72.7815  ]
[2026-08-17 10:24:31,575][__main__][INFO] - [RANK 0] [ Eval  | Step: 59500  |  loss : 0.3409 | accuracy : 0.8376 | eval_s : 0.3218  ]
[2026-08-17 10:24:38,327][__main__][INFO] - [RANK 0] [ Train | Step: 60000  |  loss : 0.3183 | accuracy : 0.8520 | opt_sps : 72.7920  ]
[2026-08-17 10:24:38,648][__main__][INFO] - [RANK 0] [ Eval  | Step: 60000  |  loss : 0.3439 | accuracy : 0.8370 | eval_s : 0.3200  ]
[2026-08-17 10:24:45,290][__main__][INFO] - [RANK 0] [ Train | Step: 60500  |  loss : 0.3195 | accuracy : 0.8520 | opt_sps : 72.8118  ]
[2026-08-17 10:24:45,609][__main__][INFO] - [RANK 0] [ Eval  | Step: 60500  |  loss : 0.3407 | accuracy : 0.8382 | eval_s : 0.3184  ]
[2026-08-17 10:24:52,474][__main__][INFO] - [RANK 0] [ Train | Step: 61000  |  loss : 0.3192 | accuracy : 0.8503 | opt_sps : 72.8121  ]
[2026-08-17 10:24:52,794][__main__][INFO] - [RANK 0] [ Eval  | Step: 61000  |  loss : 0.3426 | accuracy : 0.8380 | eval_s : 0.3190  ]
[2026-08-17 10:24:59,635][__main__][INFO] - [RANK 0] [ Train | Step: 61500  |  loss : 0.3168 | accuracy : 0.8523 | opt_sps : 72.8144  ]
[2026-08-17 10:24:59,955][__main__][INFO] - [RANK 0] [ Eval  | Step: 61500  |  loss : 0.3412 | accuracy : 0.8378 | eval_s : 0.3191  ]
[2026-08-17 10:25:06,633][__main__][INFO] - [RANK 0] [ Train | Step: 62000  |  loss : 0.3189 | accuracy : 0.8507 | opt_sps : 72.8305  ]
[2026-08-17 10:25:06,954][__main__][INFO] - [RANK 0] [ Eval  | Step: 62000  |  loss : 0.3396 | accuracy : 0.8368 | eval_s : 0.3195  ]
[2026-08-17 10:25:13,602][__main__][INFO] - [RANK 0] [ Train | Step: 62500  |  loss : 0.3180 | accuracy : 0.8504 | opt_sps : 72.8490  ]
[2026-08-17 10:25:13,924][__main__][INFO] - [RANK 0] [ Eval  | Step: 62500  |  loss : 0.3379 | accuracy : 0.8372 | eval_s : 0.3210  ]
[2026-08-17 10:25:20,679][__main__][INFO] - [RANK 0] [ Train | Step: 63000  |  loss : 0.3181 | accuracy : 0.8504 | opt_sps : 72.8583  ]
[2026-08-17 10:25:21,000][__main__][INFO] - [RANK 0] [ Eval  | Step: 63000  |  loss : 0.3377 | accuracy : 0.8407 | eval_s : 0.3205  ]
[2026-08-17 10:25:27,685][__main__][INFO] - [RANK 0] [ Train | Step: 63500  |  loss : 0.3132 | accuracy : 0.8544 | opt_sps : 72.8734  ]
[2026-08-17 10:25:28,005][__main__][INFO] - [RANK 0] [ Eval  | Step: 63500  |  loss : 0.3403 | accuracy : 0.8390 | eval_s : 0.3193  ]
[2026-08-17 10:25:34,655][__main__][INFO] - [RANK 0] [ Train | Step: 64000  |  loss : 0.3117 | accuracy : 0.8549 | opt_sps : 72.8909  ]
[2026-08-17 10:25:34,975][__main__][INFO] - [RANK 0] [ Eval  | Step: 64000  |  loss : 0.3404 | accuracy : 0.8383 | eval_s : 0.3188  ]
[2026-08-17 10:25:41,632][__main__][INFO] - [RANK 0] [ Train | Step: 64500  |  loss : 0.3101 | accuracy : 0.8550 | opt_sps : 72.9075  ]
[2026-08-17 10:25:41,952][__main__][INFO] - [RANK 0] [ Eval  | Step: 64500  |  loss : 0.3398 | accuracy : 0.8397 | eval_s : 0.3189  ]
[2026-08-17 10:25:48,749][__main__][INFO] - [RANK 0] [ Train | Step: 65000  |  loss : 0.3135 | accuracy : 0.8532 | opt_sps : 72.9125  ]
[2026-08-17 10:25:49,071][__main__][INFO] - [RANK 0] [ Eval  | Step: 65000  |  loss : 0.3415 | accuracy : 0.8405 | eval_s : 0.3203  ]
[2026-08-17 10:25:55,730][__main__][INFO] - [RANK 0] [ Train | Step: 65500  |  loss : 0.3107 | accuracy : 0.8553 | opt_sps : 72.9286  ]
[2026-08-17 10:25:56,049][__main__][INFO] - [RANK 0] [ Eval  | Step: 65500  |  loss : 0.3382 | accuracy : 0.8391 | eval_s : 0.3183  ]
[2026-08-17 10:26:02,615][__main__][INFO] - [RANK 0] [ Train | Step: 66000  |  loss : 0.3111 | accuracy : 0.8549 | opt_sps : 72.9520  ]
[2026-08-17 10:26:02,938][__main__][INFO] - [RANK 0] [ Eval  | Step: 66000  |  loss : 0.3383 | accuracy : 0.8394 | eval_s : 0.3220  ]
[2026-08-17 10:26:09,658][__main__][INFO] - [RANK 0] [ Train | Step: 66500  |  loss : 0.3110 | accuracy : 0.8564 | opt_sps : 72.9627  ]
[2026-08-17 10:26:09,978][__main__][INFO] - [RANK 0] [ Eval  | Step: 66500  |  loss : 0.3374 | accuracy : 0.8390 | eval_s : 0.3194  ]
[2026-08-17 10:26:16,772][__main__][INFO] - [RANK 0] [ Train | Step: 67000  |  loss : 0.3120 | accuracy : 0.8534 | opt_sps : 72.9674  ]
[2026-08-17 10:26:17,093][__main__][INFO] - [RANK 0] [ Eval  | Step: 67000  |  loss : 0.3381 | accuracy : 0.8391 | eval_s : 0.3197  ]
[2026-08-17 10:26:23,777][__main__][INFO] - [RANK 0] [ Train | Step: 67500  |  loss : 0.3108 | accuracy : 0.8556 | opt_sps : 72.9808  ]
[2026-08-17 10:26:24,097][__main__][INFO] - [RANK 0] [ Eval  | Step: 67500  |  loss : 0.3378 | accuracy : 0.8411 | eval_s : 0.3197  ]
[2026-08-17 10:26:30,805][__main__][INFO] - [RANK 0] [ Train | Step: 68000  |  loss : 0.3024 | accuracy : 0.8589 | opt_sps : 72.9920  ]
[2026-08-17 10:26:31,124][__main__][INFO] - [RANK 0] [ Eval  | Step: 68000  |  loss : 0.3391 | accuracy : 0.8399 | eval_s : 0.3185  ]
[2026-08-17 10:26:37,814][__main__][INFO] - [RANK 0] [ Train | Step: 68500  |  loss : 0.3040 | accuracy : 0.8592 | opt_sps : 73.0044  ]
[2026-08-17 10:26:38,134][__main__][INFO] - [RANK 0] [ Eval  | Step: 68500  |  loss : 0.3367 | accuracy : 0.8414 | eval_s : 0.3188  ]
[2026-08-17 10:26:44,730][__main__][INFO] - [RANK 0] [ Train | Step: 69000  |  loss : 0.3038 | accuracy : 0.8585 | opt_sps : 73.0241  ]
[2026-08-17 10:26:45,050][__main__][INFO] - [RANK 0] [ Eval  | Step: 69000  |  loss : 0.3390 | accuracy : 0.8393 | eval_s : 0.3187  ]
[2026-08-17 10:26:51,622][__main__][INFO] - [RANK 0] [ Train | Step: 69500  |  loss : 0.3079 | accuracy : 0.8558 | opt_sps : 73.0451  ]
[2026-08-17 10:26:51,942][__main__][INFO] - [RANK 0] [ Eval  | Step: 69500  |  loss : 0.3374 | accuracy : 0.8399 | eval_s : 0.3192  ]
[2026-08-17 10:26:58,727][__main__][INFO] - [RANK 0] [ Train | Step: 70000  |  loss : 0.3050 | accuracy : 0.8582 | opt_sps : 73.0497  ]
[2026-08-17 10:26:59,047][__main__][INFO] - [RANK 0] [ Eval  | Step: 70000  |  loss : 0.3363 | accuracy : 0.8402 | eval_s : 0.3189  ]
[2026-08-17 10:27:05,718][__main__][INFO] - [RANK 0] [ Train | Step: 70500  |  loss : 0.3045 | accuracy : 0.8578 | opt_sps : 73.0630  ]
[2026-08-17 10:27:06,038][__main__][INFO] - [RANK 0] [ Eval  | Step: 70500  |  loss : 0.3393 | accuracy : 0.8404 | eval_s : 0.3185  ]
[2026-08-17 10:27:12,653][__main__][INFO] - [RANK 0] [ Train | Step: 71000  |  loss : 0.3017 | accuracy : 0.8604 | opt_sps : 73.0801  ]
[2026-08-17 10:27:12,973][__main__][INFO] - [RANK 0] [ Eval  | Step: 71000  |  loss : 0.3381 | accuracy : 0.8400 | eval_s : 0.3193  ]
[2026-08-17 10:27:19,572][__main__][INFO] - [RANK 0] [ Train | Step: 71500  |  loss : 0.3046 | accuracy : 0.8599 | opt_sps : 73.0983  ]
[2026-08-17 10:27:19,893][__main__][INFO] - [RANK 0] [ Eval  | Step: 71500  |  loss : 0.3382 | accuracy : 0.8405 | eval_s : 0.3198  ]
[2026-08-17 10:27:26,702][__main__][INFO] - [RANK 0] [ Train | Step: 72000  |  loss : 0.3014 | accuracy : 0.8601 | opt_sps : 73.1006  ]
[2026-08-17 10:27:27,022][__main__][INFO] - [RANK 0] [ Eval  | Step: 72000  |  loss : 0.3391 | accuracy : 0.8406 | eval_s : 0.3187  ]
[2026-08-17 10:27:33,672][__main__][INFO] - [RANK 0] [ Train | Step: 72500  |  loss : 0.2988 | accuracy : 0.8618 | opt_sps : 73.1146  ]
[2026-08-17 10:27:33,992][__main__][INFO] - [RANK 0] [ Eval  | Step: 72500  |  loss : 0.3375 | accuracy : 0.8408 | eval_s : 0.3192  ]
[2026-08-17 10:27:40,671][__main__][INFO] - [RANK 0] [ Train | Step: 73000  |  loss : 0.2963 | accuracy : 0.8630 | opt_sps : 73.1262  ]
[2026-08-17 10:27:40,992][__main__][INFO] - [RANK 0] [ Eval  | Step: 73000  |  loss : 0.3391 | accuracy : 0.8408 | eval_s : 0.3194  ]
[2026-08-17 10:27:47,851][__main__][INFO] - [RANK 0] [ Train | Step: 73500  |  loss : 0.3003 | accuracy : 0.8602 | opt_sps : 73.1246  ]
[2026-08-17 10:27:48,173][__main__][INFO] - [RANK 0] [ Eval  | Step: 73500  |  loss : 0.3384 | accuracy : 0.8400 | eval_s : 0.3208  ]
[2026-08-17 10:27:55,106][__main__][INFO] - [RANK 0] [ Train | Step: 74000  |  loss : 0.2997 | accuracy : 0.8616 | opt_sps : 73.1177  ]
[2026-08-17 10:27:55,427][__main__][INFO] - [RANK 0] [ Eval  | Step: 74000  |  loss : 0.3365 | accuracy : 0.8413 | eval_s : 0.3203  ]
[2026-08-17 10:28:02,222][__main__][INFO] - [RANK 0] [ Train | Step: 74500  |  loss : 0.2991 | accuracy : 0.8604 | opt_sps : 73.1208  ]
[2026-08-17 10:28:02,543][__main__][INFO] - [RANK 0] [ Eval  | Step: 74500  |  loss : 0.3357 | accuracy : 0.8439 | eval_s : 0.3195  ]
[2026-08-17 10:28:09,462][__main__][INFO] - [RANK 0] [ Train | Step: 75000  |  loss : 0.2963 | accuracy : 0.8631 | opt_sps : 73.1151  ]
[2026-08-17 10:28:09,787][__main__][INFO] - [RANK 0] [ Eval  | Step: 75000  |  loss : 0.3340 | accuracy : 0.8435 | eval_s : 0.3239  ]
[2026-08-17 10:28:16,472][__main__][INFO] - [RANK 0] [ Train | Step: 75500  |  loss : 0.2977 | accuracy : 0.8620 | opt_sps : 73.1261  ]
[2026-08-17 10:28:16,792][__main__][INFO] - [RANK 0] [ Eval  | Step: 75500  |  loss : 0.3358 | accuracy : 0.8432 | eval_s : 0.3185  ]
[2026-08-17 10:28:23,581][__main__][INFO] - [RANK 0] [ Train | Step: 76000  |  loss : 0.2971 | accuracy : 0.8620 | opt_sps : 73.1295  ]
[2026-08-17 10:28:23,901][__main__][INFO] - [RANK 0] [ Eval  | Step: 76000  |  loss : 0.3351 | accuracy : 0.8445 | eval_s : 0.3191  ]
[2026-08-17 10:28:30,774][__main__][INFO] - [RANK 0] [ Train | Step: 76500  |  loss : 0.2915 | accuracy : 0.8656 | opt_sps : 73.1270  ]
[2026-08-17 10:28:31,095][__main__][INFO] - [RANK 0] [ Eval  | Step: 76500  |  loss : 0.3367 | accuracy : 0.8411 | eval_s : 0.3199  ]
[2026-08-17 10:28:38,126][__main__][INFO] - [RANK 0] [ Train | Step: 77000  |  loss : 0.2940 | accuracy : 0.8647 | opt_sps : 73.1135  ]
[2026-08-17 10:28:38,447][__main__][INFO] - [RANK 0] [ Eval  | Step: 77000  |  loss : 0.3364 | accuracy : 0.8424 | eval_s : 0.3201  ]
[2026-08-17 10:28:45,253][__main__][INFO] - [RANK 0] [ Train | Step: 77500  |  loss : 0.2922 | accuracy : 0.8654 | opt_sps : 73.1158  ]
[2026-08-17 10:28:45,573][__main__][INFO] - [RANK 0] [ Eval  | Step: 77500  |  loss : 0.3354 | accuracy : 0.8434 | eval_s : 0.3190  ]
[2026-08-17 10:28:52,207][__main__][INFO] - [RANK 0] [ Train | Step: 78000  |  loss : 0.2925 | accuracy : 0.8647 | opt_sps : 73.1297  ]
[2026-08-17 10:28:52,527][__main__][INFO] - [RANK 0] [ Eval  | Step: 78000  |  loss : 0.3353 | accuracy : 0.8413 | eval_s : 0.3184  ]
[2026-08-17 10:28:59,201][__main__][INFO] - [RANK 0] [ Train | Step: 78500  |  loss : 0.2949 | accuracy : 0.8635 | opt_sps : 73.1408  ]
[2026-08-17 10:28:59,527][__main__][INFO] - [RANK 0] [ Eval  | Step: 78500  |  loss : 0.3351 | accuracy : 0.8433 | eval_s : 0.3248  ]
[2026-08-17 10:29:06,318][__main__][INFO] - [RANK 0] [ Train | Step: 79000  |  loss : 0.2955 | accuracy : 0.8637 | opt_sps : 73.1439  ]
[2026-08-17 10:29:06,637][__main__][INFO] - [RANK 0] [ Eval  | Step: 79000  |  loss : 0.3339 | accuracy : 0.8422 | eval_s : 0.3180  ]
[2026-08-17 10:29:13,262][__main__][INFO] - [RANK 0] [ Train | Step: 79500  |  loss : 0.2930 | accuracy : 0.8648 | opt_sps : 73.1582  ]
[2026-08-17 10:29:13,580][__main__][INFO] - [RANK 0] [ Eval  | Step: 79500  |  loss : 0.3346 | accuracy : 0.8436 | eval_s : 0.3179  ]
[2026-08-17 10:29:20,416][__main__][INFO] - [RANK 0] [ Train | Step: 80000  |  loss : 0.2963 | accuracy : 0.8631 | opt_sps : 73.1581  ]
[2026-08-17 10:29:20,737][__main__][INFO] - [RANK 0] [ Eval  | Step: 80000  |  loss : 0.3359 | accuracy : 0.8423 | eval_s : 0.3202  ]
[2026-08-17 10:29:27,680][__main__][INFO] - [RANK 0] [ Train | Step: 80500  |  loss : 0.2911 | accuracy : 0.8660 | opt_sps : 73.1509  ]
[2026-08-17 10:29:28,003][__main__][INFO] - [RANK 0] [ Eval  | Step: 80500  |  loss : 0.3361 | accuracy : 0.8418 | eval_s : 0.3224  ]
[2026-08-17 10:29:34,953][__main__][INFO] - [RANK 0] [ Train | Step: 81000  |  loss : 0.2874 | accuracy : 0.8676 | opt_sps : 73.1433  ]
[2026-08-17 10:29:35,274][__main__][INFO] - [RANK 0] [ Eval  | Step: 81000  |  loss : 0.3347 | accuracy : 0.8435 | eval_s : 0.3202  ]
[2026-08-17 10:29:42,219][__main__][INFO] - [RANK 0] [ Train | Step: 81500  |  loss : 0.2871 | accuracy : 0.8682 | opt_sps : 73.1361  ]
[2026-08-17 10:29:42,540][__main__][INFO] - [RANK 0] [ Eval  | Step: 81500  |  loss : 0.3350 | accuracy : 0.8434 | eval_s : 0.3194  ]
[2026-08-17 10:29:49,402][__main__][INFO] - [RANK 0] [ Train | Step: 82000  |  loss : 0.2910 | accuracy : 0.8645 | opt_sps : 73.1345  ]
[2026-08-17 10:29:49,724][__main__][INFO] - [RANK 0] [ Eval  | Step: 82000  |  loss : 0.3358 | accuracy : 0.8423 | eval_s : 0.3209  ]
[2026-08-17 10:29:56,617][__main__][INFO] - [RANK 0] [ Train | Step: 82500  |  loss : 0.2904 | accuracy : 0.8665 | opt_sps : 73.1308  ]
[2026-08-17 10:29:56,938][__main__][INFO] - [RANK 0] [ Eval  | Step: 82500  |  loss : 0.3357 | accuracy : 0.8425 | eval_s : 0.3202  ]
[2026-08-17 10:30:03,929][__main__][INFO] - [RANK 0] [ Train | Step: 83000  |  loss : 0.2902 | accuracy : 0.8647 | opt_sps : 73.1209  ]
[2026-08-17 10:30:04,252][__main__][INFO] - [RANK 0] [ Eval  | Step: 83000  |  loss : 0.3345 | accuracy : 0.8425 | eval_s : 0.3212  ]
[2026-08-17 10:30:11,090][__main__][INFO] - [RANK 0] [ Train | Step: 83500  |  loss : 0.2900 | accuracy : 0.8666 | opt_sps : 73.1209  ]
[2026-08-17 10:30:11,415][__main__][INFO] - [RANK 0] [ Eval  | Step: 83500  |  loss : 0.3354 | accuracy : 0.8432 | eval_s : 0.3247  ]
[2026-08-17 10:30:18,106][__main__][INFO] - [RANK 0] [ Train | Step: 84000  |  loss : 0.2901 | accuracy : 0.8666 | opt_sps : 73.1302  ]
[2026-08-17 10:30:18,428][__main__][INFO] - [RANK 0] [ Eval  | Step: 84000  |  loss : 0.3367 | accuracy : 0.8442 | eval_s : 0.3207  ]
[2026-08-17 10:30:25,413][__main__][INFO] - [RANK 0] [ Train | Step: 84500  |  loss : 0.2859 | accuracy : 0.8689 | opt_sps : 73.1209  ]
[2026-08-17 10:30:25,736][__main__][INFO] - [RANK 0] [ Eval  | Step: 84500  |  loss : 0.3369 | accuracy : 0.8433 | eval_s : 0.3220  ]
[2026-08-17 10:30:32,603][__main__][INFO] - [RANK 0] [ Train | Step: 85000  |  loss : 0.2880 | accuracy : 0.8670 | opt_sps : 73.1190  ]
[2026-08-17 10:30:32,922][__main__][INFO] - [RANK 0] [ Eval  | Step: 85000  |  loss : 0.3355 | accuracy : 0.8430 | eval_s : 0.3181  ]
[2026-08-17 10:30:39,834][__main__][INFO] - [RANK 0] [ Train | Step: 85500  |  loss : 0.2864 | accuracy : 0.8689 | opt_sps : 73.1144  ]
[2026-08-17 10:30:40,161][__main__][INFO] - [RANK 0] [ Eval  | Step: 85500  |  loss : 0.3355 | accuracy : 0.8427 | eval_s : 0.3255  ]
[2026-08-17 10:30:47,047][__main__][INFO] - [RANK 0] [ Train | Step: 86000  |  loss : 0.2860 | accuracy : 0.8677 | opt_sps : 73.1115  ]
[2026-08-17 10:30:47,374][__main__][INFO] - [RANK 0] [ Eval  | Step: 86000  |  loss : 0.3347 | accuracy : 0.8431 | eval_s : 0.3255  ]
[2026-08-17 10:30:54,276][__main__][INFO] - [RANK 0] [ Train | Step: 86500  |  loss : 0.2833 | accuracy : 0.8695 | opt_sps : 73.1075  ]
[2026-08-17 10:30:54,601][__main__][INFO] - [RANK 0] [ Eval  | Step: 86500  |  loss : 0.3365 | accuracy : 0.8430 | eval_s : 0.3237  ]
[2026-08-17 10:31:01,463][__main__][INFO] - [RANK 0] [ Train | Step: 87000  |  loss : 0.2868 | accuracy : 0.8687 | opt_sps : 73.1061  ]
[2026-08-17 10:31:01,790][__main__][INFO] - [RANK 0] [ Eval  | Step: 87000  |  loss : 0.3360 | accuracy : 0.8420 | eval_s : 0.3258  ]
[2026-08-17 10:31:08,932][__main__][INFO] - [RANK 0] [ Train | Step: 87500  |  loss : 0.2879 | accuracy : 0.8673 | opt_sps : 73.0876  ]
[2026-08-17 10:31:09,256][__main__][INFO] - [RANK 0] [ Eval  | Step: 87500  |  loss : 0.3350 | accuracy : 0.8417 | eval_s : 0.3227  ]
[2026-08-17 10:31:16,047][__main__][INFO] - [RANK 0] [ Train | Step: 88000  |  loss : 0.2872 | accuracy : 0.8674 | opt_sps : 73.0906  ]
[2026-08-17 10:31:16,367][__main__][INFO] - [RANK 0] [ Eval  | Step: 88000  |  loss : 0.3357 | accuracy : 0.8428 | eval_s : 0.3187  ]
[2026-08-17 10:31:23,087][__main__][INFO] - [RANK 0] [ Train | Step: 88500  |  loss : 0.2867 | accuracy : 0.8682 | opt_sps : 73.0979  ]
[2026-08-17 10:31:23,419][__main__][INFO] - [RANK 0] [ Eval  | Step: 88500  |  loss : 0.3358 | accuracy : 0.8435 | eval_s : 0.3305  ]
[2026-08-17 10:31:30,211][__main__][INFO] - [RANK 0] [ Train | Step: 89000  |  loss : 0.2829 | accuracy : 0.8700 | opt_sps : 73.1008  ]
[2026-08-17 10:31:30,531][__main__][INFO] - [RANK 0] [ Eval  | Step: 89000  |  loss : 0.3350 | accuracy : 0.8430 | eval_s : 0.3192  ]
[2026-08-17 10:31:37,829][__main__][INFO] - [RANK 0] [ Train | Step: 89500  |  loss : 0.2828 | accuracy : 0.8704 | opt_sps : 73.0735  ]
[2026-08-17 10:31:38,162][__main__][INFO] - [RANK 0] [ Eval  | Step: 89500  |  loss : 0.3347 | accuracy : 0.8436 | eval_s : 0.3320  ]
[2026-08-17 10:31:45,524][__main__][INFO] - [RANK 0] [ Train | Step: 90000  |  loss : 0.2841 | accuracy : 0.8694 | opt_sps : 73.0426  ]
[2026-08-17 10:31:45,852][__main__][INFO] - [RANK 0] [ Eval  | Step: 90000  |  loss : 0.3360 | accuracy : 0.8420 | eval_s : 0.3263  ]
[2026-08-17 10:31:52,864][__main__][INFO] - [RANK 0] [ Train | Step: 90500  |  loss : 0.2845 | accuracy : 0.8691 | opt_sps : 73.0327  ]
[2026-08-17 10:31:53,189][__main__][INFO] - [RANK 0] [ Eval  | Step: 90500  |  loss : 0.3359 | accuracy : 0.8425 | eval_s : 0.3233  ]
[2026-08-17 10:32:00,488][__main__][INFO] - [RANK 0] [ Train | Step: 91000  |  loss : 0.2848 | accuracy : 0.8705 | opt_sps : 73.0062  ]
[2026-08-17 10:32:00,811][__main__][INFO] - [RANK 0] [ Eval  | Step: 91000  |  loss : 0.3358 | accuracy : 0.8423 | eval_s : 0.3221  ]
[2026-08-17 10:32:08,334][__main__][INFO] - [RANK 0] [ Train | Step: 91500  |  loss : 0.2864 | accuracy : 0.8677 | opt_sps : 72.9670  ]
[2026-08-17 10:32:08,660][__main__][INFO] - [RANK 0] [ Eval  | Step: 91500  |  loss : 0.3361 | accuracy : 0.8436 | eval_s : 0.3250  ]
[2026-08-17 10:32:15,484][__main__][INFO] - [RANK 0] [ Train | Step: 92000  |  loss : 0.2843 | accuracy : 0.8689 | opt_sps : 72.9686  ]
[2026-08-17 10:32:15,805][__main__][INFO] - [RANK 0] [ Eval  | Step: 92000  |  loss : 0.3364 | accuracy : 0.8429 | eval_s : 0.3201  ]
[2026-08-17 10:32:22,563][__main__][INFO] - [RANK 0] [ Train | Step: 92500  |  loss : 0.2833 | accuracy : 0.8695 | opt_sps : 72.9740  ]
[2026-08-17 10:32:22,886][__main__][INFO] - [RANK 0] [ Eval  | Step: 92500  |  loss : 0.3351 | accuracy : 0.8430 | eval_s : 0.3213  ]
[2026-08-17 10:32:29,522][__main__][INFO] - [RANK 0] [ Train | Step: 93000  |  loss : 0.2840 | accuracy : 0.8697 | opt_sps : 72.9864  ]
[2026-08-17 10:32:29,841][__main__][INFO] - [RANK 0] [ Eval  | Step: 93000  |  loss : 0.3354 | accuracy : 0.8431 | eval_s : 0.3188  ]
[2026-08-17 10:32:36,492][__main__][INFO] - [RANK 0] [ Train | Step: 93500  |  loss : 0.2842 | accuracy : 0.8692 | opt_sps : 72.9978  ]
[2026-08-17 10:32:36,812][__main__][INFO] - [RANK 0] [ Eval  | Step: 93500  |  loss : 0.3362 | accuracy : 0.8429 | eval_s : 0.3189  ]
[2026-08-17 10:32:43,506][__main__][INFO] - [RANK 0] [ Train | Step: 94000  |  loss : 0.2829 | accuracy : 0.8706 | opt_sps : 73.0066  ]
[2026-08-17 10:32:43,829][__main__][INFO] - [RANK 0] [ Eval  | Step: 94000  |  loss : 0.3365 | accuracy : 0.8416 | eval_s : 0.3223  ]
[2026-08-17 10:32:50,797][__main__][INFO] - [RANK 0] [ Train | Step: 94500  |  loss : 0.2825 | accuracy : 0.8701 | opt_sps : 72.9998  ]
[2026-08-17 10:32:51,119][__main__][INFO] - [RANK 0] [ Eval  | Step: 94500  |  loss : 0.3352 | accuracy : 0.8438 | eval_s : 0.3205  ]
[2026-08-17 10:32:58,084][__main__][INFO] - [RANK 0] [ Train | Step: 95000  |  loss : 0.2825 | accuracy : 0.8706 | opt_sps : 72.9933  ]
[2026-08-17 10:32:58,412][__main__][INFO] - [RANK 0] [ Eval  | Step: 95000  |  loss : 0.3349 | accuracy : 0.8437 | eval_s : 0.3268  ]
[2026-08-17 10:33:05,376][__main__][INFO] - [RANK 0] [ Train | Step: 95500  |  loss : 0.2832 | accuracy : 0.8697 | opt_sps : 72.9869  ]
[2026-08-17 10:33:05,699][__main__][INFO] - [RANK 0] [ Eval  | Step: 95500  |  loss : 0.3346 | accuracy : 0.8434 | eval_s : 0.3212  ]
[2026-08-17 10:33:12,499][__main__][INFO] - [RANK 0] [ Train | Step: 96000  |  loss : 0.2797 | accuracy : 0.8722 | opt_sps : 72.9897  ]
[2026-08-17 10:33:12,820][__main__][INFO] - [RANK 0] [ Eval  | Step: 96000  |  loss : 0.3359 | accuracy : 0.8438 | eval_s : 0.3201  ]
[2026-08-17 10:33:19,432][__main__][INFO] - [RANK 0] [ Train | Step: 96500  |  loss : 0.2822 | accuracy : 0.8705 | opt_sps : 73.0029  ]
[2026-08-17 10:33:19,752][__main__][INFO] - [RANK 0] [ Eval  | Step: 96500  |  loss : 0.3363 | accuracy : 0.8428 | eval_s : 0.3186  ]
[2026-08-17 10:33:26,482][__main__][INFO] - [RANK 0] [ Train | Step: 97000  |  loss : 0.2825 | accuracy : 0.8705 | opt_sps : 73.0094  ]
[2026-08-17 10:33:26,804][__main__][INFO] - [RANK 0] [ Eval  | Step: 97000  |  loss : 0.3364 | accuracy : 0.8423 | eval_s : 0.3206  ]
[2026-08-17 10:33:33,530][__main__][INFO] - [RANK 0] [ Train | Step: 97500  |  loss : 0.2839 | accuracy : 0.8691 | opt_sps : 73.0161  ]
[2026-08-17 10:33:33,849][__main__][INFO] - [RANK 0] [ Eval  | Step: 97500  |  loss : 0.3358 | accuracy : 0.8437 | eval_s : 0.3187  ]
[2026-08-17 10:33:40,547][__main__][INFO] - [RANK 0] [ Train | Step: 98000  |  loss : 0.2810 | accuracy : 0.8719 | opt_sps : 73.0243  ]
[2026-08-17 10:33:40,867][__main__][INFO] - [RANK 0] [ Eval  | Step: 98000  |  loss : 0.3359 | accuracy : 0.8430 | eval_s : 0.3188  ]
[2026-08-17 10:33:47,495][__main__][INFO] - [RANK 0] [ Train | Step: 98500  |  loss : 0.2829 | accuracy : 0.8702 | opt_sps : 73.0361  ]
[2026-08-17 10:33:47,814][__main__][INFO] - [RANK 0] [ Eval  | Step: 98500  |  loss : 0.3348 | accuracy : 0.8440 | eval_s : 0.3188  ]
[2026-08-17 10:33:54,460][__main__][INFO] - [RANK 0] [ Train | Step: 99000  |  loss : 0.2797 | accuracy : 0.8713 | opt_sps : 73.0469  ]
[2026-08-17 10:33:54,779][__main__][INFO] - [RANK 0] [ Eval  | Step: 99000  |  loss : 0.3351 | accuracy : 0.8428 | eval_s : 0.3181  ]
[2026-08-17 10:34:01,456][__main__][INFO] - [RANK 0] [ Train | Step: 99500  |  loss : 0.2850 | accuracy : 0.8693 | opt_sps : 73.0560  ]
[2026-08-17 10:34:01,775][__main__][INFO] - [RANK 0] [ Eval  | Step: 99500  |  loss : 0.3362 | accuracy : 0.8427 | eval_s : 0.3189  ]
[2026-08-17 10:34:08,568][__main__][INFO] - [RANK 0] [ Train | Step: 100000 |  loss : 0.2819 | accuracy : 0.8706 | opt_sps : 73.0587  ]
[2026-08-17 10:34:08,887][__main__][INFO] - [RANK 0] [ Eval  | Step: 100000 |  loss : 0.3354 | accuracy : 0.8432 | eval_s : 0.3187  ]
[2026-08-17 10:34:08,889][__main__][INFO] - [RANK 0] loading best model
[2026-08-17 10:34:08,891][__main__][INFO] - [RANK 0] [Eval  | Summary |  best_loss : 0.3339 | best_step : 79000.0000 ]
[2026-08-17 10:34:09,211][__main__][INFO] - [RANK 0] [Test  | Summary |  model/phase_R : 0.9690 | model/gate_offdiag : 0.9436 | model/vote_agreement : 0.7102 | model/evidence_ratio : 84.2906 | loss/cross_entropy : 0.3293 | loss/loss : 0.3293 | callbacks/accuracy : 0.8446 | callbacks/non_relational_accuracy : 0.9999 | callbacks/binary_accuracy : 0.8895 | callbacks/ternary_accuracy : 0.6445 | callbacks/query_shape_accuracy : 1.0000 | callbacks/left_of_centre_accuracy : 1.0000 | callbacks/top_half_accuracy : 0.9997 | callbacks/closest_shape_accuracy : 0.8017 | callbacks/furthest_shape_accuracy : 0.8723 | callbacks/count_same_shape_accuracy : 1.0000 | callbacks/count_in_box_accuracy : 0.7780 | callbacks/on_band_accuracy : 0.6786 | callbacks/count_obtuse_accuracy : 0.4727 | timing/eval_s : 0.3191 ]
wandb: updating run metadata
wandb: uploading history steps 197-199, summary, console lines 526-532
wandb: 
wandb: Run history:
wandb:                  eval_callbacks/accuracy ▁▃▅▄▄▄▅▅▆▆▆▇▇▇▇▇▇▇▇▇████████████████████
wandb:           eval_callbacks/binary_accuracy ▁▁▂▂▂▂▂▆▇▇▇▇▇▇▇▇████████████████████████
wandb:    eval_callbacks/closest_shape_accuracy ▁▂▄▄▅▄▅▅▆▇▆▆▇▇▇█▇████▇██████████████████
wandb:     eval_callbacks/count_in_box_accuracy ▁▁▁▁▁▁▁▁▂▂▄▄▄▅▅▆▅▇▇▇▇▇▇████▇▇███▇█▇█▇███
wandb:     eval_callbacks/count_obtuse_accuracy ▂▂▂▂▂▂▁▃▃▃▄▄▄▅▆▇▆▇▆▇▇▇▇▇▇██▇▇█▇▇▇▇▇█████
wandb: eval_callbacks/count_same_shape_accuracy ▁▁▁▁▁▂▁▄▅▅▇█████████████████████████████
wandb:   eval_callbacks/furthest_shape_accuracy ▁▂▂▄▃▂▄▄▄▅▅▅▅▅▅▅▅▅▅▅▆▆▆▇▇▇██████████████
wandb:   eval_callbacks/left_of_centre_accuracy ▁▅█▇▇▇▆▆▇▆▅▇▇▆▆█▆█▆▇▇▇▇▇▇▇▇▇▇▇▇▇▇▇▇▇▇▇▇▇
wandb:   eval_callbacks/non_relational_accuracy ▁▅▅█████████████████████████████████████
wandb:          eval_callbacks/on_band_accuracy ▂▁▂▂▂▁▂▂▃▂▃▆▆▆▆▆▇▇▇▇▆▇▇▇▇▇▇▇█▇██████████
wandb:                                      +32 ...
wandb: 
wandb: Run summary:
wandb:                           eval/best_loss 0.33387
wandb:                           eval/best_step 79000
wandb:                  eval_callbacks/accuracy 0.84323
wandb:           eval_callbacks/binary_accuracy 0.88561
wandb:    eval_callbacks/closest_shape_accuracy 0.79301
wandb:     eval_callbacks/count_in_box_accuracy 0.76731
wandb:     eval_callbacks/count_obtuse_accuracy 0.48122
wandb: eval_callbacks/count_same_shape_accuracy 1.0
wandb:   eval_callbacks/furthest_shape_accuracy 0.86543
wandb:   eval_callbacks/left_of_centre_accuracy 0.99941
wandb:                                      +54 ...
wandb: 
wandb: 🚀 View run sort_of_clevr/syncnet::multirun::2026-08-17_07-27-27::7 at: https://wandb.ai/niks_priv/sort_of_clevr/runs/l74skmzc
wandb: ⭐️ View project at: https://wandb.ai/niks_priv/sort_of_clevr
wandb: Synced 5 W&B file(s), 0 media file(s), 0 artifact file(s) and 0 other file(s)
wandb: Find logs at: ./outputs/sort_of_clevr/multirun/2026-08-17_07-27-27/7/wandb/run-20260817_101014-l74skmzc/logs
[2026-08-17 10:34:10,371][HYDRA] 	#8 : model.module_dim=512 model.n_modules=4 model.partition=quadrant train.seed=2 task=sort_of_clevr experiment=sort_of_clevr/syncnet/scale
wandb: setting up run zuplxob5
wandb: Tracking run with wandb version 0.27.2
wandb: Run data is saved locally in /home/nik/workspace/ImperialWork/msc_project/SyncNetProject/outputs/sort_of_clevr/multirun/2026-08-17_07-27-27/8/wandb/run-20260817_103411-zuplxob5
wandb: Run `wandb offline` to turn off syncing.
wandb: Syncing run sort_of_clevr/syncnet::multirun::2026-08-17_07-27-27::8
wandb: ⭐️ View project at https://wandb.ai/niks_priv/sort_of_clevr
wandb: 🚀 View run at https://wandb.ai/niks_priv/sort_of_clevr/runs/zuplxob5
[2026-08-17 10:34:12,364][__main__][INFO] - [RANK 0] Starting training
[2026-08-17 10:34:12,364][__main__][INFO] - [RANK 0] Model: SortOfClevrSyncNet
[2026-08-17 10:34:12,365][__main__][INFO] - [RANK 0] Parameters: total=1712464
[2026-08-17 10:34:12,367][__main__][INFO] - [RANK 0] Config:
train:
  seed: 2
  n_steps: 100000
  train_bs: 256
  val_bs: 1024
  early_stop_metric: loss
  early_stop_big_is_better: false
  early_stop_patience: 1000000
  early_stop_min_delta: 0.0
  mixed_precision: bf16
  compile_model: false
  grad_accum: 1
  grad_clip: 1.0
  loader_mode: gpu_cached
  num_workers: 0
logging:
  eval_log_interval: 500
  train_log_interval: 500
  info_metrics:
  - loss
  - accuracy
  save_best: true
wandb:
  enabled: true
  project_name: sort_of_clevr
  entity: niks_priv
  tags: []
  run_name: null
optim:
  optimiser: adamw
  lr: 0.0003
  weight_decay: 0.01
  lr_scheduler: warmup_cosine
  lr_scheduler_params:
    warmup_steps: 2000
dataset:
  name: sort_of_clevr
  root: ./data
  dir: sort_of_clevr-seed1-train36000-test1000-img75-obj5-q10-t-1
  seed: 1
  train_size: 36000
  test_size: 1000
  img_size: 75
  obj_size: 5
  nb_questions: 10
  t_subtype: -1
model:
  name: sort_of_clevr_syncnet
  q_conditioning: film
  q_emb_dim: 32
  partition: quadrant
  use_pos_emb: true
  n_modules: 4
  module_dim: 512
  content_dim: 8
  query_hidden: 64
  beta_init: 5.0
  learn_beta: true
  use_module_embed: false
  embed_scale: 1.0
  gate_mode: phase
  T: 6
  dt: 0.1
  omega_init: 0.5
  learn_omega: true
  k_hidden: 64
  deterministic_phase: false
  msg_dim: 64
  msg_agg: mean
  readout_mode: sum
  hidden_dim: 128
  use_prior_head: true
  vote_sees_q: true
  encoder:
    name: patchify
    ch: 128
    patch_size: 5
    hidden: 64
callbacks:
- name: accuracy
- name: qtype_accuracy
- name: subtype_accuracy

[2026-08-17 10:34:12,368][__main__][INFO] - [RANK 0] Full model:
SortOfClevrSyncNet(
  (inner): VQASyncNet(
    (q_encoder): IdentityQuestionEncoder()
    (film_gamma): Linear(in_features=18, out_features=128, bias=True)
    (film_beta): Linear(in_features=18, out_features=128, bias=True)
    (encoders): ModuleList(
      (0): PatchifyEncoder(
        (patchify): Conv2d(3, 128, kernel_size=(5, 5), stride=(5, 5))
      )
    )
    (norms): ModuleList(
      (0): GroupNorm(8, 128, eps=1e-05, affine=True, bias=True)
    )
    (h_init): Sequential(
      (0): Linear(in_features=18, out_features=64, bias=True)
      (1): GELU(approximate='none')
      (2): Linear(in_features=64, out_features=2048, bias=True)
    )
    (attn_query): Linear(in_features=512, out_features=128, bias=True)
    (msg_proj): Linear(in_features=512, out_features=64, bias=True)
    (cell): GRUCell(192, 512)
    (k_mlp): Sequential(
      (0): Linear(in_features=1024, out_features=64, bias=True)
      (1): GELU(approximate='none')
      (2): Linear(in_features=64, out_features=1, bias=True)
      (3): Tanh()
    )
    (content_head): Linear(in_features=128, out_features=8, bias=True)
    (vote_heads): ModuleList(
      (0-3): 4 x Sequential(
        (0): Linear(in_features=538, out_features=128, bias=True)
        (1): GELU(approximate='none')
        (2): Linear(in_features=128, out_features=10, bias=True)
      )
    )
    (prior_head): Sequential(
      (0): Linear(in_features=18, out_features=128, bias=True)
      (1): GELU(approximate='none')
      (2): Linear(in_features=128, out_features=10, bias=True)
    )
  )
)
[2026-08-17 10:34:19,358][__main__][INFO] - [RANK 0] [ Train | Step: 500    |  loss : 1.3327 | accuracy : 0.3994 | opt_sps : 71.5319  ]
[2026-08-17 10:34:19,683][__main__][INFO] - [RANK 0] [ Eval  | Step: 500    |  loss : 0.8842 | accuracy : 0.4944 | eval_s : 0.3240  ]
[2026-08-17 10:34:26,543][__main__][INFO] - [RANK 0] [ Train | Step: 1000   |  loss : 0.8523 | accuracy : 0.5260 | opt_sps : 72.2152  ]
[2026-08-17 10:34:26,862][__main__][INFO] - [RANK 0] [ Eval  | Step: 1000   |  loss : 0.7582 | accuracy : 0.5903 | eval_s : 0.3187  ]
[2026-08-17 10:34:33,671][__main__][INFO] - [RANK 0] [ Train | Step: 1500   |  loss : 0.7399 | accuracy : 0.6107 | opt_sps : 72.6232  ]
[2026-08-17 10:34:33,991][__main__][INFO] - [RANK 0] [ Eval  | Step: 1500   |  loss : 0.7156 | accuracy : 0.6303 | eval_s : 0.3196  ]
[2026-08-17 10:34:40,715][__main__][INFO] - [RANK 0] [ Train | Step: 2000   |  loss : 0.7122 | accuracy : 0.6323 | opt_sps : 73.0546  ]
[2026-08-17 10:34:41,034][__main__][INFO] - [RANK 0] [ Eval  | Step: 2000   |  loss : 0.7176 | accuracy : 0.6274 | eval_s : 0.3178  ]
[2026-08-17 10:34:47,897][__main__][INFO] - [RANK 0] [ Train | Step: 2500   |  loss : 0.7058 | accuracy : 0.6382 | opt_sps : 73.0144  ]
[2026-08-17 10:34:48,225][__main__][INFO] - [RANK 0] [ Eval  | Step: 2500   |  loss : 0.6831 | accuracy : 0.6545 | eval_s : 0.3268  ]
[2026-08-17 10:34:55,083][__main__][INFO] - [RANK 0] [ Train | Step: 3000   |  loss : 0.6909 | accuracy : 0.6508 | opt_sps : 72.9995  ]
[2026-08-17 10:34:55,403][__main__][INFO] - [RANK 0] [ Eval  | Step: 3000   |  loss : 0.6814 | accuracy : 0.6536 | eval_s : 0.3194  ]
[2026-08-17 10:35:02,214][__main__][INFO] - [RANK 0] [ Train | Step: 3500   |  loss : 0.6803 | accuracy : 0.6582 | opt_sps : 73.0614  ]
[2026-08-17 10:35:02,536][__main__][INFO] - [RANK 0] [ Eval  | Step: 3500   |  loss : 0.6789 | accuracy : 0.6605 | eval_s : 0.3212  ]
[2026-08-17 10:35:09,815][__main__][INFO] - [RANK 0] [ Train | Step: 4000   |  loss : 0.6694 | accuracy : 0.6638 | opt_sps : 72.4875  ]
[2026-08-17 10:35:10,137][__main__][INFO] - [RANK 0] [ Eval  | Step: 4000   |  loss : 0.6691 | accuracy : 0.6649 | eval_s : 0.3208  ]
[2026-08-17 10:35:17,478][__main__][INFO] - [RANK 0] [ Train | Step: 4500   |  loss : 0.6681 | accuracy : 0.6654 | opt_sps : 71.9745  ]
[2026-08-17 10:35:17,799][__main__][INFO] - [RANK 0] [ Eval  | Step: 4500   |  loss : 0.6660 | accuracy : 0.6749 | eval_s : 0.3200  ]
[2026-08-17 10:35:24,593][__main__][INFO] - [RANK 0] [ Train | Step: 5000   |  loss : 0.6603 | accuracy : 0.6704 | opt_sps : 72.1347  ]
[2026-08-17 10:35:24,912][__main__][INFO] - [RANK 0] [ Eval  | Step: 5000   |  loss : 0.6664 | accuracy : 0.6691 | eval_s : 0.3179  ]
[2026-08-17 10:35:31,641][__main__][INFO] - [RANK 0] [ Train | Step: 5500   |  loss : 0.6584 | accuracy : 0.6717 | opt_sps : 72.3265  ]
[2026-08-17 10:35:31,960][__main__][INFO] - [RANK 0] [ Eval  | Step: 5500   |  loss : 0.6744 | accuracy : 0.6535 | eval_s : 0.3181  ]
[2026-08-17 10:35:38,614][__main__][INFO] - [RANK 0] [ Train | Step: 6000   |  loss : 0.6529 | accuracy : 0.6746 | opt_sps : 72.5532  ]
[2026-08-17 10:35:38,934][__main__][INFO] - [RANK 0] [ Eval  | Step: 6000   |  loss : 0.6497 | accuracy : 0.6700 | eval_s : 0.3189  ]
[2026-08-17 10:35:45,597][__main__][INFO] - [RANK 0] [ Train | Step: 6500   |  loss : 0.6516 | accuracy : 0.6757 | opt_sps : 72.7398  ]
[2026-08-17 10:35:45,920][__main__][INFO] - [RANK 0] [ Eval  | Step: 6500   |  loss : 0.6446 | accuracy : 0.6849 | eval_s : 0.3219  ]
[2026-08-17 10:35:52,701][__main__][INFO] - [RANK 0] [ Train | Step: 7000   |  loss : 0.6460 | accuracy : 0.6797 | opt_sps : 72.8109  ]
[2026-08-17 10:35:53,023][__main__][INFO] - [RANK 0] [ Eval  | Step: 7000   |  loss : 0.6445 | accuracy : 0.6787 | eval_s : 0.3211  ]
[2026-08-17 10:35:59,813][__main__][INFO] - [RANK 0] [ Train | Step: 7500   |  loss : 0.6448 | accuracy : 0.6795 | opt_sps : 72.8667  ]
[2026-08-17 10:36:00,133][__main__][INFO] - [RANK 0] [ Eval  | Step: 7500   |  loss : 0.6729 | accuracy : 0.6676 | eval_s : 0.3192  ]
[2026-08-17 10:36:06,825][__main__][INFO] - [RANK 0] [ Train | Step: 8000   |  loss : 0.6466 | accuracy : 0.6806 | opt_sps : 72.9799  ]
[2026-08-17 10:36:07,147][__main__][INFO] - [RANK 0] [ Eval  | Step: 8000   |  loss : 0.6470 | accuracy : 0.6812 | eval_s : 0.3209  ]
[2026-08-17 10:36:13,874][__main__][INFO] - [RANK 0] [ Train | Step: 8500   |  loss : 0.6398 | accuracy : 0.6835 | opt_sps : 73.0579  ]
[2026-08-17 10:36:14,193][__main__][INFO] - [RANK 0] [ Eval  | Step: 8500   |  loss : 0.6417 | accuracy : 0.6821 | eval_s : 0.3184  ]
[2026-08-17 10:36:20,962][__main__][INFO] - [RANK 0] [ Train | Step: 9000   |  loss : 0.6399 | accuracy : 0.6840 | opt_sps : 73.1035  ]
[2026-08-17 10:36:21,281][__main__][INFO] - [RANK 0] [ Eval  | Step: 9000   |  loss : 0.6368 | accuracy : 0.6873 | eval_s : 0.3182  ]
[2026-08-17 10:36:27,959][__main__][INFO] - [RANK 0] [ Train | Step: 9500   |  loss : 0.6346 | accuracy : 0.6878 | opt_sps : 73.1953  ]
[2026-08-17 10:36:28,280][__main__][INFO] - [RANK 0] [ Eval  | Step: 9500   |  loss : 0.6357 | accuracy : 0.6852 | eval_s : 0.3194  ]
[2026-08-17 10:36:34,936][__main__][INFO] - [RANK 0] [ Train | Step: 10000  |  loss : 0.6357 | accuracy : 0.6862 | opt_sps : 73.2899  ]
[2026-08-17 10:36:35,256][__main__][INFO] - [RANK 0] [ Eval  | Step: 10000  |  loss : 0.6384 | accuracy : 0.6852 | eval_s : 0.3186  ]
[2026-08-17 10:36:41,894][__main__][INFO] - [RANK 0] [ Train | Step: 10500  |  loss : 0.6296 | accuracy : 0.6925 | opt_sps : 73.3836  ]
[2026-08-17 10:36:42,213][__main__][INFO] - [RANK 0] [ Eval  | Step: 10500  |  loss : 0.6209 | accuracy : 0.6992 | eval_s : 0.3173  ]
[2026-08-17 10:36:48,882][__main__][INFO] - [RANK 0] [ Train | Step: 11000  |  loss : 0.6201 | accuracy : 0.6988 | opt_sps : 73.4552  ]
[2026-08-17 10:36:49,201][__main__][INFO] - [RANK 0] [ Eval  | Step: 11000  |  loss : 0.6083 | accuracy : 0.7060 | eval_s : 0.3184  ]
[2026-08-17 10:36:56,060][__main__][INFO] - [RANK 0] [ Train | Step: 11500  |  loss : 0.6050 | accuracy : 0.7080 | opt_sps : 73.4312  ]
[2026-08-17 10:36:56,384][__main__][INFO] - [RANK 0] [ Eval  | Step: 11500  |  loss : 0.5943 | accuracy : 0.7158 | eval_s : 0.3227  ]
[2026-08-17 10:37:03,152][__main__][INFO] - [RANK 0] [ Train | Step: 12000  |  loss : 0.6007 | accuracy : 0.7125 | opt_sps : 73.4502  ]
[2026-08-17 10:37:03,472][__main__][INFO] - [RANK 0] [ Eval  | Step: 12000  |  loss : 0.6556 | accuracy : 0.6855 | eval_s : 0.3188  ]
[2026-08-17 10:37:10,332][__main__][INFO] - [RANK 0] [ Train | Step: 12500  |  loss : 0.5884 | accuracy : 0.7184 | opt_sps : 73.4274  ]
[2026-08-17 10:37:10,654][__main__][INFO] - [RANK 0] [ Eval  | Step: 12500  |  loss : 0.5757 | accuracy : 0.7264 | eval_s : 0.3205  ]
[2026-08-17 10:37:17,363][__main__][INFO] - [RANK 0] [ Train | Step: 13000  |  loss : 0.5828 | accuracy : 0.7223 | opt_sps : 73.4694  ]
[2026-08-17 10:37:17,683][__main__][INFO] - [RANK 0] [ Eval  | Step: 13000  |  loss : 0.5863 | accuracy : 0.7166 | eval_s : 0.3189  ]
[2026-08-17 10:37:24,371][__main__][INFO] - [RANK 0] [ Train | Step: 13500  |  loss : 0.5694 | accuracy : 0.7259 | opt_sps : 73.5164  ]
[2026-08-17 10:37:24,689][__main__][INFO] - [RANK 0] [ Eval  | Step: 13500  |  loss : 0.5605 | accuracy : 0.7307 | eval_s : 0.3172  ]
[2026-08-17 10:37:31,393][__main__][INFO] - [RANK 0] [ Train | Step: 14000  |  loss : 0.5699 | accuracy : 0.7274 | opt_sps : 73.5546  ]
[2026-08-17 10:37:31,713][__main__][INFO] - [RANK 0] [ Eval  | Step: 14000  |  loss : 0.5547 | accuracy : 0.7324 | eval_s : 0.3194  ]
[2026-08-17 10:37:38,374][__main__][INFO] - [RANK 0] [ Train | Step: 14500  |  loss : 0.5641 | accuracy : 0.7306 | opt_sps : 73.6063  ]
[2026-08-17 10:37:38,694][__main__][INFO] - [RANK 0] [ Eval  | Step: 14500  |  loss : 0.5549 | accuracy : 0.7296 | eval_s : 0.3186  ]
[2026-08-17 10:37:45,413][__main__][INFO] - [RANK 0] [ Train | Step: 15000  |  loss : 0.5513 | accuracy : 0.7369 | opt_sps : 73.6331  ]
[2026-08-17 10:37:45,745][__main__][INFO] - [RANK 0] [ Eval  | Step: 15000  |  loss : 0.5312 | accuracy : 0.7412 | eval_s : 0.3317  ]
[2026-08-17 10:37:52,373][__main__][INFO] - [RANK 0] [ Train | Step: 15500  |  loss : 0.5363 | accuracy : 0.7419 | opt_sps : 73.6904  ]
[2026-08-17 10:37:52,696][__main__][INFO] - [RANK 0] [ Eval  | Step: 15500  |  loss : 0.5267 | accuracy : 0.7471 | eval_s : 0.3217  ]
[2026-08-17 10:37:59,408][__main__][INFO] - [RANK 0] [ Train | Step: 16000  |  loss : 0.5301 | accuracy : 0.7473 | opt_sps : 73.7158  ]
[2026-08-17 10:37:59,733][__main__][INFO] - [RANK 0] [ Eval  | Step: 16000  |  loss : 0.5248 | accuracy : 0.7447 | eval_s : 0.3243  ]
[2026-08-17 10:38:06,497][__main__][INFO] - [RANK 0] [ Train | Step: 16500  |  loss : 0.5340 | accuracy : 0.7463 | opt_sps : 73.7225  ]
[2026-08-17 10:38:06,816][__main__][INFO] - [RANK 0] [ Eval  | Step: 16500  |  loss : 0.5252 | accuracy : 0.7482 | eval_s : 0.3183  ]
[2026-08-17 10:38:13,508][__main__][INFO] - [RANK 0] [ Train | Step: 17000  |  loss : 0.5216 | accuracy : 0.7502 | opt_sps : 73.7513  ]
[2026-08-17 10:38:13,827][__main__][INFO] - [RANK 0] [ Eval  | Step: 17000  |  loss : 0.5222 | accuracy : 0.7500 | eval_s : 0.3178  ]
[2026-08-17 10:38:20,543][__main__][INFO] - [RANK 0] [ Train | Step: 17500  |  loss : 0.5067 | accuracy : 0.7592 | opt_sps : 73.7717  ]
[2026-08-17 10:38:20,865][__main__][INFO] - [RANK 0] [ Eval  | Step: 17500  |  loss : 0.4840 | accuracy : 0.7689 | eval_s : 0.3214  ]
[2026-08-17 10:38:27,557][__main__][INFO] - [RANK 0] [ Train | Step: 18000  |  loss : 0.5066 | accuracy : 0.7587 | opt_sps : 73.7980  ]
[2026-08-17 10:38:27,876][__main__][INFO] - [RANK 0] [ Eval  | Step: 18000  |  loss : 0.4943 | accuracy : 0.7635 | eval_s : 0.3184  ]
[2026-08-17 10:38:34,599][__main__][INFO] - [RANK 0] [ Train | Step: 18500  |  loss : 0.4981 | accuracy : 0.7642 | opt_sps : 73.8135  ]
[2026-08-17 10:38:34,919][__main__][INFO] - [RANK 0] [ Eval  | Step: 18500  |  loss : 0.4842 | accuracy : 0.7685 | eval_s : 0.3189  ]
[2026-08-17 10:38:41,729][__main__][INFO] - [RANK 0] [ Train | Step: 19000  |  loss : 0.5011 | accuracy : 0.7631 | opt_sps : 73.8031  ]
[2026-08-17 10:38:42,047][__main__][INFO] - [RANK 0] [ Eval  | Step: 19000  |  loss : 0.5175 | accuracy : 0.7531 | eval_s : 0.3174  ]
[2026-08-17 10:38:48,724][__main__][INFO] - [RANK 0] [ Train | Step: 19500  |  loss : 0.4886 | accuracy : 0.7695 | opt_sps : 73.8304  ]
[2026-08-17 10:38:49,044][__main__][INFO] - [RANK 0] [ Eval  | Step: 19500  |  loss : 0.4663 | accuracy : 0.7796 | eval_s : 0.3187  ]
[2026-08-17 10:38:55,892][__main__][INFO] - [RANK 0] [ Train | Step: 20000  |  loss : 0.4953 | accuracy : 0.7680 | opt_sps : 73.8102  ]
[2026-08-17 10:38:56,212][__main__][INFO] - [RANK 0] [ Eval  | Step: 20000  |  loss : 0.4726 | accuracy : 0.7759 | eval_s : 0.3191  ]
[2026-08-17 10:39:02,935][__main__][INFO] - [RANK 0] [ Train | Step: 20500  |  loss : 0.4751 | accuracy : 0.7737 | opt_sps : 73.8239  ]
[2026-08-17 10:39:03,254][__main__][INFO] - [RANK 0] [ Eval  | Step: 20500  |  loss : 0.4808 | accuracy : 0.7707 | eval_s : 0.3190  ]
[2026-08-17 10:39:10,036][__main__][INFO] - [RANK 0] [ Train | Step: 21000  |  loss : 0.4826 | accuracy : 0.7725 | opt_sps : 73.8216  ]
[2026-08-17 10:39:10,358][__main__][INFO] - [RANK 0] [ Eval  | Step: 21000  |  loss : 0.4616 | accuracy : 0.7786 | eval_s : 0.3215  ]
[2026-08-17 10:39:17,157][__main__][INFO] - [RANK 0] [ Train | Step: 21500  |  loss : 0.4801 | accuracy : 0.7743 | opt_sps : 73.8156  ]
[2026-08-17 10:39:17,476][__main__][INFO] - [RANK 0] [ Eval  | Step: 21500  |  loss : 0.4597 | accuracy : 0.7812 | eval_s : 0.3185  ]
[2026-08-17 10:39:24,136][__main__][INFO] - [RANK 0] [ Train | Step: 22000  |  loss : 0.4750 | accuracy : 0.7767 | opt_sps : 73.8440  ]
[2026-08-17 10:39:24,456][__main__][INFO] - [RANK 0] [ Eval  | Step: 22000  |  loss : 0.4650 | accuracy : 0.7755 | eval_s : 0.3188  ]
[2026-08-17 10:39:31,404][__main__][INFO] - [RANK 0] [ Train | Step: 22500  |  loss : 0.4658 | accuracy : 0.7794 | opt_sps : 73.8011  ]
[2026-08-17 10:39:31,731][__main__][INFO] - [RANK 0] [ Eval  | Step: 22500  |  loss : 0.4517 | accuracy : 0.7819 | eval_s : 0.3258  ]
[2026-08-17 10:39:38,574][__main__][INFO] - [RANK 0] [ Train | Step: 23000  |  loss : 0.4652 | accuracy : 0.7784 | opt_sps : 73.7853  ]
[2026-08-17 10:39:38,896][__main__][INFO] - [RANK 0] [ Eval  | Step: 23000  |  loss : 0.4595 | accuracy : 0.7776 | eval_s : 0.3209  ]
[2026-08-17 10:39:45,659][__main__][INFO] - [RANK 0] [ Train | Step: 23500  |  loss : 0.4526 | accuracy : 0.7833 | opt_sps : 73.7885  ]
[2026-08-17 10:39:45,979][__main__][INFO] - [RANK 0] [ Eval  | Step: 23500  |  loss : 0.4654 | accuracy : 0.7772 | eval_s : 0.3193  ]
[2026-08-17 10:39:52,807][__main__][INFO] - [RANK 0] [ Train | Step: 24000  |  loss : 0.4549 | accuracy : 0.7841 | opt_sps : 73.7768  ]
[2026-08-17 10:39:53,128][__main__][INFO] - [RANK 0] [ Eval  | Step: 24000  |  loss : 0.4559 | accuracy : 0.7796 | eval_s : 0.3202  ]
[2026-08-17 10:39:59,863][__main__][INFO] - [RANK 0] [ Train | Step: 24500  |  loss : 0.4477 | accuracy : 0.7863 | opt_sps : 73.7862  ]
[2026-08-17 10:40:00,184][__main__][INFO] - [RANK 0] [ Eval  | Step: 24500  |  loss : 0.4395 | accuracy : 0.7866 | eval_s : 0.3198  ]
[2026-08-17 10:40:06,936][__main__][INFO] - [RANK 0] [ Train | Step: 25000  |  loss : 0.4470 | accuracy : 0.7866 | opt_sps : 73.7916  ]
[2026-08-17 10:40:07,257][__main__][INFO] - [RANK 0] [ Eval  | Step: 25000  |  loss : 0.4585 | accuracy : 0.7817 | eval_s : 0.3194  ]
[2026-08-17 10:40:14,147][__main__][INFO] - [RANK 0] [ Train | Step: 25500  |  loss : 0.4520 | accuracy : 0.7845 | opt_sps : 73.7671  ]
[2026-08-17 10:40:14,468][__main__][INFO] - [RANK 0] [ Eval  | Step: 25500  |  loss : 0.4430 | accuracy : 0.7844 | eval_s : 0.3192  ]
[2026-08-17 10:40:21,243][__main__][INFO] - [RANK 0] [ Train | Step: 26000  |  loss : 0.4397 | accuracy : 0.7899 | opt_sps : 73.7676  ]
[2026-08-17 10:40:21,565][__main__][INFO] - [RANK 0] [ Eval  | Step: 26000  |  loss : 0.4361 | accuracy : 0.7885 | eval_s : 0.3204  ]
[2026-08-17 10:40:28,293][__main__][INFO] - [RANK 0] [ Train | Step: 26500  |  loss : 0.4361 | accuracy : 0.7912 | opt_sps : 73.7780  ]
[2026-08-17 10:40:28,618][__main__][INFO] - [RANK 0] [ Eval  | Step: 26500  |  loss : 0.4282 | accuracy : 0.7930 | eval_s : 0.3239  ]
[2026-08-17 10:40:35,901][__main__][INFO] - [RANK 0] [ Train | Step: 27000  |  loss : 0.4335 | accuracy : 0.7920 | opt_sps : 73.6765  ]
[2026-08-17 10:40:36,225][__main__][INFO] - [RANK 0] [ Eval  | Step: 27000  |  loss : 0.4345 | accuracy : 0.7888 | eval_s : 0.3227  ]
[2026-08-17 10:40:43,299][__main__][INFO] - [RANK 0] [ Train | Step: 27500  |  loss : 0.4393 | accuracy : 0.7906 | opt_sps : 73.6197  ]
[2026-08-17 10:40:43,622][__main__][INFO] - [RANK 0] [ Eval  | Step: 27500  |  loss : 0.4348 | accuracy : 0.7896 | eval_s : 0.3218  ]
[2026-08-17 10:40:50,697][__main__][INFO] - [RANK 0] [ Train | Step: 28000  |  loss : 0.4354 | accuracy : 0.7914 | opt_sps : 73.5649  ]
[2026-08-17 10:40:51,018][__main__][INFO] - [RANK 0] [ Eval  | Step: 28000  |  loss : 0.4289 | accuracy : 0.7931 | eval_s : 0.3195  ]
[2026-08-17 10:40:58,012][__main__][INFO] - [RANK 0] [ Train | Step: 28500  |  loss : 0.4325 | accuracy : 0.7939 | opt_sps : 73.5276  ]
[2026-08-17 10:40:58,340][__main__][INFO] - [RANK 0] [ Eval  | Step: 28500  |  loss : 0.4361 | accuracy : 0.7891 | eval_s : 0.3263  ]
[2026-08-17 10:41:05,571][__main__][INFO] - [RANK 0] [ Train | Step: 29000  |  loss : 0.4372 | accuracy : 0.7922 | opt_sps : 73.4474  ]
[2026-08-17 10:41:05,891][__main__][INFO] - [RANK 0] [ Eval  | Step: 29000  |  loss : 0.4660 | accuracy : 0.7798 | eval_s : 0.3198  ]
[2026-08-17 10:41:12,691][__main__][INFO] - [RANK 0] [ Train | Step: 29500  |  loss : 0.4315 | accuracy : 0.7943 | opt_sps : 73.4489  ]
[2026-08-17 10:41:13,012][__main__][INFO] - [RANK 0] [ Eval  | Step: 29500  |  loss : 0.4238 | accuracy : 0.7925 | eval_s : 0.3205  ]
[2026-08-17 10:41:19,851][__main__][INFO] - [RANK 0] [ Train | Step: 30000  |  loss : 0.4287 | accuracy : 0.7947 | opt_sps : 73.4436  ]
[2026-08-17 10:41:20,172][__main__][INFO] - [RANK 0] [ Eval  | Step: 30000  |  loss : 0.4333 | accuracy : 0.7893 | eval_s : 0.3201  ]
[2026-08-17 10:41:27,022][__main__][INFO] - [RANK 0] [ Train | Step: 30500  |  loss : 0.4196 | accuracy : 0.7996 | opt_sps : 73.4360  ]
[2026-08-17 10:41:27,343][__main__][INFO] - [RANK 0] [ Eval  | Step: 30500  |  loss : 0.5373 | accuracy : 0.7579 | eval_s : 0.3203  ]
[2026-08-17 10:41:34,055][__main__][INFO] - [RANK 0] [ Train | Step: 31000  |  loss : 0.4183 | accuracy : 0.7998 | opt_sps : 73.4529  ]
[2026-08-17 10:41:34,376][__main__][INFO] - [RANK 0] [ Eval  | Step: 31000  |  loss : 0.4270 | accuracy : 0.7905 | eval_s : 0.3199  ]
[2026-08-17 10:41:41,121][__main__][INFO] - [RANK 0] [ Train | Step: 31500  |  loss : 0.4190 | accuracy : 0.7991 | opt_sps : 73.4635  ]
[2026-08-17 10:41:41,441][__main__][INFO] - [RANK 0] [ Eval  | Step: 31500  |  loss : 0.4366 | accuracy : 0.7907 | eval_s : 0.3195  ]
[2026-08-17 10:41:48,261][__main__][INFO] - [RANK 0] [ Train | Step: 32000  |  loss : 0.4191 | accuracy : 0.7991 | opt_sps : 73.4613  ]
[2026-08-17 10:41:48,582][__main__][INFO] - [RANK 0] [ Eval  | Step: 32000  |  loss : 0.4627 | accuracy : 0.7815 | eval_s : 0.3201  ]
[2026-08-17 10:41:55,440][__main__][INFO] - [RANK 0] [ Train | Step: 32500  |  loss : 0.4139 | accuracy : 0.8004 | opt_sps : 73.4526  ]
[2026-08-17 10:41:55,764][__main__][INFO] - [RANK 0] [ Eval  | Step: 32500  |  loss : 0.4202 | accuracy : 0.7988 | eval_s : 0.3224  ]
[2026-08-17 10:42:02,592][__main__][INFO] - [RANK 0] [ Train | Step: 33000  |  loss : 0.4161 | accuracy : 0.8006 | opt_sps : 73.4494  ]
[2026-08-17 10:42:02,914][__main__][INFO] - [RANK 0] [ Eval  | Step: 33000  |  loss : 0.4180 | accuracy : 0.7963 | eval_s : 0.3207  ]
[2026-08-17 10:42:09,673][__main__][INFO] - [RANK 0] [ Train | Step: 33500  |  loss : 0.4085 | accuracy : 0.8036 | opt_sps : 73.4573  ]
[2026-08-17 10:42:09,994][__main__][INFO] - [RANK 0] [ Eval  | Step: 33500  |  loss : 0.4176 | accuracy : 0.7983 | eval_s : 0.3198  ]
[2026-08-17 10:42:16,685][__main__][INFO] - [RANK 0] [ Train | Step: 34000  |  loss : 0.4074 | accuracy : 0.8056 | opt_sps : 73.4759  ]
[2026-08-17 10:42:17,005][__main__][INFO] - [RANK 0] [ Eval  | Step: 34000  |  loss : 0.4511 | accuracy : 0.7863 | eval_s : 0.3183  ]
[2026-08-17 10:42:23,755][__main__][INFO] - [RANK 0] [ Train | Step: 34500  |  loss : 0.4040 | accuracy : 0.8062 | opt_sps : 73.4844  ]
[2026-08-17 10:42:24,075][__main__][INFO] - [RANK 0] [ Eval  | Step: 34500  |  loss : 0.4058 | accuracy : 0.8043 | eval_s : 0.3188  ]
[2026-08-17 10:42:30,801][__main__][INFO] - [RANK 0] [ Train | Step: 35000  |  loss : 0.4019 | accuracy : 0.8061 | opt_sps : 73.4967  ]
[2026-08-17 10:42:31,121][__main__][INFO] - [RANK 0] [ Eval  | Step: 35000  |  loss : 0.3995 | accuracy : 0.8076 | eval_s : 0.3192  ]
[2026-08-17 10:42:37,866][__main__][INFO] - [RANK 0] [ Train | Step: 35500  |  loss : 0.3985 | accuracy : 0.8101 | opt_sps : 73.5057  ]
[2026-08-17 10:42:38,185][__main__][INFO] - [RANK 0] [ Eval  | Step: 35500  |  loss : 0.4019 | accuracy : 0.8066 | eval_s : 0.3183  ]
[2026-08-17 10:42:44,909][__main__][INFO] - [RANK 0] [ Train | Step: 36000  |  loss : 0.4010 | accuracy : 0.8091 | opt_sps : 73.5176  ]
[2026-08-17 10:42:45,228][__main__][INFO] - [RANK 0] [ Eval  | Step: 36000  |  loss : 0.3942 | accuracy : 0.8078 | eval_s : 0.3185  ]
[2026-08-17 10:42:52,005][__main__][INFO] - [RANK 0] [ Train | Step: 36500  |  loss : 0.3935 | accuracy : 0.8114 | opt_sps : 73.5213  ]
[2026-08-17 10:42:52,325][__main__][INFO] - [RANK 0] [ Eval  | Step: 36500  |  loss : 0.3951 | accuracy : 0.8095 | eval_s : 0.3190  ]
[2026-08-17 10:42:59,075][__main__][INFO] - [RANK 0] [ Train | Step: 37000  |  loss : 0.3918 | accuracy : 0.8132 | opt_sps : 73.5288  ]
[2026-08-17 10:42:59,394][__main__][INFO] - [RANK 0] [ Eval  | Step: 37000  |  loss : 0.3981 | accuracy : 0.8086 | eval_s : 0.3185  ]
[2026-08-17 10:43:06,274][__main__][INFO] - [RANK 0] [ Train | Step: 37500  |  loss : 0.3953 | accuracy : 0.8110 | opt_sps : 73.5173  ]
[2026-08-17 10:43:06,593][__main__][INFO] - [RANK 0] [ Eval  | Step: 37500  |  loss : 0.3944 | accuracy : 0.8108 | eval_s : 0.3181  ]
[2026-08-17 10:43:13,345][__main__][INFO] - [RANK 0] [ Train | Step: 38000  |  loss : 0.3908 | accuracy : 0.8134 | opt_sps : 73.5243  ]
[2026-08-17 10:43:13,666][__main__][INFO] - [RANK 0] [ Eval  | Step: 38000  |  loss : 0.3945 | accuracy : 0.8074 | eval_s : 0.3198  ]
[2026-08-17 10:43:20,431][__main__][INFO] - [RANK 0] [ Train | Step: 38500  |  loss : 0.3899 | accuracy : 0.8140 | opt_sps : 73.5293  ]
[2026-08-17 10:43:20,751][__main__][INFO] - [RANK 0] [ Eval  | Step: 38500  |  loss : 0.3922 | accuracy : 0.8087 | eval_s : 0.3189  ]
[2026-08-17 10:43:27,459][__main__][INFO] - [RANK 0] [ Train | Step: 39000  |  loss : 0.3818 | accuracy : 0.8164 | opt_sps : 73.5422  ]
[2026-08-17 10:43:27,780][__main__][INFO] - [RANK 0] [ Eval  | Step: 39000  |  loss : 0.3946 | accuracy : 0.8129 | eval_s : 0.3197  ]
[2026-08-17 10:43:34,567][__main__][INFO] - [RANK 0] [ Train | Step: 39500  |  loss : 0.3836 | accuracy : 0.8169 | opt_sps : 73.5437  ]
[2026-08-17 10:43:34,887][__main__][INFO] - [RANK 0] [ Eval  | Step: 39500  |  loss : 0.3918 | accuracy : 0.8124 | eval_s : 0.3192  ]
[2026-08-17 10:43:41,688][__main__][INFO] - [RANK 0] [ Train | Step: 40000  |  loss : 0.3822 | accuracy : 0.8193 | opt_sps : 73.5436  ]
[2026-08-17 10:43:42,010][__main__][INFO] - [RANK 0] [ Eval  | Step: 40000  |  loss : 0.4063 | accuracy : 0.8066 | eval_s : 0.3208  ]
[2026-08-17 10:43:48,776][__main__][INFO] - [RANK 0] [ Train | Step: 40500  |  loss : 0.3762 | accuracy : 0.8202 | opt_sps : 73.5480  ]
[2026-08-17 10:43:49,096][__main__][INFO] - [RANK 0] [ Eval  | Step: 40500  |  loss : 0.3842 | accuracy : 0.8131 | eval_s : 0.3187  ]
[2026-08-17 10:43:55,869][__main__][INFO] - [RANK 0] [ Train | Step: 41000  |  loss : 0.3731 | accuracy : 0.8227 | opt_sps : 73.5515  ]
[2026-08-17 10:43:56,189][__main__][INFO] - [RANK 0] [ Eval  | Step: 41000  |  loss : 0.3818 | accuracy : 0.8162 | eval_s : 0.3188  ]
[2026-08-17 10:44:03,015][__main__][INFO] - [RANK 0] [ Train | Step: 41500  |  loss : 0.3753 | accuracy : 0.8215 | opt_sps : 73.5480  ]
[2026-08-17 10:44:03,340][__main__][INFO] - [RANK 0] [ Eval  | Step: 41500  |  loss : 0.3786 | accuracy : 0.8199 | eval_s : 0.3235  ]
[2026-08-17 10:44:10,025][__main__][INFO] - [RANK 0] [ Train | Step: 42000  |  loss : 0.3729 | accuracy : 0.8245 | opt_sps : 73.5627  ]
[2026-08-17 10:44:10,346][__main__][INFO] - [RANK 0] [ Eval  | Step: 42000  |  loss : 0.3767 | accuracy : 0.8201 | eval_s : 0.3198  ]
[2026-08-17 10:44:17,168][__main__][INFO] - [RANK 0] [ Train | Step: 42500  |  loss : 0.3676 | accuracy : 0.8261 | opt_sps : 73.5597  ]
[2026-08-17 10:44:17,488][__main__][INFO] - [RANK 0] [ Eval  | Step: 42500  |  loss : 0.3717 | accuracy : 0.8231 | eval_s : 0.3191  ]
[2026-08-17 10:44:24,500][__main__][INFO] - [RANK 0] [ Train | Step: 43000  |  loss : 0.3614 | accuracy : 0.8298 | opt_sps : 73.5329  ]
[2026-08-17 10:44:24,826][__main__][INFO] - [RANK 0] [ Eval  | Step: 43000  |  loss : 0.3774 | accuracy : 0.8197 | eval_s : 0.3248  ]
[2026-08-17 10:44:31,716][__main__][INFO] - [RANK 0] [ Train | Step: 43500  |  loss : 0.3638 | accuracy : 0.8300 | opt_sps : 73.5217  ]
[2026-08-17 10:44:32,036][__main__][INFO] - [RANK 0] [ Eval  | Step: 43500  |  loss : 0.3708 | accuracy : 0.8212 | eval_s : 0.3193  ]
[2026-08-17 10:44:39,058][__main__][INFO] - [RANK 0] [ Train | Step: 44000  |  loss : 0.3640 | accuracy : 0.8294 | opt_sps : 73.4946  ]
[2026-08-17 10:44:39,379][__main__][INFO] - [RANK 0] [ Eval  | Step: 44000  |  loss : 0.3722 | accuracy : 0.8239 | eval_s : 0.3199  ]
[2026-08-17 10:44:46,410][__main__][INFO] - [RANK 0] [ Train | Step: 44500  |  loss : 0.3595 | accuracy : 0.8313 | opt_sps : 73.4670  ]
[2026-08-17 10:44:46,731][__main__][INFO] - [RANK 0] [ Eval  | Step: 44500  |  loss : 0.3679 | accuracy : 0.8248 | eval_s : 0.3197  ]
[2026-08-17 10:44:53,605][__main__][INFO] - [RANK 0] [ Train | Step: 45000  |  loss : 0.3600 | accuracy : 0.8299 | opt_sps : 73.4590  ]
[2026-08-17 10:44:53,926][__main__][INFO] - [RANK 0] [ Eval  | Step: 45000  |  loss : 0.3697 | accuracy : 0.8240 | eval_s : 0.3207  ]
[2026-08-17 10:45:00,771][__main__][INFO] - [RANK 0] [ Train | Step: 45500  |  loss : 0.3589 | accuracy : 0.8314 | opt_sps : 73.4545  ]
[2026-08-17 10:45:01,091][__main__][INFO] - [RANK 0] [ Eval  | Step: 45500  |  loss : 0.3680 | accuracy : 0.8246 | eval_s : 0.3193  ]
[2026-08-17 10:45:08,029][__main__][INFO] - [RANK 0] [ Train | Step: 46000  |  loss : 0.3529 | accuracy : 0.8341 | opt_sps : 73.4391  ]
[2026-08-17 10:45:08,350][__main__][INFO] - [RANK 0] [ Eval  | Step: 46000  |  loss : 0.3596 | accuracy : 0.8301 | eval_s : 0.3206  ]
[2026-08-17 10:45:15,156][__main__][INFO] - [RANK 0] [ Train | Step: 46500  |  loss : 0.3544 | accuracy : 0.8336 | opt_sps : 73.4397  ]
[2026-08-17 10:45:15,476][__main__][INFO] - [RANK 0] [ Eval  | Step: 46500  |  loss : 0.3654 | accuracy : 0.8274 | eval_s : 0.3193  ]
[2026-08-17 10:45:22,351][__main__][INFO] - [RANK 0] [ Train | Step: 47000  |  loss : 0.3499 | accuracy : 0.8354 | opt_sps : 73.4321  ]
[2026-08-17 10:45:22,671][__main__][INFO] - [RANK 0] [ Eval  | Step: 47000  |  loss : 0.3612 | accuracy : 0.8264 | eval_s : 0.3198  ]
[2026-08-17 10:45:29,517][__main__][INFO] - [RANK 0] [ Train | Step: 47500  |  loss : 0.3462 | accuracy : 0.8379 | opt_sps : 73.4279  ]
[2026-08-17 10:45:29,838][__main__][INFO] - [RANK 0] [ Eval  | Step: 47500  |  loss : 0.3596 | accuracy : 0.8276 | eval_s : 0.3202  ]
[2026-08-17 10:45:36,721][__main__][INFO] - [RANK 0] [ Train | Step: 48000  |  loss : 0.3468 | accuracy : 0.8374 | opt_sps : 73.4199  ]
[2026-08-17 10:45:37,042][__main__][INFO] - [RANK 0] [ Eval  | Step: 48000  |  loss : 0.3602 | accuracy : 0.8290 | eval_s : 0.3199  ]
[2026-08-17 10:45:44,038][__main__][INFO] - [RANK 0] [ Train | Step: 48500  |  loss : 0.3460 | accuracy : 0.8377 | opt_sps : 73.3992  ]
[2026-08-17 10:45:44,358][__main__][INFO] - [RANK 0] [ Eval  | Step: 48500  |  loss : 0.3596 | accuracy : 0.8287 | eval_s : 0.3192  ]
[2026-08-17 10:45:51,318][__main__][INFO] - [RANK 0] [ Train | Step: 49000  |  loss : 0.3455 | accuracy : 0.8386 | opt_sps : 73.3830  ]
[2026-08-17 10:45:51,638][__main__][INFO] - [RANK 0] [ Eval  | Step: 49000  |  loss : 0.3578 | accuracy : 0.8295 | eval_s : 0.3195  ]
[2026-08-17 10:45:58,637][__main__][INFO] - [RANK 0] [ Train | Step: 49500  |  loss : 0.3429 | accuracy : 0.8395 | opt_sps : 73.3630  ]
[2026-08-17 10:45:58,958][__main__][INFO] - [RANK 0] [ Eval  | Step: 49500  |  loss : 0.3605 | accuracy : 0.8304 | eval_s : 0.3204  ]
[2026-08-17 10:46:06,194][__main__][INFO] - [RANK 0] [ Train | Step: 50000  |  loss : 0.3439 | accuracy : 0.8389 | opt_sps : 73.3178  ]
[2026-08-17 10:46:06,525][__main__][INFO] - [RANK 0] [ Eval  | Step: 50000  |  loss : 0.3641 | accuracy : 0.8273 | eval_s : 0.3297  ]
[2026-08-17 10:46:13,860][__main__][INFO] - [RANK 0] [ Train | Step: 50500  |  loss : 0.3449 | accuracy : 0.8378 | opt_sps : 73.2629  ]
[2026-08-17 10:46:14,180][__main__][INFO] - [RANK 0] [ Eval  | Step: 50500  |  loss : 0.3566 | accuracy : 0.8309 | eval_s : 0.3192  ]
[2026-08-17 10:46:21,212][__main__][INFO] - [RANK 0] [ Train | Step: 51000  |  loss : 0.3371 | accuracy : 0.8429 | opt_sps : 73.2413  ]
[2026-08-17 10:46:21,542][__main__][INFO] - [RANK 0] [ Eval  | Step: 51000  |  loss : 0.3529 | accuracy : 0.8334 | eval_s : 0.3285  ]
[2026-08-17 10:46:28,693][__main__][INFO] - [RANK 0] [ Train | Step: 51500  |  loss : 0.3369 | accuracy : 0.8416 | opt_sps : 73.2077  ]
[2026-08-17 10:46:29,017][__main__][INFO] - [RANK 0] [ Eval  | Step: 51500  |  loss : 0.3507 | accuracy : 0.8327 | eval_s : 0.3231  ]
[2026-08-17 10:46:36,544][__main__][INFO] - [RANK 0] [ Train | Step: 52000  |  loss : 0.3367 | accuracy : 0.8424 | opt_sps : 73.1361  ]
[2026-08-17 10:46:36,871][__main__][INFO] - [RANK 0] [ Eval  | Step: 52000  |  loss : 0.3509 | accuracy : 0.8333 | eval_s : 0.3260  ]
[2026-08-17 10:46:44,111][__main__][INFO] - [RANK 0] [ Train | Step: 52500  |  loss : 0.3362 | accuracy : 0.8431 | opt_sps : 73.0951  ]
[2026-08-17 10:46:44,446][__main__][INFO] - [RANK 0] [ Eval  | Step: 52500  |  loss : 0.3485 | accuracy : 0.8341 | eval_s : 0.3338  ]
[2026-08-17 10:46:51,804][__main__][INFO] - [RANK 0] [ Train | Step: 53000  |  loss : 0.3373 | accuracy : 0.8419 | opt_sps : 73.0432  ]
[2026-08-17 10:46:52,134][__main__][INFO] - [RANK 0] [ Eval  | Step: 53000  |  loss : 0.3552 | accuracy : 0.8324 | eval_s : 0.3284  ]
[2026-08-17 10:46:59,291][__main__][INFO] - [RANK 0] [ Train | Step: 53500  |  loss : 0.3344 | accuracy : 0.8431 | opt_sps : 73.0121  ]
[2026-08-17 10:46:59,611][__main__][INFO] - [RANK 0] [ Eval  | Step: 53500  |  loss : 0.3573 | accuracy : 0.8332 | eval_s : 0.3194  ]
[2026-08-17 10:47:06,556][__main__][INFO] - [RANK 0] [ Train | Step: 54000  |  loss : 0.3325 | accuracy : 0.8432 | opt_sps : 73.0025  ]
[2026-08-17 10:47:06,884][__main__][INFO] - [RANK 0] [ Eval  | Step: 54000  |  loss : 0.3515 | accuracy : 0.8334 | eval_s : 0.3270  ]
[2026-08-17 10:47:13,898][__main__][INFO] - [RANK 0] [ Train | Step: 54500  |  loss : 0.3327 | accuracy : 0.8448 | opt_sps : 72.9865  ]
[2026-08-17 10:47:14,220][__main__][INFO] - [RANK 0] [ Eval  | Step: 54500  |  loss : 0.3482 | accuracy : 0.8350 | eval_s : 0.3208  ]
[2026-08-17 10:47:21,174][__main__][INFO] - [RANK 0] [ Train | Step: 55000  |  loss : 0.3265 | accuracy : 0.8464 | opt_sps : 72.9765  ]
[2026-08-17 10:47:21,497][__main__][INFO] - [RANK 0] [ Eval  | Step: 55000  |  loss : 0.3520 | accuracy : 0.8360 | eval_s : 0.3209  ]
[2026-08-17 10:47:28,360][__main__][INFO] - [RANK 0] [ Train | Step: 55500  |  loss : 0.3261 | accuracy : 0.8484 | opt_sps : 72.9754  ]
[2026-08-17 10:47:28,683][__main__][INFO] - [RANK 0] [ Eval  | Step: 55500  |  loss : 0.3453 | accuracy : 0.8360 | eval_s : 0.3226  ]
[2026-08-17 10:47:35,525][__main__][INFO] - [RANK 0] [ Train | Step: 56000  |  loss : 0.3235 | accuracy : 0.8490 | opt_sps : 72.9766  ]
[2026-08-17 10:47:35,849][__main__][INFO] - [RANK 0] [ Eval  | Step: 56000  |  loss : 0.3494 | accuracy : 0.8350 | eval_s : 0.3235  ]
[2026-08-17 10:47:43,258][__main__][INFO] - [RANK 0] [ Train | Step: 56500  |  loss : 0.3253 | accuracy : 0.8500 | opt_sps : 72.9240  ]
[2026-08-17 10:47:43,588][__main__][INFO] - [RANK 0] [ Eval  | Step: 56500  |  loss : 0.3481 | accuracy : 0.8367 | eval_s : 0.3285  ]
[2026-08-17 10:47:51,026][__main__][INFO] - [RANK 0] [ Train | Step: 57000  |  loss : 0.3264 | accuracy : 0.8479 | opt_sps : 72.8698  ]
[2026-08-17 10:47:51,347][__main__][INFO] - [RANK 0] [ Eval  | Step: 57000  |  loss : 0.3451 | accuracy : 0.8358 | eval_s : 0.3195  ]
[2026-08-17 10:47:58,708][__main__][INFO] - [RANK 0] [ Train | Step: 57500  |  loss : 0.3261 | accuracy : 0.8481 | opt_sps : 72.8238  ]
[2026-08-17 10:47:59,051][__main__][INFO] - [RANK 0] [ Eval  | Step: 57500  |  loss : 0.3436 | accuracy : 0.8373 | eval_s : 0.3422  ]
[2026-08-17 10:48:06,148][__main__][INFO] - [RANK 0] [ Train | Step: 58000  |  loss : 0.3250 | accuracy : 0.8485 | opt_sps : 72.8029  ]
[2026-08-17 10:48:06,477][__main__][INFO] - [RANK 0] [ Eval  | Step: 58000  |  loss : 0.3470 | accuracy : 0.8358 | eval_s : 0.3271  ]
[2026-08-17 10:48:13,894][__main__][INFO] - [RANK 0] [ Train | Step: 58500  |  loss : 0.3210 | accuracy : 0.8512 | opt_sps : 72.7532  ]
[2026-08-17 10:48:14,221][__main__][INFO] - [RANK 0] [ Eval  | Step: 58500  |  loss : 0.3444 | accuracy : 0.8376 | eval_s : 0.3262  ]
[2026-08-17 10:48:21,513][__main__][INFO] - [RANK 0] [ Train | Step: 59000  |  loss : 0.3259 | accuracy : 0.8481 | opt_sps : 72.7156  ]
[2026-08-17 10:48:21,834][__main__][INFO] - [RANK 0] [ Eval  | Step: 59000  |  loss : 0.3460 | accuracy : 0.8379 | eval_s : 0.3203  ]
[2026-08-17 10:48:29,530][__main__][INFO] - [RANK 0] [ Train | Step: 59500  |  loss : 0.3176 | accuracy : 0.8527 | opt_sps : 72.6428  ]
[2026-08-17 10:48:29,865][__main__][INFO] - [RANK 0] [ Eval  | Step: 59500  |  loss : 0.3453 | accuracy : 0.8361 | eval_s : 0.3344  ]
[2026-08-17 10:48:37,427][__main__][INFO] - [RANK 0] [ Train | Step: 60000  |  loss : 0.3161 | accuracy : 0.8535 | opt_sps : 72.5832  ]
[2026-08-17 10:48:37,748][__main__][INFO] - [RANK 0] [ Eval  | Step: 60000  |  loss : 0.3482 | accuracy : 0.8369 | eval_s : 0.3198  ]
[2026-08-17 10:48:44,634][__main__][INFO] - [RANK 0] [ Train | Step: 60500  |  loss : 0.3147 | accuracy : 0.8540 | opt_sps : 72.5834  ]
[2026-08-17 10:48:44,959][__main__][INFO] - [RANK 0] [ Eval  | Step: 60500  |  loss : 0.3444 | accuracy : 0.8364 | eval_s : 0.3240  ]
[2026-08-17 10:48:52,491][__main__][INFO] - [RANK 0] [ Train | Step: 61000  |  loss : 0.3186 | accuracy : 0.8516 | opt_sps : 72.5278  ]
[2026-08-17 10:48:52,824][__main__][INFO] - [RANK 0] [ Eval  | Step: 61000  |  loss : 0.3418 | accuracy : 0.8377 | eval_s : 0.3319  ]
[2026-08-17 10:49:00,437][__main__][INFO] - [RANK 0] [ Train | Step: 61500  |  loss : 0.3154 | accuracy : 0.8533 | opt_sps : 72.4665  ]
[2026-08-17 10:49:00,762][__main__][INFO] - [RANK 0] [ Eval  | Step: 61500  |  loss : 0.3445 | accuracy : 0.8395 | eval_s : 0.3242  ]
[2026-08-17 10:49:08,111][__main__][INFO] - [RANK 0] [ Train | Step: 62000  |  loss : 0.3166 | accuracy : 0.8519 | opt_sps : 72.4285  ]
[2026-08-17 10:49:08,431][__main__][INFO] - [RANK 0] [ Eval  | Step: 62000  |  loss : 0.3409 | accuracy : 0.8390 | eval_s : 0.3192  ]
[2026-08-17 10:49:15,283][__main__][INFO] - [RANK 0] [ Train | Step: 62500  |  loss : 0.3136 | accuracy : 0.8545 | opt_sps : 72.4330  ]
[2026-08-17 10:49:15,605][__main__][INFO] - [RANK 0] [ Eval  | Step: 62500  |  loss : 0.3425 | accuracy : 0.8387 | eval_s : 0.3216  ]
[2026-08-17 10:49:23,009][__main__][INFO] - [RANK 0] [ Train | Step: 63000  |  loss : 0.3141 | accuracy : 0.8552 | opt_sps : 72.3913  ]
[2026-08-17 10:49:23,328][__main__][INFO] - [RANK 0] [ Eval  | Step: 63000  |  loss : 0.3482 | accuracy : 0.8371 | eval_s : 0.3179  ]
[2026-08-17 10:49:30,764][__main__][INFO] - [RANK 0] [ Train | Step: 63500  |  loss : 0.3105 | accuracy : 0.8561 | opt_sps : 72.3476  ]
[2026-08-17 10:49:31,085][__main__][INFO] - [RANK 0] [ Eval  | Step: 63500  |  loss : 0.3407 | accuracy : 0.8390 | eval_s : 0.3192  ]
[2026-08-17 10:49:38,038][__main__][INFO] - [RANK 0] [ Train | Step: 64000  |  loss : 0.3065 | accuracy : 0.8576 | opt_sps : 72.3443  ]
[2026-08-17 10:49:38,357][__main__][INFO] - [RANK 0] [ Eval  | Step: 64000  |  loss : 0.3414 | accuracy : 0.8384 | eval_s : 0.3176  ]
[2026-08-17 10:49:45,678][__main__][INFO] - [RANK 0] [ Train | Step: 64500  |  loss : 0.3041 | accuracy : 0.8596 | opt_sps : 72.3111  ]
[2026-08-17 10:49:45,998][__main__][INFO] - [RANK 0] [ Eval  | Step: 64500  |  loss : 0.3433 | accuracy : 0.8398 | eval_s : 0.3198  ]
[2026-08-17 10:49:52,791][__main__][INFO] - [RANK 0] [ Train | Step: 65000  |  loss : 0.3080 | accuracy : 0.8575 | opt_sps : 72.3208  ]
[2026-08-17 10:49:53,110][__main__][INFO] - [RANK 0] [ Eval  | Step: 65000  |  loss : 0.3483 | accuracy : 0.8368 | eval_s : 0.3179  ]
[2026-08-17 10:50:00,308][__main__][INFO] - [RANK 0] [ Train | Step: 65500  |  loss : 0.3098 | accuracy : 0.8561 | opt_sps : 72.2981  ]
[2026-08-17 10:50:00,635][__main__][INFO] - [RANK 0] [ Eval  | Step: 65500  |  loss : 0.3438 | accuracy : 0.8391 | eval_s : 0.3264  ]
[2026-08-17 10:50:07,733][__main__][INFO] - [RANK 0] [ Train | Step: 66000  |  loss : 0.3099 | accuracy : 0.8564 | opt_sps : 72.2837  ]
[2026-08-17 10:50:08,060][__main__][INFO] - [RANK 0] [ Eval  | Step: 66000  |  loss : 0.3393 | accuracy : 0.8404 | eval_s : 0.3251  ]
[2026-08-17 10:50:15,224][__main__][INFO] - [RANK 0] [ Train | Step: 66500  |  loss : 0.3082 | accuracy : 0.8572 | opt_sps : 72.2644  ]
[2026-08-17 10:50:15,543][__main__][INFO] - [RANK 0] [ Eval  | Step: 66500  |  loss : 0.3407 | accuracy : 0.8395 | eval_s : 0.3175  ]
[2026-08-17 10:50:22,494][__main__][INFO] - [RANK 0] [ Train | Step: 67000  |  loss : 0.3085 | accuracy : 0.8570 | opt_sps : 72.2619  ]
[2026-08-17 10:50:22,815][__main__][INFO] - [RANK 0] [ Eval  | Step: 67000  |  loss : 0.3397 | accuracy : 0.8405 | eval_s : 0.3207  ]
[2026-08-17 10:50:29,915][__main__][INFO] - [RANK 0] [ Train | Step: 67500  |  loss : 0.3078 | accuracy : 0.8579 | opt_sps : 72.2480  ]
[2026-08-17 10:50:30,245][__main__][INFO] - [RANK 0] [ Eval  | Step: 67500  |  loss : 0.3378 | accuracy : 0.8412 | eval_s : 0.3299  ]
[2026-08-17 10:50:37,537][__main__][INFO] - [RANK 0] [ Train | Step: 68000  |  loss : 0.3021 | accuracy : 0.8613 | opt_sps : 72.2197  ]
[2026-08-17 10:50:37,863][__main__][INFO] - [RANK 0] [ Eval  | Step: 68000  |  loss : 0.3402 | accuracy : 0.8420 | eval_s : 0.3255  ]
[2026-08-17 10:50:45,151][__main__][INFO] - [RANK 0] [ Train | Step: 68500  |  loss : 0.3004 | accuracy : 0.8616 | opt_sps : 72.1922  ]
[2026-08-17 10:50:45,484][__main__][INFO] - [RANK 0] [ Eval  | Step: 68500  |  loss : 0.3394 | accuracy : 0.8403 | eval_s : 0.3313  ]
[2026-08-17 10:50:52,690][__main__][INFO] - [RANK 0] [ Train | Step: 69000  |  loss : 0.3009 | accuracy : 0.8607 | opt_sps : 72.1709  ]
[2026-08-17 10:50:53,013][__main__][INFO] - [RANK 0] [ Eval  | Step: 69000  |  loss : 0.3388 | accuracy : 0.8411 | eval_s : 0.3219  ]
[2026-08-17 10:51:00,180][__main__][INFO] - [RANK 0] [ Train | Step: 69500  |  loss : 0.3021 | accuracy : 0.8596 | opt_sps : 72.1531  ]
[2026-08-17 10:51:00,498][__main__][INFO] - [RANK 0] [ Eval  | Step: 69500  |  loss : 0.3402 | accuracy : 0.8414 | eval_s : 0.3177  ]
[2026-08-17 10:51:07,353][__main__][INFO] - [RANK 0] [ Train | Step: 70000  |  loss : 0.3009 | accuracy : 0.8615 | opt_sps : 72.1587  ]
[2026-08-17 10:51:07,680][__main__][INFO] - [RANK 0] [ Eval  | Step: 70000  |  loss : 0.3374 | accuracy : 0.8434 | eval_s : 0.3260  ]
[2026-08-17 10:51:14,582][__main__][INFO] - [RANK 0] [ Train | Step: 70500  |  loss : 0.2994 | accuracy : 0.8616 | opt_sps : 72.1610  ]
[2026-08-17 10:51:14,902][__main__][INFO] - [RANK 0] [ Eval  | Step: 70500  |  loss : 0.3389 | accuracy : 0.8410 | eval_s : 0.3195  ]
[2026-08-17 10:51:21,687][__main__][INFO] - [RANK 0] [ Train | Step: 71000  |  loss : 0.2986 | accuracy : 0.8624 | opt_sps : 72.1716  ]
[2026-08-17 10:51:22,007][__main__][INFO] - [RANK 0] [ Eval  | Step: 71000  |  loss : 0.3394 | accuracy : 0.8414 | eval_s : 0.3190  ]
[2026-08-17 10:51:28,707][__main__][INFO] - [RANK 0] [ Train | Step: 71500  |  loss : 0.2993 | accuracy : 0.8615 | opt_sps : 72.1881  ]
[2026-08-17 10:51:29,027][__main__][INFO] - [RANK 0] [ Eval  | Step: 71500  |  loss : 0.3374 | accuracy : 0.8431 | eval_s : 0.3188  ]
[2026-08-17 10:51:35,835][__main__][INFO] - [RANK 0] [ Train | Step: 72000  |  loss : 0.2950 | accuracy : 0.8634 | opt_sps : 72.1968  ]
[2026-08-17 10:51:36,154][__main__][INFO] - [RANK 0] [ Eval  | Step: 72000  |  loss : 0.3392 | accuracy : 0.8432 | eval_s : 0.3177  ]
[2026-08-17 10:51:42,952][__main__][INFO] - [RANK 0] [ Train | Step: 72500  |  loss : 0.2923 | accuracy : 0.8655 | opt_sps : 72.2059  ]
[2026-08-17 10:51:43,271][__main__][INFO] - [RANK 0] [ Eval  | Step: 72500  |  loss : 0.3385 | accuracy : 0.8421 | eval_s : 0.3179  ]
[2026-08-17 10:51:49,947][__main__][INFO] - [RANK 0] [ Train | Step: 73000  |  loss : 0.2925 | accuracy : 0.8668 | opt_sps : 72.2237  ]
[2026-08-17 10:51:50,266][__main__][INFO] - [RANK 0] [ Eval  | Step: 73000  |  loss : 0.3392 | accuracy : 0.8429 | eval_s : 0.3181  ]
[2026-08-17 10:51:57,101][__main__][INFO] - [RANK 0] [ Train | Step: 73500  |  loss : 0.2950 | accuracy : 0.8650 | opt_sps : 72.2300  ]
[2026-08-17 10:51:57,423][__main__][INFO] - [RANK 0] [ Eval  | Step: 73500  |  loss : 0.3373 | accuracy : 0.8413 | eval_s : 0.3210  ]
[2026-08-17 10:52:04,205][__main__][INFO] - [RANK 0] [ Train | Step: 74000  |  loss : 0.2943 | accuracy : 0.8650 | opt_sps : 72.2399  ]
[2026-08-17 10:52:04,528][__main__][INFO] - [RANK 0] [ Eval  | Step: 74000  |  loss : 0.3375 | accuracy : 0.8427 | eval_s : 0.3215  ]
[2026-08-17 10:52:11,570][__main__][INFO] - [RANK 0] [ Train | Step: 74500  |  loss : 0.2935 | accuracy : 0.8652 | opt_sps : 72.2315  ]
[2026-08-17 10:52:11,891][__main__][INFO] - [RANK 0] [ Eval  | Step: 74500  |  loss : 0.3396 | accuracy : 0.8395 | eval_s : 0.3200  ]
[2026-08-17 10:52:18,635][__main__][INFO] - [RANK 0] [ Train | Step: 75000  |  loss : 0.2940 | accuracy : 0.8644 | opt_sps : 72.2439  ]
[2026-08-17 10:52:18,954][__main__][INFO] - [RANK 0] [ Eval  | Step: 75000  |  loss : 0.3383 | accuracy : 0.8434 | eval_s : 0.3183  ]
[2026-08-17 10:52:25,665][__main__][INFO] - [RANK 0] [ Train | Step: 75500  |  loss : 0.2945 | accuracy : 0.8646 | opt_sps : 72.2584  ]
[2026-08-17 10:52:25,984][__main__][INFO] - [RANK 0] [ Eval  | Step: 75500  |  loss : 0.3379 | accuracy : 0.8412 | eval_s : 0.3179  ]
[2026-08-17 10:52:32,780][__main__][INFO] - [RANK 0] [ Train | Step: 76000  |  loss : 0.2931 | accuracy : 0.8644 | opt_sps : 72.2669  ]
[2026-08-17 10:52:33,099][__main__][INFO] - [RANK 0] [ Eval  | Step: 76000  |  loss : 0.3405 | accuracy : 0.8432 | eval_s : 0.3180  ]
[2026-08-17 10:52:39,796][__main__][INFO] - [RANK 0] [ Train | Step: 76500  |  loss : 0.2870 | accuracy : 0.8691 | opt_sps : 72.2820  ]
[2026-08-17 10:52:40,117][__main__][INFO] - [RANK 0] [ Eval  | Step: 76500  |  loss : 0.3389 | accuracy : 0.8423 | eval_s : 0.3202  ]
[2026-08-17 10:52:46,773][__main__][INFO] - [RANK 0] [ Train | Step: 77000  |  loss : 0.2871 | accuracy : 0.8684 | opt_sps : 72.2998  ]
[2026-08-17 10:52:47,094][__main__][INFO] - [RANK 0] [ Eval  | Step: 77000  |  loss : 0.3389 | accuracy : 0.8412 | eval_s : 0.3202  ]
[2026-08-17 10:52:53,784][__main__][INFO] - [RANK 0] [ Train | Step: 77500  |  loss : 0.2898 | accuracy : 0.8669 | opt_sps : 72.3150  ]
[2026-08-17 10:52:54,105][__main__][INFO] - [RANK 0] [ Eval  | Step: 77500  |  loss : 0.3386 | accuracy : 0.8418 | eval_s : 0.3200  ]
[2026-08-17 10:53:00,864][__main__][INFO] - [RANK 0] [ Train | Step: 78000  |  loss : 0.2899 | accuracy : 0.8680 | opt_sps : 72.3254  ]
[2026-08-17 10:53:01,184][__main__][INFO] - [RANK 0] [ Eval  | Step: 78000  |  loss : 0.3377 | accuracy : 0.8430 | eval_s : 0.3190  ]
[2026-08-17 10:53:07,949][__main__][INFO] - [RANK 0] [ Train | Step: 78500  |  loss : 0.2904 | accuracy : 0.8667 | opt_sps : 72.3353  ]
[2026-08-17 10:53:08,267][__main__][INFO] - [RANK 0] [ Eval  | Step: 78500  |  loss : 0.3415 | accuracy : 0.8418 | eval_s : 0.3177  ]
[2026-08-17 10:53:15,023][__main__][INFO] - [RANK 0] [ Train | Step: 79000  |  loss : 0.2894 | accuracy : 0.8667 | opt_sps : 72.3457  ]
[2026-08-17 10:53:15,346][__main__][INFO] - [RANK 0] [ Eval  | Step: 79000  |  loss : 0.3385 | accuracy : 0.8428 | eval_s : 0.3224  ]
[2026-08-17 10:53:22,253][__main__][INFO] - [RANK 0] [ Train | Step: 79500  |  loss : 0.2859 | accuracy : 0.8691 | opt_sps : 72.3459  ]
[2026-08-17 10:53:22,577][__main__][INFO] - [RANK 0] [ Eval  | Step: 79500  |  loss : 0.3380 | accuracy : 0.8429 | eval_s : 0.3222  ]
[2026-08-17 10:53:29,360][__main__][INFO] - [RANK 0] [ Train | Step: 80000  |  loss : 0.2871 | accuracy : 0.8685 | opt_sps : 72.3543  ]
[2026-08-17 10:53:29,681][__main__][INFO] - [RANK 0] [ Eval  | Step: 80000  |  loss : 0.3387 | accuracy : 0.8437 | eval_s : 0.3199  ]
[2026-08-17 10:53:36,455][__main__][INFO] - [RANK 0] [ Train | Step: 80500  |  loss : 0.2859 | accuracy : 0.8689 | opt_sps : 72.3631  ]
[2026-08-17 10:53:36,775][__main__][INFO] - [RANK 0] [ Eval  | Step: 80500  |  loss : 0.3385 | accuracy : 0.8439 | eval_s : 0.3182  ]
[2026-08-17 10:53:43,457][__main__][INFO] - [RANK 0] [ Train | Step: 81000  |  loss : 0.2839 | accuracy : 0.8710 | opt_sps : 72.3778  ]
[2026-08-17 10:53:43,776][__main__][INFO] - [RANK 0] [ Eval  | Step: 81000  |  loss : 0.3385 | accuracy : 0.8428 | eval_s : 0.3179  ]
[2026-08-17 10:53:50,506][__main__][INFO] - [RANK 0] [ Train | Step: 81500  |  loss : 0.2829 | accuracy : 0.8706 | opt_sps : 72.3893  ]
[2026-08-17 10:53:50,825][__main__][INFO] - [RANK 0] [ Eval  | Step: 81500  |  loss : 0.3401 | accuracy : 0.8442 | eval_s : 0.3187  ]
[2026-08-17 10:53:57,560][__main__][INFO] - [RANK 0] [ Train | Step: 82000  |  loss : 0.2837 | accuracy : 0.8708 | opt_sps : 72.4003  ]
[2026-08-17 10:53:57,879][__main__][INFO] - [RANK 0] [ Eval  | Step: 82000  |  loss : 0.3387 | accuracy : 0.8429 | eval_s : 0.3177  ]
[2026-08-17 10:54:04,681][__main__][INFO] - [RANK 0] [ Train | Step: 82500  |  loss : 0.2839 | accuracy : 0.8713 | opt_sps : 72.4069  ]
[2026-08-17 10:54:05,003][__main__][INFO] - [RANK 0] [ Eval  | Step: 82500  |  loss : 0.3379 | accuracy : 0.8443 | eval_s : 0.3204  ]
[2026-08-17 10:54:11,865][__main__][INFO] - [RANK 0] [ Train | Step: 83000  |  loss : 0.2816 | accuracy : 0.8723 | opt_sps : 72.4096  ]
[2026-08-17 10:54:12,190][__main__][INFO] - [RANK 0] [ Eval  | Step: 83000  |  loss : 0.3390 | accuracy : 0.8450 | eval_s : 0.3236  ]
[2026-08-17 10:54:19,266][__main__][INFO] - [RANK 0] [ Train | Step: 83500  |  loss : 0.2837 | accuracy : 0.8710 | opt_sps : 72.3988  ]
[2026-08-17 10:54:19,590][__main__][INFO] - [RANK 0] [ Eval  | Step: 83500  |  loss : 0.3395 | accuracy : 0.8441 | eval_s : 0.3231  ]
[2026-08-17 10:54:26,534][__main__][INFO] - [RANK 0] [ Train | Step: 84000  |  loss : 0.2825 | accuracy : 0.8710 | opt_sps : 72.3965  ]
[2026-08-17 10:54:26,863][__main__][INFO] - [RANK 0] [ Eval  | Step: 84000  |  loss : 0.3383 | accuracy : 0.8442 | eval_s : 0.3278  ]
[2026-08-17 10:54:33,676][__main__][INFO] - [RANK 0] [ Train | Step: 84500  |  loss : 0.2839 | accuracy : 0.8696 | opt_sps : 72.4023  ]
[2026-08-17 10:54:33,994][__main__][INFO] - [RANK 0] [ Eval  | Step: 84500  |  loss : 0.3391 | accuracy : 0.8451 | eval_s : 0.3179  ]
[2026-08-17 10:54:40,781][__main__][INFO] - [RANK 0] [ Train | Step: 85000  |  loss : 0.2773 | accuracy : 0.8737 | opt_sps : 72.4096  ]
[2026-08-17 10:54:41,103][__main__][INFO] - [RANK 0] [ Eval  | Step: 85000  |  loss : 0.3395 | accuracy : 0.8439 | eval_s : 0.3207  ]
[2026-08-17 10:54:47,884][__main__][INFO] - [RANK 0] [ Train | Step: 85500  |  loss : 0.2846 | accuracy : 0.8704 | opt_sps : 72.4172  ]
[2026-08-17 10:54:48,202][__main__][INFO] - [RANK 0] [ Eval  | Step: 85500  |  loss : 0.3391 | accuracy : 0.8439 | eval_s : 0.3176  ]
[2026-08-17 10:54:54,869][__main__][INFO] - [RANK 0] [ Train | Step: 86000  |  loss : 0.2795 | accuracy : 0.8728 | opt_sps : 72.4317  ]
[2026-08-17 10:54:55,190][__main__][INFO] - [RANK 0] [ Eval  | Step: 86000  |  loss : 0.3393 | accuracy : 0.8438 | eval_s : 0.3199  ]
[2026-08-17 10:55:01,941][__main__][INFO] - [RANK 0] [ Train | Step: 86500  |  loss : 0.2823 | accuracy : 0.8715 | opt_sps : 72.4409  ]
[2026-08-17 10:55:02,263][__main__][INFO] - [RANK 0] [ Eval  | Step: 86500  |  loss : 0.3382 | accuracy : 0.8448 | eval_s : 0.3208  ]
[2026-08-17 10:55:09,094][__main__][INFO] - [RANK 0] [ Train | Step: 87000  |  loss : 0.2778 | accuracy : 0.8744 | opt_sps : 72.4453  ]
[2026-08-17 10:55:09,413][__main__][INFO] - [RANK 0] [ Eval  | Step: 87000  |  loss : 0.3383 | accuracy : 0.8441 | eval_s : 0.3183  ]
[2026-08-17 10:55:16,474][__main__][INFO] - [RANK 0] [ Train | Step: 87500  |  loss : 0.2809 | accuracy : 0.8721 | opt_sps : 72.4357  ]
[2026-08-17 10:55:16,796][__main__][INFO] - [RANK 0] [ Eval  | Step: 87500  |  loss : 0.3380 | accuracy : 0.8451 | eval_s : 0.3217  ]
[2026-08-17 10:55:23,799][__main__][INFO] - [RANK 0] [ Train | Step: 88000  |  loss : 0.2791 | accuracy : 0.8729 | opt_sps : 72.4297  ]
[2026-08-17 10:55:24,120][__main__][INFO] - [RANK 0] [ Eval  | Step: 88000  |  loss : 0.3384 | accuracy : 0.8445 | eval_s : 0.3196  ]
[2026-08-17 10:55:31,019][__main__][INFO] - [RANK 0] [ Train | Step: 88500  |  loss : 0.2827 | accuracy : 0.8708 | opt_sps : 72.4300  ]
[2026-08-17 10:55:31,340][__main__][INFO] - [RANK 0] [ Eval  | Step: 88500  |  loss : 0.3388 | accuracy : 0.8435 | eval_s : 0.3200  ]
[2026-08-17 10:55:38,115][__main__][INFO] - [RANK 0] [ Train | Step: 89000  |  loss : 0.2751 | accuracy : 0.8751 | opt_sps : 72.4375  ]
[2026-08-17 10:55:38,436][__main__][INFO] - [RANK 0] [ Eval  | Step: 89000  |  loss : 0.3379 | accuracy : 0.8451 | eval_s : 0.3201  ]
[2026-08-17 10:55:45,281][__main__][INFO] - [RANK 0] [ Train | Step: 89500  |  loss : 0.2775 | accuracy : 0.8741 | opt_sps : 72.4409  ]
[2026-08-17 10:55:45,602][__main__][INFO] - [RANK 0] [ Eval  | Step: 89500  |  loss : 0.3400 | accuracy : 0.8439 | eval_s : 0.3198  ]
[2026-08-17 10:55:52,370][__main__][INFO] - [RANK 0] [ Train | Step: 90000  |  loss : 0.2785 | accuracy : 0.8734 | opt_sps : 72.4487  ]
[2026-08-17 10:55:52,690][__main__][INFO] - [RANK 0] [ Eval  | Step: 90000  |  loss : 0.3383 | accuracy : 0.8447 | eval_s : 0.3187  ]
[2026-08-17 10:55:59,508][__main__][INFO] - [RANK 0] [ Train | Step: 90500  |  loss : 0.2771 | accuracy : 0.8748 | opt_sps : 72.4535  ]
[2026-08-17 10:55:59,828][__main__][INFO] - [RANK 0] [ Eval  | Step: 90500  |  loss : 0.3395 | accuracy : 0.8457 | eval_s : 0.3195  ]
[2026-08-17 10:56:06,626][__main__][INFO] - [RANK 0] [ Train | Step: 91000  |  loss : 0.2778 | accuracy : 0.8732 | opt_sps : 72.4595  ]
[2026-08-17 10:56:06,945][__main__][INFO] - [RANK 0] [ Eval  | Step: 91000  |  loss : 0.3396 | accuracy : 0.8440 | eval_s : 0.3181  ]
[2026-08-17 10:56:13,892][__main__][INFO] - [RANK 0] [ Train | Step: 91500  |  loss : 0.2786 | accuracy : 0.8740 | opt_sps : 72.4568  ]
[2026-08-17 10:56:14,212][__main__][INFO] - [RANK 0] [ Eval  | Step: 91500  |  loss : 0.3392 | accuracy : 0.8442 | eval_s : 0.3193  ]
[2026-08-17 10:56:21,521][__main__][INFO] - [RANK 0] [ Train | Step: 92000  |  loss : 0.2784 | accuracy : 0.8736 | opt_sps : 72.4336  ]
[2026-08-17 10:56:21,844][__main__][INFO] - [RANK 0] [ Eval  | Step: 92000  |  loss : 0.3381 | accuracy : 0.8443 | eval_s : 0.3216  ]
[2026-08-17 10:56:28,833][__main__][INFO] - [RANK 0] [ Train | Step: 92500  |  loss : 0.2788 | accuracy : 0.8730 | opt_sps : 72.4286  ]
[2026-08-17 10:56:29,157][__main__][INFO] - [RANK 0] [ Eval  | Step: 92500  |  loss : 0.3397 | accuracy : 0.8437 | eval_s : 0.3233  ]
[2026-08-17 10:56:36,022][__main__][INFO] - [RANK 0] [ Train | Step: 93000  |  loss : 0.2769 | accuracy : 0.8732 | opt_sps : 72.4308  ]
[2026-08-17 10:56:36,344][__main__][INFO] - [RANK 0] [ Eval  | Step: 93000  |  loss : 0.3388 | accuracy : 0.8446 | eval_s : 0.3211  ]
[2026-08-17 10:56:43,276][__main__][INFO] - [RANK 0] [ Train | Step: 93500  |  loss : 0.2732 | accuracy : 0.8756 | opt_sps : 72.4292  ]
[2026-08-17 10:56:43,601][__main__][INFO] - [RANK 0] [ Eval  | Step: 93500  |  loss : 0.3378 | accuracy : 0.8445 | eval_s : 0.3239  ]
[2026-08-17 10:56:50,380][__main__][INFO] - [RANK 0] [ Train | Step: 94000  |  loss : 0.2756 | accuracy : 0.8745 | opt_sps : 72.4362  ]
[2026-08-17 10:56:50,701][__main__][INFO] - [RANK 0] [ Eval  | Step: 94000  |  loss : 0.3393 | accuracy : 0.8450 | eval_s : 0.3198  ]
[2026-08-17 10:56:57,321][__main__][INFO] - [RANK 0] [ Train | Step: 94500  |  loss : 0.2786 | accuracy : 0.8729 | opt_sps : 72.4518  ]
[2026-08-17 10:56:57,640][__main__][INFO] - [RANK 0] [ Eval  | Step: 94500  |  loss : 0.3389 | accuracy : 0.8440 | eval_s : 0.3184  ]
[2026-08-17 10:57:04,303][__main__][INFO] - [RANK 0] [ Train | Step: 95000  |  loss : 0.2749 | accuracy : 0.8754 | opt_sps : 72.4650  ]
[2026-08-17 10:57:04,623][__main__][INFO] - [RANK 0] [ Eval  | Step: 95000  |  loss : 0.3393 | accuracy : 0.8450 | eval_s : 0.3188  ]
[2026-08-17 10:57:11,241][__main__][INFO] - [RANK 0] [ Train | Step: 95500  |  loss : 0.2765 | accuracy : 0.8751 | opt_sps : 72.4805  ]
[2026-08-17 10:57:11,560][__main__][INFO] - [RANK 0] [ Eval  | Step: 95500  |  loss : 0.3395 | accuracy : 0.8451 | eval_s : 0.3175  ]
[2026-08-17 10:57:18,260][__main__][INFO] - [RANK 0] [ Train | Step: 96000  |  loss : 0.2782 | accuracy : 0.8739 | opt_sps : 72.4913  ]
[2026-08-17 10:57:18,583][__main__][INFO] - [RANK 0] [ Eval  | Step: 96000  |  loss : 0.3388 | accuracy : 0.8442 | eval_s : 0.3214  ]
[2026-08-17 10:57:25,508][__main__][INFO] - [RANK 0] [ Train | Step: 96500  |  loss : 0.2778 | accuracy : 0.8744 | opt_sps : 72.4898  ]
[2026-08-17 10:57:25,834][__main__][INFO] - [RANK 0] [ Eval  | Step: 96500  |  loss : 0.3396 | accuracy : 0.8445 | eval_s : 0.3251  ]
[2026-08-17 10:57:32,457][__main__][INFO] - [RANK 0] [ Train | Step: 97000  |  loss : 0.2785 | accuracy : 0.8737 | opt_sps : 72.5046  ]
[2026-08-17 10:57:32,776][__main__][INFO] - [RANK 0] [ Eval  | Step: 97000  |  loss : 0.3379 | accuracy : 0.8438 | eval_s : 0.3178  ]
[2026-08-17 10:57:39,410][__main__][INFO] - [RANK 0] [ Train | Step: 97500  |  loss : 0.2773 | accuracy : 0.8735 | opt_sps : 72.5188  ]
[2026-08-17 10:57:39,730][__main__][INFO] - [RANK 0] [ Eval  | Step: 97500  |  loss : 0.3391 | accuracy : 0.8436 | eval_s : 0.3190  ]
[2026-08-17 10:57:46,364][__main__][INFO] - [RANK 0] [ Train | Step: 98000  |  loss : 0.2757 | accuracy : 0.8754 | opt_sps : 72.5327  ]
[2026-08-17 10:57:46,683][__main__][INFO] - [RANK 0] [ Eval  | Step: 98000  |  loss : 0.3389 | accuracy : 0.8444 | eval_s : 0.3177  ]
[2026-08-17 10:57:53,268][__main__][INFO] - [RANK 0] [ Train | Step: 98500  |  loss : 0.2770 | accuracy : 0.8753 | opt_sps : 72.5492  ]
[2026-08-17 10:57:53,588][__main__][INFO] - [RANK 0] [ Eval  | Step: 98500  |  loss : 0.3386 | accuracy : 0.8446 | eval_s : 0.3184  ]
[2026-08-17 10:58:00,184][__main__][INFO] - [RANK 0] [ Train | Step: 99000  |  loss : 0.2758 | accuracy : 0.8745 | opt_sps : 72.5649  ]
[2026-08-17 10:58:00,503][__main__][INFO] - [RANK 0] [ Eval  | Step: 99000  |  loss : 0.3382 | accuracy : 0.8431 | eval_s : 0.3176  ]
[2026-08-17 10:58:07,094][__main__][INFO] - [RANK 0] [ Train | Step: 99500  |  loss : 0.2737 | accuracy : 0.8765 | opt_sps : 72.5807  ]
[2026-08-17 10:58:07,412][__main__][INFO] - [RANK 0] [ Eval  | Step: 99500  |  loss : 0.3386 | accuracy : 0.8440 | eval_s : 0.3177  ]
[2026-08-17 10:58:14,060][__main__][INFO] - [RANK 0] [ Train | Step: 100000 |  loss : 0.2767 | accuracy : 0.8743 | opt_sps : 72.5934  ]
[2026-08-17 10:58:14,380][__main__][INFO] - [RANK 0] [ Eval  | Step: 100000 |  loss : 0.3391 | accuracy : 0.8442 | eval_s : 0.3188  ]
[2026-08-17 10:58:14,381][__main__][INFO] - [RANK 0] loading best model
[2026-08-17 10:58:14,384][__main__][INFO] - [RANK 0] [Eval  | Summary |  best_loss : 0.3373 | best_step : 73500.0000 ]
[2026-08-17 10:58:14,704][__main__][INFO] - [RANK 0] [Test  | Summary |  model/phase_R : 0.9693 | model/gate_offdiag : 0.9436 | model/vote_agreement : 0.6958 | model/evidence_ratio : 74.4457 | loss/cross_entropy : 0.3324 | loss/loss : 0.3324 | callbacks/accuracy : 0.8459 | callbacks/non_relational_accuracy : 0.9998 | callbacks/binary_accuracy : 0.8871 | callbacks/ternary_accuracy : 0.6507 | callbacks/query_shape_accuracy : 0.9994 | callbacks/left_of_centre_accuracy : 1.0000 | callbacks/top_half_accuracy : 1.0000 | callbacks/closest_shape_accuracy : 0.7972 | callbacks/furthest_shape_accuracy : 0.8739 | callbacks/count_same_shape_accuracy : 0.9964 | callbacks/count_in_box_accuracy : 0.7824 | callbacks/on_band_accuracy : 0.6903 | callbacks/count_obtuse_accuracy : 0.4753 | timing/eval_s : 0.3192 ]
wandb: updating run metadata
wandb: uploading output.log; uploading wandb-summary.json; uploading config.yaml
wandb: uploading history steps 198-199, summary, console lines 528-532
wandb: 
wandb: Run history:
wandb:                  eval_callbacks/accuracy ▁▁▂▂▄▅▅▅▆▆▆▆▆▆▇▇▇▇▇▇████████████████████
wandb:           eval_callbacks/binary_accuracy ▁▁▁▁▃▅▆▆▆▇▇▆▇▇▇▇████████████████████████
wandb:    eval_callbacks/closest_shape_accuracy ▂▁▃▄▅▅▆▆▆▆▇▇▇▇▇▇▇▇▇▇███▇████████████████
wandb:     eval_callbacks/count_in_box_accuracy ▁▁▁▁▁▁▁▁▂▁▂▂▃▂▅▅▆▇▇▇▇█▇▇█▇█▇█▇▇██▇▇▇███▇
wandb:     eval_callbacks/count_obtuse_accuracy ▁▁▁▁▁▁▁▁▁▁▄▅▆▆▆▆▇▇▆▇▇▇▇██▇▇▇█▇▇█▇▇▇▇█▇▇▇
wandb: eval_callbacks/count_same_shape_accuracy ▁▁▁▁▁▅▅▅▆▇▆▇▇█▇▅▇▇██████████████████████
wandb:   eval_callbacks/furthest_shape_accuracy ▁▁▂▂▃▃▃▄▄▄▄▄▅▅▅▅▆▆▇▇████████████████████
wandb:   eval_callbacks/left_of_centre_accuracy ▁███████████████████████████████████████
wandb:   eval_callbacks/non_relational_accuracy ▁▅██████████████████████████████████████
wandb:          eval_callbacks/on_band_accuracy ▂▁▂▂▂▃▃▃▂▃▆▆▅▆▆▆▆▆▆▆▇▇▇▇▇▇▇▇████████████
wandb:                                      +32 ...
wandb: 
wandb: Run summary:
wandb:                           eval/best_loss 0.3373
wandb:                           eval/best_step 73500
wandb:                  eval_callbacks/accuracy 0.84423
wandb:           eval_callbacks/binary_accuracy 0.88922
wandb:    eval_callbacks/closest_shape_accuracy 0.80268
wandb:     eval_callbacks/count_in_box_accuracy 0.76101
wandb:     eval_callbacks/count_obtuse_accuracy 0.46512
wandb: eval_callbacks/count_same_shape_accuracy 0.99814
wandb:   eval_callbacks/furthest_shape_accuracy 0.86733
wandb:   eval_callbacks/left_of_centre_accuracy 1.0
wandb:                                      +54 ...
wandb: 
wandb: 🚀 View run sort_of_clevr/syncnet::multirun::2026-08-17_07-27-27::8 at: https://wandb.ai/niks_priv/sort_of_clevr/runs/zuplxob5
wandb: ⭐️ View project at: https://wandb.ai/niks_priv/sort_of_clevr
wandb: Synced 5 W&B file(s), 0 media file(s), 0 artifact file(s) and 0 other file(s)
wandb: Find logs at: ./outputs/sort_of_clevr/multirun/2026-08-17_07-27-27/8/wandb/run-20260817_103411-zuplxob5/logs
[2026-08-17 10:58:15,740][HYDRA] 	#9 : model.module_dim=768 model.n_modules=4 model.partition=quadrant train.seed=0 task=sort_of_clevr experiment=sort_of_clevr/syncnet/scale
wandb: setting up run fbhhmw3u
wandb: Tracking run with wandb version 0.27.2
wandb: Run data is saved locally in /home/nik/workspace/ImperialWork/msc_project/SyncNetProject/outputs/sort_of_clevr/multirun/2026-08-17_07-27-27/9/wandb/run-20260817_105816-fbhhmw3u
wandb: Run `wandb offline` to turn off syncing.
wandb: Syncing run sort_of_clevr/syncnet::multirun::2026-08-17_07-27-27::9
wandb: ⭐️ View project at https://wandb.ai/niks_priv/sort_of_clevr
wandb: 🚀 View run at https://wandb.ai/niks_priv/sort_of_clevr/runs/fbhhmw3u
[2026-08-17 10:58:17,617][__main__][INFO] - [RANK 0] Starting training
[2026-08-17 10:58:17,617][__main__][INFO] - [RANK 0] Model: SortOfClevrSyncNet
[2026-08-17 10:58:17,617][__main__][INFO] - [RANK 0] Parameters: total=3124048
[2026-08-17 10:58:17,619][__main__][INFO] - [RANK 0] Config:
train:
  seed: 0
  n_steps: 100000
  train_bs: 256
  val_bs: 1024
  early_stop_metric: loss
  early_stop_big_is_better: false
  early_stop_patience: 1000000
  early_stop_min_delta: 0.0
  mixed_precision: bf16
  compile_model: false
  grad_accum: 1
  grad_clip: 1.0
  loader_mode: gpu_cached
  num_workers: 0
logging:
  eval_log_interval: 500
  train_log_interval: 500
  info_metrics:
  - loss
  - accuracy
  save_best: true
wandb:
  enabled: true
  project_name: sort_of_clevr
  entity: niks_priv
  tags: []
  run_name: null
optim:
  optimiser: adamw
  lr: 0.0003
  weight_decay: 0.01
  lr_scheduler: warmup_cosine
  lr_scheduler_params:
    warmup_steps: 2000
dataset:
  name: sort_of_clevr
  root: ./data
  dir: sort_of_clevr-seed1-train36000-test1000-img75-obj5-q10-t-1
  seed: 1
  train_size: 36000
  test_size: 1000
  img_size: 75
  obj_size: 5
  nb_questions: 10
  t_subtype: -1
model:
  name: sort_of_clevr_syncnet
  q_conditioning: film
  q_emb_dim: 32
  partition: quadrant
  use_pos_emb: true
  n_modules: 4
  module_dim: 768
  content_dim: 8
  query_hidden: 64
  beta_init: 5.0
  learn_beta: true
  use_module_embed: false
  embed_scale: 1.0
  gate_mode: phase
  T: 6
  dt: 0.1
  omega_init: 0.5
  learn_omega: true
  k_hidden: 64
  deterministic_phase: false
  msg_dim: 64
  msg_agg: mean
  readout_mode: sum
  hidden_dim: 128
  use_prior_head: true
  vote_sees_q: true
  encoder:
    name: patchify
    ch: 128
    patch_size: 5
    hidden: 64
callbacks:
- name: accuracy
- name: qtype_accuracy
- name: subtype_accuracy

[2026-08-17 10:58:17,620][__main__][INFO] - [RANK 0] Full model:
SortOfClevrSyncNet(
  (inner): VQASyncNet(
    (q_encoder): IdentityQuestionEncoder()
    (film_gamma): Linear(in_features=18, out_features=128, bias=True)
    (film_beta): Linear(in_features=18, out_features=128, bias=True)
    (encoders): ModuleList(
      (0): PatchifyEncoder(
        (patchify): Conv2d(3, 128, kernel_size=(5, 5), stride=(5, 5))
      )
    )
    (norms): ModuleList(
      (0): GroupNorm(8, 128, eps=1e-05, affine=True, bias=True)
    )
    (h_init): Sequential(
      (0): Linear(in_features=18, out_features=64, bias=True)
      (1): GELU(approximate='none')
      (2): Linear(in_features=64, out_features=3072, bias=True)
    )
    (attn_query): Linear(in_features=768, out_features=128, bias=True)
    (msg_proj): Linear(in_features=768, out_features=64, bias=True)
    (cell): GRUCell(192, 768)
    (k_mlp): Sequential(
      (0): Linear(in_features=1536, out_features=64, bias=True)
      (1): GELU(approximate='none')
      (2): Linear(in_features=64, out_features=1, bias=True)
      (3): Tanh()
    )
    (content_head): Linear(in_features=128, out_features=8, bias=True)
    (vote_heads): ModuleList(
      (0-3): 4 x Sequential(
        (0): Linear(in_features=794, out_features=128, bias=True)
        (1): GELU(approximate='none')
        (2): Linear(in_features=128, out_features=10, bias=True)
      )
    )
    (prior_head): Sequential(
      (0): Linear(in_features=18, out_features=128, bias=True)
      (1): GELU(approximate='none')
      (2): Linear(in_features=128, out_features=10, bias=True)
    )
  )
)
[2026-08-17 10:58:24,421][__main__][INFO] - [RANK 0] [ Train | Step: 500    |  loss : 1.2692 | accuracy : 0.4294 | opt_sps : 73.5214  ]
[2026-08-17 10:58:24,765][__main__][INFO] - [RANK 0] [ Eval  | Step: 500    |  loss : 0.8843 | accuracy : 0.4931 | eval_s : 0.3429  ]
[2026-08-17 10:58:31,673][__main__][INFO] - [RANK 0] [ Train | Step: 1000   |  loss : 0.8357 | accuracy : 0.5385 | opt_sps : 72.9580  ]
[2026-08-17 10:58:32,017][__main__][INFO] - [RANK 0] [ Eval  | Step: 1000   |  loss : 0.7551 | accuracy : 0.6036 | eval_s : 0.3430  ]
[2026-08-17 10:58:38,806][__main__][INFO] - [RANK 0] [ Train | Step: 1500   |  loss : 0.7308 | accuracy : 0.6225 | opt_sps : 73.1954  ]
[2026-08-17 10:58:39,151][__main__][INFO] - [RANK 0] [ Eval  | Step: 1500   |  loss : 0.7099 | accuracy : 0.6371 | eval_s : 0.3437  ]
[2026-08-17 10:58:46,039][__main__][INFO] - [RANK 0] [ Train | Step: 2000   |  loss : 0.7100 | accuracy : 0.6430 | opt_sps : 73.0478  ]
[2026-08-17 10:58:46,384][__main__][INFO] - [RANK 0] [ Eval  | Step: 2000   |  loss : 0.7005 | accuracy : 0.6484 | eval_s : 0.3442  ]
[2026-08-17 10:58:53,260][__main__][INFO] - [RANK 0] [ Train | Step: 2500   |  loss : 0.6973 | accuracy : 0.6489 | opt_sps : 72.9858  ]
[2026-08-17 10:58:53,605][__main__][INFO] - [RANK 0] [ Eval  | Step: 2500   |  loss : 0.6865 | accuracy : 0.6516 | eval_s : 0.3433  ]
[2026-08-17 10:59:00,437][__main__][INFO] - [RANK 0] [ Train | Step: 3000   |  loss : 0.6856 | accuracy : 0.6544 | opt_sps : 73.0238  ]
[2026-08-17 10:59:00,781][__main__][INFO] - [RANK 0] [ Eval  | Step: 3000   |  loss : 0.6759 | accuracy : 0.6661 | eval_s : 0.3440  ]
[2026-08-17 10:59:07,626][__main__][INFO] - [RANK 0] [ Train | Step: 3500   |  loss : 0.6721 | accuracy : 0.6634 | opt_sps : 73.0307  ]
[2026-08-17 10:59:07,971][__main__][INFO] - [RANK 0] [ Eval  | Step: 3500   |  loss : 0.6906 | accuracy : 0.6473 | eval_s : 0.3438  ]
[2026-08-17 10:59:14,840][__main__][INFO] - [RANK 0] [ Train | Step: 4000   |  loss : 0.6651 | accuracy : 0.6683 | opt_sps : 73.0001  ]
[2026-08-17 10:59:15,185][__main__][INFO] - [RANK 0] [ Eval  | Step: 4000   |  loss : 0.6613 | accuracy : 0.6646 | eval_s : 0.3438  ]
[2026-08-17 10:59:22,097][__main__][INFO] - [RANK 0] [ Train | Step: 4500   |  loss : 0.6605 | accuracy : 0.6693 | opt_sps : 72.9658  ]
[2026-08-17 10:59:22,444][__main__][INFO] - [RANK 0] [ Eval  | Step: 4500   |  loss : 0.6626 | accuracy : 0.6666 | eval_s : 0.3462  ]
[2026-08-17 10:59:29,445][__main__][INFO] - [RANK 0] [ Train | Step: 5000   |  loss : 0.6538 | accuracy : 0.6756 | opt_sps : 72.8081  ]
[2026-08-17 10:59:29,794][__main__][INFO] - [RANK 0] [ Eval  | Step: 5000   |  loss : 0.6695 | accuracy : 0.6597 | eval_s : 0.3478  ]
[2026-08-17 10:59:36,793][__main__][INFO] - [RANK 0] [ Train | Step: 5500   |  loss : 0.6526 | accuracy : 0.6761 | opt_sps : 72.6820  ]
[2026-08-17 10:59:37,136][__main__][INFO] - [RANK 0] [ Eval  | Step: 5500   |  loss : 0.6466 | accuracy : 0.6803 | eval_s : 0.3427  ]
[2026-08-17 10:59:44,105][__main__][INFO] - [RANK 0] [ Train | Step: 6000   |  loss : 0.6480 | accuracy : 0.6774 | opt_sps : 72.6052  ]
[2026-08-17 10:59:44,449][__main__][INFO] - [RANK 0] [ Eval  | Step: 6000   |  loss : 0.6418 | accuracy : 0.6817 | eval_s : 0.3431  ]
[2026-08-17 10:59:51,459][__main__][INFO] - [RANK 0] [ Train | Step: 6500   |  loss : 0.6420 | accuracy : 0.6820 | opt_sps : 72.5075  ]
[2026-08-17 10:59:51,807][__main__][INFO] - [RANK 0] [ Eval  | Step: 6500   |  loss : 0.6451 | accuracy : 0.6770 | eval_s : 0.3462  ]
[2026-08-17 10:59:58,769][__main__][INFO] - [RANK 0] [ Train | Step: 7000   |  loss : 0.6425 | accuracy : 0.6809 | opt_sps : 72.4572  ]
[2026-08-17 10:59:59,115][__main__][INFO] - [RANK 0] [ Eval  | Step: 7000   |  loss : 0.6421 | accuracy : 0.6841 | eval_s : 0.3443  ]
[2026-08-17 11:00:06,173][__main__][INFO] - [RANK 0] [ Train | Step: 7500   |  loss : 0.6409 | accuracy : 0.6821 | opt_sps : 72.3470  ]
[2026-08-17 11:00:06,518][__main__][INFO] - [RANK 0] [ Eval  | Step: 7500   |  loss : 0.6399 | accuracy : 0.6876 | eval_s : 0.3440  ]
[2026-08-17 11:00:13,622][__main__][INFO] - [RANK 0] [ Train | Step: 8000   |  loss : 0.6410 | accuracy : 0.6809 | opt_sps : 72.2226  ]
[2026-08-17 11:00:13,965][__main__][INFO] - [RANK 0] [ Eval  | Step: 8000   |  loss : 0.6427 | accuracy : 0.6794 | eval_s : 0.3427  ]
[2026-08-17 11:00:20,878][__main__][INFO] - [RANK 0] [ Train | Step: 8500   |  loss : 0.6387 | accuracy : 0.6842 | opt_sps : 72.2287  ]
[2026-08-17 11:00:21,223][__main__][INFO] - [RANK 0] [ Eval  | Step: 8500   |  loss : 0.6406 | accuracy : 0.6864 | eval_s : 0.3438  ]
[2026-08-17 11:00:28,102][__main__][INFO] - [RANK 0] [ Train | Step: 9000   |  loss : 0.6347 | accuracy : 0.6855 | opt_sps : 72.2548  ]
[2026-08-17 11:00:28,449][__main__][INFO] - [RANK 0] [ Eval  | Step: 9000   |  loss : 0.6382 | accuracy : 0.6859 | eval_s : 0.3455  ]
[2026-08-17 11:00:35,364][__main__][INFO] - [RANK 0] [ Train | Step: 9500   |  loss : 0.6246 | accuracy : 0.6936 | opt_sps : 72.2583  ]
[2026-08-17 11:00:35,708][__main__][INFO] - [RANK 0] [ Eval  | Step: 9500   |  loss : 0.6289 | accuracy : 0.6918 | eval_s : 0.3430  ]
[2026-08-17 11:00:42,745][__main__][INFO] - [RANK 0] [ Train | Step: 10000  |  loss : 0.6191 | accuracy : 0.6975 | opt_sps : 72.1999  ]
[2026-08-17 11:00:43,091][__main__][INFO] - [RANK 0] [ Eval  | Step: 10000  |  loss : 0.6048 | accuracy : 0.7028 | eval_s : 0.3442  ]
[2026-08-17 11:00:50,063][__main__][INFO] - [RANK 0] [ Train | Step: 10500  |  loss : 0.6051 | accuracy : 0.7068 | opt_sps : 72.1779  ]
[2026-08-17 11:00:50,407][__main__][INFO] - [RANK 0] [ Eval  | Step: 10500  |  loss : 0.6173 | accuracy : 0.6993 | eval_s : 0.3435  ]
[2026-08-17 11:00:57,372][__main__][INFO] - [RANK 0] [ Train | Step: 11000  |  loss : 0.5961 | accuracy : 0.7125 | opt_sps : 72.1601  ]
[2026-08-17 11:00:57,717][__main__][INFO] - [RANK 0] [ Eval  | Step: 11000  |  loss : 0.5847 | accuracy : 0.7182 | eval_s : 0.3435  ]
[2026-08-17 11:01:04,655][__main__][INFO] - [RANK 0] [ Train | Step: 11500  |  loss : 0.5920 | accuracy : 0.7151 | opt_sps : 72.1566  ]
[2026-08-17 11:01:05,000][__main__][INFO] - [RANK 0] [ Eval  | Step: 11500  |  loss : 0.5796 | accuracy : 0.7203 | eval_s : 0.3436  ]
[2026-08-17 11:01:12,083][__main__][INFO] - [RANK 0] [ Train | Step: 12000  |  loss : 0.5770 | accuracy : 0.7215 | opt_sps : 72.0910  ]
[2026-08-17 11:01:12,431][__main__][INFO] - [RANK 0] [ Eval  | Step: 12000  |  loss : 0.5650 | accuracy : 0.7263 | eval_s : 0.3469  ]
[2026-08-17 11:01:19,467][__main__][INFO] - [RANK 0] [ Train | Step: 12500  |  loss : 0.5832 | accuracy : 0.7220 | opt_sps : 72.0499  ]
[2026-08-17 11:01:19,812][__main__][INFO] - [RANK 0] [ Eval  | Step: 12500  |  loss : 0.5709 | accuracy : 0.7276 | eval_s : 0.3437  ]
[2026-08-17 11:01:26,897][__main__][INFO] - [RANK 0] [ Train | Step: 13000  |  loss : 0.5718 | accuracy : 0.7248 | opt_sps : 71.9918  ]
[2026-08-17 11:01:27,241][__main__][INFO] - [RANK 0] [ Eval  | Step: 13000  |  loss : 0.5536 | accuracy : 0.7333 | eval_s : 0.3429  ]
[2026-08-17 11:01:34,211][__main__][INFO] - [RANK 0] [ Train | Step: 13500  |  loss : 0.5668 | accuracy : 0.7269 | opt_sps : 71.9833  ]
[2026-08-17 11:01:34,557][__main__][INFO] - [RANK 0] [ Eval  | Step: 13500  |  loss : 0.5491 | accuracy : 0.7311 | eval_s : 0.3456  ]
[2026-08-17 11:01:41,412][__main__][INFO] - [RANK 0] [ Train | Step: 14000  |  loss : 0.5592 | accuracy : 0.7310 | opt_sps : 72.0180  ]
[2026-08-17 11:01:41,755][__main__][INFO] - [RANK 0] [ Eval  | Step: 14000  |  loss : 0.5409 | accuracy : 0.7357 | eval_s : 0.3424  ]
[2026-08-17 11:01:48,637][__main__][INFO] - [RANK 0] [ Train | Step: 14500  |  loss : 0.5562 | accuracy : 0.7315 | opt_sps : 72.0408  ]
[2026-08-17 11:01:48,981][__main__][INFO] - [RANK 0] [ Eval  | Step: 14500  |  loss : 0.5960 | accuracy : 0.7271 | eval_s : 0.3434  ]
[2026-08-17 11:01:55,800][__main__][INFO] - [RANK 0] [ Train | Step: 15000  |  loss : 0.5455 | accuracy : 0.7362 | opt_sps : 72.0827  ]
[2026-08-17 11:01:56,145][__main__][INFO] - [RANK 0] [ Eval  | Step: 15000  |  loss : 0.5432 | accuracy : 0.7355 | eval_s : 0.3438  ]
[2026-08-17 11:02:02,990][__main__][INFO] - [RANK 0] [ Train | Step: 15500  |  loss : 0.5561 | accuracy : 0.7317 | opt_sps : 72.1134  ]
[2026-08-17 11:02:03,334][__main__][INFO] - [RANK 0] [ Eval  | Step: 15500  |  loss : 0.5773 | accuracy : 0.7212 | eval_s : 0.3431  ]
[2026-08-17 11:02:10,108][__main__][INFO] - [RANK 0] [ Train | Step: 16000  |  loss : 0.5502 | accuracy : 0.7350 | opt_sps : 72.1653  ]
[2026-08-17 11:02:10,451][__main__][INFO] - [RANK 0] [ Eval  | Step: 16000  |  loss : 0.5910 | accuracy : 0.7203 | eval_s : 0.3420  ]
[2026-08-17 11:02:17,320][__main__][INFO] - [RANK 0] [ Train | Step: 16500  |  loss : 0.5513 | accuracy : 0.7327 | opt_sps : 72.1839  ]
[2026-08-17 11:02:17,664][__main__][INFO] - [RANK 0] [ Eval  | Step: 16500  |  loss : 0.5690 | accuracy : 0.7265 | eval_s : 0.3432  ]
[2026-08-17 11:02:24,400][__main__][INFO] - [RANK 0] [ Train | Step: 17000  |  loss : 0.5404 | accuracy : 0.7374 | opt_sps : 72.2424  ]
[2026-08-17 11:02:24,747][__main__][INFO] - [RANK 0] [ Eval  | Step: 17000  |  loss : 0.5242 | accuracy : 0.7402 | eval_s : 0.3453  ]
[2026-08-17 11:02:31,563][__main__][INFO] - [RANK 0] [ Train | Step: 17500  |  loss : 0.5417 | accuracy : 0.7376 | opt_sps : 72.2744  ]
[2026-08-17 11:02:31,910][__main__][INFO] - [RANK 0] [ Eval  | Step: 17500  |  loss : 0.5246 | accuracy : 0.7462 | eval_s : 0.3464  ]
[2026-08-17 11:02:38,724][__main__][INFO] - [RANK 0] [ Train | Step: 18000  |  loss : 0.5314 | accuracy : 0.7416 | opt_sps : 72.3047  ]
[2026-08-17 11:02:39,068][__main__][INFO] - [RANK 0] [ Eval  | Step: 18000  |  loss : 0.5290 | accuracy : 0.7436 | eval_s : 0.3431  ]
[2026-08-17 11:02:45,895][__main__][INFO] - [RANK 0] [ Train | Step: 18500  |  loss : 0.5355 | accuracy : 0.7446 | opt_sps : 72.3298  ]
[2026-08-17 11:02:46,238][__main__][INFO] - [RANK 0] [ Eval  | Step: 18500  |  loss : 0.5151 | accuracy : 0.7499 | eval_s : 0.3427  ]
[2026-08-17 11:02:53,069][__main__][INFO] - [RANK 0] [ Train | Step: 19000  |  loss : 0.5134 | accuracy : 0.7523 | opt_sps : 72.3530  ]
[2026-08-17 11:02:53,414][__main__][INFO] - [RANK 0] [ Eval  | Step: 19000  |  loss : 0.5271 | accuracy : 0.7475 | eval_s : 0.3441  ]
[2026-08-17 11:03:00,240][__main__][INFO] - [RANK 0] [ Train | Step: 19500  |  loss : 0.5031 | accuracy : 0.7580 | opt_sps : 72.3758  ]
[2026-08-17 11:03:00,589][__main__][INFO] - [RANK 0] [ Eval  | Step: 19500  |  loss : 0.4785 | accuracy : 0.7697 | eval_s : 0.3488  ]
[2026-08-17 11:03:07,399][__main__][INFO] - [RANK 0] [ Train | Step: 20000  |  loss : 0.5086 | accuracy : 0.7570 | opt_sps : 72.4021  ]
[2026-08-17 11:03:07,744][__main__][INFO] - [RANK 0] [ Eval  | Step: 20000  |  loss : 0.4737 | accuracy : 0.7674 | eval_s : 0.3436  ]
[2026-08-17 11:03:14,566][__main__][INFO] - [RANK 0] [ Train | Step: 20500  |  loss : 0.5020 | accuracy : 0.7593 | opt_sps : 72.4241  ]
[2026-08-17 11:03:14,910][__main__][INFO] - [RANK 0] [ Eval  | Step: 20500  |  loss : 0.4701 | accuracy : 0.7692 | eval_s : 0.3428  ]
[2026-08-17 11:03:21,728][__main__][INFO] - [RANK 0] [ Train | Step: 21000  |  loss : 0.4843 | accuracy : 0.7640 | opt_sps : 72.4462  ]
[2026-08-17 11:03:22,072][__main__][INFO] - [RANK 0] [ Eval  | Step: 21000  |  loss : 0.4871 | accuracy : 0.7593 | eval_s : 0.3435  ]
[2026-08-17 11:03:29,063][__main__][INFO] - [RANK 0] [ Train | Step: 21500  |  loss : 0.4724 | accuracy : 0.7703 | opt_sps : 72.4245  ]
[2026-08-17 11:03:29,407][__main__][INFO] - [RANK 0] [ Eval  | Step: 21500  |  loss : 0.4635 | accuracy : 0.7717 | eval_s : 0.3431  ]
[2026-08-17 11:03:36,321][__main__][INFO] - [RANK 0] [ Train | Step: 22000  |  loss : 0.4710 | accuracy : 0.7714 | opt_sps : 72.4226  ]
[2026-08-17 11:03:36,667][__main__][INFO] - [RANK 0] [ Eval  | Step: 22000  |  loss : 0.4643 | accuracy : 0.7723 | eval_s : 0.3445  ]
[2026-08-17 11:03:43,533][__main__][INFO] - [RANK 0] [ Train | Step: 22500  |  loss : 0.4677 | accuracy : 0.7709 | opt_sps : 72.4313  ]
[2026-08-17 11:03:43,879][__main__][INFO] - [RANK 0] [ Eval  | Step: 22500  |  loss : 0.4611 | accuracy : 0.7712 | eval_s : 0.3452  ]
[2026-08-17 11:03:50,738][__main__][INFO] - [RANK 0] [ Train | Step: 23000  |  loss : 0.4616 | accuracy : 0.7742 | opt_sps : 72.4418  ]
[2026-08-17 11:03:51,083][__main__][INFO] - [RANK 0] [ Eval  | Step: 23000  |  loss : 0.4510 | accuracy : 0.7784 | eval_s : 0.3437  ]
[2026-08-17 11:03:57,886][__main__][INFO] - [RANK 0] [ Train | Step: 23500  |  loss : 0.4550 | accuracy : 0.7770 | opt_sps : 72.4644  ]
[2026-08-17 11:03:58,230][__main__][INFO] - [RANK 0] [ Eval  | Step: 23500  |  loss : 0.4750 | accuracy : 0.7702 | eval_s : 0.3430  ]
[2026-08-17 11:04:05,096][__main__][INFO] - [RANK 0] [ Train | Step: 24000  |  loss : 0.4563 | accuracy : 0.7790 | opt_sps : 72.4717  ]
[2026-08-17 11:04:05,441][__main__][INFO] - [RANK 0] [ Eval  | Step: 24000  |  loss : 0.4621 | accuracy : 0.7747 | eval_s : 0.3438  ]
[2026-08-17 11:04:12,248][__main__][INFO] - [RANK 0] [ Train | Step: 24500  |  loss : 0.4536 | accuracy : 0.7826 | opt_sps : 72.4915  ]
[2026-08-17 11:04:12,592][__main__][INFO] - [RANK 0] [ Eval  | Step: 24500  |  loss : 0.4921 | accuracy : 0.7710 | eval_s : 0.3434  ]
[2026-08-17 11:04:19,481][__main__][INFO] - [RANK 0] [ Train | Step: 25000  |  loss : 0.4439 | accuracy : 0.7873 | opt_sps : 72.4934  ]
[2026-08-17 11:04:19,825][__main__][INFO] - [RANK 0] [ Eval  | Step: 25000  |  loss : 0.4395 | accuracy : 0.7863 | eval_s : 0.3437  ]
[2026-08-17 11:04:26,638][__main__][INFO] - [RANK 0] [ Train | Step: 25500  |  loss : 0.4411 | accuracy : 0.7878 | opt_sps : 72.5112  ]
[2026-08-17 11:04:26,982][__main__][INFO] - [RANK 0] [ Eval  | Step: 25500  |  loss : 0.4322 | accuracy : 0.7902 | eval_s : 0.3433  ]
[2026-08-17 11:04:33,828][__main__][INFO] - [RANK 0] [ Train | Step: 26000  |  loss : 0.4418 | accuracy : 0.7883 | opt_sps : 72.5217  ]
[2026-08-17 11:04:34,172][__main__][INFO] - [RANK 0] [ Eval  | Step: 26000  |  loss : 0.4418 | accuracy : 0.7853 | eval_s : 0.3436  ]
[2026-08-17 11:04:40,963][__main__][INFO] - [RANK 0] [ Train | Step: 26500  |  loss : 0.4319 | accuracy : 0.7925 | opt_sps : 72.5423  ]
[2026-08-17 11:04:41,308][__main__][INFO] - [RANK 0] [ Eval  | Step: 26500  |  loss : 0.4343 | accuracy : 0.7886 | eval_s : 0.3440  ]
[2026-08-17 11:04:48,166][__main__][INFO] - [RANK 0] [ Train | Step: 27000  |  loss : 0.4322 | accuracy : 0.7926 | opt_sps : 72.5490  ]
[2026-08-17 11:04:48,510][__main__][INFO] - [RANK 0] [ Eval  | Step: 27000  |  loss : 0.5355 | accuracy : 0.7547 | eval_s : 0.3438  ]
[2026-08-17 11:04:55,414][__main__][INFO] - [RANK 0] [ Train | Step: 27500  |  loss : 0.4300 | accuracy : 0.7946 | opt_sps : 72.5469  ]
[2026-08-17 11:04:55,758][__main__][INFO] - [RANK 0] [ Eval  | Step: 27500  |  loss : 0.4279 | accuracy : 0.7914 | eval_s : 0.3431  ]
[2026-08-17 11:05:02,567][__main__][INFO] - [RANK 0] [ Train | Step: 28000  |  loss : 0.4263 | accuracy : 0.7945 | opt_sps : 72.5629  ]
[2026-08-17 11:05:02,911][__main__][INFO] - [RANK 0] [ Eval  | Step: 28000  |  loss : 0.4202 | accuracy : 0.7965 | eval_s : 0.3437  ]
[2026-08-17 11:05:09,766][__main__][INFO] - [RANK 0] [ Train | Step: 28500  |  loss : 0.4232 | accuracy : 0.7973 | opt_sps : 72.5700  ]
[2026-08-17 11:05:10,111][__main__][INFO] - [RANK 0] [ Eval  | Step: 28500  |  loss : 0.4223 | accuracy : 0.7929 | eval_s : 0.3442  ]
[2026-08-17 11:05:16,884][__main__][INFO] - [RANK 0] [ Train | Step: 29000  |  loss : 0.4173 | accuracy : 0.7993 | opt_sps : 72.5913  ]
[2026-08-17 11:05:17,231][__main__][INFO] - [RANK 0] [ Eval  | Step: 29000  |  loss : 0.4237 | accuracy : 0.7938 | eval_s : 0.3467  ]
[2026-08-17 11:05:24,051][__main__][INFO] - [RANK 0] [ Train | Step: 29500  |  loss : 0.4163 | accuracy : 0.7996 | opt_sps : 72.6034  ]
[2026-08-17 11:05:24,396][__main__][INFO] - [RANK 0] [ Eval  | Step: 29500  |  loss : 0.4339 | accuracy : 0.7915 | eval_s : 0.3442  ]
[2026-08-17 11:05:31,414][__main__][INFO] - [RANK 0] [ Train | Step: 30000  |  loss : 0.4179 | accuracy : 0.7995 | opt_sps : 72.5804  ]
[2026-08-17 11:05:31,758][__main__][INFO] - [RANK 0] [ Eval  | Step: 30000  |  loss : 0.4182 | accuracy : 0.7989 | eval_s : 0.3434  ]
[2026-08-17 11:05:38,732][__main__][INFO] - [RANK 0] [ Train | Step: 30500  |  loss : 0.4086 | accuracy : 0.8054 | opt_sps : 72.5662  ]
[2026-08-17 11:05:39,076][__main__][INFO] - [RANK 0] [ Eval  | Step: 30500  |  loss : 0.4158 | accuracy : 0.7998 | eval_s : 0.3435  ]
[2026-08-17 11:05:45,883][__main__][INFO] - [RANK 0] [ Train | Step: 31000  |  loss : 0.4141 | accuracy : 0.8034 | opt_sps : 72.5806  ]
[2026-08-17 11:05:46,230][__main__][INFO] - [RANK 0] [ Eval  | Step: 31000  |  loss : 0.4419 | accuracy : 0.7900 | eval_s : 0.3452  ]
[2026-08-17 11:05:53,031][__main__][INFO] - [RANK 0] [ Train | Step: 31500  |  loss : 0.4138 | accuracy : 0.8031 | opt_sps : 72.5952  ]
[2026-08-17 11:05:53,375][__main__][INFO] - [RANK 0] [ Eval  | Step: 31500  |  loss : 0.4169 | accuracy : 0.7991 | eval_s : 0.3434  ]
[2026-08-17 11:06:00,219][__main__][INFO] - [RANK 0] [ Train | Step: 32000  |  loss : 0.4107 | accuracy : 0.8029 | opt_sps : 72.6026  ]
[2026-08-17 11:06:00,563][__main__][INFO] - [RANK 0] [ Eval  | Step: 32000  |  loss : 0.4108 | accuracy : 0.8025 | eval_s : 0.3432  ]
[2026-08-17 11:06:07,367][__main__][INFO] - [RANK 0] [ Train | Step: 32500  |  loss : 0.4039 | accuracy : 0.8057 | opt_sps : 72.6162  ]
[2026-08-17 11:06:07,711][__main__][INFO] - [RANK 0] [ Eval  | Step: 32500  |  loss : 0.4165 | accuracy : 0.7963 | eval_s : 0.3424  ]
[2026-08-17 11:06:14,524][__main__][INFO] - [RANK 0] [ Train | Step: 33000  |  loss : 0.4074 | accuracy : 0.8054 | opt_sps : 72.6278  ]
[2026-08-17 11:06:14,868][__main__][INFO] - [RANK 0] [ Eval  | Step: 33000  |  loss : 0.4430 | accuracy : 0.7947 | eval_s : 0.3434  ]
[2026-08-17 11:06:21,769][__main__][INFO] - [RANK 0] [ Train | Step: 33500  |  loss : 0.4065 | accuracy : 0.8068 | opt_sps : 72.6252  ]
[2026-08-17 11:06:22,112][__main__][INFO] - [RANK 0] [ Eval  | Step: 33500  |  loss : 0.4042 | accuracy : 0.8044 | eval_s : 0.3424  ]
[2026-08-17 11:06:28,991][__main__][INFO] - [RANK 0] [ Train | Step: 34000  |  loss : 0.4008 | accuracy : 0.8078 | opt_sps : 72.6264  ]
[2026-08-17 11:06:29,335][__main__][INFO] - [RANK 0] [ Eval  | Step: 34000  |  loss : 0.4039 | accuracy : 0.8056 | eval_s : 0.3432  ]
[2026-08-17 11:06:36,094][__main__][INFO] - [RANK 0] [ Train | Step: 34500  |  loss : 0.3952 | accuracy : 0.8114 | opt_sps : 72.6460  ]
[2026-08-17 11:06:36,437][__main__][INFO] - [RANK 0] [ Eval  | Step: 34500  |  loss : 0.4053 | accuracy : 0.8033 | eval_s : 0.3426  ]
[2026-08-17 11:06:43,280][__main__][INFO] - [RANK 0] [ Train | Step: 35000  |  loss : 0.3969 | accuracy : 0.8115 | opt_sps : 72.6520  ]
[2026-08-17 11:06:43,626][__main__][INFO] - [RANK 0] [ Eval  | Step: 35000  |  loss : 0.4031 | accuracy : 0.8064 | eval_s : 0.3446  ]
[2026-08-17 11:06:50,463][__main__][INFO] - [RANK 0] [ Train | Step: 35500  |  loss : 0.3964 | accuracy : 0.8125 | opt_sps : 72.6590  ]
[2026-08-17 11:06:50,809][__main__][INFO] - [RANK 0] [ Eval  | Step: 35500  |  loss : 0.4007 | accuracy : 0.8063 | eval_s : 0.3456  ]
[2026-08-17 11:06:57,652][__main__][INFO] - [RANK 0] [ Train | Step: 36000  |  loss : 0.3917 | accuracy : 0.8130 | opt_sps : 72.6650  ]
[2026-08-17 11:06:57,997][__main__][INFO] - [RANK 0] [ Eval  | Step: 36000  |  loss : 0.3912 | accuracy : 0.8123 | eval_s : 0.3436  ]
[2026-08-17 11:07:04,827][__main__][INFO] - [RANK 0] [ Train | Step: 36500  |  loss : 0.3895 | accuracy : 0.8150 | opt_sps : 72.6727  ]
[2026-08-17 11:07:05,175][__main__][INFO] - [RANK 0] [ Eval  | Step: 36500  |  loss : 0.3893 | accuracy : 0.8123 | eval_s : 0.3475  ]
[2026-08-17 11:07:12,002][__main__][INFO] - [RANK 0] [ Train | Step: 37000  |  loss : 0.3827 | accuracy : 0.8196 | opt_sps : 72.6805  ]
[2026-08-17 11:07:12,347][__main__][INFO] - [RANK 0] [ Eval  | Step: 37000  |  loss : 0.3865 | accuracy : 0.8143 | eval_s : 0.3438  ]
[2026-08-17 11:07:19,213][__main__][INFO] - [RANK 0] [ Train | Step: 37500  |  loss : 0.3774 | accuracy : 0.8195 | opt_sps : 72.6827  ]
[2026-08-17 11:07:19,557][__main__][INFO] - [RANK 0] [ Eval  | Step: 37500  |  loss : 0.3787 | accuracy : 0.8188 | eval_s : 0.3429  ]
[2026-08-17 11:07:26,366][__main__][INFO] - [RANK 0] [ Train | Step: 38000  |  loss : 0.3758 | accuracy : 0.8228 | opt_sps : 72.6929  ]
[2026-08-17 11:07:26,709][__main__][INFO] - [RANK 0] [ Eval  | Step: 38000  |  loss : 0.3964 | accuracy : 0.8161 | eval_s : 0.3425  ]
[2026-08-17 11:07:33,548][__main__][INFO] - [RANK 0] [ Train | Step: 38500  |  loss : 0.3709 | accuracy : 0.8257 | opt_sps : 72.6983  ]
[2026-08-17 11:07:33,896][__main__][INFO] - [RANK 0] [ Eval  | Step: 38500  |  loss : 0.3766 | accuracy : 0.8209 | eval_s : 0.3454  ]
[2026-08-17 11:07:40,868][__main__][INFO] - [RANK 0] [ Train | Step: 39000  |  loss : 0.3667 | accuracy : 0.8276 | opt_sps : 72.6861  ]
[2026-08-17 11:07:41,213][__main__][INFO] - [RANK 0] [ Eval  | Step: 39000  |  loss : 0.3744 | accuracy : 0.8212 | eval_s : 0.3435  ]
[2026-08-17 11:07:48,027][__main__][INFO] - [RANK 0] [ Train | Step: 39500  |  loss : 0.3673 | accuracy : 0.8272 | opt_sps : 72.6953  ]
[2026-08-17 11:07:48,370][__main__][INFO] - [RANK 0] [ Eval  | Step: 39500  |  loss : 0.3690 | accuracy : 0.8236 | eval_s : 0.3422  ]
[2026-08-17 11:07:55,109][__main__][INFO] - [RANK 0] [ Train | Step: 40000  |  loss : 0.3638 | accuracy : 0.8288 | opt_sps : 72.7139  ]
[2026-08-17 11:07:55,453][__main__][INFO] - [RANK 0] [ Eval  | Step: 40000  |  loss : 0.3676 | accuracy : 0.8254 | eval_s : 0.3426  ]
[2026-08-17 11:08:02,240][__main__][INFO] - [RANK 0] [ Train | Step: 40500  |  loss : 0.3616 | accuracy : 0.8296 | opt_sps : 72.7258  ]
[2026-08-17 11:08:02,584][__main__][INFO] - [RANK 0] [ Eval  | Step: 40500  |  loss : 0.3685 | accuracy : 0.8241 | eval_s : 0.3428  ]
[2026-08-17 11:08:09,330][__main__][INFO] - [RANK 0] [ Train | Step: 41000  |  loss : 0.3613 | accuracy : 0.8289 | opt_sps : 72.7425  ]
[2026-08-17 11:08:09,673][__main__][INFO] - [RANK 0] [ Eval  | Step: 41000  |  loss : 0.3677 | accuracy : 0.8274 | eval_s : 0.3421  ]
[2026-08-17 11:08:16,411][__main__][INFO] - [RANK 0] [ Train | Step: 41500  |  loss : 0.3601 | accuracy : 0.8304 | opt_sps : 72.7598  ]
[2026-08-17 11:08:16,754][__main__][INFO] - [RANK 0] [ Eval  | Step: 41500  |  loss : 0.3605 | accuracy : 0.8303 | eval_s : 0.3422  ]
[2026-08-17 11:08:23,573][__main__][INFO] - [RANK 0] [ Train | Step: 42000  |  loss : 0.3540 | accuracy : 0.8338 | opt_sps : 72.7667  ]
[2026-08-17 11:08:23,916][__main__][INFO] - [RANK 0] [ Eval  | Step: 42000  |  loss : 0.3650 | accuracy : 0.8268 | eval_s : 0.3422  ]
[2026-08-17 11:08:30,655][__main__][INFO] - [RANK 0] [ Train | Step: 42500  |  loss : 0.3506 | accuracy : 0.8346 | opt_sps : 72.7832  ]
[2026-08-17 11:08:30,999][__main__][INFO] - [RANK 0] [ Eval  | Step: 42500  |  loss : 0.3580 | accuracy : 0.8297 | eval_s : 0.3434  ]
[2026-08-17 11:08:37,839][__main__][INFO] - [RANK 0] [ Train | Step: 43000  |  loss : 0.3520 | accuracy : 0.8338 | opt_sps : 72.7872  ]
[2026-08-17 11:08:38,183][__main__][INFO] - [RANK 0] [ Eval  | Step: 43000  |  loss : 0.3578 | accuracy : 0.8276 | eval_s : 0.3426  ]
[2026-08-17 11:08:44,924][__main__][INFO] - [RANK 0] [ Train | Step: 43500  |  loss : 0.3490 | accuracy : 0.8365 | opt_sps : 72.8030  ]
[2026-08-17 11:08:45,268][__main__][INFO] - [RANK 0] [ Eval  | Step: 43500  |  loss : 0.3560 | accuracy : 0.8295 | eval_s : 0.3427  ]
[2026-08-17 11:08:52,098][__main__][INFO] - [RANK 0] [ Train | Step: 44000  |  loss : 0.3488 | accuracy : 0.8344 | opt_sps : 72.8078  ]
[2026-08-17 11:08:52,444][__main__][INFO] - [RANK 0] [ Eval  | Step: 44000  |  loss : 0.3545 | accuracy : 0.8302 | eval_s : 0.3445  ]
[2026-08-17 11:08:59,237][__main__][INFO] - [RANK 0] [ Train | Step: 44500  |  loss : 0.3483 | accuracy : 0.8364 | opt_sps : 72.8169  ]
[2026-08-17 11:08:59,582][__main__][INFO] - [RANK 0] [ Eval  | Step: 44500  |  loss : 0.3544 | accuracy : 0.8303 | eval_s : 0.3443  ]
[2026-08-17 11:09:06,354][__main__][INFO] - [RANK 0] [ Train | Step: 45000  |  loss : 0.3430 | accuracy : 0.8403 | opt_sps : 72.8283  ]
[2026-08-17 11:09:06,697][__main__][INFO] - [RANK 0] [ Eval  | Step: 45000  |  loss : 0.3512 | accuracy : 0.8318 | eval_s : 0.3427  ]
[2026-08-17 11:09:13,497][__main__][INFO] - [RANK 0] [ Train | Step: 45500  |  loss : 0.3438 | accuracy : 0.8391 | opt_sps : 72.8362  ]
[2026-08-17 11:09:13,841][__main__][INFO] - [RANK 0] [ Eval  | Step: 45500  |  loss : 0.3497 | accuracy : 0.8328 | eval_s : 0.3430  ]
[2026-08-17 11:09:20,657][__main__][INFO] - [RANK 0] [ Train | Step: 46000  |  loss : 0.3440 | accuracy : 0.8389 | opt_sps : 72.8422  ]
[2026-08-17 11:09:21,002][__main__][INFO] - [RANK 0] [ Eval  | Step: 46000  |  loss : 0.3498 | accuracy : 0.8343 | eval_s : 0.3440  ]
[2026-08-17 11:09:27,845][__main__][INFO] - [RANK 0] [ Train | Step: 46500  |  loss : 0.3418 | accuracy : 0.8399 | opt_sps : 72.8446  ]
[2026-08-17 11:09:28,188][__main__][INFO] - [RANK 0] [ Eval  | Step: 46500  |  loss : 0.3569 | accuracy : 0.8309 | eval_s : 0.3422  ]
[2026-08-17 11:09:34,937][__main__][INFO] - [RANK 0] [ Train | Step: 47000  |  loss : 0.3331 | accuracy : 0.8439 | opt_sps : 72.8575  ]
[2026-08-17 11:09:35,281][__main__][INFO] - [RANK 0] [ Eval  | Step: 47000  |  loss : 0.3484 | accuracy : 0.8346 | eval_s : 0.3425  ]
[2026-08-17 11:09:42,367][__main__][INFO] - [RANK 0] [ Train | Step: 47500  |  loss : 0.3354 | accuracy : 0.8432 | opt_sps : 72.8328  ]
[2026-08-17 11:09:42,716][__main__][INFO] - [RANK 0] [ Eval  | Step: 47500  |  loss : 0.3475 | accuracy : 0.8347 | eval_s : 0.3486  ]
[2026-08-17 11:09:49,548][__main__][INFO] - [RANK 0] [ Train | Step: 48000  |  loss : 0.3342 | accuracy : 0.8427 | opt_sps : 72.8367  ]
[2026-08-17 11:09:49,898][__main__][INFO] - [RANK 0] [ Eval  | Step: 48000  |  loss : 0.3515 | accuracy : 0.8330 | eval_s : 0.3490  ]
[2026-08-17 11:09:56,693][__main__][INFO] - [RANK 0] [ Train | Step: 48500  |  loss : 0.3365 | accuracy : 0.8434 | opt_sps : 72.8443  ]
[2026-08-17 11:09:57,036][__main__][INFO] - [RANK 0] [ Eval  | Step: 48500  |  loss : 0.3468 | accuracy : 0.8360 | eval_s : 0.3423  ]
[2026-08-17 11:10:03,884][__main__][INFO] - [RANK 0] [ Train | Step: 49000  |  loss : 0.3339 | accuracy : 0.8445 | opt_sps : 72.8463  ]
[2026-08-17 11:10:04,228][__main__][INFO] - [RANK 0] [ Eval  | Step: 49000  |  loss : 0.3458 | accuracy : 0.8352 | eval_s : 0.3427  ]
[2026-08-17 11:10:11,006][__main__][INFO] - [RANK 0] [ Train | Step: 49500  |  loss : 0.3292 | accuracy : 0.8453 | opt_sps : 72.8557  ]
[2026-08-17 11:10:11,351][__main__][INFO] - [RANK 0] [ Eval  | Step: 49500  |  loss : 0.3449 | accuracy : 0.8394 | eval_s : 0.3434  ]
[2026-08-17 11:10:18,147][__main__][INFO] - [RANK 0] [ Train | Step: 50000  |  loss : 0.3331 | accuracy : 0.8443 | opt_sps : 72.8631  ]
[2026-08-17 11:10:18,491][__main__][INFO] - [RANK 0] [ Eval  | Step: 50000  |  loss : 0.3433 | accuracy : 0.8388 | eval_s : 0.3434  ]
[2026-08-17 11:10:25,400][__main__][INFO] - [RANK 0] [ Train | Step: 50500  |  loss : 0.3294 | accuracy : 0.8455 | opt_sps : 72.8584  ]
[2026-08-17 11:10:25,744][__main__][INFO] - [RANK 0] [ Eval  | Step: 50500  |  loss : 0.3409 | accuracy : 0.8396 | eval_s : 0.3429  ]
[2026-08-17 11:10:32,534][__main__][INFO] - [RANK 0] [ Train | Step: 51000  |  loss : 0.3243 | accuracy : 0.8489 | opt_sps : 72.8662  ]
[2026-08-17 11:10:32,882][__main__][INFO] - [RANK 0] [ Eval  | Step: 51000  |  loss : 0.3410 | accuracy : 0.8385 | eval_s : 0.3469  ]
[2026-08-17 11:10:39,694][__main__][INFO] - [RANK 0] [ Train | Step: 51500  |  loss : 0.3232 | accuracy : 0.8504 | opt_sps : 72.8712  ]
[2026-08-17 11:10:40,038][__main__][INFO] - [RANK 0] [ Eval  | Step: 51500  |  loss : 0.3392 | accuracy : 0.8405 | eval_s : 0.3427  ]
[2026-08-17 11:10:46,870][__main__][INFO] - [RANK 0] [ Train | Step: 52000  |  loss : 0.3241 | accuracy : 0.8496 | opt_sps : 72.8744  ]
[2026-08-17 11:10:47,214][__main__][INFO] - [RANK 0] [ Eval  | Step: 52000  |  loss : 0.3443 | accuracy : 0.8383 | eval_s : 0.3431  ]
[2026-08-17 11:10:54,011][__main__][INFO] - [RANK 0] [ Train | Step: 52500  |  loss : 0.3222 | accuracy : 0.8494 | opt_sps : 72.8809  ]
[2026-08-17 11:10:54,355][__main__][INFO] - [RANK 0] [ Eval  | Step: 52500  |  loss : 0.3408 | accuracy : 0.8389 | eval_s : 0.3433  ]
[2026-08-17 11:11:01,184][__main__][INFO] - [RANK 0] [ Train | Step: 53000  |  loss : 0.3223 | accuracy : 0.8504 | opt_sps : 72.8841  ]
[2026-08-17 11:11:01,529][__main__][INFO] - [RANK 0] [ Eval  | Step: 53000  |  loss : 0.3393 | accuracy : 0.8404 | eval_s : 0.3444  ]
[2026-08-17 11:11:08,361][__main__][INFO] - [RANK 0] [ Train | Step: 53500  |  loss : 0.3242 | accuracy : 0.8492 | opt_sps : 72.8869  ]
[2026-08-17 11:11:08,706][__main__][INFO] - [RANK 0] [ Eval  | Step: 53500  |  loss : 0.3376 | accuracy : 0.8389 | eval_s : 0.3447  ]
[2026-08-17 11:11:15,539][__main__][INFO] - [RANK 0] [ Train | Step: 54000  |  loss : 0.3220 | accuracy : 0.8494 | opt_sps : 72.8898  ]
[2026-08-17 11:11:15,884][__main__][INFO] - [RANK 0] [ Eval  | Step: 54000  |  loss : 0.3395 | accuracy : 0.8379 | eval_s : 0.3438  ]
[2026-08-17 11:11:22,710][__main__][INFO] - [RANK 0] [ Train | Step: 54500  |  loss : 0.3214 | accuracy : 0.8496 | opt_sps : 72.8931  ]
[2026-08-17 11:11:23,054][__main__][INFO] - [RANK 0] [ Eval  | Step: 54500  |  loss : 0.3458 | accuracy : 0.8379 | eval_s : 0.3429  ]
[2026-08-17 11:11:29,869][__main__][INFO] - [RANK 0] [ Train | Step: 55000  |  loss : 0.3187 | accuracy : 0.8517 | opt_sps : 72.8973  ]
[2026-08-17 11:11:30,213][__main__][INFO] - [RANK 0] [ Eval  | Step: 55000  |  loss : 0.3388 | accuracy : 0.8387 | eval_s : 0.3431  ]
[2026-08-17 11:11:37,091][__main__][INFO] - [RANK 0] [ Train | Step: 55500  |  loss : 0.3125 | accuracy : 0.8546 | opt_sps : 72.8956  ]
[2026-08-17 11:11:37,436][__main__][INFO] - [RANK 0] [ Eval  | Step: 55500  |  loss : 0.3373 | accuracy : 0.8399 | eval_s : 0.3443  ]
[2026-08-17 11:11:44,472][__main__][INFO] - [RANK 0] [ Train | Step: 56000  |  loss : 0.3134 | accuracy : 0.8552 | opt_sps : 72.8790  ]
[2026-08-17 11:11:44,822][__main__][INFO] - [RANK 0] [ Eval  | Step: 56000  |  loss : 0.3393 | accuracy : 0.8400 | eval_s : 0.3484  ]
[2026-08-17 11:11:51,655][__main__][INFO] - [RANK 0] [ Train | Step: 56500  |  loss : 0.3126 | accuracy : 0.8553 | opt_sps : 72.8815  ]
[2026-08-17 11:11:51,999][__main__][INFO] - [RANK 0] [ Eval  | Step: 56500  |  loss : 0.3369 | accuracy : 0.8402 | eval_s : 0.3430  ]
[2026-08-17 11:11:58,813][__main__][INFO] - [RANK 0] [ Train | Step: 57000  |  loss : 0.3153 | accuracy : 0.8539 | opt_sps : 72.8860  ]
[2026-08-17 11:11:59,157][__main__][INFO] - [RANK 0] [ Eval  | Step: 57000  |  loss : 0.3389 | accuracy : 0.8390 | eval_s : 0.3424  ]
[2026-08-17 11:12:05,923][__main__][INFO] - [RANK 0] [ Train | Step: 57500  |  loss : 0.3092 | accuracy : 0.8561 | opt_sps : 72.8946  ]
[2026-08-17 11:12:06,267][__main__][INFO] - [RANK 0] [ Eval  | Step: 57500  |  loss : 0.3370 | accuracy : 0.8401 | eval_s : 0.3425  ]
[2026-08-17 11:12:13,106][__main__][INFO] - [RANK 0] [ Train | Step: 58000  |  loss : 0.3113 | accuracy : 0.8552 | opt_sps : 72.8964  ]
[2026-08-17 11:12:13,450][__main__][INFO] - [RANK 0] [ Eval  | Step: 58000  |  loss : 0.3407 | accuracy : 0.8394 | eval_s : 0.3431  ]
[2026-08-17 11:12:20,222][__main__][INFO] - [RANK 0] [ Train | Step: 58500  |  loss : 0.3134 | accuracy : 0.8542 | opt_sps : 72.9044  ]
[2026-08-17 11:12:20,571][__main__][INFO] - [RANK 0] [ Eval  | Step: 58500  |  loss : 0.3363 | accuracy : 0.8421 | eval_s : 0.3480  ]
[2026-08-17 11:12:27,435][__main__][INFO] - [RANK 0] [ Train | Step: 59000  |  loss : 0.3115 | accuracy : 0.8558 | opt_sps : 72.9040  ]
[2026-08-17 11:12:27,779][__main__][INFO] - [RANK 0] [ Eval  | Step: 59000  |  loss : 0.3347 | accuracy : 0.8409 | eval_s : 0.3427  ]
[2026-08-17 11:12:34,581][__main__][INFO] - [RANK 0] [ Train | Step: 59500  |  loss : 0.3017 | accuracy : 0.8607 | opt_sps : 72.9092  ]
[2026-08-17 11:12:34,925][__main__][INFO] - [RANK 0] [ Eval  | Step: 59500  |  loss : 0.3360 | accuracy : 0.8403 | eval_s : 0.3428  ]
[2026-08-17 11:12:41,738][__main__][INFO] - [RANK 0] [ Train | Step: 60000  |  loss : 0.3040 | accuracy : 0.8581 | opt_sps : 72.9132  ]
[2026-08-17 11:12:42,081][__main__][INFO] - [RANK 0] [ Eval  | Step: 60000  |  loss : 0.3351 | accuracy : 0.8421 | eval_s : 0.3429  ]
[2026-08-17 11:12:48,857][__main__][INFO] - [RANK 0] [ Train | Step: 60500  |  loss : 0.3060 | accuracy : 0.8591 | opt_sps : 72.9204  ]
[2026-08-17 11:12:49,201][__main__][INFO] - [RANK 0] [ Eval  | Step: 60500  |  loss : 0.3340 | accuracy : 0.8422 | eval_s : 0.3431  ]
[2026-08-17 11:12:56,000][__main__][INFO] - [RANK 0] [ Train | Step: 61000  |  loss : 0.3012 | accuracy : 0.8615 | opt_sps : 72.9256  ]
[2026-08-17 11:12:56,343][__main__][INFO] - [RANK 0] [ Eval  | Step: 61000  |  loss : 0.3356 | accuracy : 0.8422 | eval_s : 0.3427  ]
[2026-08-17 11:13:03,172][__main__][INFO] - [RANK 0] [ Train | Step: 61500  |  loss : 0.3045 | accuracy : 0.8584 | opt_sps : 72.9280  ]
[2026-08-17 11:13:03,517][__main__][INFO] - [RANK 0] [ Eval  | Step: 61500  |  loss : 0.3386 | accuracy : 0.8399 | eval_s : 0.3435  ]
[2026-08-17 11:13:10,287][__main__][INFO] - [RANK 0] [ Train | Step: 62000  |  loss : 0.3028 | accuracy : 0.8599 | opt_sps : 72.9354  ]
[2026-08-17 11:13:10,632][__main__][INFO] - [RANK 0] [ Eval  | Step: 62000  |  loss : 0.3522 | accuracy : 0.8363 | eval_s : 0.3439  ]
[2026-08-17 11:13:17,462][__main__][INFO] - [RANK 0] [ Train | Step: 62500  |  loss : 0.3025 | accuracy : 0.8599 | opt_sps : 72.9375  ]
[2026-08-17 11:13:17,807][__main__][INFO] - [RANK 0] [ Eval  | Step: 62500  |  loss : 0.3359 | accuracy : 0.8406 | eval_s : 0.3436  ]
[2026-08-17 11:13:24,618][__main__][INFO] - [RANK 0] [ Train | Step: 63000  |  loss : 0.2994 | accuracy : 0.8620 | opt_sps : 72.9412  ]
[2026-08-17 11:13:24,963][__main__][INFO] - [RANK 0] [ Eval  | Step: 63000  |  loss : 0.3328 | accuracy : 0.8436 | eval_s : 0.3435  ]
[2026-08-17 11:13:31,741][__main__][INFO] - [RANK 0] [ Train | Step: 63500  |  loss : 0.2972 | accuracy : 0.8628 | opt_sps : 72.9478  ]
[2026-08-17 11:13:32,084][__main__][INFO] - [RANK 0] [ Eval  | Step: 63500  |  loss : 0.3369 | accuracy : 0.8409 | eval_s : 0.3423  ]
[2026-08-17 11:13:38,875][__main__][INFO] - [RANK 0] [ Train | Step: 64000  |  loss : 0.2920 | accuracy : 0.8658 | opt_sps : 72.9531  ]
[2026-08-17 11:13:39,218][__main__][INFO] - [RANK 0] [ Eval  | Step: 64000  |  loss : 0.3357 | accuracy : 0.8391 | eval_s : 0.3423  ]
[2026-08-17 11:13:46,170][__main__][INFO] - [RANK 0] [ Train | Step: 64500  |  loss : 0.2968 | accuracy : 0.8635 | opt_sps : 72.9449  ]
[2026-08-17 11:13:46,516][__main__][INFO] - [RANK 0] [ Eval  | Step: 64500  |  loss : 0.3337 | accuracy : 0.8422 | eval_s : 0.3456  ]
[2026-08-17 11:13:53,382][__main__][INFO] - [RANK 0] [ Train | Step: 65000  |  loss : 0.2929 | accuracy : 0.8656 | opt_sps : 72.9441  ]
[2026-08-17 11:13:53,726][__main__][INFO] - [RANK 0] [ Eval  | Step: 65000  |  loss : 0.3340 | accuracy : 0.8415 | eval_s : 0.3430  ]
[2026-08-17 11:14:00,512][__main__][INFO] - [RANK 0] [ Train | Step: 65500  |  loss : 0.2947 | accuracy : 0.8645 | opt_sps : 72.9496  ]
[2026-08-17 11:14:00,857][__main__][INFO] - [RANK 0] [ Eval  | Step: 65500  |  loss : 0.3348 | accuracy : 0.8426 | eval_s : 0.3439  ]
[2026-08-17 11:14:07,704][__main__][INFO] - [RANK 0] [ Train | Step: 66000  |  loss : 0.2904 | accuracy : 0.8656 | opt_sps : 72.9502  ]
[2026-08-17 11:14:08,048][__main__][INFO] - [RANK 0] [ Eval  | Step: 66000  |  loss : 0.3350 | accuracy : 0.8431 | eval_s : 0.3435  ]
[2026-08-17 11:14:14,876][__main__][INFO] - [RANK 0] [ Train | Step: 66500  |  loss : 0.2907 | accuracy : 0.8670 | opt_sps : 72.9522  ]
[2026-08-17 11:14:15,219][__main__][INFO] - [RANK 0] [ Eval  | Step: 66500  |  loss : 0.3357 | accuracy : 0.8431 | eval_s : 0.3421  ]
[2026-08-17 11:14:22,028][__main__][INFO] - [RANK 0] [ Train | Step: 67000  |  loss : 0.2935 | accuracy : 0.8642 | opt_sps : 72.9558  ]
[2026-08-17 11:14:22,372][__main__][INFO] - [RANK 0] [ Eval  | Step: 67000  |  loss : 0.3325 | accuracy : 0.8442 | eval_s : 0.3428  ]
[2026-08-17 11:14:29,239][__main__][INFO] - [RANK 0] [ Train | Step: 67500  |  loss : 0.2956 | accuracy : 0.8640 | opt_sps : 72.9549  ]
[2026-08-17 11:14:29,584][__main__][INFO] - [RANK 0] [ Eval  | Step: 67500  |  loss : 0.3335 | accuracy : 0.8436 | eval_s : 0.3433  ]
[2026-08-17 11:14:36,417][__main__][INFO] - [RANK 0] [ Train | Step: 68000  |  loss : 0.2844 | accuracy : 0.8695 | opt_sps : 72.9565  ]
[2026-08-17 11:14:36,762][__main__][INFO] - [RANK 0] [ Eval  | Step: 68000  |  loss : 0.3357 | accuracy : 0.8428 | eval_s : 0.3434  ]
[2026-08-17 11:14:43,607][__main__][INFO] - [RANK 0] [ Train | Step: 68500  |  loss : 0.2855 | accuracy : 0.8695 | opt_sps : 72.9571  ]
[2026-08-17 11:14:43,952][__main__][INFO] - [RANK 0] [ Eval  | Step: 68500  |  loss : 0.3320 | accuracy : 0.8458 | eval_s : 0.3437  ]
[2026-08-17 11:14:50,740][__main__][INFO] - [RANK 0] [ Train | Step: 69000  |  loss : 0.2841 | accuracy : 0.8706 | opt_sps : 72.9622  ]
[2026-08-17 11:14:51,084][__main__][INFO] - [RANK 0] [ Eval  | Step: 69000  |  loss : 0.3328 | accuracy : 0.8448 | eval_s : 0.3432  ]
[2026-08-17 11:14:57,907][__main__][INFO] - [RANK 0] [ Train | Step: 69500  |  loss : 0.2824 | accuracy : 0.8702 | opt_sps : 72.9645  ]
[2026-08-17 11:14:58,253][__main__][INFO] - [RANK 0] [ Eval  | Step: 69500  |  loss : 0.3374 | accuracy : 0.8429 | eval_s : 0.3446  ]
[2026-08-17 11:15:05,164][__main__][INFO] - [RANK 0] [ Train | Step: 70000  |  loss : 0.2848 | accuracy : 0.8695 | opt_sps : 72.9601  ]
[2026-08-17 11:15:05,507][__main__][INFO] - [RANK 0] [ Eval  | Step: 70000  |  loss : 0.3318 | accuracy : 0.8436 | eval_s : 0.3429  ]
[2026-08-17 11:15:12,331][__main__][INFO] - [RANK 0] [ Train | Step: 70500  |  loss : 0.2845 | accuracy : 0.8701 | opt_sps : 72.9625  ]
[2026-08-17 11:15:12,676][__main__][INFO] - [RANK 0] [ Eval  | Step: 70500  |  loss : 0.3342 | accuracy : 0.8435 | eval_s : 0.3439  ]
[2026-08-17 11:15:19,464][__main__][INFO] - [RANK 0] [ Train | Step: 71000  |  loss : 0.2817 | accuracy : 0.8708 | opt_sps : 72.9674  ]
[2026-08-17 11:15:19,808][__main__][INFO] - [RANK 0] [ Eval  | Step: 71000  |  loss : 0.3344 | accuracy : 0.8440 | eval_s : 0.3430  ]
[2026-08-17 11:15:26,604][__main__][INFO] - [RANK 0] [ Train | Step: 71500  |  loss : 0.2893 | accuracy : 0.8672 | opt_sps : 72.9716  ]
[2026-08-17 11:15:26,948][__main__][INFO] - [RANK 0] [ Eval  | Step: 71500  |  loss : 0.3320 | accuracy : 0.8432 | eval_s : 0.3431  ]
[2026-08-17 11:15:33,751][__main__][INFO] - [RANK 0] [ Train | Step: 72000  |  loss : 0.2788 | accuracy : 0.8738 | opt_sps : 72.9752  ]
[2026-08-17 11:15:34,095][__main__][INFO] - [RANK 0] [ Eval  | Step: 72000  |  loss : 0.3340 | accuracy : 0.8432 | eval_s : 0.3435  ]
[2026-08-17 11:15:40,874][__main__][INFO] - [RANK 0] [ Train | Step: 72500  |  loss : 0.2750 | accuracy : 0.8739 | opt_sps : 72.9806  ]
[2026-08-17 11:15:41,218][__main__][INFO] - [RANK 0] [ Eval  | Step: 72500  |  loss : 0.3344 | accuracy : 0.8437 | eval_s : 0.3430  ]
[2026-08-17 11:15:48,200][__main__][INFO] - [RANK 0] [ Train | Step: 73000  |  loss : 0.2741 | accuracy : 0.8760 | opt_sps : 72.9711  ]
[2026-08-17 11:15:48,551][__main__][INFO] - [RANK 0] [ Eval  | Step: 73000  |  loss : 0.3357 | accuracy : 0.8427 | eval_s : 0.3503  ]
[2026-08-17 11:15:55,451][__main__][INFO] - [RANK 0] [ Train | Step: 73500  |  loss : 0.2780 | accuracy : 0.8738 | opt_sps : 72.9676  ]
[2026-08-17 11:15:55,795][__main__][INFO] - [RANK 0] [ Eval  | Step: 73500  |  loss : 0.3344 | accuracy : 0.8431 | eval_s : 0.3433  ]
[2026-08-17 11:16:02,662][__main__][INFO] - [RANK 0] [ Train | Step: 74000  |  loss : 0.2762 | accuracy : 0.8745 | opt_sps : 72.9665  ]
[2026-08-17 11:16:03,007][__main__][INFO] - [RANK 0] [ Eval  | Step: 74000  |  loss : 0.3339 | accuracy : 0.8435 | eval_s : 0.3434  ]
[2026-08-17 11:16:09,801][__main__][INFO] - [RANK 0] [ Train | Step: 74500  |  loss : 0.2771 | accuracy : 0.8739 | opt_sps : 72.9707  ]
[2026-08-17 11:16:10,145][__main__][INFO] - [RANK 0] [ Eval  | Step: 74500  |  loss : 0.3345 | accuracy : 0.8446 | eval_s : 0.3423  ]
[2026-08-17 11:16:16,929][__main__][INFO] - [RANK 0] [ Train | Step: 75000  |  loss : 0.2779 | accuracy : 0.8733 | opt_sps : 72.9755  ]
[2026-08-17 11:16:17,274][__main__][INFO] - [RANK 0] [ Eval  | Step: 75000  |  loss : 0.3346 | accuracy : 0.8437 | eval_s : 0.3447  ]
[2026-08-17 11:16:24,078][__main__][INFO] - [RANK 0] [ Train | Step: 75500  |  loss : 0.2763 | accuracy : 0.8750 | opt_sps : 72.9789  ]
[2026-08-17 11:16:24,422][__main__][INFO] - [RANK 0] [ Eval  | Step: 75500  |  loss : 0.3333 | accuracy : 0.8450 | eval_s : 0.3428  ]
[2026-08-17 11:16:31,268][__main__][INFO] - [RANK 0] [ Train | Step: 76000  |  loss : 0.2762 | accuracy : 0.8749 | opt_sps : 72.9792  ]
[2026-08-17 11:16:31,612][__main__][INFO] - [RANK 0] [ Eval  | Step: 76000  |  loss : 0.3334 | accuracy : 0.8444 | eval_s : 0.3429  ]
[2026-08-17 11:16:38,401][__main__][INFO] - [RANK 0] [ Train | Step: 76500  |  loss : 0.2667 | accuracy : 0.8793 | opt_sps : 72.9835  ]
[2026-08-17 11:16:38,746][__main__][INFO] - [RANK 0] [ Eval  | Step: 76500  |  loss : 0.3364 | accuracy : 0.8448 | eval_s : 0.3431  ]
[2026-08-17 11:16:45,588][__main__][INFO] - [RANK 0] [ Train | Step: 77000  |  loss : 0.2682 | accuracy : 0.8790 | opt_sps : 72.9841  ]
[2026-08-17 11:16:45,933][__main__][INFO] - [RANK 0] [ Eval  | Step: 77000  |  loss : 0.3358 | accuracy : 0.8442 | eval_s : 0.3443  ]
[2026-08-17 11:16:52,953][__main__][INFO] - [RANK 0] [ Train | Step: 77500  |  loss : 0.2680 | accuracy : 0.8786 | opt_sps : 72.9725  ]
[2026-08-17 11:16:53,298][__main__][INFO] - [RANK 0] [ Eval  | Step: 77500  |  loss : 0.3353 | accuracy : 0.8441 | eval_s : 0.3441  ]
[2026-08-17 11:17:00,135][__main__][INFO] - [RANK 0] [ Train | Step: 78000  |  loss : 0.2679 | accuracy : 0.8791 | opt_sps : 72.9735  ]
[2026-08-17 11:17:00,481][__main__][INFO] - [RANK 0] [ Eval  | Step: 78000  |  loss : 0.3358 | accuracy : 0.8448 | eval_s : 0.3452  ]
[2026-08-17 11:17:07,337][__main__][INFO] - [RANK 0] [ Train | Step: 78500  |  loss : 0.2706 | accuracy : 0.8769 | opt_sps : 72.9732  ]
[2026-08-17 11:17:07,682][__main__][INFO] - [RANK 0] [ Eval  | Step: 78500  |  loss : 0.3348 | accuracy : 0.8453 | eval_s : 0.3438  ]
[2026-08-17 11:17:14,678][__main__][INFO] - [RANK 0] [ Train | Step: 79000  |  loss : 0.2703 | accuracy : 0.8776 | opt_sps : 72.9635  ]
[2026-08-17 11:17:15,023][__main__][INFO] - [RANK 0] [ Eval  | Step: 79000  |  loss : 0.3357 | accuracy : 0.8446 | eval_s : 0.3441  ]
[2026-08-17 11:17:22,097][__main__][INFO] - [RANK 0] [ Train | Step: 79500  |  loss : 0.2698 | accuracy : 0.8775 | opt_sps : 72.9486  ]
[2026-08-17 11:17:22,444][__main__][INFO] - [RANK 0] [ Eval  | Step: 79500  |  loss : 0.3355 | accuracy : 0.8444 | eval_s : 0.3453  ]
[2026-08-17 11:17:29,410][__main__][INFO] - [RANK 0] [ Train | Step: 80000  |  loss : 0.2700 | accuracy : 0.8782 | opt_sps : 72.9412  ]
[2026-08-17 11:17:29,756][__main__][INFO] - [RANK 0] [ Eval  | Step: 80000  |  loss : 0.3351 | accuracy : 0.8430 | eval_s : 0.3448  ]
[2026-08-17 11:17:36,634][__main__][INFO] - [RANK 0] [ Train | Step: 80500  |  loss : 0.2652 | accuracy : 0.8797 | opt_sps : 72.9397  ]
[2026-08-17 11:17:36,978][__main__][INFO] - [RANK 0] [ Eval  | Step: 80500  |  loss : 0.3366 | accuracy : 0.8443 | eval_s : 0.3434  ]
[2026-08-17 11:17:43,799][__main__][INFO] - [RANK 0] [ Train | Step: 81000  |  loss : 0.2648 | accuracy : 0.8812 | opt_sps : 72.9419  ]
[2026-08-17 11:17:44,142][__main__][INFO] - [RANK 0] [ Eval  | Step: 81000  |  loss : 0.3362 | accuracy : 0.8446 | eval_s : 0.3425  ]
[2026-08-17 11:17:51,410][__main__][INFO] - [RANK 0] [ Train | Step: 81500  |  loss : 0.2610 | accuracy : 0.8827 | opt_sps : 72.9150  ]
[2026-08-17 11:17:51,756][__main__][INFO] - [RANK 0] [ Eval  | Step: 81500  |  loss : 0.3358 | accuracy : 0.8453 | eval_s : 0.3448  ]
[2026-08-17 11:17:59,014][__main__][INFO] - [RANK 0] [ Train | Step: 82000  |  loss : 0.2645 | accuracy : 0.8809 | opt_sps : 72.8890  ]
[2026-08-17 11:17:59,358][__main__][INFO] - [RANK 0] [ Eval  | Step: 82000  |  loss : 0.3364 | accuracy : 0.8440 | eval_s : 0.3433  ]
[2026-08-17 11:18:06,231][__main__][INFO] - [RANK 0] [ Train | Step: 82500  |  loss : 0.2632 | accuracy : 0.8814 | opt_sps : 72.8881  ]
[2026-08-17 11:18:06,575][__main__][INFO] - [RANK 0] [ Eval  | Step: 82500  |  loss : 0.3361 | accuracy : 0.8447 | eval_s : 0.3434  ]
[2026-08-17 11:18:13,523][__main__][INFO] - [RANK 0] [ Train | Step: 83000  |  loss : 0.2635 | accuracy : 0.8809 | opt_sps : 72.8825  ]
[2026-08-17 11:18:13,867][__main__][INFO] - [RANK 0] [ Eval  | Step: 83000  |  loss : 0.3370 | accuracy : 0.8437 | eval_s : 0.3428  ]
[2026-08-17 11:18:20,790][__main__][INFO] - [RANK 0] [ Train | Step: 83500  |  loss : 0.2653 | accuracy : 0.8803 | opt_sps : 72.8785  ]
[2026-08-17 11:18:21,135][__main__][INFO] - [RANK 0] [ Eval  | Step: 83500  |  loss : 0.3366 | accuracy : 0.8443 | eval_s : 0.3441  ]
[2026-08-17 11:18:28,249][__main__][INFO] - [RANK 0] [ Train | Step: 84000  |  loss : 0.2638 | accuracy : 0.8817 | opt_sps : 72.8625  ]
[2026-08-17 11:18:28,594][__main__][INFO] - [RANK 0] [ Eval  | Step: 84000  |  loss : 0.3367 | accuracy : 0.8443 | eval_s : 0.3442  ]
[2026-08-17 11:18:35,527][__main__][INFO] - [RANK 0] [ Train | Step: 84500  |  loss : 0.2618 | accuracy : 0.8831 | opt_sps : 72.8581  ]
[2026-08-17 11:18:35,872][__main__][INFO] - [RANK 0] [ Eval  | Step: 84500  |  loss : 0.3379 | accuracy : 0.8429 | eval_s : 0.3441  ]
[2026-08-17 11:18:42,724][__main__][INFO] - [RANK 0] [ Train | Step: 85000  |  loss : 0.2600 | accuracy : 0.8829 | opt_sps : 72.8587  ]
[2026-08-17 11:18:43,072][__main__][INFO] - [RANK 0] [ Eval  | Step: 85000  |  loss : 0.3372 | accuracy : 0.8449 | eval_s : 0.3464  ]
[2026-08-17 11:18:50,034][__main__][INFO] - [RANK 0] [ Train | Step: 85500  |  loss : 0.2597 | accuracy : 0.8838 | opt_sps : 72.8525  ]
[2026-08-17 11:18:50,380][__main__][INFO] - [RANK 0] [ Eval  | Step: 85500  |  loss : 0.3359 | accuracy : 0.8449 | eval_s : 0.3453  ]
[2026-08-17 11:18:57,321][__main__][INFO] - [RANK 0] [ Train | Step: 86000  |  loss : 0.2609 | accuracy : 0.8824 | opt_sps : 72.8477  ]
[2026-08-17 11:18:57,666][__main__][INFO] - [RANK 0] [ Eval  | Step: 86000  |  loss : 0.3390 | accuracy : 0.8442 | eval_s : 0.3435  ]
[2026-08-17 11:19:04,504][__main__][INFO] - [RANK 0] [ Train | Step: 86500  |  loss : 0.2561 | accuracy : 0.8853 | opt_sps : 72.8493  ]
[2026-08-17 11:19:04,850][__main__][INFO] - [RANK 0] [ Eval  | Step: 86500  |  loss : 0.3378 | accuracy : 0.8439 | eval_s : 0.3451  ]
[2026-08-17 11:19:11,745][__main__][INFO] - [RANK 0] [ Train | Step: 87000  |  loss : 0.2567 | accuracy : 0.8856 | opt_sps : 72.8474  ]
[2026-08-17 11:19:12,091][__main__][INFO] - [RANK 0] [ Eval  | Step: 87000  |  loss : 0.3396 | accuracy : 0.8435 | eval_s : 0.3453  ]
[2026-08-17 11:19:19,047][__main__][INFO] - [RANK 0] [ Train | Step: 87500  |  loss : 0.2590 | accuracy : 0.8842 | opt_sps : 72.8418  ]
[2026-08-17 11:19:19,391][__main__][INFO] - [RANK 0] [ Eval  | Step: 87500  |  loss : 0.3397 | accuracy : 0.8427 | eval_s : 0.3436  ]
[2026-08-17 11:19:26,317][__main__][INFO] - [RANK 0] [ Train | Step: 88000  |  loss : 0.2598 | accuracy : 0.8834 | opt_sps : 72.8380  ]
[2026-08-17 11:19:26,662][__main__][INFO] - [RANK 0] [ Eval  | Step: 88000  |  loss : 0.3375 | accuracy : 0.8443 | eval_s : 0.3437  ]
[2026-08-17 11:19:33,590][__main__][INFO] - [RANK 0] [ Train | Step: 88500  |  loss : 0.2586 | accuracy : 0.8840 | opt_sps : 72.8342  ]
[2026-08-17 11:19:33,935][__main__][INFO] - [RANK 0] [ Eval  | Step: 88500  |  loss : 0.3384 | accuracy : 0.8447 | eval_s : 0.3433  ]
[2026-08-17 11:19:40,792][__main__][INFO] - [RANK 0] [ Train | Step: 89000  |  loss : 0.2584 | accuracy : 0.8845 | opt_sps : 72.8346  ]
[2026-08-17 11:19:41,137][__main__][INFO] - [RANK 0] [ Eval  | Step: 89000  |  loss : 0.3366 | accuracy : 0.8456 | eval_s : 0.3437  ]
[2026-08-17 11:19:48,009][__main__][INFO] - [RANK 0] [ Train | Step: 89500  |  loss : 0.2546 | accuracy : 0.8870 | opt_sps : 72.8342  ]
[2026-08-17 11:19:48,360][__main__][INFO] - [RANK 0] [ Eval  | Step: 89500  |  loss : 0.3375 | accuracy : 0.8448 | eval_s : 0.3495  ]
[2026-08-17 11:19:55,579][__main__][INFO] - [RANK 0] [ Train | Step: 90000  |  loss : 0.2559 | accuracy : 0.8852 | opt_sps : 72.8133  ]
[2026-08-17 11:19:55,925][__main__][INFO] - [RANK 0] [ Eval  | Step: 90000  |  loss : 0.3403 | accuracy : 0.8429 | eval_s : 0.3455  ]
[2026-08-17 11:20:03,158][__main__][INFO] - [RANK 0] [ Train | Step: 90500  |  loss : 0.2540 | accuracy : 0.8872 | opt_sps : 72.7919  ]
[2026-08-17 11:20:03,508][__main__][INFO] - [RANK 0] [ Eval  | Step: 90500  |  loss : 0.3401 | accuracy : 0.8445 | eval_s : 0.3483  ]
[2026-08-17 11:20:10,624][__main__][INFO] - [RANK 0] [ Train | Step: 91000  |  loss : 0.2560 | accuracy : 0.8850 | opt_sps : 72.7775  ]
[2026-08-17 11:20:10,971][__main__][INFO] - [RANK 0] [ Eval  | Step: 91000  |  loss : 0.3387 | accuracy : 0.8436 | eval_s : 0.3462  ]
[2026-08-17 11:20:17,901][__main__][INFO] - [RANK 0] [ Train | Step: 91500  |  loss : 0.2569 | accuracy : 0.8859 | opt_sps : 72.7740  ]
[2026-08-17 11:20:18,246][__main__][INFO] - [RANK 0] [ Eval  | Step: 91500  |  loss : 0.3376 | accuracy : 0.8444 | eval_s : 0.3441  ]
[2026-08-17 11:20:25,377][__main__][INFO] - [RANK 0] [ Train | Step: 92000  |  loss : 0.2553 | accuracy : 0.8863 | opt_sps : 72.7590  ]
[2026-08-17 11:20:25,725][__main__][INFO] - [RANK 0] [ Eval  | Step: 92000  |  loss : 0.3377 | accuracy : 0.8445 | eval_s : 0.3466  ]
[2026-08-17 11:20:32,892][__main__][INFO] - [RANK 0] [ Train | Step: 92500  |  loss : 0.2558 | accuracy : 0.8847 | opt_sps : 72.7421  ]
[2026-08-17 11:20:33,241][__main__][INFO] - [RANK 0] [ Eval  | Step: 92500  |  loss : 0.3391 | accuracy : 0.8432 | eval_s : 0.3478  ]
[2026-08-17 11:20:40,406][__main__][INFO] - [RANK 0] [ Train | Step: 93000  |  loss : 0.2554 | accuracy : 0.8856 | opt_sps : 72.7255  ]
[2026-08-17 11:20:40,756][__main__][INFO] - [RANK 0] [ Eval  | Step: 93000  |  loss : 0.3390 | accuracy : 0.8443 | eval_s : 0.3493  ]
[2026-08-17 11:20:48,079][__main__][INFO] - [RANK 0] [ Train | Step: 93500  |  loss : 0.2548 | accuracy : 0.8870 | opt_sps : 72.7002  ]
[2026-08-17 11:20:48,435][__main__][INFO] - [RANK 0] [ Eval  | Step: 93500  |  loss : 0.3387 | accuracy : 0.8446 | eval_s : 0.3548  ]
[2026-08-17 11:20:55,697][__main__][INFO] - [RANK 0] [ Train | Step: 94000  |  loss : 0.2541 | accuracy : 0.8860 | opt_sps : 72.6786  ]
[2026-08-17 11:20:56,042][__main__][INFO] - [RANK 0] [ Eval  | Step: 94000  |  loss : 0.3389 | accuracy : 0.8464 | eval_s : 0.3438  ]
[2026-08-17 11:21:03,383][__main__][INFO] - [RANK 0] [ Train | Step: 94500  |  loss : 0.2528 | accuracy : 0.8872 | opt_sps : 72.6528  ]
[2026-08-17 11:21:03,740][__main__][INFO] - [RANK 0] [ Eval  | Step: 94500  |  loss : 0.3384 | accuracy : 0.8443 | eval_s : 0.3563  ]
[2026-08-17 11:21:11,405][__main__][INFO] - [RANK 0] [ Train | Step: 95000  |  loss : 0.2522 | accuracy : 0.8872 | opt_sps : 72.6093  ]
[2026-08-17 11:21:11,750][__main__][INFO] - [RANK 0] [ Eval  | Step: 95000  |  loss : 0.3380 | accuracy : 0.8442 | eval_s : 0.3441  ]
[2026-08-17 11:21:18,600][__main__][INFO] - [RANK 0] [ Train | Step: 95500  |  loss : 0.2543 | accuracy : 0.8864 | opt_sps : 72.6114  ]
[2026-08-17 11:21:18,945][__main__][INFO] - [RANK 0] [ Eval  | Step: 95500  |  loss : 0.3387 | accuracy : 0.8446 | eval_s : 0.3439  ]
[2026-08-17 11:21:25,823][__main__][INFO] - [RANK 0] [ Train | Step: 96000  |  loss : 0.2544 | accuracy : 0.8876 | opt_sps : 72.6118  ]
[2026-08-17 11:21:26,172][__main__][INFO] - [RANK 0] [ Eval  | Step: 96000  |  loss : 0.3381 | accuracy : 0.8455 | eval_s : 0.3483  ]
[2026-08-17 11:21:33,037][__main__][INFO] - [RANK 0] [ Train | Step: 96500  |  loss : 0.2565 | accuracy : 0.8858 | opt_sps : 72.6129  ]
[2026-08-17 11:21:33,381][__main__][INFO] - [RANK 0] [ Eval  | Step: 96500  |  loss : 0.3384 | accuracy : 0.8440 | eval_s : 0.3439  ]
[2026-08-17 11:21:40,369][__main__][INFO] - [RANK 0] [ Train | Step: 97000  |  loss : 0.2545 | accuracy : 0.8869 | opt_sps : 72.6074  ]
[2026-08-17 11:21:40,720][__main__][INFO] - [RANK 0] [ Eval  | Step: 97000  |  loss : 0.3390 | accuracy : 0.8438 | eval_s : 0.3497  ]
[2026-08-17 11:21:47,991][__main__][INFO] - [RANK 0] [ Train | Step: 97500  |  loss : 0.2515 | accuracy : 0.8880 | opt_sps : 72.5866  ]
[2026-08-17 11:21:48,336][__main__][INFO] - [RANK 0] [ Eval  | Step: 97500  |  loss : 0.3386 | accuracy : 0.8442 | eval_s : 0.3437  ]
[2026-08-17 11:21:55,317][__main__][INFO] - [RANK 0] [ Train | Step: 98000  |  loss : 0.2550 | accuracy : 0.8855 | opt_sps : 72.5816  ]
[2026-08-17 11:21:55,661][__main__][INFO] - [RANK 0] [ Eval  | Step: 98000  |  loss : 0.3377 | accuracy : 0.8451 | eval_s : 0.3431  ]
[2026-08-17 11:22:02,868][__main__][INFO] - [RANK 0] [ Train | Step: 98500  |  loss : 0.2536 | accuracy : 0.8868 | opt_sps : 72.5646  ]
[2026-08-17 11:22:03,221][__main__][INFO] - [RANK 0] [ Eval  | Step: 98500  |  loss : 0.3383 | accuracy : 0.8448 | eval_s : 0.3519  ]
[2026-08-17 11:22:10,608][__main__][INFO] - [RANK 0] [ Train | Step: 99000  |  loss : 0.2529 | accuracy : 0.8884 | opt_sps : 72.5382  ]
[2026-08-17 11:22:10,953][__main__][INFO] - [RANK 0] [ Eval  | Step: 99000  |  loss : 0.3383 | accuracy : 0.8443 | eval_s : 0.3447  ]
[2026-08-17 11:22:18,160][__main__][INFO] - [RANK 0] [ Train | Step: 99500  |  loss : 0.2564 | accuracy : 0.8855 | opt_sps : 72.5216  ]
[2026-08-17 11:22:18,504][__main__][INFO] - [RANK 0] [ Eval  | Step: 99500  |  loss : 0.3395 | accuracy : 0.8455 | eval_s : 0.3432  ]
[2026-08-17 11:22:25,473][__main__][INFO] - [RANK 0] [ Train | Step: 100000 |  loss : 0.2491 | accuracy : 0.8895 | opt_sps : 72.5177  ]
[2026-08-17 11:22:25,820][__main__][INFO] - [RANK 0] [ Eval  | Step: 100000 |  loss : 0.3385 | accuracy : 0.8455 | eval_s : 0.3458  ]
[2026-08-17 11:22:25,822][__main__][INFO] - [RANK 0] loading best model
[2026-08-17 11:22:25,826][__main__][INFO] - [RANK 0] [Eval  | Summary |  best_loss : 0.3318 | best_step : 70000.0000 ]
[2026-08-17 11:22:26,170][__main__][INFO] - [RANK 0] [Test  | Summary |  model/phase_R : 0.9173 | model/gate_offdiag : 0.8984 | model/vote_agreement : 0.7109 | model/evidence_ratio : 99.1228 | loss/cross_entropy : 0.3303 | loss/loss : 0.3303 | callbacks/accuracy : 0.8470 | callbacks/non_relational_accuracy : 0.9999 | callbacks/binary_accuracy : 0.8880 | callbacks/ternary_accuracy : 0.6532 | callbacks/query_shape_accuracy : 1.0000 | callbacks/left_of_centre_accuracy : 0.9997 | callbacks/top_half_accuracy : 1.0000 | callbacks/closest_shape_accuracy : 0.8056 | callbacks/furthest_shape_accuracy : 0.8668 | callbacks/count_same_shape_accuracy : 0.9968 | callbacks/count_in_box_accuracy : 0.7761 | callbacks/on_band_accuracy : 0.7127 | callbacks/count_obtuse_accuracy : 0.4660 | timing/eval_s : 0.3438 ]
wandb: updating run metadata
wandb: uploading output.log; uploading wandb-summary.json; uploading config.yaml
wandb: 
wandb: Run history:
wandb:                  eval_callbacks/accuracy ▁▄▄▅▅▅▆▆▇▇▇▇▇▇▇▇████████████████████████
wandb:           eval_callbacks/binary_accuracy ▁▁▂▃▄▃▆▆▆▆▆▆▇▇▇█████████████████████████
wandb:    eval_callbacks/closest_shape_accuracy ▁▂▁▃▃▄▅▄▅▅▅▅▆▆▆▇▇▇▇▇▇█▇█▇███████████████
wandb:     eval_callbacks/count_in_box_accuracy ▁▁▁▁▁▁▁▁▁▁▁▃▃▃▃▅▅▅▆▆▇▇▇▇▇▇█▇███▇█▇▇▇▇█▇▇
wandb:     eval_callbacks/count_obtuse_accuracy ▁▁▁▁▁▂▁▁▁▂▂▂▁▃▃▂▃▃▅▅▇▇▇▇▇▇▇▇▇██▇▇▇▇██▇▇█
wandb: eval_callbacks/count_same_shape_accuracy ▁▁▁▁▅▆▆▇█████████▇██████████████████████
wandb:   eval_callbacks/furthest_shape_accuracy ▁▃▃▃▄▄▄▄▄▅▅▅▇███████████████████████████
wandb:   eval_callbacks/left_of_centre_accuracy ▁▇██████████████████████████████████████
wandb:   eval_callbacks/non_relational_accuracy ▁█▇▆█▇▆█████████████████████████████████
wandb:          eval_callbacks/on_band_accuracy ▁▁▁▂▂▃▃▄▄▅▆▆▅▆▆▇▇▇▇▇▇▇▇▇█▇██████████████
wandb:                                      +32 ...
wandb: 
wandb: Run summary:
wandb:                           eval/best_loss 0.33179
wandb:                           eval/best_step 70000
wandb:                  eval_callbacks/accuracy 0.84547
wandb:           eval_callbacks/binary_accuracy 0.88742
wandb:    eval_callbacks/closest_shape_accuracy 0.79301
wandb:     eval_callbacks/count_in_box_accuracy 0.7638
wandb:     eval_callbacks/count_obtuse_accuracy 0.47112
wandb: eval_callbacks/count_same_shape_accuracy 1.0
wandb:   eval_callbacks/furthest_shape_accuracy 0.87013
wandb:   eval_callbacks/left_of_centre_accuracy 0.99927
wandb:                                      +54 ...
wandb: 
wandb: 🚀 View run sort_of_clevr/syncnet::multirun::2026-08-17_07-27-27::9 at: https://wandb.ai/niks_priv/sort_of_clevr/runs/fbhhmw3u
wandb: ⭐️ View project at: https://wandb.ai/niks_priv/sort_of_clevr
wandb: Synced 5 W&B file(s), 0 media file(s), 0 artifact file(s) and 0 other file(s)
wandb: Find logs at: ./outputs/sort_of_clevr/multirun/2026-08-17_07-27-27/9/wandb/run-20260817_105816-fbhhmw3u/logs
[2026-08-17 11:22:27,528][HYDRA] 	#10 : model.module_dim=768 model.n_modules=4 model.partition=quadrant train.seed=1 task=sort_of_clevr experiment=sort_of_clevr/syncnet/scale
wandb: setting up run xuhbpf8j
wandb: Tracking run with wandb version 0.27.2
wandb: Run data is saved locally in /home/nik/workspace/ImperialWork/msc_project/SyncNetProject/outputs/sort_of_clevr/multirun/2026-08-17_07-27-27/10/wandb/run-20260817_112228-xuhbpf8j
wandb: Run `wandb offline` to turn off syncing.
wandb: Syncing run sort_of_clevr/syncnet::multirun::2026-08-17_07-27-27::10
wandb: ⭐️ View project at https://wandb.ai/niks_priv/sort_of_clevr
wandb: 🚀 View run at https://wandb.ai/niks_priv/sort_of_clevr/runs/xuhbpf8j
[2026-08-17 11:22:29,413][__main__][INFO] - [RANK 0] Starting training
[2026-08-17 11:22:29,413][__main__][INFO] - [RANK 0] Model: SortOfClevrSyncNet
[2026-08-17 11:22:29,413][__main__][INFO] - [RANK 0] Parameters: total=3124048
[2026-08-17 11:22:29,416][__main__][INFO] - [RANK 0] Config:
train:
  seed: 1
  n_steps: 100000
  train_bs: 256
  val_bs: 1024
  early_stop_metric: loss
  early_stop_big_is_better: false
  early_stop_patience: 1000000
  early_stop_min_delta: 0.0
  mixed_precision: bf16
  compile_model: false
  grad_accum: 1
  grad_clip: 1.0
  loader_mode: gpu_cached
  num_workers: 0
logging:
  eval_log_interval: 500
  train_log_interval: 500
  info_metrics:
  - loss
  - accuracy
  save_best: true
wandb:
  enabled: true
  project_name: sort_of_clevr
  entity: niks_priv
  tags: []
  run_name: null
optim:
  optimiser: adamw
  lr: 0.0003
  weight_decay: 0.01
  lr_scheduler: warmup_cosine
  lr_scheduler_params:
    warmup_steps: 2000
dataset:
  name: sort_of_clevr
  root: ./data
  dir: sort_of_clevr-seed1-train36000-test1000-img75-obj5-q10-t-1
  seed: 1
  train_size: 36000
  test_size: 1000
  img_size: 75
  obj_size: 5
  nb_questions: 10
  t_subtype: -1
model:
  name: sort_of_clevr_syncnet
  q_conditioning: film
  q_emb_dim: 32
  partition: quadrant
  use_pos_emb: true
  n_modules: 4
  module_dim: 768
  content_dim: 8
  query_hidden: 64
  beta_init: 5.0
  learn_beta: true
  use_module_embed: false
  embed_scale: 1.0
  gate_mode: phase
  T: 6
  dt: 0.1
  omega_init: 0.5
  learn_omega: true
  k_hidden: 64
  deterministic_phase: false
  msg_dim: 64
  msg_agg: mean
  readout_mode: sum
  hidden_dim: 128
  use_prior_head: true
  vote_sees_q: true
  encoder:
    name: patchify
    ch: 128
    patch_size: 5
    hidden: 64
callbacks:
- name: accuracy
- name: qtype_accuracy
- name: subtype_accuracy

[2026-08-17 11:22:29,416][__main__][INFO] - [RANK 0] Full model:
SortOfClevrSyncNet(
  (inner): VQASyncNet(
    (q_encoder): IdentityQuestionEncoder()
    (film_gamma): Linear(in_features=18, out_features=128, bias=True)
    (film_beta): Linear(in_features=18, out_features=128, bias=True)
    (encoders): ModuleList(
      (0): PatchifyEncoder(
        (patchify): Conv2d(3, 128, kernel_size=(5, 5), stride=(5, 5))
      )
    )
    (norms): ModuleList(
      (0): GroupNorm(8, 128, eps=1e-05, affine=True, bias=True)
    )
    (h_init): Sequential(
      (0): Linear(in_features=18, out_features=64, bias=True)
      (1): GELU(approximate='none')
      (2): Linear(in_features=64, out_features=3072, bias=True)
    )
    (attn_query): Linear(in_features=768, out_features=128, bias=True)
    (msg_proj): Linear(in_features=768, out_features=64, bias=True)
    (cell): GRUCell(192, 768)
    (k_mlp): Sequential(
      (0): Linear(in_features=1536, out_features=64, bias=True)
      (1): GELU(approximate='none')
      (2): Linear(in_features=64, out_features=1, bias=True)
      (3): Tanh()
    )
    (content_head): Linear(in_features=128, out_features=8, bias=True)
    (vote_heads): ModuleList(
      (0-3): 4 x Sequential(
        (0): Linear(in_features=794, out_features=128, bias=True)
        (1): GELU(approximate='none')
        (2): Linear(in_features=128, out_features=10, bias=True)
      )
    )
    (prior_head): Sequential(
      (0): Linear(in_features=18, out_features=128, bias=True)
      (1): GELU(approximate='none')
      (2): Linear(in_features=128, out_features=10, bias=True)
    )
  )
)
[2026-08-17 11:22:36,294][__main__][INFO] - [RANK 0] [ Train | Step: 500    |  loss : 1.2839 | accuracy : 0.4006 | opt_sps : 72.7130  ]
[2026-08-17 11:22:36,639][__main__][INFO] - [RANK 0] [ Eval  | Step: 500    |  loss : 0.8934 | accuracy : 0.4900 | eval_s : 0.3446  ]
[2026-08-17 11:22:43,485][__main__][INFO] - [RANK 0] [ Train | Step: 1000   |  loss : 0.8611 | accuracy : 0.5139 | opt_sps : 72.8875  ]
[2026-08-17 11:22:43,830][__main__][INFO] - [RANK 0] [ Eval  | Step: 1000   |  loss : 0.8212 | accuracy : 0.5569 | eval_s : 0.3438  ]
[2026-08-17 11:22:50,644][__main__][INFO] - [RANK 0] [ Train | Step: 1500   |  loss : 0.7543 | accuracy : 0.6006 | opt_sps : 73.0598  ]
[2026-08-17 11:22:50,995][__main__][INFO] - [RANK 0] [ Eval  | Step: 1500   |  loss : 0.7376 | accuracy : 0.6068 | eval_s : 0.3509  ]
[2026-08-17 11:22:58,126][__main__][INFO] - [RANK 0] [ Train | Step: 2000   |  loss : 0.7196 | accuracy : 0.6294 | opt_sps : 72.3081  ]
[2026-08-17 11:22:58,472][__main__][INFO] - [RANK 0] [ Eval  | Step: 2000   |  loss : 0.7237 | accuracy : 0.6283 | eval_s : 0.3452  ]
[2026-08-17 11:23:05,270][__main__][INFO] - [RANK 0] [ Train | Step: 2500   |  loss : 0.6964 | accuracy : 0.6447 | opt_sps : 72.5574  ]
[2026-08-17 11:23:05,615][__main__][INFO] - [RANK 0] [ Eval  | Step: 2500   |  loss : 0.6843 | accuracy : 0.6549 | eval_s : 0.3438  ]
[2026-08-17 11:23:12,415][__main__][INFO] - [RANK 0] [ Train | Step: 3000   |  loss : 0.6862 | accuracy : 0.6526 | opt_sps : 72.7208  ]
[2026-08-17 11:23:12,762][__main__][INFO] - [RANK 0] [ Eval  | Step: 3000   |  loss : 0.6718 | accuracy : 0.6573 | eval_s : 0.3455  ]
[2026-08-17 11:23:19,603][__main__][INFO] - [RANK 0] [ Train | Step: 3500   |  loss : 0.6738 | accuracy : 0.6617 | opt_sps : 72.7755  ]
[2026-08-17 11:23:19,948][__main__][INFO] - [RANK 0] [ Eval  | Step: 3500   |  loss : 0.6712 | accuracy : 0.6617 | eval_s : 0.3441  ]
[2026-08-17 11:23:26,812][__main__][INFO] - [RANK 0] [ Train | Step: 4000   |  loss : 0.6628 | accuracy : 0.6669 | opt_sps : 72.7873  ]
[2026-08-17 11:23:27,156][__main__][INFO] - [RANK 0] [ Eval  | Step: 4000   |  loss : 0.6654 | accuracy : 0.6694 | eval_s : 0.3433  ]
[2026-08-17 11:23:34,027][__main__][INFO] - [RANK 0] [ Train | Step: 4500   |  loss : 0.6611 | accuracy : 0.6683 | opt_sps : 72.7876  ]
[2026-08-17 11:23:34,371][__main__][INFO] - [RANK 0] [ Eval  | Step: 4500   |  loss : 0.6554 | accuracy : 0.6766 | eval_s : 0.3432  ]
[2026-08-17 11:23:41,205][__main__][INFO] - [RANK 0] [ Train | Step: 5000   |  loss : 0.6536 | accuracy : 0.6749 | opt_sps : 72.8282  ]
[2026-08-17 11:23:41,551][__main__][INFO] - [RANK 0] [ Eval  | Step: 5000   |  loss : 0.6502 | accuracy : 0.6790 | eval_s : 0.3449  ]
[2026-08-17 11:23:48,373][__main__][INFO] - [RANK 0] [ Train | Step: 5500   |  loss : 0.6493 | accuracy : 0.6761 | opt_sps : 72.8719  ]
[2026-08-17 11:23:48,718][__main__][INFO] - [RANK 0] [ Eval  | Step: 5500   |  loss : 0.6557 | accuracy : 0.6764 | eval_s : 0.3440  ]
[2026-08-17 11:23:55,549][__main__][INFO] - [RANK 0] [ Train | Step: 6000   |  loss : 0.6458 | accuracy : 0.6785 | opt_sps : 72.8985  ]
[2026-08-17 11:23:55,894][__main__][INFO] - [RANK 0] [ Eval  | Step: 6000   |  loss : 0.6449 | accuracy : 0.6840 | eval_s : 0.3443  ]
[2026-08-17 11:24:02,723][__main__][INFO] - [RANK 0] [ Train | Step: 6500   |  loss : 0.6456 | accuracy : 0.6798 | opt_sps : 72.9249  ]
[2026-08-17 11:24:03,068][__main__][INFO] - [RANK 0] [ Eval  | Step: 6500   |  loss : 0.6532 | accuracy : 0.6770 | eval_s : 0.3441  ]
[2026-08-17 11:24:09,898][__main__][INFO] - [RANK 0] [ Train | Step: 7000   |  loss : 0.6445 | accuracy : 0.6800 | opt_sps : 72.9454  ]
[2026-08-17 11:24:10,243][__main__][INFO] - [RANK 0] [ Eval  | Step: 7000   |  loss : 0.6426 | accuracy : 0.6817 | eval_s : 0.3443  ]
[2026-08-17 11:24:17,119][__main__][INFO] - [RANK 0] [ Train | Step: 7500   |  loss : 0.6399 | accuracy : 0.6812 | opt_sps : 72.9318  ]
[2026-08-17 11:24:17,469][__main__][INFO] - [RANK 0] [ Eval  | Step: 7500   |  loss : 0.6484 | accuracy : 0.6739 | eval_s : 0.3489  ]
[2026-08-17 11:24:24,310][__main__][INFO] - [RANK 0] [ Train | Step: 8000   |  loss : 0.6404 | accuracy : 0.6836 | opt_sps : 72.9414  ]
[2026-08-17 11:24:24,655][__main__][INFO] - [RANK 0] [ Eval  | Step: 8000   |  loss : 0.6426 | accuracy : 0.6817 | eval_s : 0.3434  ]
[2026-08-17 11:24:31,444][__main__][INFO] - [RANK 0] [ Train | Step: 8500   |  loss : 0.6413 | accuracy : 0.6839 | opt_sps : 72.9822  ]
[2026-08-17 11:24:31,789][__main__][INFO] - [RANK 0] [ Eval  | Step: 8500   |  loss : 0.6382 | accuracy : 0.6833 | eval_s : 0.3442  ]
[2026-08-17 11:24:38,651][__main__][INFO] - [RANK 0] [ Train | Step: 9000   |  loss : 0.6363 | accuracy : 0.6856 | opt_sps : 72.9769  ]
[2026-08-17 11:24:38,998][__main__][INFO] - [RANK 0] [ Eval  | Step: 9000   |  loss : 0.6388 | accuracy : 0.6819 | eval_s : 0.3440  ]
[2026-08-17 11:24:45,852][__main__][INFO] - [RANK 0] [ Train | Step: 9500   |  loss : 0.6325 | accuracy : 0.6902 | opt_sps : 72.9756  ]
[2026-08-17 11:24:46,198][__main__][INFO] - [RANK 0] [ Eval  | Step: 9500   |  loss : 0.6350 | accuracy : 0.6895 | eval_s : 0.3455  ]
[2026-08-17 11:24:53,067][__main__][INFO] - [RANK 0] [ Train | Step: 10000  |  loss : 0.6357 | accuracy : 0.6875 | opt_sps : 72.9697  ]
[2026-08-17 11:24:53,412][__main__][INFO] - [RANK 0] [ Eval  | Step: 10000  |  loss : 0.6450 | accuracy : 0.6775 | eval_s : 0.3446  ]
[2026-08-17 11:25:00,247][__main__][INFO] - [RANK 0] [ Train | Step: 10500  |  loss : 0.6331 | accuracy : 0.6889 | opt_sps : 72.9786  ]
[2026-08-17 11:25:00,592][__main__][INFO] - [RANK 0] [ Eval  | Step: 10500  |  loss : 0.6342 | accuracy : 0.6882 | eval_s : 0.3441  ]
[2026-08-17 11:25:07,421][__main__][INFO] - [RANK 0] [ Train | Step: 11000  |  loss : 0.6309 | accuracy : 0.6921 | opt_sps : 72.9908  ]
[2026-08-17 11:25:07,767][__main__][INFO] - [RANK 0] [ Eval  | Step: 11000  |  loss : 0.6279 | accuracy : 0.6942 | eval_s : 0.3447  ]
[2026-08-17 11:25:14,661][__main__][INFO] - [RANK 0] [ Train | Step: 11500  |  loss : 0.6268 | accuracy : 0.6944 | opt_sps : 72.9721  ]
[2026-08-17 11:25:15,007][__main__][INFO] - [RANK 0] [ Eval  | Step: 11500  |  loss : 0.6233 | accuracy : 0.7006 | eval_s : 0.3449  ]
[2026-08-17 11:25:21,825][__main__][INFO] - [RANK 0] [ Train | Step: 12000  |  loss : 0.6227 | accuracy : 0.6963 | opt_sps : 72.9882  ]
[2026-08-17 11:25:22,169][__main__][INFO] - [RANK 0] [ Eval  | Step: 12000  |  loss : 0.6239 | accuracy : 0.6981 | eval_s : 0.3437  ]
[2026-08-17 11:25:29,007][__main__][INFO] - [RANK 0] [ Train | Step: 12500  |  loss : 0.6200 | accuracy : 0.6994 | opt_sps : 72.9934  ]
[2026-08-17 11:25:29,353][__main__][INFO] - [RANK 0] [ Eval  | Step: 12500  |  loss : 0.6242 | accuracy : 0.6954 | eval_s : 0.3445  ]
[2026-08-17 11:25:36,169][__main__][INFO] - [RANK 0] [ Train | Step: 13000  |  loss : 0.6056 | accuracy : 0.7074 | opt_sps : 73.0072  ]
[2026-08-17 11:25:36,515][__main__][INFO] - [RANK 0] [ Eval  | Step: 13000  |  loss : 0.6041 | accuracy : 0.7080 | eval_s : 0.3450  ]
[2026-08-17 11:25:43,350][__main__][INFO] - [RANK 0] [ Train | Step: 13500  |  loss : 0.5944 | accuracy : 0.7140 | opt_sps : 73.0132  ]
[2026-08-17 11:25:43,695][__main__][INFO] - [RANK 0] [ Eval  | Step: 13500  |  loss : 0.5916 | accuracy : 0.7125 | eval_s : 0.3439  ]
[2026-08-17 11:25:50,534][__main__][INFO] - [RANK 0] [ Train | Step: 14000  |  loss : 0.5823 | accuracy : 0.7183 | opt_sps : 73.0178  ]
[2026-08-17 11:25:50,878][__main__][INFO] - [RANK 0] [ Eval  | Step: 14000  |  loss : 0.5684 | accuracy : 0.7207 | eval_s : 0.3428  ]
[2026-08-17 11:25:57,693][__main__][INFO] - [RANK 0] [ Train | Step: 14500  |  loss : 0.5695 | accuracy : 0.7249 | opt_sps : 73.0305  ]
[2026-08-17 11:25:58,041][__main__][INFO] - [RANK 0] [ Eval  | Step: 14500  |  loss : 0.5886 | accuracy : 0.7130 | eval_s : 0.3472  ]
[2026-08-17 11:26:04,816][__main__][INFO] - [RANK 0] [ Train | Step: 15000  |  loss : 0.5497 | accuracy : 0.7349 | opt_sps : 73.0558  ]
[2026-08-17 11:26:05,160][__main__][INFO] - [RANK 0] [ Eval  | Step: 15000  |  loss : 0.5440 | accuracy : 0.7361 | eval_s : 0.3431  ]
[2026-08-17 11:26:11,997][__main__][INFO] - [RANK 0] [ Train | Step: 15500  |  loss : 0.5527 | accuracy : 0.7328 | opt_sps : 73.0593  ]
[2026-08-17 11:26:12,341][__main__][INFO] - [RANK 0] [ Eval  | Step: 15500  |  loss : 0.5323 | accuracy : 0.7414 | eval_s : 0.3435  ]
[2026-08-17 11:26:19,135][__main__][INFO] - [RANK 0] [ Train | Step: 16000  |  loss : 0.5429 | accuracy : 0.7394 | opt_sps : 73.0766  ]
[2026-08-17 11:26:19,481][__main__][INFO] - [RANK 0] [ Eval  | Step: 16000  |  loss : 0.5247 | accuracy : 0.7440 | eval_s : 0.3448  ]
[2026-08-17 11:26:26,381][__main__][INFO] - [RANK 0] [ Train | Step: 16500  |  loss : 0.5417 | accuracy : 0.7400 | opt_sps : 73.0585  ]
[2026-08-17 11:26:26,726][__main__][INFO] - [RANK 0] [ Eval  | Step: 16500  |  loss : 0.5645 | accuracy : 0.7275 | eval_s : 0.3434  ]
[2026-08-17 11:26:33,832][__main__][INFO] - [RANK 0] [ Train | Step: 17000  |  loss : 0.5337 | accuracy : 0.7414 | opt_sps : 72.9763  ]
[2026-08-17 11:26:34,180][__main__][INFO] - [RANK 0] [ Eval  | Step: 17000  |  loss : 0.5278 | accuracy : 0.7421 | eval_s : 0.3473  ]
[2026-08-17 11:26:41,334][__main__][INFO] - [RANK 0] [ Train | Step: 17500  |  loss : 0.5259 | accuracy : 0.7465 | opt_sps : 72.8847  ]
[2026-08-17 11:26:41,679][__main__][INFO] - [RANK 0] [ Eval  | Step: 17500  |  loss : 0.5046 | accuracy : 0.7547 | eval_s : 0.3444  ]
[2026-08-17 11:26:48,638][__main__][INFO] - [RANK 0] [ Train | Step: 18000  |  loss : 0.5127 | accuracy : 0.7534 | opt_sps : 72.8561  ]
[2026-08-17 11:26:48,985][__main__][INFO] - [RANK 0] [ Eval  | Step: 18000  |  loss : 0.4887 | accuracy : 0.7605 | eval_s : 0.3458  ]
[2026-08-17 11:26:56,248][__main__][INFO] - [RANK 0] [ Train | Step: 18500  |  loss : 0.5272 | accuracy : 0.7478 | opt_sps : 72.7422  ]
[2026-08-17 11:26:56,593][__main__][INFO] - [RANK 0] [ Eval  | Step: 18500  |  loss : 0.5145 | accuracy : 0.7524 | eval_s : 0.3441  ]
[2026-08-17 11:27:04,108][__main__][INFO] - [RANK 0] [ Train | Step: 19000  |  loss : 0.5101 | accuracy : 0.7538 | opt_sps : 72.5639  ]
[2026-08-17 11:27:04,466][__main__][INFO] - [RANK 0] [ Eval  | Step: 19000  |  loss : 0.4885 | accuracy : 0.7617 | eval_s : 0.3571  ]
[2026-08-17 11:27:12,114][__main__][INFO] - [RANK 0] [ Train | Step: 19500  |  loss : 0.5056 | accuracy : 0.7577 | opt_sps : 72.3608  ]
[2026-08-17 11:27:12,469][__main__][INFO] - [RANK 0] [ Eval  | Step: 19500  |  loss : 0.4982 | accuracy : 0.7579 | eval_s : 0.3542  ]
[2026-08-17 11:27:19,461][__main__][INFO] - [RANK 0] [ Train | Step: 20000  |  loss : 0.5067 | accuracy : 0.7563 | opt_sps : 72.3393  ]
[2026-08-17 11:27:19,806][__main__][INFO] - [RANK 0] [ Eval  | Step: 20000  |  loss : 0.4898 | accuracy : 0.7615 | eval_s : 0.3444  ]
[2026-08-17 11:27:26,601][__main__][INFO] - [RANK 0] [ Train | Step: 20500  |  loss : 0.4947 | accuracy : 0.7600 | opt_sps : 72.3691  ]
[2026-08-17 11:27:26,946][__main__][INFO] - [RANK 0] [ Eval  | Step: 20500  |  loss : 0.4697 | accuracy : 0.7708 | eval_s : 0.3439  ]
[2026-08-17 11:27:33,798][__main__][INFO] - [RANK 0] [ Train | Step: 21000  |  loss : 0.5002 | accuracy : 0.7579 | opt_sps : 72.3842  ]
[2026-08-17 11:27:34,144][__main__][INFO] - [RANK 0] [ Eval  | Step: 21000  |  loss : 0.4743 | accuracy : 0.7655 | eval_s : 0.3453  ]
[2026-08-17 11:27:41,161][__main__][INFO] - [RANK 0] [ Train | Step: 21500  |  loss : 0.4950 | accuracy : 0.7637 | opt_sps : 72.3575  ]
[2026-08-17 11:27:41,508][__main__][INFO] - [RANK 0] [ Eval  | Step: 21500  |  loss : 0.4642 | accuracy : 0.7741 | eval_s : 0.3459  ]
[2026-08-17 11:27:48,596][__main__][INFO] - [RANK 0] [ Train | Step: 22000  |  loss : 0.4878 | accuracy : 0.7659 | opt_sps : 72.3159  ]
[2026-08-17 11:27:48,941][__main__][INFO] - [RANK 0] [ Eval  | Step: 22000  |  loss : 0.4589 | accuracy : 0.7781 | eval_s : 0.3437  ]
[2026-08-17 11:27:56,068][__main__][INFO] - [RANK 0] [ Train | Step: 22500  |  loss : 0.4870 | accuracy : 0.7679 | opt_sps : 72.2670  ]
[2026-08-17 11:27:56,422][__main__][INFO] - [RANK 0] [ Eval  | Step: 22500  |  loss : 0.4641 | accuracy : 0.7746 | eval_s : 0.3539  ]
[2026-08-17 11:28:03,453][__main__][INFO] - [RANK 0] [ Train | Step: 23000  |  loss : 0.4838 | accuracy : 0.7710 | opt_sps : 72.2416  ]
[2026-08-17 11:28:03,800][__main__][INFO] - [RANK 0] [ Eval  | Step: 23000  |  loss : 0.4786 | accuracy : 0.7661 | eval_s : 0.3465  ]
[2026-08-17 11:28:11,038][__main__][INFO] - [RANK 0] [ Train | Step: 23500  |  loss : 0.4801 | accuracy : 0.7717 | opt_sps : 72.1714  ]
[2026-08-17 11:28:11,385][__main__][INFO] - [RANK 0] [ Eval  | Step: 23500  |  loss : 0.4716 | accuracy : 0.7734 | eval_s : 0.3464  ]
[2026-08-17 11:28:19,003][__main__][INFO] - [RANK 0] [ Train | Step: 24000  |  loss : 0.4790 | accuracy : 0.7759 | opt_sps : 72.0220  ]
[2026-08-17 11:28:19,348][__main__][INFO] - [RANK 0] [ Eval  | Step: 24000  |  loss : 0.5516 | accuracy : 0.7413 | eval_s : 0.3437  ]
[2026-08-17 11:28:26,624][__main__][INFO] - [RANK 0] [ Train | Step: 24500  |  loss : 0.4804 | accuracy : 0.7747 | opt_sps : 71.9514  ]
[2026-08-17 11:28:26,982][__main__][INFO] - [RANK 0] [ Eval  | Step: 24500  |  loss : 0.4497 | accuracy : 0.7802 | eval_s : 0.3570  ]
[2026-08-17 11:28:34,424][__main__][INFO] - [RANK 0] [ Train | Step: 25000  |  loss : 0.4659 | accuracy : 0.7798 | opt_sps : 71.8500  ]
[2026-08-17 11:28:34,777][__main__][INFO] - [RANK 0] [ Eval  | Step: 25000  |  loss : 0.4607 | accuracy : 0.7770 | eval_s : 0.3516  ]
[2026-08-17 11:28:41,790][__main__][INFO] - [RANK 0] [ Train | Step: 25500  |  loss : 0.4748 | accuracy : 0.7783 | opt_sps : 71.8390  ]
[2026-08-17 11:28:42,135][__main__][INFO] - [RANK 0] [ Eval  | Step: 25500  |  loss : 0.4722 | accuracy : 0.7728 | eval_s : 0.3439  ]
[2026-08-17 11:28:49,137][__main__][INFO] - [RANK 0] [ Train | Step: 26000  |  loss : 0.4634 | accuracy : 0.7796 | opt_sps : 71.8307  ]
[2026-08-17 11:28:49,485][__main__][INFO] - [RANK 0] [ Eval  | Step: 26000  |  loss : 0.4649 | accuracy : 0.7788 | eval_s : 0.3477  ]
[2026-08-17 11:28:56,982][__main__][INFO] - [RANK 0] [ Train | Step: 26500  |  loss : 0.4532 | accuracy : 0.7847 | opt_sps : 71.7264  ]
[2026-08-17 11:28:57,327][__main__][INFO] - [RANK 0] [ Eval  | Step: 26500  |  loss : 0.4504 | accuracy : 0.7815 | eval_s : 0.3439  ]
[2026-08-17 11:29:04,187][__main__][INFO] - [RANK 0] [ Train | Step: 27000  |  loss : 0.4526 | accuracy : 0.7860 | opt_sps : 71.7476  ]
[2026-08-17 11:29:04,533][__main__][INFO] - [RANK 0] [ Eval  | Step: 27000  |  loss : 0.4392 | accuracy : 0.7863 | eval_s : 0.3452  ]
[2026-08-17 11:29:11,370][__main__][INFO] - [RANK 0] [ Train | Step: 27500  |  loss : 0.4564 | accuracy : 0.7841 | opt_sps : 71.7727  ]
[2026-08-17 11:29:11,715][__main__][INFO] - [RANK 0] [ Eval  | Step: 27500  |  loss : 0.4373 | accuracy : 0.7854 | eval_s : 0.3447  ]
[2026-08-17 11:29:18,601][__main__][INFO] - [RANK 0] [ Train | Step: 28000  |  loss : 0.4555 | accuracy : 0.7852 | opt_sps : 71.7880  ]
[2026-08-17 11:29:18,947][__main__][INFO] - [RANK 0] [ Eval  | Step: 28000  |  loss : 0.5179 | accuracy : 0.7596 | eval_s : 0.3448  ]
[2026-08-17 11:29:25,726][__main__][INFO] - [RANK 0] [ Train | Step: 28500  |  loss : 0.4566 | accuracy : 0.7858 | opt_sps : 71.8215  ]
[2026-08-17 11:29:26,071][__main__][INFO] - [RANK 0] [ Eval  | Step: 28500  |  loss : 0.8128 | accuracy : 0.7131 | eval_s : 0.3437  ]
[2026-08-17 11:29:32,900][__main__][INFO] - [RANK 0] [ Train | Step: 29000  |  loss : 0.4571 | accuracy : 0.7836 | opt_sps : 71.8451  ]
[2026-08-17 11:29:33,244][__main__][INFO] - [RANK 0] [ Eval  | Step: 29000  |  loss : 0.4651 | accuracy : 0.7787 | eval_s : 0.3434  ]
[2026-08-17 11:29:40,449][__main__][INFO] - [RANK 0] [ Train | Step: 29500  |  loss : 0.4491 | accuracy : 0.7874 | opt_sps : 71.8022  ]
[2026-08-17 11:29:40,801][__main__][INFO] - [RANK 0] [ Eval  | Step: 29500  |  loss : 0.4455 | accuracy : 0.7841 | eval_s : 0.3506  ]
[2026-08-17 11:29:47,954][__main__][INFO] - [RANK 0] [ Train | Step: 30000  |  loss : 0.4431 | accuracy : 0.7885 | opt_sps : 71.7695  ]
[2026-08-17 11:29:48,306][__main__][INFO] - [RANK 0] [ Eval  | Step: 30000  |  loss : 0.5177 | accuracy : 0.7635 | eval_s : 0.3506  ]
[2026-08-17 11:29:55,880][__main__][INFO] - [RANK 0] [ Train | Step: 30500  |  loss : 0.4486 | accuracy : 0.7879 | opt_sps : 71.6670  ]
[2026-08-17 11:29:56,231][__main__][INFO] - [RANK 0] [ Eval  | Step: 30500  |  loss : 0.5177 | accuracy : 0.7596 | eval_s : 0.3493  ]
[2026-08-17 11:30:03,405][__main__][INFO] - [RANK 0] [ Train | Step: 31000  |  loss : 0.4413 | accuracy : 0.7910 | opt_sps : 71.6344  ]
[2026-08-17 11:30:03,774][__main__][INFO] - [RANK 0] [ Eval  | Step: 31000  |  loss : 0.4506 | accuracy : 0.7862 | eval_s : 0.3686  ]
[2026-08-17 11:30:10,799][__main__][INFO] - [RANK 0] [ Train | Step: 31500  |  loss : 0.4347 | accuracy : 0.7944 | opt_sps : 71.6270  ]
[2026-08-17 11:30:11,146][__main__][INFO] - [RANK 0] [ Eval  | Step: 31500  |  loss : 0.4802 | accuracy : 0.7779 | eval_s : 0.3461  ]
[2026-08-17 11:30:18,169][__main__][INFO] - [RANK 0] [ Train | Step: 32000  |  loss : 0.4373 | accuracy : 0.7924 | opt_sps : 71.6202  ]
[2026-08-17 11:30:18,515][__main__][INFO] - [RANK 0] [ Eval  | Step: 32000  |  loss : 0.4190 | accuracy : 0.7973 | eval_s : 0.3452  ]
[2026-08-17 11:30:25,447][__main__][INFO] - [RANK 0] [ Train | Step: 32500  |  loss : 0.4327 | accuracy : 0.7941 | opt_sps : 71.6286  ]
[2026-08-17 11:30:25,796][__main__][INFO] - [RANK 0] [ Eval  | Step: 32500  |  loss : 0.5358 | accuracy : 0.7597 | eval_s : 0.3484  ]
[2026-08-17 11:30:33,037][__main__][INFO] - [RANK 0] [ Train | Step: 33000  |  loss : 0.4394 | accuracy : 0.7923 | opt_sps : 71.5881  ]
[2026-08-17 11:30:33,388][__main__][INFO] - [RANK 0] [ Eval  | Step: 33000  |  loss : 0.4396 | accuracy : 0.7890 | eval_s : 0.3499  ]
[2026-08-17 11:30:40,538][__main__][INFO] - [RANK 0] [ Train | Step: 33500  |  loss : 0.4324 | accuracy : 0.7937 | opt_sps : 71.5626  ]
[2026-08-17 11:30:40,885][__main__][INFO] - [RANK 0] [ Eval  | Step: 33500  |  loss : 0.4200 | accuracy : 0.7977 | eval_s : 0.3454  ]
[2026-08-17 11:30:48,063][__main__][INFO] - [RANK 0] [ Train | Step: 34000  |  loss : 0.4249 | accuracy : 0.7979 | opt_sps : 71.5338  ]
[2026-08-17 11:30:48,410][__main__][INFO] - [RANK 0] [ Eval  | Step: 34000  |  loss : 0.4170 | accuracy : 0.7989 | eval_s : 0.3460  ]
[2026-08-17 11:30:55,337][__main__][INFO] - [RANK 0] [ Train | Step: 34500  |  loss : 0.4305 | accuracy : 0.7954 | opt_sps : 71.5435  ]
[2026-08-17 11:30:55,681][__main__][INFO] - [RANK 0] [ Eval  | Step: 34500  |  loss : 0.4152 | accuracy : 0.7998 | eval_s : 0.3432  ]
[2026-08-17 11:31:02,629][__main__][INFO] - [RANK 0] [ Train | Step: 35000  |  loss : 0.4175 | accuracy : 0.8003 | opt_sps : 71.5497  ]
[2026-08-17 11:31:02,972][__main__][INFO] - [RANK 0] [ Eval  | Step: 35000  |  loss : 0.5525 | accuracy : 0.7579 | eval_s : 0.3428  ]
[2026-08-17 11:31:09,761][__main__][INFO] - [RANK 0] [ Train | Step: 35500  |  loss : 0.4244 | accuracy : 0.7991 | opt_sps : 71.5785  ]
[2026-08-17 11:31:10,106][__main__][INFO] - [RANK 0] [ Eval  | Step: 35500  |  loss : 0.4108 | accuracy : 0.8035 | eval_s : 0.3434  ]
[2026-08-17 11:31:16,958][__main__][INFO] - [RANK 0] [ Train | Step: 36000  |  loss : 0.4254 | accuracy : 0.7985 | opt_sps : 71.5978  ]
[2026-08-17 11:31:17,306][__main__][INFO] - [RANK 0] [ Eval  | Step: 36000  |  loss : 0.4279 | accuracy : 0.7953 | eval_s : 0.3475  ]
[2026-08-17 11:31:24,160][__main__][INFO] - [RANK 0] [ Train | Step: 36500  |  loss : 0.4202 | accuracy : 0.8016 | opt_sps : 71.6160  ]
[2026-08-17 11:31:24,505][__main__][INFO] - [RANK 0] [ Eval  | Step: 36500  |  loss : 0.4095 | accuracy : 0.8011 | eval_s : 0.3441  ]
[2026-08-17 11:31:31,402][__main__][INFO] - [RANK 0] [ Train | Step: 37000  |  loss : 0.4228 | accuracy : 0.8022 | opt_sps : 71.6281  ]
[2026-08-17 11:31:31,754][__main__][INFO] - [RANK 0] [ Eval  | Step: 37000  |  loss : 0.4949 | accuracy : 0.7731 | eval_s : 0.3509  ]
[2026-08-17 11:31:38,645][__main__][INFO] - [RANK 0] [ Train | Step: 37500  |  loss : 0.4127 | accuracy : 0.8017 | opt_sps : 71.6403  ]
[2026-08-17 11:31:38,990][__main__][INFO] - [RANK 0] [ Eval  | Step: 37500  |  loss : 0.4110 | accuracy : 0.8021 | eval_s : 0.3440  ]
[2026-08-17 11:31:45,899][__main__][INFO] - [RANK 0] [ Train | Step: 38000  |  loss : 0.4110 | accuracy : 0.8046 | opt_sps : 71.6498  ]
[2026-08-17 11:31:46,250][__main__][INFO] - [RANK 0] [ Eval  | Step: 38000  |  loss : 0.4018 | accuracy : 0.8070 | eval_s : 0.3493  ]
[2026-08-17 11:31:53,426][__main__][INFO] - [RANK 0] [ Train | Step: 38500  |  loss : 0.4126 | accuracy : 0.8068 | opt_sps : 71.6237  ]
[2026-08-17 11:31:53,774][__main__][INFO] - [RANK 0] [ Eval  | Step: 38500  |  loss : 0.4176 | accuracy : 0.8010 | eval_s : 0.3466  ]
[2026-08-17 11:32:00,921][__main__][INFO] - [RANK 0] [ Train | Step: 39000  |  loss : 0.4065 | accuracy : 0.8060 | opt_sps : 71.6018  ]
[2026-08-17 11:32:01,266][__main__][INFO] - [RANK 0] [ Eval  | Step: 39000  |  loss : 0.4080 | accuracy : 0.8050 | eval_s : 0.3446  ]
[2026-08-17 11:32:08,247][__main__][INFO] - [RANK 0] [ Train | Step: 39500  |  loss : 0.4030 | accuracy : 0.8077 | opt_sps : 71.6021  ]
[2026-08-17 11:32:08,592][__main__][INFO] - [RANK 0] [ Eval  | Step: 39500  |  loss : 0.3952 | accuracy : 0.8077 | eval_s : 0.3437  ]
[2026-08-17 11:32:15,571][__main__][INFO] - [RANK 0] [ Train | Step: 40000  |  loss : 0.3982 | accuracy : 0.8112 | opt_sps : 71.6029  ]
[2026-08-17 11:32:15,920][__main__][INFO] - [RANK 0] [ Eval  | Step: 40000  |  loss : 0.3933 | accuracy : 0.8121 | eval_s : 0.3484  ]
[2026-08-17 11:32:22,938][__main__][INFO] - [RANK 0] [ Train | Step: 40500  |  loss : 0.3954 | accuracy : 0.8103 | opt_sps : 71.5987  ]
[2026-08-17 11:32:23,283][__main__][INFO] - [RANK 0] [ Eval  | Step: 40500  |  loss : 0.4605 | accuracy : 0.7925 | eval_s : 0.3440  ]
[2026-08-17 11:32:30,219][__main__][INFO] - [RANK 0] [ Train | Step: 41000  |  loss : 0.3981 | accuracy : 0.8130 | opt_sps : 71.6047  ]
[2026-08-17 11:32:30,568][__main__][INFO] - [RANK 0] [ Eval  | Step: 41000  |  loss : 0.3960 | accuracy : 0.8102 | eval_s : 0.3481  ]
[2026-08-17 11:32:37,803][__main__][INFO] - [RANK 0] [ Train | Step: 41500  |  loss : 0.3911 | accuracy : 0.8147 | opt_sps : 71.5735  ]
[2026-08-17 11:32:38,151][__main__][INFO] - [RANK 0] [ Eval  | Step: 41500  |  loss : 0.3929 | accuracy : 0.8132 | eval_s : 0.3476  ]
[2026-08-17 11:32:45,290][__main__][INFO] - [RANK 0] [ Train | Step: 42000  |  loss : 0.3834 | accuracy : 0.8184 | opt_sps : 71.5552  ]
[2026-08-17 11:32:45,634][__main__][INFO] - [RANK 0] [ Eval  | Step: 42000  |  loss : 0.3886 | accuracy : 0.8145 | eval_s : 0.3435  ]
[2026-08-17 11:32:52,853][__main__][INFO] - [RANK 0] [ Train | Step: 42500  |  loss : 0.3820 | accuracy : 0.8200 | opt_sps : 71.5278  ]
[2026-08-17 11:32:53,199][__main__][INFO] - [RANK 0] [ Eval  | Step: 42500  |  loss : 0.3832 | accuracy : 0.8177 | eval_s : 0.3457  ]
[2026-08-17 11:33:00,182][__main__][INFO] - [RANK 0] [ Train | Step: 43000  |  loss : 0.3743 | accuracy : 0.8230 | opt_sps : 71.5289  ]
[2026-08-17 11:33:00,531][__main__][INFO] - [RANK 0] [ Eval  | Step: 43000  |  loss : 0.3968 | accuracy : 0.8130 | eval_s : 0.3480  ]
[2026-08-17 11:33:07,575][__main__][INFO] - [RANK 0] [ Train | Step: 43500  |  loss : 0.3758 | accuracy : 0.8242 | opt_sps : 71.5226  ]
[2026-08-17 11:33:07,936][__main__][INFO] - [RANK 0] [ Eval  | Step: 43500  |  loss : 0.3740 | accuracy : 0.8225 | eval_s : 0.3598  ]
[2026-08-17 11:33:15,403][__main__][INFO] - [RANK 0] [ Train | Step: 44000  |  loss : 0.3760 | accuracy : 0.8248 | opt_sps : 71.4676  ]
[2026-08-17 11:33:15,760][__main__][INFO] - [RANK 0] [ Eval  | Step: 44000  |  loss : 0.3770 | accuracy : 0.8203 | eval_s : 0.3560  ]
[2026-08-17 11:33:23,376][__main__][INFO] - [RANK 0] [ Train | Step: 44500  |  loss : 0.3725 | accuracy : 0.8244 | opt_sps : 71.3966  ]
[2026-08-17 11:33:23,723][__main__][INFO] - [RANK 0] [ Eval  | Step: 44500  |  loss : 0.3856 | accuracy : 0.8195 | eval_s : 0.3463  ]
[2026-08-17 11:33:31,062][__main__][INFO] - [RANK 0] [ Train | Step: 45000  |  loss : 0.3734 | accuracy : 0.8245 | opt_sps : 71.3585  ]
[2026-08-17 11:33:31,406][__main__][INFO] - [RANK 0] [ Eval  | Step: 45000  |  loss : 0.3713 | accuracy : 0.8231 | eval_s : 0.3428  ]
[2026-08-17 11:33:38,497][__main__][INFO] - [RANK 0] [ Train | Step: 45500  |  loss : 0.3678 | accuracy : 0.8272 | opt_sps : 71.3494  ]
[2026-08-17 11:33:38,845][__main__][INFO] - [RANK 0] [ Eval  | Step: 45500  |  loss : 0.3693 | accuracy : 0.8236 | eval_s : 0.3466  ]
[2026-08-17 11:33:45,748][__main__][INFO] - [RANK 0] [ Train | Step: 46000  |  loss : 0.3693 | accuracy : 0.8256 | opt_sps : 71.3612  ]
[2026-08-17 11:33:46,092][__main__][INFO] - [RANK 0] [ Eval  | Step: 46000  |  loss : 0.3747 | accuracy : 0.8226 | eval_s : 0.3432  ]
[2026-08-17 11:33:53,303][__main__][INFO] - [RANK 0] [ Train | Step: 46500  |  loss : 0.3632 | accuracy : 0.8301 | opt_sps : 71.3389  ]
[2026-08-17 11:33:53,677][__main__][INFO] - [RANK 0] [ Eval  | Step: 46500  |  loss : 0.3964 | accuracy : 0.8170 | eval_s : 0.3726  ]
[2026-08-17 11:34:01,618][__main__][INFO] - [RANK 0] [ Train | Step: 47000  |  loss : 0.3595 | accuracy : 0.8311 | opt_sps : 71.2380  ]
[2026-08-17 11:34:01,978][__main__][INFO] - [RANK 0] [ Eval  | Step: 47000  |  loss : 0.3662 | accuracy : 0.8253 | eval_s : 0.3588  ]
[2026-08-17 11:34:08,932][__main__][INFO] - [RANK 0] [ Train | Step: 47500  |  loss : 0.3586 | accuracy : 0.8322 | opt_sps : 71.2451  ]
[2026-08-17 11:34:09,277][__main__][INFO] - [RANK 0] [ Eval  | Step: 47500  |  loss : 0.3772 | accuracy : 0.8232 | eval_s : 0.3440  ]
[2026-08-17 11:34:16,384][__main__][INFO] - [RANK 0] [ Train | Step: 48000  |  loss : 0.3576 | accuracy : 0.8322 | opt_sps : 71.2357  ]
[2026-08-17 11:34:16,736][__main__][INFO] - [RANK 0] [ Eval  | Step: 48000  |  loss : 0.3623 | accuracy : 0.8266 | eval_s : 0.3498  ]
[2026-08-17 11:34:23,855][__main__][INFO] - [RANK 0] [ Train | Step: 48500  |  loss : 0.3547 | accuracy : 0.8340 | opt_sps : 71.2253  ]
[2026-08-17 11:34:24,200][__main__][INFO] - [RANK 0] [ Eval  | Step: 48500  |  loss : 0.3641 | accuracy : 0.8265 | eval_s : 0.3437  ]
[2026-08-17 11:34:31,382][__main__][INFO] - [RANK 0] [ Train | Step: 49000  |  loss : 0.3560 | accuracy : 0.8335 | opt_sps : 71.2086  ]
[2026-08-17 11:34:31,727][__main__][INFO] - [RANK 0] [ Eval  | Step: 49000  |  loss : 0.4095 | accuracy : 0.8166 | eval_s : 0.3437  ]
[2026-08-17 11:34:39,018][__main__][INFO] - [RANK 0] [ Train | Step: 49500  |  loss : 0.3593 | accuracy : 0.8302 | opt_sps : 71.1810  ]
[2026-08-17 11:34:39,364][__main__][INFO] - [RANK 0] [ Eval  | Step: 49500  |  loss : 0.3718 | accuracy : 0.8246 | eval_s : 0.3455  ]
[2026-08-17 11:34:46,596][__main__][INFO] - [RANK 0] [ Train | Step: 50000  |  loss : 0.3509 | accuracy : 0.8359 | opt_sps : 71.1600  ]
[2026-08-17 11:34:46,942][__main__][INFO] - [RANK 0] [ Eval  | Step: 50000  |  loss : 0.3652 | accuracy : 0.8277 | eval_s : 0.3447  ]
[2026-08-17 11:34:53,971][__main__][INFO] - [RANK 0] [ Train | Step: 50500  |  loss : 0.3518 | accuracy : 0.8354 | opt_sps : 71.1597  ]
[2026-08-17 11:34:54,317][__main__][INFO] - [RANK 0] [ Eval  | Step: 50500  |  loss : 0.3559 | accuracy : 0.8305 | eval_s : 0.3453  ]
[2026-08-17 11:35:01,482][__main__][INFO] - [RANK 0] [ Train | Step: 51000  |  loss : 0.3437 | accuracy : 0.8393 | opt_sps : 71.1462  ]
[2026-08-17 11:35:01,834][__main__][INFO] - [RANK 0] [ Eval  | Step: 51000  |  loss : 0.4113 | accuracy : 0.8144 | eval_s : 0.3505  ]
[2026-08-17 11:35:08,851][__main__][INFO] - [RANK 0] [ Train | Step: 51500  |  loss : 0.3422 | accuracy : 0.8394 | opt_sps : 71.1472  ]
[2026-08-17 11:35:09,198][__main__][INFO] - [RANK 0] [ Eval  | Step: 51500  |  loss : 0.3554 | accuracy : 0.8300 | eval_s : 0.3466  ]
[2026-08-17 11:35:16,083][__main__][INFO] - [RANK 0] [ Train | Step: 52000  |  loss : 0.3423 | accuracy : 0.8403 | opt_sps : 71.1613  ]
[2026-08-17 11:35:16,430][__main__][INFO] - [RANK 0] [ Eval  | Step: 52000  |  loss : 0.3497 | accuracy : 0.8313 | eval_s : 0.3460  ]
[2026-08-17 11:35:23,759][__main__][INFO] - [RANK 0] [ Train | Step: 52500  |  loss : 0.3414 | accuracy : 0.8391 | opt_sps : 71.1324  ]
[2026-08-17 11:35:24,108][__main__][INFO] - [RANK 0] [ Eval  | Step: 52500  |  loss : 0.3552 | accuracy : 0.8295 | eval_s : 0.3488  ]
[2026-08-17 11:35:31,085][__main__][INFO] - [RANK 0] [ Train | Step: 53000  |  loss : 0.3409 | accuracy : 0.8404 | opt_sps : 71.1374  ]
[2026-08-17 11:35:31,430][__main__][INFO] - [RANK 0] [ Eval  | Step: 53000  |  loss : 0.3523 | accuracy : 0.8317 | eval_s : 0.3444  ]
[2026-08-17 11:35:38,552][__main__][INFO] - [RANK 0] [ Train | Step: 53500  |  loss : 0.3392 | accuracy : 0.8414 | opt_sps : 71.1286  ]
[2026-08-17 11:35:38,903][__main__][INFO] - [RANK 0] [ Eval  | Step: 53500  |  loss : 0.3514 | accuracy : 0.8336 | eval_s : 0.3507  ]
[2026-08-17 11:35:45,974][__main__][INFO] - [RANK 0] [ Train | Step: 54000  |  loss : 0.3403 | accuracy : 0.8405 | opt_sps : 71.1248  ]
[2026-08-17 11:35:46,330][__main__][INFO] - [RANK 0] [ Eval  | Step: 54000  |  loss : 0.3526 | accuracy : 0.8318 | eval_s : 0.3553  ]
[2026-08-17 11:35:53,748][__main__][INFO] - [RANK 0] [ Train | Step: 54500  |  loss : 0.3396 | accuracy : 0.8408 | opt_sps : 71.0888  ]
[2026-08-17 11:35:54,114][__main__][INFO] - [RANK 0] [ Eval  | Step: 54500  |  loss : 0.3712 | accuracy : 0.8279 | eval_s : 0.3645  ]
[2026-08-17 11:36:01,051][__main__][INFO] - [RANK 0] [ Train | Step: 55000  |  loss : 0.3345 | accuracy : 0.8438 | opt_sps : 71.0976  ]
[2026-08-17 11:36:01,397][__main__][INFO] - [RANK 0] [ Eval  | Step: 55000  |  loss : 0.3532 | accuracy : 0.8314 | eval_s : 0.3448  ]
[2026-08-17 11:36:08,618][__main__][INFO] - [RANK 0] [ Train | Step: 55500  |  loss : 0.3310 | accuracy : 0.8442 | opt_sps : 71.0805  ]
[2026-08-17 11:36:08,965][__main__][INFO] - [RANK 0] [ Eval  | Step: 55500  |  loss : 0.3547 | accuracy : 0.8318 | eval_s : 0.3462  ]
[2026-08-17 11:36:15,918][__main__][INFO] - [RANK 0] [ Train | Step: 56000  |  loss : 0.3303 | accuracy : 0.8459 | opt_sps : 71.0878  ]
[2026-08-17 11:36:16,262][__main__][INFO] - [RANK 0] [ Eval  | Step: 56000  |  loss : 0.3476 | accuracy : 0.8343 | eval_s : 0.3439  ]
[2026-08-17 11:36:23,299][__main__][INFO] - [RANK 0] [ Train | Step: 56500  |  loss : 0.3260 | accuracy : 0.8479 | opt_sps : 71.0877  ]
[2026-08-17 11:36:23,650][__main__][INFO] - [RANK 0] [ Eval  | Step: 56500  |  loss : 0.3458 | accuracy : 0.8351 | eval_s : 0.3501  ]
[2026-08-17 11:36:30,778][__main__][INFO] - [RANK 0] [ Train | Step: 57000  |  loss : 0.3287 | accuracy : 0.8473 | opt_sps : 71.0798  ]
[2026-08-17 11:36:31,141][__main__][INFO] - [RANK 0] [ Eval  | Step: 57000  |  loss : 0.3532 | accuracy : 0.8327 | eval_s : 0.3616  ]
[2026-08-17 11:36:38,699][__main__][INFO] - [RANK 0] [ Train | Step: 57500  |  loss : 0.3279 | accuracy : 0.8466 | opt_sps : 71.0337  ]
[2026-08-17 11:36:39,064][__main__][INFO] - [RANK 0] [ Eval  | Step: 57500  |  loss : 0.3454 | accuracy : 0.8349 | eval_s : 0.3635  ]
[2026-08-17 11:36:46,173][__main__][INFO] - [RANK 0] [ Train | Step: 58000  |  loss : 0.3303 | accuracy : 0.8468 | opt_sps : 71.0279  ]
[2026-08-17 11:36:46,519][__main__][INFO] - [RANK 0] [ Eval  | Step: 58000  |  loss : 0.3442 | accuracy : 0.8348 | eval_s : 0.3459  ]
[2026-08-17 11:36:53,454][__main__][INFO] - [RANK 0] [ Train | Step: 58500  |  loss : 0.3276 | accuracy : 0.8470 | opt_sps : 71.0371  ]
[2026-08-17 11:36:53,802][__main__][INFO] - [RANK 0] [ Eval  | Step: 58500  |  loss : 0.3457 | accuracy : 0.8335 | eval_s : 0.3471  ]
[2026-08-17 11:37:00,609][__main__][INFO] - [RANK 0] [ Train | Step: 59000  |  loss : 0.3263 | accuracy : 0.8478 | opt_sps : 71.0569  ]
[2026-08-17 11:37:00,956][__main__][INFO] - [RANK 0] [ Eval  | Step: 59000  |  loss : 0.3469 | accuracy : 0.8352 | eval_s : 0.3454  ]
[2026-08-17 11:37:08,215][__main__][INFO] - [RANK 0] [ Train | Step: 59500  |  loss : 0.3163 | accuracy : 0.8525 | opt_sps : 71.0380  ]
[2026-08-17 11:37:08,560][__main__][INFO] - [RANK 0] [ Eval  | Step: 59500  |  loss : 0.3428 | accuracy : 0.8387 | eval_s : 0.3437  ]
[2026-08-17 11:37:15,477][__main__][INFO] - [RANK 0] [ Train | Step: 60000  |  loss : 0.3179 | accuracy : 0.8527 | opt_sps : 71.0484  ]
[2026-08-17 11:37:15,828][__main__][INFO] - [RANK 0] [ Eval  | Step: 60000  |  loss : 0.3448 | accuracy : 0.8384 | eval_s : 0.3496  ]
[2026-08-17 11:37:22,948][__main__][INFO] - [RANK 0] [ Train | Step: 60500  |  loss : 0.3178 | accuracy : 0.8525 | opt_sps : 71.0415  ]
[2026-08-17 11:37:23,298][__main__][INFO] - [RANK 0] [ Eval  | Step: 60500  |  loss : 0.3462 | accuracy : 0.8355 | eval_s : 0.3487  ]
[2026-08-17 11:37:30,826][__main__][INFO] - [RANK 0] [ Train | Step: 61000  |  loss : 0.3193 | accuracy : 0.8501 | opt_sps : 71.0010  ]
[2026-08-17 11:37:31,180][__main__][INFO] - [RANK 0] [ Eval  | Step: 61000  |  loss : 0.3449 | accuracy : 0.8371 | eval_s : 0.3535  ]
[2026-08-17 11:37:38,703][__main__][INFO] - [RANK 0] [ Train | Step: 61500  |  loss : 0.3177 | accuracy : 0.8520 | opt_sps : 70.9617  ]
[2026-08-17 11:37:39,065][__main__][INFO] - [RANK 0] [ Eval  | Step: 61500  |  loss : 0.3439 | accuracy : 0.8365 | eval_s : 0.3612  ]
[2026-08-17 11:37:46,288][__main__][INFO] - [RANK 0] [ Train | Step: 62000  |  loss : 0.3183 | accuracy : 0.8528 | opt_sps : 70.9472  ]
[2026-08-17 11:37:46,636][__main__][INFO] - [RANK 0] [ Eval  | Step: 62000  |  loss : 0.3415 | accuracy : 0.8388 | eval_s : 0.3470  ]
[2026-08-17 11:37:54,348][__main__][INFO] - [RANK 0] [ Train | Step: 62500  |  loss : 0.3159 | accuracy : 0.8527 | opt_sps : 70.8939  ]
[2026-08-17 11:37:54,716][__main__][INFO] - [RANK 0] [ Eval  | Step: 62500  |  loss : 0.3416 | accuracy : 0.8388 | eval_s : 0.3664  ]
[2026-08-17 11:38:02,412][__main__][INFO] - [RANK 0] [ Train | Step: 63000  |  loss : 0.3178 | accuracy : 0.8512 | opt_sps : 70.8426  ]
[2026-08-17 11:38:02,757][__main__][INFO] - [RANK 0] [ Eval  | Step: 63000  |  loss : 0.3441 | accuracy : 0.8390 | eval_s : 0.3436  ]
[2026-08-17 11:38:09,819][__main__][INFO] - [RANK 0] [ Train | Step: 63500  |  loss : 0.3096 | accuracy : 0.8563 | opt_sps : 70.8423  ]
[2026-08-17 11:38:10,165][__main__][INFO] - [RANK 0] [ Eval  | Step: 63500  |  loss : 0.3429 | accuracy : 0.8386 | eval_s : 0.3449  ]
[2026-08-17 11:38:17,463][__main__][INFO] - [RANK 0] [ Train | Step: 64000  |  loss : 0.3095 | accuracy : 0.8568 | opt_sps : 70.8234  ]
[2026-08-17 11:38:17,818][__main__][INFO] - [RANK 0] [ Eval  | Step: 64000  |  loss : 0.3447 | accuracy : 0.8369 | eval_s : 0.3532  ]
[2026-08-17 11:38:25,031][__main__][INFO] - [RANK 0] [ Train | Step: 64500  |  loss : 0.3073 | accuracy : 0.8571 | opt_sps : 70.8115  ]
[2026-08-17 11:38:25,377][__main__][INFO] - [RANK 0] [ Eval  | Step: 64500  |  loss : 0.3431 | accuracy : 0.8386 | eval_s : 0.3449  ]
[2026-08-17 11:38:32,827][__main__][INFO] - [RANK 0] [ Train | Step: 65000  |  loss : 0.3110 | accuracy : 0.8558 | opt_sps : 70.7815  ]
[2026-08-17 11:38:33,175][__main__][INFO] - [RANK 0] [ Eval  | Step: 65000  |  loss : 0.3444 | accuracy : 0.8396 | eval_s : 0.3472  ]
[2026-08-17 11:38:40,298][__main__][INFO] - [RANK 0] [ Train | Step: 65500  |  loss : 0.3081 | accuracy : 0.8582 | opt_sps : 70.7770  ]
[2026-08-17 11:38:40,643][__main__][INFO] - [RANK 0] [ Eval  | Step: 65500  |  loss : 0.3418 | accuracy : 0.8378 | eval_s : 0.3438  ]
[2026-08-17 11:38:47,443][__main__][INFO] - [RANK 0] [ Train | Step: 66000  |  loss : 0.3083 | accuracy : 0.8563 | opt_sps : 70.7970  ]
[2026-08-17 11:38:47,787][__main__][INFO] - [RANK 0] [ Eval  | Step: 66000  |  loss : 0.3394 | accuracy : 0.8397 | eval_s : 0.3429  ]
[2026-08-17 11:38:54,810][__main__][INFO] - [RANK 0] [ Train | Step: 66500  |  loss : 0.3077 | accuracy : 0.8589 | opt_sps : 70.8001  ]
[2026-08-17 11:38:55,154][__main__][INFO] - [RANK 0] [ Eval  | Step: 66500  |  loss : 0.3382 | accuracy : 0.8405 | eval_s : 0.3431  ]
[2026-08-17 11:39:02,089][__main__][INFO] - [RANK 0] [ Train | Step: 67000  |  loss : 0.3066 | accuracy : 0.8573 | opt_sps : 70.8099  ]
[2026-08-17 11:39:02,433][__main__][INFO] - [RANK 0] [ Eval  | Step: 67000  |  loss : 0.3373 | accuracy : 0.8416 | eval_s : 0.3432  ]
[2026-08-17 11:39:09,558][__main__][INFO] - [RANK 0] [ Train | Step: 67500  |  loss : 0.3074 | accuracy : 0.8575 | opt_sps : 70.8053  ]
[2026-08-17 11:39:09,905][__main__][INFO] - [RANK 0] [ Eval  | Step: 67500  |  loss : 0.3384 | accuracy : 0.8411 | eval_s : 0.3459  ]
[2026-08-17 11:39:16,905][__main__][INFO] - [RANK 0] [ Train | Step: 68000  |  loss : 0.2970 | accuracy : 0.8635 | opt_sps : 70.8098  ]
[2026-08-17 11:39:17,253][__main__][INFO] - [RANK 0] [ Eval  | Step: 68000  |  loss : 0.3404 | accuracy : 0.8390 | eval_s : 0.3467  ]
[2026-08-17 11:39:24,189][__main__][INFO] - [RANK 0] [ Train | Step: 68500  |  loss : 0.2980 | accuracy : 0.8634 | opt_sps : 70.8189  ]
[2026-08-17 11:39:24,536][__main__][INFO] - [RANK 0] [ Eval  | Step: 68500  |  loss : 0.3417 | accuracy : 0.8393 | eval_s : 0.3464  ]
[2026-08-17 11:39:31,458][__main__][INFO] - [RANK 0] [ Train | Step: 69000  |  loss : 0.2979 | accuracy : 0.8632 | opt_sps : 70.8290  ]
[2026-08-17 11:39:31,802][__main__][INFO] - [RANK 0] [ Eval  | Step: 69000  |  loss : 0.3431 | accuracy : 0.8397 | eval_s : 0.3430  ]
[2026-08-17 11:39:38,558][__main__][INFO] - [RANK 0] [ Train | Step: 69500  |  loss : 0.3013 | accuracy : 0.8603 | opt_sps : 70.8509  ]
[2026-08-17 11:39:38,902][__main__][INFO] - [RANK 0] [ Eval  | Step: 69500  |  loss : 0.3405 | accuracy : 0.8399 | eval_s : 0.3437  ]
[2026-08-17 11:39:45,663][__main__][INFO] - [RANK 0] [ Train | Step: 70000  |  loss : 0.2993 | accuracy : 0.8621 | opt_sps : 70.8722  ]
[2026-08-17 11:39:46,007][__main__][INFO] - [RANK 0] [ Eval  | Step: 70000  |  loss : 0.3396 | accuracy : 0.8392 | eval_s : 0.3432  ]
[2026-08-17 11:39:52,960][__main__][INFO] - [RANK 0] [ Train | Step: 70500  |  loss : 0.2976 | accuracy : 0.8622 | opt_sps : 70.8795  ]
[2026-08-17 11:39:53,307][__main__][INFO] - [RANK 0] [ Eval  | Step: 70500  |  loss : 0.3410 | accuracy : 0.8396 | eval_s : 0.3456  ]
[2026-08-17 11:40:00,442][__main__][INFO] - [RANK 0] [ Train | Step: 71000  |  loss : 0.2956 | accuracy : 0.8635 | opt_sps : 70.8737  ]
[2026-08-17 11:40:00,791][__main__][INFO] - [RANK 0] [ Eval  | Step: 71000  |  loss : 0.3365 | accuracy : 0.8429 | eval_s : 0.3478  ]
[2026-08-17 11:40:09,004][__main__][INFO] - [RANK 0] [ Train | Step: 71500  |  loss : 0.2989 | accuracy : 0.8624 | opt_sps : 70.7926  ]
[2026-08-17 11:40:09,377][__main__][INFO] - [RANK 0] [ Eval  | Step: 71500  |  loss : 0.3417 | accuracy : 0.8399 | eval_s : 0.3710  ]
[2026-08-17 11:40:16,827][__main__][INFO] - [RANK 0] [ Train | Step: 72000  |  loss : 0.2945 | accuracy : 0.8654 | opt_sps : 70.7656  ]
[2026-08-17 11:40:17,172][__main__][INFO] - [RANK 0] [ Eval  | Step: 72000  |  loss : 0.3412 | accuracy : 0.8418 | eval_s : 0.3445  ]
[2026-08-17 11:40:24,130][__main__][INFO] - [RANK 0] [ Train | Step: 72500  |  loss : 0.2897 | accuracy : 0.8667 | opt_sps : 70.7730  ]
[2026-08-17 11:40:24,475][__main__][INFO] - [RANK 0] [ Eval  | Step: 72500  |  loss : 0.3399 | accuracy : 0.8411 | eval_s : 0.3441  ]
[2026-08-17 11:40:31,479][__main__][INFO] - [RANK 0] [ Train | Step: 73000  |  loss : 0.2880 | accuracy : 0.8681 | opt_sps : 70.7772  ]
[2026-08-17 11:40:31,825][__main__][INFO] - [RANK 0] [ Eval  | Step: 73000  |  loss : 0.3424 | accuracy : 0.8416 | eval_s : 0.3444  ]
[2026-08-17 11:40:38,717][__main__][INFO] - [RANK 0] [ Train | Step: 73500  |  loss : 0.2922 | accuracy : 0.8655 | opt_sps : 70.7889  ]
[2026-08-17 11:40:39,062][__main__][INFO] - [RANK 0] [ Eval  | Step: 73500  |  loss : 0.3410 | accuracy : 0.8408 | eval_s : 0.3443  ]
[2026-08-17 11:40:46,201][__main__][INFO] - [RANK 0] [ Train | Step: 74000  |  loss : 0.2911 | accuracy : 0.8669 | opt_sps : 70.7838  ]
[2026-08-17 11:40:46,548][__main__][INFO] - [RANK 0] [ Eval  | Step: 74000  |  loss : 0.3414 | accuracy : 0.8418 | eval_s : 0.3455  ]
[2026-08-17 11:40:53,563][__main__][INFO] - [RANK 0] [ Train | Step: 74500  |  loss : 0.2914 | accuracy : 0.8658 | opt_sps : 70.7871  ]
[2026-08-17 11:40:53,912][__main__][INFO] - [RANK 0] [ Eval  | Step: 74500  |  loss : 0.3398 | accuracy : 0.8416 | eval_s : 0.3482  ]
[2026-08-17 11:41:01,008][__main__][INFO] - [RANK 0] [ Train | Step: 75000  |  loss : 0.2879 | accuracy : 0.8685 | opt_sps : 70.7849  ]
[2026-08-17 11:41:01,354][__main__][INFO] - [RANK 0] [ Eval  | Step: 75000  |  loss : 0.3375 | accuracy : 0.8429 | eval_s : 0.3453  ]
[2026-08-17 11:41:08,377][__main__][INFO] - [RANK 0] [ Train | Step: 75500  |  loss : 0.2886 | accuracy : 0.8669 | opt_sps : 70.7876  ]
[2026-08-17 11:41:08,727][__main__][INFO] - [RANK 0] [ Eval  | Step: 75500  |  loss : 0.3398 | accuracy : 0.8416 | eval_s : 0.3485  ]
[2026-08-17 11:41:15,824][__main__][INFO] - [RANK 0] [ Train | Step: 76000  |  loss : 0.2892 | accuracy : 0.8667 | opt_sps : 70.7854  ]
[2026-08-17 11:41:16,169][__main__][INFO] - [RANK 0] [ Eval  | Step: 76000  |  loss : 0.3412 | accuracy : 0.8419 | eval_s : 0.3442  ]
[2026-08-17 11:41:23,114][__main__][INFO] - [RANK 0] [ Train | Step: 76500  |  loss : 0.2806 | accuracy : 0.8727 | opt_sps : 70.7931  ]
[2026-08-17 11:41:23,461][__main__][INFO] - [RANK 0] [ Eval  | Step: 76500  |  loss : 0.3418 | accuracy : 0.8415 | eval_s : 0.3450  ]
[2026-08-17 11:41:30,480][__main__][INFO] - [RANK 0] [ Train | Step: 77000  |  loss : 0.2843 | accuracy : 0.8709 | opt_sps : 70.7959  ]
[2026-08-17 11:41:30,826][__main__][INFO] - [RANK 0] [ Eval  | Step: 77000  |  loss : 0.3417 | accuracy : 0.8413 | eval_s : 0.3450  ]
[2026-08-17 11:41:37,739][__main__][INFO] - [RANK 0] [ Train | Step: 77500  |  loss : 0.2826 | accuracy : 0.8706 | opt_sps : 70.8056  ]
[2026-08-17 11:41:38,085][__main__][INFO] - [RANK 0] [ Eval  | Step: 77500  |  loss : 0.3383 | accuracy : 0.8423 | eval_s : 0.3448  ]
[2026-08-17 11:41:45,085][__main__][INFO] - [RANK 0] [ Train | Step: 78000  |  loss : 0.2815 | accuracy : 0.8714 | opt_sps : 70.8095  ]
[2026-08-17 11:41:45,432][__main__][INFO] - [RANK 0] [ Eval  | Step: 78000  |  loss : 0.3398 | accuracy : 0.8435 | eval_s : 0.3452  ]
[2026-08-17 11:41:52,393][__main__][INFO] - [RANK 0] [ Train | Step: 78500  |  loss : 0.2838 | accuracy : 0.8695 | opt_sps : 70.8158  ]
[2026-08-17 11:41:52,740][__main__][INFO] - [RANK 0] [ Eval  | Step: 78500  |  loss : 0.3400 | accuracy : 0.8429 | eval_s : 0.3452  ]
[2026-08-17 11:41:59,783][__main__][INFO] - [RANK 0] [ Train | Step: 79000  |  loss : 0.2859 | accuracy : 0.8694 | opt_sps : 70.8170  ]
[2026-08-17 11:42:00,129][__main__][INFO] - [RANK 0] [ Eval  | Step: 79000  |  loss : 0.3416 | accuracy : 0.8421 | eval_s : 0.3457  ]
[2026-08-17 11:42:07,132][__main__][INFO] - [RANK 0] [ Train | Step: 79500  |  loss : 0.2821 | accuracy : 0.8709 | opt_sps : 70.8206  ]
[2026-08-17 11:42:07,483][__main__][INFO] - [RANK 0] [ Eval  | Step: 79500  |  loss : 0.3387 | accuracy : 0.8447 | eval_s : 0.3502  ]
[2026-08-17 11:42:14,469][__main__][INFO] - [RANK 0] [ Train | Step: 80000  |  loss : 0.2853 | accuracy : 0.8686 | opt_sps : 70.8253  ]
[2026-08-17 11:42:14,814][__main__][INFO] - [RANK 0] [ Eval  | Step: 80000  |  loss : 0.3406 | accuracy : 0.8415 | eval_s : 0.3448  ]
[2026-08-17 11:42:21,902][__main__][INFO] - [RANK 0] [ Train | Step: 80500  |  loss : 0.2785 | accuracy : 0.8726 | opt_sps : 70.8235  ]
[2026-08-17 11:42:22,249][__main__][INFO] - [RANK 0] [ Eval  | Step: 80500  |  loss : 0.3427 | accuracy : 0.8427 | eval_s : 0.3459  ]
[2026-08-17 11:42:29,139][__main__][INFO] - [RANK 0] [ Train | Step: 81000  |  loss : 0.2747 | accuracy : 0.8745 | opt_sps : 70.8340  ]
[2026-08-17 11:42:29,484][__main__][INFO] - [RANK 0] [ Eval  | Step: 81000  |  loss : 0.3404 | accuracy : 0.8417 | eval_s : 0.3433  ]
[2026-08-17 11:42:36,325][__main__][INFO] - [RANK 0] [ Train | Step: 81500  |  loss : 0.2753 | accuracy : 0.8753 | opt_sps : 70.8474  ]
[2026-08-17 11:42:36,670][__main__][INFO] - [RANK 0] [ Eval  | Step: 81500  |  loss : 0.3419 | accuracy : 0.8428 | eval_s : 0.3432  ]
[2026-08-17 11:42:43,554][__main__][INFO] - [RANK 0] [ Train | Step: 82000  |  loss : 0.2795 | accuracy : 0.8726 | opt_sps : 70.8580  ]
[2026-08-17 11:42:43,901][__main__][INFO] - [RANK 0] [ Eval  | Step: 82000  |  loss : 0.3413 | accuracy : 0.8432 | eval_s : 0.3464  ]
[2026-08-17 11:42:50,972][__main__][INFO] - [RANK 0] [ Train | Step: 82500  |  loss : 0.2782 | accuracy : 0.8738 | opt_sps : 70.8571  ]
[2026-08-17 11:42:51,318][__main__][INFO] - [RANK 0] [ Eval  | Step: 82500  |  loss : 0.3413 | accuracy : 0.8424 | eval_s : 0.3446  ]
[2026-08-17 11:42:58,172][__main__][INFO] - [RANK 0] [ Train | Step: 83000  |  loss : 0.2785 | accuracy : 0.8728 | opt_sps : 70.8693  ]
[2026-08-17 11:42:58,516][__main__][INFO] - [RANK 0] [ Eval  | Step: 83000  |  loss : 0.3395 | accuracy : 0.8419 | eval_s : 0.3438  ]
[2026-08-17 11:43:05,377][__main__][INFO] - [RANK 0] [ Train | Step: 83500  |  loss : 0.2767 | accuracy : 0.8743 | opt_sps : 70.8810  ]
[2026-08-17 11:43:05,723][__main__][INFO] - [RANK 0] [ Eval  | Step: 83500  |  loss : 0.3410 | accuracy : 0.8410 | eval_s : 0.3447  ]
[2026-08-17 11:43:12,624][__main__][INFO] - [RANK 0] [ Train | Step: 84000  |  loss : 0.2777 | accuracy : 0.8734 | opt_sps : 70.8902  ]
[2026-08-17 11:43:12,969][__main__][INFO] - [RANK 0] [ Eval  | Step: 84000  |  loss : 0.3415 | accuracy : 0.8427 | eval_s : 0.3434  ]
[2026-08-17 11:43:19,990][__main__][INFO] - [RANK 0] [ Train | Step: 84500  |  loss : 0.2721 | accuracy : 0.8771 | opt_sps : 70.8921  ]
[2026-08-17 11:43:20,336][__main__][INFO] - [RANK 0] [ Eval  | Step: 84500  |  loss : 0.3419 | accuracy : 0.8436 | eval_s : 0.3450  ]
[2026-08-17 11:43:27,239][__main__][INFO] - [RANK 0] [ Train | Step: 85000  |  loss : 0.2736 | accuracy : 0.8764 | opt_sps : 70.9009  ]
[2026-08-17 11:43:27,586][__main__][INFO] - [RANK 0] [ Eval  | Step: 85000  |  loss : 0.3414 | accuracy : 0.8418 | eval_s : 0.3451  ]
[2026-08-17 11:43:34,465][__main__][INFO] - [RANK 0] [ Train | Step: 85500  |  loss : 0.2727 | accuracy : 0.8763 | opt_sps : 70.9110  ]
[2026-08-17 11:43:34,813][__main__][INFO] - [RANK 0] [ Eval  | Step: 85500  |  loss : 0.3430 | accuracy : 0.8422 | eval_s : 0.3449  ]
[2026-08-17 11:43:41,800][__main__][INFO] - [RANK 0] [ Train | Step: 86000  |  loss : 0.2718 | accuracy : 0.8765 | opt_sps : 70.9148  ]
[2026-08-17 11:43:42,145][__main__][INFO] - [RANK 0] [ Eval  | Step: 86000  |  loss : 0.3395 | accuracy : 0.8438 | eval_s : 0.3440  ]
[2026-08-17 11:43:49,119][__main__][INFO] - [RANK 0] [ Train | Step: 86500  |  loss : 0.2695 | accuracy : 0.8784 | opt_sps : 70.9193  ]
[2026-08-17 11:43:49,464][__main__][INFO] - [RANK 0] [ Eval  | Step: 86500  |  loss : 0.3409 | accuracy : 0.8424 | eval_s : 0.3443  ]
[2026-08-17 11:43:56,384][__main__][INFO] - [RANK 0] [ Train | Step: 87000  |  loss : 0.2732 | accuracy : 0.8766 | opt_sps : 70.9268  ]
[2026-08-17 11:43:56,729][__main__][INFO] - [RANK 0] [ Eval  | Step: 87000  |  loss : 0.3416 | accuracy : 0.8424 | eval_s : 0.3441  ]
[2026-08-17 11:44:03,551][__main__][INFO] - [RANK 0] [ Train | Step: 87500  |  loss : 0.2731 | accuracy : 0.8758 | opt_sps : 70.9399  ]
[2026-08-17 11:44:03,896][__main__][INFO] - [RANK 0] [ Eval  | Step: 87500  |  loss : 0.3403 | accuracy : 0.8433 | eval_s : 0.3445  ]
[2026-08-17 11:44:10,679][__main__][INFO] - [RANK 0] [ Train | Step: 88000  |  loss : 0.2736 | accuracy : 0.8757 | opt_sps : 70.9551  ]
[2026-08-17 11:44:11,023][__main__][INFO] - [RANK 0] [ Eval  | Step: 88000  |  loss : 0.3406 | accuracy : 0.8436 | eval_s : 0.3429  ]
[2026-08-17 11:44:17,744][__main__][INFO] - [RANK 0] [ Train | Step: 88500  |  loss : 0.2725 | accuracy : 0.8759 | opt_sps : 70.9736  ]
[2026-08-17 11:44:18,088][__main__][INFO] - [RANK 0] [ Eval  | Step: 88500  |  loss : 0.3410 | accuracy : 0.8425 | eval_s : 0.3427  ]
[2026-08-17 11:44:24,815][__main__][INFO] - [RANK 0] [ Train | Step: 89000  |  loss : 0.2687 | accuracy : 0.8786 | opt_sps : 70.9916  ]
[2026-08-17 11:44:25,158][__main__][INFO] - [RANK 0] [ Eval  | Step: 89000  |  loss : 0.3411 | accuracy : 0.8433 | eval_s : 0.3428  ]
[2026-08-17 11:44:31,910][__main__][INFO] - [RANK 0] [ Train | Step: 89500  |  loss : 0.2688 | accuracy : 0.8791 | opt_sps : 71.0080  ]
[2026-08-17 11:44:32,254][__main__][INFO] - [RANK 0] [ Eval  | Step: 89500  |  loss : 0.3402 | accuracy : 0.8431 | eval_s : 0.3424  ]
[2026-08-17 11:44:39,025][__main__][INFO] - [RANK 0] [ Train | Step: 90000  |  loss : 0.2678 | accuracy : 0.8793 | opt_sps : 71.0231  ]
[2026-08-17 11:44:39,369][__main__][INFO] - [RANK 0] [ Eval  | Step: 90000  |  loss : 0.3413 | accuracy : 0.8424 | eval_s : 0.3436  ]
[2026-08-17 11:44:46,147][__main__][INFO] - [RANK 0] [ Train | Step: 90500  |  loss : 0.2702 | accuracy : 0.8781 | opt_sps : 71.0378  ]
[2026-08-17 11:44:46,490][__main__][INFO] - [RANK 0] [ Eval  | Step: 90500  |  loss : 0.3411 | accuracy : 0.8436 | eval_s : 0.3427  ]
[2026-08-17 11:44:53,316][__main__][INFO] - [RANK 0] [ Train | Step: 91000  |  loss : 0.2690 | accuracy : 0.8794 | opt_sps : 71.0496  ]
[2026-08-17 11:44:53,660][__main__][INFO] - [RANK 0] [ Eval  | Step: 91000  |  loss : 0.3409 | accuracy : 0.8432 | eval_s : 0.3429  ]
[2026-08-17 11:45:00,438][__main__][INFO] - [RANK 0] [ Train | Step: 91500  |  loss : 0.2726 | accuracy : 0.8769 | opt_sps : 71.0638  ]
[2026-08-17 11:45:00,783][__main__][INFO] - [RANK 0] [ Eval  | Step: 91500  |  loss : 0.3422 | accuracy : 0.8433 | eval_s : 0.3437  ]
[2026-08-17 11:45:07,575][__main__][INFO] - [RANK 0] [ Train | Step: 92000  |  loss : 0.2699 | accuracy : 0.8773 | opt_sps : 71.0772  ]
[2026-08-17 11:45:07,921][__main__][INFO] - [RANK 0] [ Eval  | Step: 92000  |  loss : 0.3414 | accuracy : 0.8429 | eval_s : 0.3455  ]
[2026-08-17 11:45:14,711][__main__][INFO] - [RANK 0] [ Train | Step: 92500  |  loss : 0.2698 | accuracy : 0.8778 | opt_sps : 71.0906  ]
[2026-08-17 11:45:15,056][__main__][INFO] - [RANK 0] [ Eval  | Step: 92500  |  loss : 0.3411 | accuracy : 0.8432 | eval_s : 0.3443  ]
[2026-08-17 11:45:21,943][__main__][INFO] - [RANK 0] [ Train | Step: 93000  |  loss : 0.2694 | accuracy : 0.8785 | opt_sps : 71.0986  ]
[2026-08-17 11:45:22,288][__main__][INFO] - [RANK 0] [ Eval  | Step: 93000  |  loss : 0.3416 | accuracy : 0.8414 | eval_s : 0.3439  ]
[2026-08-17 11:45:29,098][__main__][INFO] - [RANK 0] [ Train | Step: 93500  |  loss : 0.2688 | accuracy : 0.8798 | opt_sps : 71.1106  ]
[2026-08-17 11:45:29,442][__main__][INFO] - [RANK 0] [ Eval  | Step: 93500  |  loss : 0.3408 | accuracy : 0.8430 | eval_s : 0.3429  ]
[2026-08-17 11:45:36,216][__main__][INFO] - [RANK 0] [ Train | Step: 94000  |  loss : 0.2673 | accuracy : 0.8789 | opt_sps : 71.1245  ]
[2026-08-17 11:45:36,561][__main__][INFO] - [RANK 0] [ Eval  | Step: 94000  |  loss : 0.3419 | accuracy : 0.8436 | eval_s : 0.3439  ]
[2026-08-17 11:45:43,355][__main__][INFO] - [RANK 0] [ Train | Step: 94500  |  loss : 0.2668 | accuracy : 0.8795 | opt_sps : 71.1371  ]
[2026-08-17 11:45:43,701][__main__][INFO] - [RANK 0] [ Eval  | Step: 94500  |  loss : 0.3410 | accuracy : 0.8434 | eval_s : 0.3452  ]
[2026-08-17 11:45:50,500][__main__][INFO] - [RANK 0] [ Train | Step: 95000  |  loss : 0.2675 | accuracy : 0.8794 | opt_sps : 71.1493  ]
[2026-08-17 11:45:50,845][__main__][INFO] - [RANK 0] [ Eval  | Step: 95000  |  loss : 0.3409 | accuracy : 0.8426 | eval_s : 0.3445  ]
[2026-08-17 11:45:57,611][__main__][INFO] - [RANK 0] [ Train | Step: 95500  |  loss : 0.2668 | accuracy : 0.8788 | opt_sps : 71.1632  ]
[2026-08-17 11:45:57,956][__main__][INFO] - [RANK 0] [ Eval  | Step: 95500  |  loss : 0.3411 | accuracy : 0.8436 | eval_s : 0.3442  ]
[2026-08-17 11:46:04,718][__main__][INFO] - [RANK 0] [ Train | Step: 96000  |  loss : 0.2649 | accuracy : 0.8813 | opt_sps : 71.1772  ]
[2026-08-17 11:46:05,062][__main__][INFO] - [RANK 0] [ Eval  | Step: 96000  |  loss : 0.3417 | accuracy : 0.8441 | eval_s : 0.3430  ]
[2026-08-17 11:46:11,926][__main__][INFO] - [RANK 0] [ Train | Step: 96500  |  loss : 0.2675 | accuracy : 0.8790 | opt_sps : 71.1856  ]
[2026-08-17 11:46:12,271][__main__][INFO] - [RANK 0] [ Eval  | Step: 96500  |  loss : 0.3416 | accuracy : 0.8428 | eval_s : 0.3434  ]
[2026-08-17 11:46:19,076][__main__][INFO] - [RANK 0] [ Train | Step: 97000  |  loss : 0.2676 | accuracy : 0.8799 | opt_sps : 71.1970  ]
[2026-08-17 11:46:19,420][__main__][INFO] - [RANK 0] [ Eval  | Step: 97000  |  loss : 0.3420 | accuracy : 0.8429 | eval_s : 0.3435  ]
[2026-08-17 11:46:26,203][__main__][INFO] - [RANK 0] [ Train | Step: 97500  |  loss : 0.2685 | accuracy : 0.8785 | opt_sps : 71.2095  ]
[2026-08-17 11:46:26,547][__main__][INFO] - [RANK 0] [ Eval  | Step: 97500  |  loss : 0.3423 | accuracy : 0.8421 | eval_s : 0.3434  ]
[2026-08-17 11:46:33,358][__main__][INFO] - [RANK 0] [ Train | Step: 98000  |  loss : 0.2669 | accuracy : 0.8801 | opt_sps : 71.2204  ]
[2026-08-17 11:46:33,704][__main__][INFO] - [RANK 0] [ Eval  | Step: 98000  |  loss : 0.3416 | accuracy : 0.8433 | eval_s : 0.3443  ]
[2026-08-17 11:46:40,522][__main__][INFO] - [RANK 0] [ Train | Step: 98500  |  loss : 0.2663 | accuracy : 0.8806 | opt_sps : 71.2308  ]
[2026-08-17 11:46:40,867][__main__][INFO] - [RANK 0] [ Eval  | Step: 98500  |  loss : 0.3401 | accuracy : 0.8436 | eval_s : 0.3448  ]
[2026-08-17 11:46:47,695][__main__][INFO] - [RANK 0] [ Train | Step: 99000  |  loss : 0.2623 | accuracy : 0.8823 | opt_sps : 71.2406  ]
[2026-08-17 11:46:48,039][__main__][INFO] - [RANK 0] [ Eval  | Step: 99000  |  loss : 0.3406 | accuracy : 0.8433 | eval_s : 0.3437  ]
[2026-08-17 11:46:54,838][__main__][INFO] - [RANK 0] [ Train | Step: 99500  |  loss : 0.2706 | accuracy : 0.8777 | opt_sps : 71.2518  ]
[2026-08-17 11:46:55,186][__main__][INFO] - [RANK 0] [ Eval  | Step: 99500  |  loss : 0.3422 | accuracy : 0.8429 | eval_s : 0.3466  ]
[2026-08-17 11:47:02,088][__main__][INFO] - [RANK 0] [ Train | Step: 100000 |  loss : 0.2661 | accuracy : 0.8805 | opt_sps : 71.2577  ]
[2026-08-17 11:47:02,432][__main__][INFO] - [RANK 0] [ Eval  | Step: 100000 |  loss : 0.3415 | accuracy : 0.8420 | eval_s : 0.3439  ]
[2026-08-17 11:47:02,434][__main__][INFO] - [RANK 0] loading best model
[2026-08-17 11:47:02,438][__main__][INFO] - [RANK 0] [Eval  | Summary |  best_loss : 0.3365 | best_step : 71000.0000 ]
[2026-08-17 11:47:02,782][__main__][INFO] - [RANK 0] [Test  | Summary |  model/phase_R : 0.9379 | model/gate_offdiag : 0.9135 | model/vote_agreement : 0.7171 | model/evidence_ratio : 80.8461 | loss/cross_entropy : 0.3358 | loss/loss : 0.3358 | callbacks/accuracy : 0.8436 | callbacks/non_relational_accuracy : 1.0000 | callbacks/binary_accuracy : 0.8829 | callbacks/ternary_accuracy : 0.6480 | callbacks/query_shape_accuracy : 1.0000 | callbacks/left_of_centre_accuracy : 1.0000 | callbacks/top_half_accuracy : 1.0000 | callbacks/closest_shape_accuracy : 0.7973 | callbacks/furthest_shape_accuracy : 0.8621 | callbacks/count_same_shape_accuracy : 0.9951 | callbacks/count_in_box_accuracy : 0.7789 | callbacks/on_band_accuracy : 0.6955 | callbacks/count_obtuse_accuracy : 0.4655 | timing/eval_s : 0.3438 ]
wandb: updating run metadata
wandb: uploading output.log; uploading wandb-summary.json; uploading config.yaml
wandb: uploading history steps 198-199, summary, console lines 528-532
wandb: 
wandb: Run history:
wandb:                  eval_callbacks/accuracy ▁▂▃▃▃▅▅▅▆▆▆▆▆▆▇▇▇▇██████████████████████
wandb:           eval_callbacks/binary_accuracy ▁▁▂▂▂▂▂▅▅▆▆▆▆▆▅▇▆▇▇▇████████████████████
wandb:    eval_callbacks/closest_shape_accuracy ▁▃▃▄▄▅▅▆▆▆▆▇▆▆▇▇▇▇▇▇▇█▇█████████████████
wandb:     eval_callbacks/count_in_box_accuracy ▁▁▁▁▁▁▁▁▁▁▁▁▁▂▂▃▃▄▅▄▄▅▅▅▆▇▇▇▇▇██▇███▇███
wandb:     eval_callbacks/count_obtuse_accuracy ▁▂▂▂▂▂▃▂▃▃▃▃▃▂▄▅▅▅▅▆▇▆▇▇▆█▇█▇▇▇█▇█▇▇▇▇█▇
wandb: eval_callbacks/count_same_shape_accuracy ▁▁▁▁▁▁▁▄▃▆█▆▇▅▇█▅▆████▇█████████████████
wandb:   eval_callbacks/furthest_shape_accuracy ▁▄▃▃▄▅▅▅▄▄▄▄▄▅▅▅▅▇██████████████████████
wandb:   eval_callbacks/left_of_centre_accuracy ▁███████████████████████████████████████
wandb:   eval_callbacks/non_relational_accuracy ▁▇██████████████████████████████████████
wandb:          eval_callbacks/on_band_accuracy ▂▂▂▂▂▁▂▂▃▂▃▃▅▆▆▆▆▆▆▇▇▇▇▇▇▇▇█▇███████████
wandb:                                      +32 ...
wandb: 
wandb: Run summary:
wandb:                           eval/best_loss 0.33647
wandb:                           eval/best_step 71000
wandb:                  eval_callbacks/accuracy 0.84197
wandb:           eval_callbacks/binary_accuracy 0.88391
wandb:    eval_callbacks/closest_shape_accuracy 0.78448
wandb:     eval_callbacks/count_in_box_accuracy 0.76567
wandb:     eval_callbacks/count_obtuse_accuracy 0.46533
wandb: eval_callbacks/count_same_shape_accuracy 0.99901
wandb:   eval_callbacks/furthest_shape_accuracy 0.86964
wandb:   eval_callbacks/left_of_centre_accuracy 0.99941
wandb:                                      +54 ...
wandb: 
wandb: 🚀 View run sort_of_clevr/syncnet::multirun::2026-08-17_07-27-27::10 at: https://wandb.ai/niks_priv/sort_of_clevr/runs/xuhbpf8j
wandb: ⭐️ View project at: https://wandb.ai/niks_priv/sort_of_clevr
wandb: Synced 5 W&B file(s), 0 media file(s), 0 artifact file(s) and 0 other file(s)
wandb: Find logs at: ./outputs/sort_of_clevr/multirun/2026-08-17_07-27-27/10/wandb/run-20260817_112228-xuhbpf8j/logs
[2026-08-17 11:47:04,768][HYDRA] 	#11 : model.module_dim=768 model.n_modules=4 model.partition=quadrant train.seed=2 task=sort_of_clevr experiment=sort_of_clevr/syncnet/scale
wandb: setting up run 3k0tj0zt
wandb: Tracking run with wandb version 0.27.2
wandb: Run data is saved locally in /home/nik/workspace/ImperialWork/msc_project/SyncNetProject/outputs/sort_of_clevr/multirun/2026-08-17_07-27-27/11/wandb/run-20260817_114706-3k0tj0zt
wandb: Run `wandb offline` to turn off syncing.
wandb: Syncing run sort_of_clevr/syncnet::multirun::2026-08-17_07-27-27::11
wandb: ⭐️ View project at https://wandb.ai/niks_priv/sort_of_clevr
wandb: 🚀 View run at https://wandb.ai/niks_priv/sort_of_clevr/runs/3k0tj0zt
[2026-08-17 11:47:07,549][__main__][INFO] - [RANK 0] Starting training
[2026-08-17 11:47:07,549][__main__][INFO] - [RANK 0] Model: SortOfClevrSyncNet
[2026-08-17 11:47:07,549][__main__][INFO] - [RANK 0] Parameters: total=3124048
[2026-08-17 11:47:07,552][__main__][INFO] - [RANK 0] Config:
train:
  seed: 2
  n_steps: 100000
  train_bs: 256
  val_bs: 1024
  early_stop_metric: loss
  early_stop_big_is_better: false
  early_stop_patience: 1000000
  early_stop_min_delta: 0.0
  mixed_precision: bf16
  compile_model: false
  grad_accum: 1
  grad_clip: 1.0
  loader_mode: gpu_cached
  num_workers: 0
logging:
  eval_log_interval: 500
  train_log_interval: 500
  info_metrics:
  - loss
  - accuracy
  save_best: true
wandb:
  enabled: true
  project_name: sort_of_clevr
  entity: niks_priv
  tags: []
  run_name: null
optim:
  optimiser: adamw
  lr: 0.0003
  weight_decay: 0.01
  lr_scheduler: warmup_cosine
  lr_scheduler_params:
    warmup_steps: 2000
dataset:
  name: sort_of_clevr
  root: ./data
  dir: sort_of_clevr-seed1-train36000-test1000-img75-obj5-q10-t-1
  seed: 1
  train_size: 36000
  test_size: 1000
  img_size: 75
  obj_size: 5
  nb_questions: 10
  t_subtype: -1
model:
  name: sort_of_clevr_syncnet
  q_conditioning: film
  q_emb_dim: 32
  partition: quadrant
  use_pos_emb: true
  n_modules: 4
  module_dim: 768
  content_dim: 8
  query_hidden: 64
  beta_init: 5.0
  learn_beta: true
  use_module_embed: false
  embed_scale: 1.0
  gate_mode: phase
  T: 6
  dt: 0.1
  omega_init: 0.5
  learn_omega: true
  k_hidden: 64
  deterministic_phase: false
  msg_dim: 64
  msg_agg: mean
  readout_mode: sum
  hidden_dim: 128
  use_prior_head: true
  vote_sees_q: true
  encoder:
    name: patchify
    ch: 128
    patch_size: 5
    hidden: 64
callbacks:
- name: accuracy
- name: qtype_accuracy
- name: subtype_accuracy

[2026-08-17 11:47:07,552][__main__][INFO] - [RANK 0] Full model:
SortOfClevrSyncNet(
  (inner): VQASyncNet(
    (q_encoder): IdentityQuestionEncoder()
    (film_gamma): Linear(in_features=18, out_features=128, bias=True)
    (film_beta): Linear(in_features=18, out_features=128, bias=True)
    (encoders): ModuleList(
      (0): PatchifyEncoder(
        (patchify): Conv2d(3, 128, kernel_size=(5, 5), stride=(5, 5))
      )
    )
    (norms): ModuleList(
      (0): GroupNorm(8, 128, eps=1e-05, affine=True, bias=True)
    )
    (h_init): Sequential(
      (0): Linear(in_features=18, out_features=64, bias=True)
      (1): GELU(approximate='none')
      (2): Linear(in_features=64, out_features=3072, bias=True)
    )
    (attn_query): Linear(in_features=768, out_features=128, bias=True)
    (msg_proj): Linear(in_features=768, out_features=64, bias=True)
    (cell): GRUCell(192, 768)
    (k_mlp): Sequential(
      (0): Linear(in_features=1536, out_features=64, bias=True)
      (1): GELU(approximate='none')
      (2): Linear(in_features=64, out_features=1, bias=True)
      (3): Tanh()
    )
    (content_head): Linear(in_features=128, out_features=8, bias=True)
    (vote_heads): ModuleList(
      (0-3): 4 x Sequential(
        (0): Linear(in_features=794, out_features=128, bias=True)
        (1): GELU(approximate='none')
        (2): Linear(in_features=128, out_features=10, bias=True)
      )
    )
    (prior_head): Sequential(
      (0): Linear(in_features=18, out_features=128, bias=True)
      (1): GELU(approximate='none')
      (2): Linear(in_features=128, out_features=10, bias=True)
    )
  )
)
[2026-08-17 11:47:14,350][__main__][INFO] - [RANK 0] [ Train | Step: 500    |  loss : 1.2798 | accuracy : 0.4082 | opt_sps : 73.5614  ]
[2026-08-17 11:47:14,694][__main__][INFO] - [RANK 0] [ Eval  | Step: 500    |  loss : 0.8892 | accuracy : 0.4918 | eval_s : 0.3432  ]
[2026-08-17 11:47:21,478][__main__][INFO] - [RANK 0] [ Train | Step: 1000   |  loss : 0.8516 | accuracy : 0.5291 | opt_sps : 73.6435  ]
[2026-08-17 11:47:21,823][__main__][INFO] - [RANK 0] [ Eval  | Step: 1000   |  loss : 0.7761 | accuracy : 0.5883 | eval_s : 0.3441  ]
[2026-08-17 11:47:28,682][__main__][INFO] - [RANK 0] [ Train | Step: 1500   |  loss : 0.7334 | accuracy : 0.6188 | opt_sps : 73.4047  ]
[2026-08-17 11:47:29,026][__main__][INFO] - [RANK 0] [ Eval  | Step: 1500   |  loss : 0.7087 | accuracy : 0.6345 | eval_s : 0.3431  ]
[2026-08-17 11:47:35,805][__main__][INFO] - [RANK 0] [ Train | Step: 2000   |  loss : 0.7076 | accuracy : 0.6353 | opt_sps : 73.4975  ]
[2026-08-17 11:47:36,149][__main__][INFO] - [RANK 0] [ Eval  | Step: 2000   |  loss : 0.7144 | accuracy : 0.6252 | eval_s : 0.3437  ]
[2026-08-17 11:47:42,956][__main__][INFO] - [RANK 0] [ Train | Step: 2500   |  loss : 0.7026 | accuracy : 0.6413 | opt_sps : 73.4907  ]
[2026-08-17 11:47:43,300][__main__][INFO] - [RANK 0] [ Eval  | Step: 2500   |  loss : 0.6921 | accuracy : 0.6402 | eval_s : 0.3433  ]
[2026-08-17 11:47:50,097][__main__][INFO] - [RANK 0] [ Train | Step: 3000   |  loss : 0.6860 | accuracy : 0.6534 | opt_sps : 73.5055  ]
[2026-08-17 11:47:50,441][__main__][INFO] - [RANK 0] [ Eval  | Step: 3000   |  loss : 0.6758 | accuracy : 0.6552 | eval_s : 0.3431  ]
[2026-08-17 11:47:57,215][__main__][INFO] - [RANK 0] [ Train | Step: 3500   |  loss : 0.6745 | accuracy : 0.6613 | opt_sps : 73.5515  ]
[2026-08-17 11:47:57,559][__main__][INFO] - [RANK 0] [ Eval  | Step: 3500   |  loss : 0.6690 | accuracy : 0.6678 | eval_s : 0.3428  ]
[2026-08-17 11:48:04,384][__main__][INFO] - [RANK 0] [ Train | Step: 4000   |  loss : 0.6665 | accuracy : 0.6669 | opt_sps : 73.5178  ]
[2026-08-17 11:48:04,730][__main__][INFO] - [RANK 0] [ Eval  | Step: 4000   |  loss : 0.6580 | accuracy : 0.6721 | eval_s : 0.3446  ]
[2026-08-17 11:48:11,543][__main__][INFO] - [RANK 0] [ Train | Step: 4500   |  loss : 0.6614 | accuracy : 0.6700 | opt_sps : 73.5053  ]
[2026-08-17 11:48:11,887][__main__][INFO] - [RANK 0] [ Eval  | Step: 4500   |  loss : 0.6778 | accuracy : 0.6704 | eval_s : 0.3432  ]
[2026-08-17 11:48:18,631][__main__][INFO] - [RANK 0] [ Train | Step: 5000   |  loss : 0.6558 | accuracy : 0.6740 | opt_sps : 73.5688  ]
[2026-08-17 11:48:18,974][__main__][INFO] - [RANK 0] [ Eval  | Step: 5000   |  loss : 0.6555 | accuracy : 0.6747 | eval_s : 0.3422  ]
[2026-08-17 11:48:25,770][__main__][INFO] - [RANK 0] [ Train | Step: 5500   |  loss : 0.6532 | accuracy : 0.6744 | opt_sps : 73.5709  ]
[2026-08-17 11:48:26,114][__main__][INFO] - [RANK 0] [ Eval  | Step: 5500   |  loss : 0.6619 | accuracy : 0.6615 | eval_s : 0.3428  ]
[2026-08-17 11:48:32,928][__main__][INFO] - [RANK 0] [ Train | Step: 6000   |  loss : 0.6487 | accuracy : 0.6771 | opt_sps : 73.5552  ]
[2026-08-17 11:48:33,271][__main__][INFO] - [RANK 0] [ Eval  | Step: 6000   |  loss : 0.6389 | accuracy : 0.6840 | eval_s : 0.3422  ]
[2026-08-17 11:48:40,053][__main__][INFO] - [RANK 0] [ Train | Step: 6500   |  loss : 0.6455 | accuracy : 0.6810 | opt_sps : 73.5702  ]
[2026-08-17 11:48:40,397][__main__][INFO] - [RANK 0] [ Eval  | Step: 6500   |  loss : 0.6392 | accuracy : 0.6863 | eval_s : 0.3432  ]
[2026-08-17 11:48:47,156][__main__][INFO] - [RANK 0] [ Train | Step: 7000   |  loss : 0.6429 | accuracy : 0.6816 | opt_sps : 73.5992  ]
[2026-08-17 11:48:47,500][__main__][INFO] - [RANK 0] [ Eval  | Step: 7000   |  loss : 0.6451 | accuracy : 0.6819 | eval_s : 0.3431  ]
[2026-08-17 11:48:54,262][__main__][INFO] - [RANK 0] [ Train | Step: 7500   |  loss : 0.6411 | accuracy : 0.6833 | opt_sps : 73.6213  ]
[2026-08-17 11:48:54,606][__main__][INFO] - [RANK 0] [ Eval  | Step: 7500   |  loss : 0.6547 | accuracy : 0.6739 | eval_s : 0.3423  ]
[2026-08-17 11:49:01,481][__main__][INFO] - [RANK 0] [ Train | Step: 8000   |  loss : 0.6418 | accuracy : 0.6857 | opt_sps : 73.5646  ]
[2026-08-17 11:49:01,825][__main__][INFO] - [RANK 0] [ Eval  | Step: 8000   |  loss : 0.6343 | accuracy : 0.6897 | eval_s : 0.3429  ]
[2026-08-17 11:49:08,653][__main__][INFO] - [RANK 0] [ Train | Step: 8500   |  loss : 0.6361 | accuracy : 0.6886 | opt_sps : 73.5459  ]
[2026-08-17 11:49:08,997][__main__][INFO] - [RANK 0] [ Eval  | Step: 8500   |  loss : 0.6384 | accuracy : 0.6865 | eval_s : 0.3433  ]
[2026-08-17 11:49:15,770][__main__][INFO] - [RANK 0] [ Train | Step: 9000   |  loss : 0.6371 | accuracy : 0.6870 | opt_sps : 73.5611  ]
[2026-08-17 11:49:16,113][__main__][INFO] - [RANK 0] [ Eval  | Step: 9000   |  loss : 0.6339 | accuracy : 0.6919 | eval_s : 0.3422  ]
[2026-08-17 11:49:22,877][__main__][INFO] - [RANK 0] [ Train | Step: 9500   |  loss : 0.6321 | accuracy : 0.6908 | opt_sps : 73.5817  ]
[2026-08-17 11:49:23,220][__main__][INFO] - [RANK 0] [ Eval  | Step: 9500   |  loss : 0.6436 | accuracy : 0.6826 | eval_s : 0.3422  ]
[2026-08-17 11:49:30,046][__main__][INFO] - [RANK 0] [ Train | Step: 10000  |  loss : 0.6283 | accuracy : 0.6934 | opt_sps : 73.5648  ]
[2026-08-17 11:49:30,389][__main__][INFO] - [RANK 0] [ Eval  | Step: 10000  |  loss : 0.6216 | accuracy : 0.7022 | eval_s : 0.3423  ]
[2026-08-17 11:49:37,174][__main__][INFO] - [RANK 0] [ Train | Step: 10500  |  loss : 0.6142 | accuracy : 0.7039 | opt_sps : 73.5719  ]
[2026-08-17 11:49:37,518][__main__][INFO] - [RANK 0] [ Eval  | Step: 10500  |  loss : 0.6317 | accuracy : 0.6912 | eval_s : 0.3423  ]
[2026-08-17 11:49:44,346][__main__][INFO] - [RANK 0] [ Train | Step: 11000  |  loss : 0.6025 | accuracy : 0.7095 | opt_sps : 73.5559  ]
[2026-08-17 11:49:44,690][__main__][INFO] - [RANK 0] [ Eval  | Step: 11000  |  loss : 0.5993 | accuracy : 0.7070 | eval_s : 0.3426  ]
[2026-08-17 11:49:51,501][__main__][INFO] - [RANK 0] [ Train | Step: 11500  |  loss : 0.5903 | accuracy : 0.7160 | opt_sps : 73.5503  ]
[2026-08-17 11:49:51,844][__main__][INFO] - [RANK 0] [ Eval  | Step: 11500  |  loss : 0.5799 | accuracy : 0.7224 | eval_s : 0.3422  ]
[2026-08-17 11:49:58,631][__main__][INFO] - [RANK 0] [ Train | Step: 12000  |  loss : 0.5816 | accuracy : 0.7215 | opt_sps : 73.5565  ]
[2026-08-17 11:49:58,976][__main__][INFO] - [RANK 0] [ Eval  | Step: 12000  |  loss : 0.5806 | accuracy : 0.7203 | eval_s : 0.3439  ]
[2026-08-17 11:50:05,778][__main__][INFO] - [RANK 0] [ Train | Step: 12500  |  loss : 0.5780 | accuracy : 0.7229 | opt_sps : 73.5543  ]
[2026-08-17 11:50:06,122][__main__][INFO] - [RANK 0] [ Eval  | Step: 12500  |  loss : 0.5648 | accuracy : 0.7258 | eval_s : 0.3433  ]
[2026-08-17 11:50:12,976][__main__][INFO] - [RANK 0] [ Train | Step: 13000  |  loss : 0.5684 | accuracy : 0.7276 | opt_sps : 73.5320  ]
[2026-08-17 11:50:13,319][__main__][INFO] - [RANK 0] [ Eval  | Step: 13000  |  loss : 0.5583 | accuracy : 0.7312 | eval_s : 0.3428  ]
[2026-08-17 11:50:20,143][__main__][INFO] - [RANK 0] [ Train | Step: 13500  |  loss : 0.5657 | accuracy : 0.7278 | opt_sps : 73.5234  ]
[2026-08-17 11:50:20,487][__main__][INFO] - [RANK 0] [ Eval  | Step: 13500  |  loss : 0.5893 | accuracy : 0.7136 | eval_s : 0.3439  ]
[2026-08-17 11:50:27,350][__main__][INFO] - [RANK 0] [ Train | Step: 14000  |  loss : 0.5642 | accuracy : 0.7286 | opt_sps : 73.4993  ]
[2026-08-17 11:50:27,694][__main__][INFO] - [RANK 0] [ Eval  | Step: 14000  |  loss : 0.6370 | accuracy : 0.6899 | eval_s : 0.3428  ]
[2026-08-17 11:50:34,543][__main__][INFO] - [RANK 0] [ Train | Step: 14500  |  loss : 0.5544 | accuracy : 0.7330 | opt_sps : 73.4821  ]
[2026-08-17 11:50:34,887][__main__][INFO] - [RANK 0] [ Eval  | Step: 14500  |  loss : 0.5362 | accuracy : 0.7393 | eval_s : 0.3430  ]
[2026-08-17 11:50:41,726][__main__][INFO] - [RANK 0] [ Train | Step: 15000  |  loss : 0.5579 | accuracy : 0.7336 | opt_sps : 73.4707  ]
[2026-08-17 11:50:42,070][__main__][INFO] - [RANK 0] [ Eval  | Step: 15000  |  loss : 0.5317 | accuracy : 0.7415 | eval_s : 0.3434  ]
[2026-08-17 11:50:48,871][__main__][INFO] - [RANK 0] [ Train | Step: 15500  |  loss : 0.5513 | accuracy : 0.7374 | opt_sps : 73.4727  ]
[2026-08-17 11:50:49,217][__main__][INFO] - [RANK 0] [ Eval  | Step: 15500  |  loss : 0.5425 | accuracy : 0.7393 | eval_s : 0.3451  ]
[2026-08-17 11:50:56,029][__main__][INFO] - [RANK 0] [ Train | Step: 16000  |  loss : 0.5329 | accuracy : 0.7436 | opt_sps : 73.4706  ]
[2026-08-17 11:50:56,373][__main__][INFO] - [RANK 0] [ Eval  | Step: 16000  |  loss : 0.5464 | accuracy : 0.7320 | eval_s : 0.3435  ]
[2026-08-17 11:51:03,331][__main__][INFO] - [RANK 0] [ Train | Step: 16500  |  loss : 0.5372 | accuracy : 0.7409 | opt_sps : 73.4207  ]
[2026-08-17 11:51:03,675][__main__][INFO] - [RANK 0] [ Eval  | Step: 16500  |  loss : 0.6152 | accuracy : 0.7117 | eval_s : 0.3424  ]
[2026-08-17 11:51:10,423][__main__][INFO] - [RANK 0] [ Train | Step: 17000  |  loss : 0.5374 | accuracy : 0.7420 | opt_sps : 73.4401  ]
[2026-08-17 11:51:10,766][__main__][INFO] - [RANK 0] [ Eval  | Step: 17000  |  loss : 0.5046 | accuracy : 0.7544 | eval_s : 0.3420  ]
[2026-08-17 11:51:17,561][__main__][INFO] - [RANK 0] [ Train | Step: 17500  |  loss : 0.5210 | accuracy : 0.7477 | opt_sps : 73.4448  ]
[2026-08-17 11:51:17,905][__main__][INFO] - [RANK 0] [ Eval  | Step: 17500  |  loss : 0.5613 | accuracy : 0.7280 | eval_s : 0.3428  ]
[2026-08-17 11:51:24,713][__main__][INFO] - [RANK 0] [ Train | Step: 18000  |  loss : 0.5207 | accuracy : 0.7473 | opt_sps : 73.4448  ]
[2026-08-17 11:51:25,057][__main__][INFO] - [RANK 0] [ Eval  | Step: 18000  |  loss : 0.4903 | accuracy : 0.7575 | eval_s : 0.3428  ]
[2026-08-17 11:51:31,938][__main__][INFO] - [RANK 0] [ Train | Step: 18500  |  loss : 0.5014 | accuracy : 0.7575 | opt_sps : 73.4239  ]
[2026-08-17 11:51:32,283][__main__][INFO] - [RANK 0] [ Eval  | Step: 18500  |  loss : 0.4920 | accuracy : 0.7575 | eval_s : 0.3439  ]
[2026-08-17 11:51:39,111][__main__][INFO] - [RANK 0] [ Train | Step: 19000  |  loss : 0.5109 | accuracy : 0.7531 | opt_sps : 73.4187  ]
[2026-08-17 11:51:39,454][__main__][INFO] - [RANK 0] [ Eval  | Step: 19000  |  loss : 0.5162 | accuracy : 0.7486 | eval_s : 0.3421  ]
[2026-08-17 11:51:46,235][__main__][INFO] - [RANK 0] [ Train | Step: 19500  |  loss : 0.5086 | accuracy : 0.7546 | opt_sps : 73.4268  ]
[2026-08-17 11:51:46,580][__main__][INFO] - [RANK 0] [ Eval  | Step: 19500  |  loss : 0.4775 | accuracy : 0.7680 | eval_s : 0.3438  ]
[2026-08-17 11:51:53,372][__main__][INFO] - [RANK 0] [ Train | Step: 20000  |  loss : 0.4973 | accuracy : 0.7583 | opt_sps : 73.4319  ]
[2026-08-17 11:51:53,716][__main__][INFO] - [RANK 0] [ Eval  | Step: 20000  |  loss : 0.4722 | accuracy : 0.7680 | eval_s : 0.3428  ]
[2026-08-17 11:52:00,544][__main__][INFO] - [RANK 0] [ Train | Step: 20500  |  loss : 0.4889 | accuracy : 0.7611 | opt_sps : 73.4276  ]
[2026-08-17 11:52:00,888][__main__][INFO] - [RANK 0] [ Eval  | Step: 20500  |  loss : 0.5653 | accuracy : 0.7294 | eval_s : 0.3433  ]
[2026-08-17 11:52:07,712][__main__][INFO] - [RANK 0] [ Train | Step: 21000  |  loss : 0.4947 | accuracy : 0.7602 | opt_sps : 73.4239  ]
[2026-08-17 11:52:08,055][__main__][INFO] - [RANK 0] [ Eval  | Step: 21000  |  loss : 0.4866 | accuracy : 0.7622 | eval_s : 0.3422  ]
[2026-08-17 11:52:14,848][__main__][INFO] - [RANK 0] [ Train | Step: 21500  |  loss : 0.4873 | accuracy : 0.7643 | opt_sps : 73.4281  ]
[2026-08-17 11:52:15,191][__main__][INFO] - [RANK 0] [ Eval  | Step: 21500  |  loss : 0.4923 | accuracy : 0.7621 | eval_s : 0.3421  ]
[2026-08-17 11:52:21,937][__main__][INFO] - [RANK 0] [ Train | Step: 22000  |  loss : 0.4886 | accuracy : 0.7649 | opt_sps : 73.4436  ]
[2026-08-17 11:52:22,280][__main__][INFO] - [RANK 0] [ Eval  | Step: 22000  |  loss : 0.4865 | accuracy : 0.7640 | eval_s : 0.3423  ]
[2026-08-17 11:52:29,019][__main__][INFO] - [RANK 0] [ Train | Step: 22500  |  loss : 0.4857 | accuracy : 0.7666 | opt_sps : 73.4601  ]
[2026-08-17 11:52:29,363][__main__][INFO] - [RANK 0] [ Eval  | Step: 22500  |  loss : 0.4745 | accuracy : 0.7703 | eval_s : 0.3431  ]
[2026-08-17 11:52:36,179][__main__][INFO] - [RANK 0] [ Train | Step: 23000  |  loss : 0.4860 | accuracy : 0.7661 | opt_sps : 73.4578  ]
[2026-08-17 11:52:36,524][__main__][INFO] - [RANK 0] [ Eval  | Step: 23000  |  loss : 0.5096 | accuracy : 0.7587 | eval_s : 0.3435  ]
[2026-08-17 11:52:43,318][__main__][INFO] - [RANK 0] [ Train | Step: 23500  |  loss : 0.4819 | accuracy : 0.7710 | opt_sps : 73.4607  ]
[2026-08-17 11:52:43,662][__main__][INFO] - [RANK 0] [ Eval  | Step: 23500  |  loss : 0.4547 | accuracy : 0.7809 | eval_s : 0.3436  ]
[2026-08-17 11:52:50,449][__main__][INFO] - [RANK 0] [ Train | Step: 24000  |  loss : 0.4769 | accuracy : 0.7739 | opt_sps : 73.4657  ]
[2026-08-17 11:52:50,792][__main__][INFO] - [RANK 0] [ Eval  | Step: 24000  |  loss : 0.4576 | accuracy : 0.7821 | eval_s : 0.3425  ]
[2026-08-17 11:52:57,561][__main__][INFO] - [RANK 0] [ Train | Step: 24500  |  loss : 0.4749 | accuracy : 0.7752 | opt_sps : 73.4739  ]
[2026-08-17 11:52:57,905][__main__][INFO] - [RANK 0] [ Eval  | Step: 24500  |  loss : 0.5058 | accuracy : 0.7615 | eval_s : 0.3432  ]
[2026-08-17 11:53:04,711][__main__][INFO] - [RANK 0] [ Train | Step: 25000  |  loss : 0.4742 | accuracy : 0.7769 | opt_sps : 73.4737  ]
[2026-08-17 11:53:05,056][__main__][INFO] - [RANK 0] [ Eval  | Step: 25000  |  loss : 0.5806 | accuracy : 0.7344 | eval_s : 0.3444  ]
[2026-08-17 11:53:11,888][__main__][INFO] - [RANK 0] [ Train | Step: 25500  |  loss : 0.4699 | accuracy : 0.7761 | opt_sps : 73.4680  ]
[2026-08-17 11:53:12,232][__main__][INFO] - [RANK 0] [ Eval  | Step: 25500  |  loss : 0.4760 | accuracy : 0.7703 | eval_s : 0.3430  ]
[2026-08-17 11:53:19,066][__main__][INFO] - [RANK 0] [ Train | Step: 26000  |  loss : 0.4657 | accuracy : 0.7799 | opt_sps : 73.4621  ]
[2026-08-17 11:53:19,410][__main__][INFO] - [RANK 0] [ Eval  | Step: 26000  |  loss : 0.4709 | accuracy : 0.7745 | eval_s : 0.3431  ]
[2026-08-17 11:53:26,216][__main__][INFO] - [RANK 0] [ Train | Step: 26500  |  loss : 0.4633 | accuracy : 0.7800 | opt_sps : 73.4622  ]
[2026-08-17 11:53:26,560][__main__][INFO] - [RANK 0] [ Eval  | Step: 26500  |  loss : 0.4549 | accuracy : 0.7792 | eval_s : 0.3432  ]
[2026-08-17 11:53:33,408][__main__][INFO] - [RANK 0] [ Train | Step: 27000  |  loss : 0.4664 | accuracy : 0.7797 | opt_sps : 73.4539  ]
[2026-08-17 11:53:33,751][__main__][INFO] - [RANK 0] [ Eval  | Step: 27000  |  loss : 0.4484 | accuracy : 0.7834 | eval_s : 0.3424  ]
[2026-08-17 11:53:40,558][__main__][INFO] - [RANK 0] [ Train | Step: 27500  |  loss : 0.4587 | accuracy : 0.7820 | opt_sps : 73.4544  ]
[2026-08-17 11:53:40,903][__main__][INFO] - [RANK 0] [ Eval  | Step: 27500  |  loss : 0.4591 | accuracy : 0.7784 | eval_s : 0.3436  ]
[2026-08-17 11:53:47,729][__main__][INFO] - [RANK 0] [ Train | Step: 28000  |  loss : 0.4594 | accuracy : 0.7812 | opt_sps : 73.4508  ]
[2026-08-17 11:53:48,073][__main__][INFO] - [RANK 0] [ Eval  | Step: 28000  |  loss : 0.4484 | accuracy : 0.7836 | eval_s : 0.3440  ]
[2026-08-17 11:53:54,889][__main__][INFO] - [RANK 0] [ Train | Step: 28500  |  loss : 0.4502 | accuracy : 0.7851 | opt_sps : 73.4493  ]
[2026-08-17 11:53:55,232][__main__][INFO] - [RANK 0] [ Eval  | Step: 28500  |  loss : 0.4482 | accuracy : 0.7831 | eval_s : 0.3427  ]
[2026-08-17 11:54:02,024][__main__][INFO] - [RANK 0] [ Train | Step: 29000  |  loss : 0.4516 | accuracy : 0.7847 | opt_sps : 73.4525  ]
[2026-08-17 11:54:02,369][__main__][INFO] - [RANK 0] [ Eval  | Step: 29000  |  loss : 0.4487 | accuracy : 0.7793 | eval_s : 0.3437  ]
[2026-08-17 11:54:09,160][__main__][INFO] - [RANK 0] [ Train | Step: 29500  |  loss : 0.4449 | accuracy : 0.7883 | opt_sps : 73.4555  ]
[2026-08-17 11:54:09,505][__main__][INFO] - [RANK 0] [ Eval  | Step: 29500  |  loss : 0.4641 | accuracy : 0.7757 | eval_s : 0.3437  ]
[2026-08-17 11:54:16,350][__main__][INFO] - [RANK 0] [ Train | Step: 30000  |  loss : 0.4508 | accuracy : 0.7854 | opt_sps : 73.4486  ]
[2026-08-17 11:54:16,694][__main__][INFO] - [RANK 0] [ Eval  | Step: 30000  |  loss : 0.4352 | accuracy : 0.7890 | eval_s : 0.3431  ]
[2026-08-17 11:54:23,507][__main__][INFO] - [RANK 0] [ Train | Step: 30500  |  loss : 0.4400 | accuracy : 0.7906 | opt_sps : 73.4480  ]
[2026-08-17 11:54:23,851][__main__][INFO] - [RANK 0] [ Eval  | Step: 30500  |  loss : 0.4335 | accuracy : 0.7916 | eval_s : 0.3429  ]
[2026-08-17 11:54:30,650][__main__][INFO] - [RANK 0] [ Train | Step: 31000  |  loss : 0.4353 | accuracy : 0.7923 | opt_sps : 73.4499  ]
[2026-08-17 11:54:30,993][__main__][INFO] - [RANK 0] [ Eval  | Step: 31000  |  loss : 0.4891 | accuracy : 0.7697 | eval_s : 0.3427  ]
[2026-08-17 11:54:37,739][__main__][INFO] - [RANK 0] [ Train | Step: 31500  |  loss : 0.4395 | accuracy : 0.7906 | opt_sps : 73.4604  ]
[2026-08-17 11:54:38,083][__main__][INFO] - [RANK 0] [ Eval  | Step: 31500  |  loss : 0.4252 | accuracy : 0.7926 | eval_s : 0.3425  ]
[2026-08-17 11:54:44,848][__main__][INFO] - [RANK 0] [ Train | Step: 32000  |  loss : 0.4397 | accuracy : 0.7901 | opt_sps : 73.4677  ]
[2026-08-17 11:54:45,191][__main__][INFO] - [RANK 0] [ Eval  | Step: 32000  |  loss : 0.4570 | accuracy : 0.7799 | eval_s : 0.3421  ]
[2026-08-17 11:54:51,931][__main__][INFO] - [RANK 0] [ Train | Step: 32500  |  loss : 0.4383 | accuracy : 0.7909 | opt_sps : 73.4785  ]
[2026-08-17 11:54:52,275][__main__][INFO] - [RANK 0] [ Eval  | Step: 32500  |  loss : 0.4487 | accuracy : 0.7850 | eval_s : 0.3424  ]
[2026-08-17 11:54:59,042][__main__][INFO] - [RANK 0] [ Train | Step: 33000  |  loss : 0.4363 | accuracy : 0.7918 | opt_sps : 73.4846  ]
[2026-08-17 11:54:59,386][__main__][INFO] - [RANK 0] [ Eval  | Step: 33000  |  loss : 0.4273 | accuracy : 0.7933 | eval_s : 0.3429  ]
[2026-08-17 11:55:06,214][__main__][INFO] - [RANK 0] [ Train | Step: 33500  |  loss : 0.4338 | accuracy : 0.7927 | opt_sps : 73.4808  ]
[2026-08-17 11:55:06,559][__main__][INFO] - [RANK 0] [ Eval  | Step: 33500  |  loss : 0.4225 | accuracy : 0.7973 | eval_s : 0.3436  ]
[2026-08-17 11:55:13,458][__main__][INFO] - [RANK 0] [ Train | Step: 34000  |  loss : 0.4365 | accuracy : 0.7918 | opt_sps : 73.4660  ]
[2026-08-17 11:55:13,803][__main__][INFO] - [RANK 0] [ Eval  | Step: 34000  |  loss : 0.4333 | accuracy : 0.7919 | eval_s : 0.3431  ]
[2026-08-17 11:55:20,617][__main__][INFO] - [RANK 0] [ Train | Step: 34500  |  loss : 0.4300 | accuracy : 0.7955 | opt_sps : 73.4647  ]
[2026-08-17 11:55:20,962][__main__][INFO] - [RANK 0] [ Eval  | Step: 34500  |  loss : 0.5162 | accuracy : 0.7649 | eval_s : 0.3437  ]
[2026-08-17 11:55:27,806][__main__][INFO] - [RANK 0] [ Train | Step: 35000  |  loss : 0.4245 | accuracy : 0.7968 | opt_sps : 73.4588  ]
[2026-08-17 11:55:28,150][__main__][INFO] - [RANK 0] [ Eval  | Step: 35000  |  loss : 0.4306 | accuracy : 0.7935 | eval_s : 0.3436  ]
[2026-08-17 11:55:35,043][__main__][INFO] - [RANK 0] [ Train | Step: 35500  |  loss : 0.4257 | accuracy : 0.7979 | opt_sps : 73.4456  ]
[2026-08-17 11:55:35,388][__main__][INFO] - [RANK 0] [ Eval  | Step: 35500  |  loss : 0.4317 | accuracy : 0.7932 | eval_s : 0.3439  ]
[2026-08-17 11:55:42,190][__main__][INFO] - [RANK 0] [ Train | Step: 36000  |  loss : 0.4274 | accuracy : 0.7962 | opt_sps : 73.4465  ]
[2026-08-17 11:55:42,535][__main__][INFO] - [RANK 0] [ Eval  | Step: 36000  |  loss : 0.4511 | accuracy : 0.7858 | eval_s : 0.3440  ]
[2026-08-17 11:55:49,347][__main__][INFO] - [RANK 0] [ Train | Step: 36500  |  loss : 0.4208 | accuracy : 0.7992 | opt_sps : 73.4458  ]
[2026-08-17 11:55:49,692][__main__][INFO] - [RANK 0] [ Eval  | Step: 36500  |  loss : 0.4483 | accuracy : 0.7871 | eval_s : 0.3435  ]
[2026-08-17 11:55:56,446][__main__][INFO] - [RANK 0] [ Train | Step: 37000  |  loss : 0.4169 | accuracy : 0.8004 | opt_sps : 73.4536  ]
[2026-08-17 11:55:56,789][__main__][INFO] - [RANK 0] [ Eval  | Step: 37000  |  loss : 0.4319 | accuracy : 0.7937 | eval_s : 0.3421  ]
[2026-08-17 11:56:03,525][__main__][INFO] - [RANK 0] [ Train | Step: 37500  |  loss : 0.4295 | accuracy : 0.7947 | opt_sps : 73.4637  ]
[2026-08-17 11:56:03,869][__main__][INFO] - [RANK 0] [ Eval  | Step: 37500  |  loss : 0.4249 | accuracy : 0.7948 | eval_s : 0.3427  ]
[2026-08-17 11:56:10,618][__main__][INFO] - [RANK 0] [ Train | Step: 38000  |  loss : 0.4205 | accuracy : 0.7988 | opt_sps : 73.4718  ]
[2026-08-17 11:56:10,962][__main__][INFO] - [RANK 0] [ Eval  | Step: 38000  |  loss : 0.4258 | accuracy : 0.7927 | eval_s : 0.3422  ]
[2026-08-17 11:56:17,800][__main__][INFO] - [RANK 0] [ Train | Step: 38500  |  loss : 0.4201 | accuracy : 0.7992 | opt_sps : 73.4672  ]
[2026-08-17 11:56:18,144][__main__][INFO] - [RANK 0] [ Eval  | Step: 38500  |  loss : 0.4526 | accuracy : 0.7835 | eval_s : 0.3429  ]
[2026-08-17 11:56:24,966][__main__][INFO] - [RANK 0] [ Train | Step: 39000  |  loss : 0.4135 | accuracy : 0.8035 | opt_sps : 73.4649  ]
[2026-08-17 11:56:25,310][__main__][INFO] - [RANK 0] [ Eval  | Step: 39000  |  loss : 0.4586 | accuracy : 0.7870 | eval_s : 0.3431  ]
[2026-08-17 11:56:32,082][__main__][INFO] - [RANK 0] [ Train | Step: 39500  |  loss : 0.4193 | accuracy : 0.8008 | opt_sps : 73.4696  ]
[2026-08-17 11:56:32,426][__main__][INFO] - [RANK 0] [ Eval  | Step: 39500  |  loss : 0.4490 | accuracy : 0.7875 | eval_s : 0.3431  ]
[2026-08-17 11:56:39,228][__main__][INFO] - [RANK 0] [ Train | Step: 40000  |  loss : 0.4151 | accuracy : 0.8019 | opt_sps : 73.4700  ]
[2026-08-17 11:56:39,572][__main__][INFO] - [RANK 0] [ Eval  | Step: 40000  |  loss : 0.4187 | accuracy : 0.7977 | eval_s : 0.3433  ]
[2026-08-17 11:56:46,369][__main__][INFO] - [RANK 0] [ Train | Step: 40500  |  loss : 0.4057 | accuracy : 0.8060 | opt_sps : 73.4714  ]
[2026-08-17 11:56:46,713][__main__][INFO] - [RANK 0] [ Eval  | Step: 40500  |  loss : 0.4133 | accuracy : 0.7986 | eval_s : 0.3426  ]
[2026-08-17 11:56:53,531][__main__][INFO] - [RANK 0] [ Train | Step: 41000  |  loss : 0.4090 | accuracy : 0.8048 | opt_sps : 73.4700  ]
[2026-08-17 11:56:53,876][__main__][INFO] - [RANK 0] [ Eval  | Step: 41000  |  loss : 0.4240 | accuracy : 0.7961 | eval_s : 0.3432  ]
[2026-08-17 11:57:00,692][__main__][INFO] - [RANK 0] [ Train | Step: 41500  |  loss : 0.4098 | accuracy : 0.8046 | opt_sps : 73.4685  ]
[2026-08-17 11:57:01,036][__main__][INFO] - [RANK 0] [ Eval  | Step: 41500  |  loss : 0.4889 | accuracy : 0.7750 | eval_s : 0.3433  ]
[2026-08-17 11:57:07,824][__main__][INFO] - [RANK 0] [ Train | Step: 42000  |  loss : 0.4066 | accuracy : 0.8080 | opt_sps : 73.4708  ]
[2026-08-17 11:57:08,169][__main__][INFO] - [RANK 0] [ Eval  | Step: 42000  |  loss : 0.4153 | accuracy : 0.8017 | eval_s : 0.3435  ]
[2026-08-17 11:57:15,065][__main__][INFO] - [RANK 0] [ Train | Step: 42500  |  loss : 0.4039 | accuracy : 0.8077 | opt_sps : 73.4592  ]
[2026-08-17 11:57:15,409][__main__][INFO] - [RANK 0] [ Eval  | Step: 42500  |  loss : 0.4083 | accuracy : 0.8028 | eval_s : 0.3425  ]
[2026-08-17 11:57:22,210][__main__][INFO] - [RANK 0] [ Train | Step: 43000  |  loss : 0.3979 | accuracy : 0.8105 | opt_sps : 73.4601  ]
[2026-08-17 11:57:22,554][__main__][INFO] - [RANK 0] [ Eval  | Step: 43000  |  loss : 0.4062 | accuracy : 0.8030 | eval_s : 0.3429  ]
[2026-08-17 11:57:29,367][__main__][INFO] - [RANK 0] [ Train | Step: 43500  |  loss : 0.4022 | accuracy : 0.8102 | opt_sps : 73.4597  ]
[2026-08-17 11:57:29,711][__main__][INFO] - [RANK 0] [ Eval  | Step: 43500  |  loss : 0.4051 | accuracy : 0.8044 | eval_s : 0.3430  ]
[2026-08-17 11:57:36,596][__main__][INFO] - [RANK 0] [ Train | Step: 44000  |  loss : 0.3978 | accuracy : 0.8114 | opt_sps : 73.4502  ]
[2026-08-17 11:57:36,940][__main__][INFO] - [RANK 0] [ Eval  | Step: 44000  |  loss : 0.4064 | accuracy : 0.8050 | eval_s : 0.3429  ]
[2026-08-17 11:57:43,738][__main__][INFO] - [RANK 0] [ Train | Step: 44500  |  loss : 0.3966 | accuracy : 0.8119 | opt_sps : 73.4514  ]
[2026-08-17 11:57:44,081][__main__][INFO] - [RANK 0] [ Eval  | Step: 44500  |  loss : 0.3987 | accuracy : 0.8077 | eval_s : 0.3425  ]
[2026-08-17 11:57:50,917][__main__][INFO] - [RANK 0] [ Train | Step: 45000  |  loss : 0.3955 | accuracy : 0.8119 | opt_sps : 73.4482  ]
[2026-08-17 11:57:51,261][__main__][INFO] - [RANK 0] [ Eval  | Step: 45000  |  loss : 0.4064 | accuracy : 0.8044 | eval_s : 0.3429  ]
[2026-08-17 11:57:58,036][__main__][INFO] - [RANK 0] [ Train | Step: 45500  |  loss : 0.3895 | accuracy : 0.8139 | opt_sps : 73.4519  ]
[2026-08-17 11:57:58,381][__main__][INFO] - [RANK 0] [ Eval  | Step: 45500  |  loss : 0.4027 | accuracy : 0.8060 | eval_s : 0.3435  ]
[2026-08-17 11:58:05,210][__main__][INFO] - [RANK 0] [ Train | Step: 46000  |  loss : 0.3851 | accuracy : 0.8160 | opt_sps : 73.4494  ]
[2026-08-17 11:58:05,553][__main__][INFO] - [RANK 0] [ Eval  | Step: 46000  |  loss : 0.3907 | accuracy : 0.8114 | eval_s : 0.3427  ]
[2026-08-17 11:58:12,373][__main__][INFO] - [RANK 0] [ Train | Step: 46500  |  loss : 0.3850 | accuracy : 0.8167 | opt_sps : 73.4482  ]
[2026-08-17 11:58:12,718][__main__][INFO] - [RANK 0] [ Eval  | Step: 46500  |  loss : 0.3912 | accuracy : 0.8110 | eval_s : 0.3434  ]
[2026-08-17 11:58:19,480][__main__][INFO] - [RANK 0] [ Train | Step: 47000  |  loss : 0.3852 | accuracy : 0.8184 | opt_sps : 73.4534  ]
[2026-08-17 11:58:19,826][__main__][INFO] - [RANK 0] [ Eval  | Step: 47000  |  loss : 0.3983 | accuracy : 0.8079 | eval_s : 0.3451  ]
[2026-08-17 11:58:26,644][__main__][INFO] - [RANK 0] [ Train | Step: 47500  |  loss : 0.3754 | accuracy : 0.8226 | opt_sps : 73.4521  ]
[2026-08-17 11:58:26,989][__main__][INFO] - [RANK 0] [ Eval  | Step: 47500  |  loss : 0.3887 | accuracy : 0.8151 | eval_s : 0.3439  ]
[2026-08-17 11:58:33,850][__main__][INFO] - [RANK 0] [ Train | Step: 48000  |  loss : 0.3739 | accuracy : 0.8246 | opt_sps : 73.4463  ]
[2026-08-17 11:58:34,195][__main__][INFO] - [RANK 0] [ Eval  | Step: 48000  |  loss : 0.3814 | accuracy : 0.8164 | eval_s : 0.3439  ]
[2026-08-17 11:58:41,023][__main__][INFO] - [RANK 0] [ Train | Step: 48500  |  loss : 0.3722 | accuracy : 0.8247 | opt_sps : 73.4443  ]
[2026-08-17 11:58:41,366][__main__][INFO] - [RANK 0] [ Eval  | Step: 48500  |  loss : 0.3744 | accuracy : 0.8200 | eval_s : 0.3429  ]
[2026-08-17 11:58:48,169][__main__][INFO] - [RANK 0] [ Train | Step: 49000  |  loss : 0.3689 | accuracy : 0.8266 | opt_sps : 73.4451  ]
[2026-08-17 11:58:48,514][__main__][INFO] - [RANK 0] [ Eval  | Step: 49000  |  loss : 0.3771 | accuracy : 0.8203 | eval_s : 0.3438  ]
[2026-08-17 11:58:55,315][__main__][INFO] - [RANK 0] [ Train | Step: 49500  |  loss : 0.3650 | accuracy : 0.8280 | opt_sps : 73.4458  ]
[2026-08-17 11:58:55,660][__main__][INFO] - [RANK 0] [ Eval  | Step: 49500  |  loss : 0.3756 | accuracy : 0.8223 | eval_s : 0.3440  ]
[2026-08-17 11:59:02,467][__main__][INFO] - [RANK 0] [ Train | Step: 50000  |  loss : 0.3641 | accuracy : 0.8302 | opt_sps : 73.4459  ]
[2026-08-17 11:59:02,811][__main__][INFO] - [RANK 0] [ Eval  | Step: 50000  |  loss : 0.3811 | accuracy : 0.8203 | eval_s : 0.3434  ]
[2026-08-17 11:59:09,615][__main__][INFO] - [RANK 0] [ Train | Step: 50500  |  loss : 0.3670 | accuracy : 0.8282 | opt_sps : 73.4463  ]
[2026-08-17 11:59:09,959][__main__][INFO] - [RANK 0] [ Eval  | Step: 50500  |  loss : 0.3793 | accuracy : 0.8196 | eval_s : 0.3433  ]
[2026-08-17 11:59:16,896][__main__][INFO] - [RANK 0] [ Train | Step: 51000  |  loss : 0.3562 | accuracy : 0.8332 | opt_sps : 73.4326  ]
[2026-08-17 11:59:17,240][__main__][INFO] - [RANK 0] [ Eval  | Step: 51000  |  loss : 0.3696 | accuracy : 0.8250 | eval_s : 0.3434  ]
[2026-08-17 11:59:24,039][__main__][INFO] - [RANK 0] [ Train | Step: 51500  |  loss : 0.3549 | accuracy : 0.8342 | opt_sps : 73.4339  ]
[2026-08-17 11:59:24,384][__main__][INFO] - [RANK 0] [ Eval  | Step: 51500  |  loss : 0.3676 | accuracy : 0.8262 | eval_s : 0.3436  ]
[2026-08-17 11:59:31,161][__main__][INFO] - [RANK 0] [ Train | Step: 52000  |  loss : 0.3525 | accuracy : 0.8346 | opt_sps : 73.4374  ]
[2026-08-17 11:59:31,506][__main__][INFO] - [RANK 0] [ Eval  | Step: 52000  |  loss : 0.3633 | accuracy : 0.8276 | eval_s : 0.3441  ]
[2026-08-17 11:59:38,415][__main__][INFO] - [RANK 0] [ Train | Step: 52500  |  loss : 0.3523 | accuracy : 0.8350 | opt_sps : 73.4273  ]
[2026-08-17 11:59:38,759][__main__][INFO] - [RANK 0] [ Eval  | Step: 52500  |  loss : 0.3600 | accuracy : 0.8293 | eval_s : 0.3437  ]
[2026-08-17 11:59:45,594][__main__][INFO] - [RANK 0] [ Train | Step: 53000  |  loss : 0.3544 | accuracy : 0.8334 | opt_sps : 73.4250  ]
[2026-08-17 11:59:45,939][__main__][INFO] - [RANK 0] [ Eval  | Step: 53000  |  loss : 0.3619 | accuracy : 0.8267 | eval_s : 0.3441  ]
[2026-08-17 11:59:52,751][__main__][INFO] - [RANK 0] [ Train | Step: 53500  |  loss : 0.3486 | accuracy : 0.8366 | opt_sps : 73.4247  ]
[2026-08-17 11:59:53,095][__main__][INFO] - [RANK 0] [ Eval  | Step: 53500  |  loss : 0.3620 | accuracy : 0.8281 | eval_s : 0.3424  ]
[2026-08-17 11:59:59,879][__main__][INFO] - [RANK 0] [ Train | Step: 54000  |  loss : 0.3487 | accuracy : 0.8362 | opt_sps : 73.4272  ]
[2026-08-17 12:00:00,224][__main__][INFO] - [RANK 0] [ Eval  | Step: 54000  |  loss : 0.3656 | accuracy : 0.8274 | eval_s : 0.3437  ]
[2026-08-17 12:00:07,055][__main__][INFO] - [RANK 0] [ Train | Step: 54500  |  loss : 0.3473 | accuracy : 0.8378 | opt_sps : 73.4251  ]
[2026-08-17 12:00:07,399][__main__][INFO] - [RANK 0] [ Eval  | Step: 54500  |  loss : 0.3603 | accuracy : 0.8302 | eval_s : 0.3429  ]
[2026-08-17 12:00:14,158][__main__][INFO] - [RANK 0] [ Train | Step: 55000  |  loss : 0.3406 | accuracy : 0.8408 | opt_sps : 73.4300  ]
[2026-08-17 12:00:14,502][__main__][INFO] - [RANK 0] [ Eval  | Step: 55000  |  loss : 0.3726 | accuracy : 0.8245 | eval_s : 0.3429  ]
[2026-08-17 12:00:21,815][__main__][INFO] - [RANK 0] [ Train | Step: 55500  |  loss : 0.3417 | accuracy : 0.8408 | opt_sps : 73.3811  ]
[2026-08-17 12:00:22,163][__main__][INFO] - [RANK 0] [ Eval  | Step: 55500  |  loss : 0.3553 | accuracy : 0.8304 | eval_s : 0.3463  ]
[2026-08-17 12:00:29,461][__main__][INFO] - [RANK 0] [ Train | Step: 56000  |  loss : 0.3368 | accuracy : 0.8439 | opt_sps : 73.3348  ]
[2026-08-17 12:00:29,806][__main__][INFO] - [RANK 0] [ Eval  | Step: 56000  |  loss : 0.3603 | accuracy : 0.8311 | eval_s : 0.3436  ]
[2026-08-17 12:00:36,759][__main__][INFO] - [RANK 0] [ Train | Step: 56500  |  loss : 0.3401 | accuracy : 0.8429 | opt_sps : 73.3219  ]
[2026-08-17 12:00:37,102][__main__][INFO] - [RANK 0] [ Eval  | Step: 56500  |  loss : 0.3589 | accuracy : 0.8308 | eval_s : 0.3423  ]
[2026-08-17 12:00:44,115][__main__][INFO] - [RANK 0] [ Train | Step: 57000  |  loss : 0.3406 | accuracy : 0.8414 | opt_sps : 73.3036  ]
[2026-08-17 12:00:44,459][__main__][INFO] - [RANK 0] [ Eval  | Step: 57000  |  loss : 0.3550 | accuracy : 0.8327 | eval_s : 0.3431  ]
[2026-08-17 12:00:51,283][__main__][INFO] - [RANK 0] [ Train | Step: 57500  |  loss : 0.3366 | accuracy : 0.8418 | opt_sps : 73.3037  ]
[2026-08-17 12:00:51,627][__main__][INFO] - [RANK 0] [ Eval  | Step: 57500  |  loss : 0.3535 | accuracy : 0.8324 | eval_s : 0.3424  ]
[2026-08-17 12:00:58,482][__main__][INFO] - [RANK 0] [ Train | Step: 58000  |  loss : 0.3365 | accuracy : 0.8429 | opt_sps : 73.3009  ]
[2026-08-17 12:00:58,827][__main__][INFO] - [RANK 0] [ Eval  | Step: 58000  |  loss : 0.3533 | accuracy : 0.8337 | eval_s : 0.3443  ]
[2026-08-17 12:01:05,703][__main__][INFO] - [RANK 0] [ Train | Step: 58500  |  loss : 0.3322 | accuracy : 0.8462 | opt_sps : 73.2961  ]
[2026-08-17 12:01:06,048][__main__][INFO] - [RANK 0] [ Eval  | Step: 58500  |  loss : 0.3494 | accuracy : 0.8348 | eval_s : 0.3445  ]
[2026-08-17 12:01:12,853][__main__][INFO] - [RANK 0] [ Train | Step: 59000  |  loss : 0.3361 | accuracy : 0.8430 | opt_sps : 73.2978  ]
[2026-08-17 12:01:13,198][__main__][INFO] - [RANK 0] [ Eval  | Step: 59000  |  loss : 0.3550 | accuracy : 0.8324 | eval_s : 0.3443  ]
[2026-08-17 12:01:20,094][__main__][INFO] - [RANK 0] [ Train | Step: 59500  |  loss : 0.3280 | accuracy : 0.8478 | opt_sps : 73.2911  ]
[2026-08-17 12:01:20,438][__main__][INFO] - [RANK 0] [ Eval  | Step: 59500  |  loss : 0.3610 | accuracy : 0.8314 | eval_s : 0.3435  ]
[2026-08-17 12:01:27,247][__main__][INFO] - [RANK 0] [ Train | Step: 60000  |  loss : 0.3252 | accuracy : 0.8489 | opt_sps : 73.2924  ]
[2026-08-17 12:01:27,590][__main__][INFO] - [RANK 0] [ Eval  | Step: 60000  |  loss : 0.3654 | accuracy : 0.8294 | eval_s : 0.3430  ]
[2026-08-17 12:01:34,422][__main__][INFO] - [RANK 0] [ Train | Step: 60500  |  loss : 0.3252 | accuracy : 0.8494 | opt_sps : 73.2915  ]
[2026-08-17 12:01:34,767][__main__][INFO] - [RANK 0] [ Eval  | Step: 60500  |  loss : 0.3481 | accuracy : 0.8357 | eval_s : 0.3438  ]
[2026-08-17 12:01:41,650][__main__][INFO] - [RANK 0] [ Train | Step: 61000  |  loss : 0.3251 | accuracy : 0.8496 | opt_sps : 73.2863  ]
[2026-08-17 12:01:41,994][__main__][INFO] - [RANK 0] [ Eval  | Step: 61000  |  loss : 0.3489 | accuracy : 0.8352 | eval_s : 0.3434  ]
[2026-08-17 12:01:48,808][__main__][INFO] - [RANK 0] [ Train | Step: 61500  |  loss : 0.3252 | accuracy : 0.8484 | opt_sps : 73.2871  ]
[2026-08-17 12:01:49,152][__main__][INFO] - [RANK 0] [ Eval  | Step: 61500  |  loss : 0.3558 | accuracy : 0.8330 | eval_s : 0.3431  ]
[2026-08-17 12:01:55,932][__main__][INFO] - [RANK 0] [ Train | Step: 62000  |  loss : 0.3256 | accuracy : 0.8475 | opt_sps : 73.2908  ]
[2026-08-17 12:01:56,275][__main__][INFO] - [RANK 0] [ Eval  | Step: 62000  |  loss : 0.3467 | accuracy : 0.8361 | eval_s : 0.3422  ]
[2026-08-17 12:02:03,052][__main__][INFO] - [RANK 0] [ Train | Step: 62500  |  loss : 0.3225 | accuracy : 0.8499 | opt_sps : 73.2948  ]
[2026-08-17 12:02:03,395][__main__][INFO] - [RANK 0] [ Eval  | Step: 62500  |  loss : 0.3465 | accuracy : 0.8353 | eval_s : 0.3422  ]
[2026-08-17 12:02:10,181][__main__][INFO] - [RANK 0] [ Train | Step: 63000  |  loss : 0.3231 | accuracy : 0.8502 | opt_sps : 73.2981  ]
[2026-08-17 12:02:10,526][__main__][INFO] - [RANK 0] [ Eval  | Step: 63000  |  loss : 0.3520 | accuracy : 0.8343 | eval_s : 0.3434  ]
[2026-08-17 12:02:17,320][__main__][INFO] - [RANK 0] [ Train | Step: 63500  |  loss : 0.3189 | accuracy : 0.8531 | opt_sps : 73.3004  ]
[2026-08-17 12:02:17,664][__main__][INFO] - [RANK 0] [ Eval  | Step: 63500  |  loss : 0.3488 | accuracy : 0.8348 | eval_s : 0.3430  ]
[2026-08-17 12:02:24,511][__main__][INFO] - [RANK 0] [ Train | Step: 64000  |  loss : 0.3128 | accuracy : 0.8553 | opt_sps : 73.2982  ]
[2026-08-17 12:02:24,857][__main__][INFO] - [RANK 0] [ Eval  | Step: 64000  |  loss : 0.3495 | accuracy : 0.8357 | eval_s : 0.3456  ]
[2026-08-17 12:02:31,643][__main__][INFO] - [RANK 0] [ Train | Step: 64500  |  loss : 0.3090 | accuracy : 0.8563 | opt_sps : 73.3012  ]
[2026-08-17 12:02:31,987][__main__][INFO] - [RANK 0] [ Eval  | Step: 64500  |  loss : 0.3460 | accuracy : 0.8382 | eval_s : 0.3431  ]
[2026-08-17 12:02:38,801][__main__][INFO] - [RANK 0] [ Train | Step: 65000  |  loss : 0.3151 | accuracy : 0.8546 | opt_sps : 73.3020  ]
[2026-08-17 12:02:39,145][__main__][INFO] - [RANK 0] [ Eval  | Step: 65000  |  loss : 0.3453 | accuracy : 0.8369 | eval_s : 0.3435  ]
[2026-08-17 12:02:45,954][__main__][INFO] - [RANK 0] [ Train | Step: 65500  |  loss : 0.3159 | accuracy : 0.8535 | opt_sps : 73.3031  ]
[2026-08-17 12:02:46,298][__main__][INFO] - [RANK 0] [ Eval  | Step: 65500  |  loss : 0.3557 | accuracy : 0.8344 | eval_s : 0.3428  ]
[2026-08-17 12:02:53,095][__main__][INFO] - [RANK 0] [ Train | Step: 66000  |  loss : 0.3147 | accuracy : 0.8544 | opt_sps : 73.3051  ]
[2026-08-17 12:02:53,439][__main__][INFO] - [RANK 0] [ Eval  | Step: 66000  |  loss : 0.3475 | accuracy : 0.8370 | eval_s : 0.3435  ]
[2026-08-17 12:03:00,289][__main__][INFO] - [RANK 0] [ Train | Step: 66500  |  loss : 0.3128 | accuracy : 0.8545 | opt_sps : 73.3028  ]
[2026-08-17 12:03:00,633][__main__][INFO] - [RANK 0] [ Eval  | Step: 66500  |  loss : 0.3450 | accuracy : 0.8386 | eval_s : 0.3429  ]
[2026-08-17 12:03:07,423][__main__][INFO] - [RANK 0] [ Train | Step: 67000  |  loss : 0.3135 | accuracy : 0.8547 | opt_sps : 73.3054  ]
[2026-08-17 12:03:07,766][__main__][INFO] - [RANK 0] [ Eval  | Step: 67000  |  loss : 0.3428 | accuracy : 0.8398 | eval_s : 0.3420  ]
[2026-08-17 12:03:14,497][__main__][INFO] - [RANK 0] [ Train | Step: 67500  |  loss : 0.3119 | accuracy : 0.8554 | opt_sps : 73.3127  ]
[2026-08-17 12:03:14,841][__main__][INFO] - [RANK 0] [ Eval  | Step: 67500  |  loss : 0.3463 | accuracy : 0.8384 | eval_s : 0.3433  ]
[2026-08-17 12:03:21,634][__main__][INFO] - [RANK 0] [ Train | Step: 68000  |  loss : 0.3062 | accuracy : 0.8601 | opt_sps : 73.3148  ]
[2026-08-17 12:03:21,981][__main__][INFO] - [RANK 0] [ Eval  | Step: 68000  |  loss : 0.3440 | accuracy : 0.8399 | eval_s : 0.3451  ]
[2026-08-17 12:03:28,773][__main__][INFO] - [RANK 0] [ Train | Step: 68500  |  loss : 0.3032 | accuracy : 0.8609 | opt_sps : 73.3170  ]
[2026-08-17 12:03:29,116][__main__][INFO] - [RANK 0] [ Eval  | Step: 68500  |  loss : 0.3439 | accuracy : 0.8383 | eval_s : 0.3421  ]
[2026-08-17 12:03:35,841][__main__][INFO] - [RANK 0] [ Train | Step: 69000  |  loss : 0.3048 | accuracy : 0.8594 | opt_sps : 73.3244  ]
[2026-08-17 12:03:36,184][__main__][INFO] - [RANK 0] [ Eval  | Step: 69000  |  loss : 0.3432 | accuracy : 0.8396 | eval_s : 0.3422  ]
[2026-08-17 12:03:43,031][__main__][INFO] - [RANK 0] [ Train | Step: 69500  |  loss : 0.3057 | accuracy : 0.8584 | opt_sps : 73.3222  ]
[2026-08-17 12:03:43,374][__main__][INFO] - [RANK 0] [ Eval  | Step: 69500  |  loss : 0.3410 | accuracy : 0.8388 | eval_s : 0.3419  ]
[2026-08-17 12:03:50,132][__main__][INFO] - [RANK 0] [ Train | Step: 70000  |  loss : 0.3044 | accuracy : 0.8601 | opt_sps : 73.3271  ]
[2026-08-17 12:03:50,475][__main__][INFO] - [RANK 0] [ Eval  | Step: 70000  |  loss : 0.3431 | accuracy : 0.8406 | eval_s : 0.3420  ]
[2026-08-17 12:03:57,210][__main__][INFO] - [RANK 0] [ Train | Step: 70500  |  loss : 0.3028 | accuracy : 0.8597 | opt_sps : 73.3335  ]
[2026-08-17 12:03:57,553][__main__][INFO] - [RANK 0] [ Eval  | Step: 70500  |  loss : 0.3427 | accuracy : 0.8399 | eval_s : 0.3425  ]
[2026-08-17 12:04:04,306][__main__][INFO] - [RANK 0] [ Train | Step: 71000  |  loss : 0.3025 | accuracy : 0.8602 | opt_sps : 73.3384  ]
[2026-08-17 12:04:04,651][__main__][INFO] - [RANK 0] [ Eval  | Step: 71000  |  loss : 0.3438 | accuracy : 0.8402 | eval_s : 0.3433  ]
[2026-08-17 12:04:11,457][__main__][INFO] - [RANK 0] [ Train | Step: 71500  |  loss : 0.3028 | accuracy : 0.8602 | opt_sps : 73.3392  ]
[2026-08-17 12:04:11,802][__main__][INFO] - [RANK 0] [ Eval  | Step: 71500  |  loss : 0.3418 | accuracy : 0.8416 | eval_s : 0.3442  ]
[2026-08-17 12:04:18,593][__main__][INFO] - [RANK 0] [ Train | Step: 72000  |  loss : 0.2964 | accuracy : 0.8632 | opt_sps : 73.3412  ]
[2026-08-17 12:04:18,938][__main__][INFO] - [RANK 0] [ Eval  | Step: 72000  |  loss : 0.3426 | accuracy : 0.8398 | eval_s : 0.3437  ]
[2026-08-17 12:04:25,761][__main__][INFO] - [RANK 0] [ Train | Step: 72500  |  loss : 0.2928 | accuracy : 0.8659 | opt_sps : 73.3407  ]
[2026-08-17 12:04:26,105][__main__][INFO] - [RANK 0] [ Eval  | Step: 72500  |  loss : 0.3438 | accuracy : 0.8418 | eval_s : 0.3426  ]
[2026-08-17 12:04:32,942][__main__][INFO] - [RANK 0] [ Train | Step: 73000  |  loss : 0.2934 | accuracy : 0.8648 | opt_sps : 73.3393  ]
[2026-08-17 12:04:33,287][__main__][INFO] - [RANK 0] [ Eval  | Step: 73000  |  loss : 0.3505 | accuracy : 0.8387 | eval_s : 0.3437  ]
[2026-08-17 12:04:40,090][__main__][INFO] - [RANK 0] [ Train | Step: 73500  |  loss : 0.2956 | accuracy : 0.8654 | opt_sps : 73.3403  ]
[2026-08-17 12:04:40,435][__main__][INFO] - [RANK 0] [ Eval  | Step: 73500  |  loss : 0.3427 | accuracy : 0.8413 | eval_s : 0.3433  ]
[2026-08-17 12:04:47,221][__main__][INFO] - [RANK 0] [ Train | Step: 74000  |  loss : 0.2952 | accuracy : 0.8640 | opt_sps : 73.3425  ]
[2026-08-17 12:04:47,565][__main__][INFO] - [RANK 0] [ Eval  | Step: 74000  |  loss : 0.3397 | accuracy : 0.8414 | eval_s : 0.3429  ]
[2026-08-17 12:04:54,373][__main__][INFO] - [RANK 0] [ Train | Step: 74500  |  loss : 0.2943 | accuracy : 0.8655 | opt_sps : 73.3434  ]
[2026-08-17 12:04:54,718][__main__][INFO] - [RANK 0] [ Eval  | Step: 74500  |  loss : 0.3471 | accuracy : 0.8392 | eval_s : 0.3438  ]
[2026-08-17 12:05:01,504][__main__][INFO] - [RANK 0] [ Train | Step: 75000  |  loss : 0.2944 | accuracy : 0.8632 | opt_sps : 73.3456  ]
[2026-08-17 12:05:01,849][__main__][INFO] - [RANK 0] [ Eval  | Step: 75000  |  loss : 0.3429 | accuracy : 0.8429 | eval_s : 0.3437  ]
[2026-08-17 12:05:08,654][__main__][INFO] - [RANK 0] [ Train | Step: 75500  |  loss : 0.2960 | accuracy : 0.8642 | opt_sps : 73.3464  ]
[2026-08-17 12:05:08,998][__main__][INFO] - [RANK 0] [ Eval  | Step: 75500  |  loss : 0.3423 | accuracy : 0.8395 | eval_s : 0.3424  ]
[2026-08-17 12:05:15,877][__main__][INFO] - [RANK 0] [ Train | Step: 76000  |  loss : 0.2928 | accuracy : 0.8662 | opt_sps : 73.3420  ]
[2026-08-17 12:05:16,222][__main__][INFO] - [RANK 0] [ Eval  | Step: 76000  |  loss : 0.3417 | accuracy : 0.8418 | eval_s : 0.3440  ]
[2026-08-17 12:05:23,125][__main__][INFO] - [RANK 0] [ Train | Step: 76500  |  loss : 0.2860 | accuracy : 0.8702 | opt_sps : 73.3360  ]
[2026-08-17 12:05:23,472][__main__][INFO] - [RANK 0] [ Eval  | Step: 76500  |  loss : 0.3433 | accuracy : 0.8410 | eval_s : 0.3461  ]
[2026-08-17 12:05:30,363][__main__][INFO] - [RANK 0] [ Train | Step: 77000  |  loss : 0.2861 | accuracy : 0.8699 | opt_sps : 73.3308  ]
[2026-08-17 12:05:30,708][__main__][INFO] - [RANK 0] [ Eval  | Step: 77000  |  loss : 0.3428 | accuracy : 0.8431 | eval_s : 0.3444  ]
[2026-08-17 12:05:37,474][__main__][INFO] - [RANK 0] [ Train | Step: 77500  |  loss : 0.2883 | accuracy : 0.8685 | opt_sps : 73.3345  ]
[2026-08-17 12:05:37,818][__main__][INFO] - [RANK 0] [ Eval  | Step: 77500  |  loss : 0.3444 | accuracy : 0.8411 | eval_s : 0.3435  ]
[2026-08-17 12:05:44,662][__main__][INFO] - [RANK 0] [ Train | Step: 78000  |  loss : 0.2882 | accuracy : 0.8685 | opt_sps : 73.3327  ]
[2026-08-17 12:05:45,006][__main__][INFO] - [RANK 0] [ Eval  | Step: 78000  |  loss : 0.3471 | accuracy : 0.8409 | eval_s : 0.3428  ]
[2026-08-17 12:05:51,781][__main__][INFO] - [RANK 0] [ Train | Step: 78500  |  loss : 0.2878 | accuracy : 0.8686 | opt_sps : 73.3357  ]
[2026-08-17 12:05:52,125][__main__][INFO] - [RANK 0] [ Eval  | Step: 78500  |  loss : 0.3457 | accuracy : 0.8416 | eval_s : 0.3434  ]
[2026-08-17 12:05:58,940][__main__][INFO] - [RANK 0] [ Train | Step: 79000  |  loss : 0.2867 | accuracy : 0.8683 | opt_sps : 73.3359  ]
[2026-08-17 12:05:59,285][__main__][INFO] - [RANK 0] [ Eval  | Step: 79000  |  loss : 0.3424 | accuracy : 0.8431 | eval_s : 0.3439  ]
[2026-08-17 12:06:06,089][__main__][INFO] - [RANK 0] [ Train | Step: 79500  |  loss : 0.2848 | accuracy : 0.8699 | opt_sps : 73.3368  ]
[2026-08-17 12:06:06,433][__main__][INFO] - [RANK 0] [ Eval  | Step: 79500  |  loss : 0.3415 | accuracy : 0.8409 | eval_s : 0.3434  ]
[2026-08-17 12:06:13,275][__main__][INFO] - [RANK 0] [ Train | Step: 80000  |  loss : 0.2860 | accuracy : 0.8698 | opt_sps : 73.3352  ]
[2026-08-17 12:06:13,619][__main__][INFO] - [RANK 0] [ Eval  | Step: 80000  |  loss : 0.3427 | accuracy : 0.8413 | eval_s : 0.3434  ]
[2026-08-17 12:06:20,396][__main__][INFO] - [RANK 0] [ Train | Step: 80500  |  loss : 0.2844 | accuracy : 0.8701 | opt_sps : 73.3380  ]
[2026-08-17 12:06:20,741][__main__][INFO] - [RANK 0] [ Eval  | Step: 80500  |  loss : 0.3425 | accuracy : 0.8403 | eval_s : 0.3433  ]
[2026-08-17 12:06:27,543][__main__][INFO] - [RANK 0] [ Train | Step: 81000  |  loss : 0.2800 | accuracy : 0.8722 | opt_sps : 73.3390  ]
[2026-08-17 12:06:27,887][__main__][INFO] - [RANK 0] [ Eval  | Step: 81000  |  loss : 0.3418 | accuracy : 0.8432 | eval_s : 0.3433  ]
[2026-08-17 12:06:34,740][__main__][INFO] - [RANK 0] [ Train | Step: 81500  |  loss : 0.2805 | accuracy : 0.8727 | opt_sps : 73.3366  ]
[2026-08-17 12:06:35,085][__main__][INFO] - [RANK 0] [ Eval  | Step: 81500  |  loss : 0.3433 | accuracy : 0.8426 | eval_s : 0.3438  ]
[2026-08-17 12:06:41,848][__main__][INFO] - [RANK 0] [ Train | Step: 82000  |  loss : 0.2808 | accuracy : 0.8722 | opt_sps : 73.3402  ]
[2026-08-17 12:06:42,192][__main__][INFO] - [RANK 0] [ Eval  | Step: 82000  |  loss : 0.3419 | accuracy : 0.8417 | eval_s : 0.3426  ]
[2026-08-17 12:06:48,948][__main__][INFO] - [RANK 0] [ Train | Step: 82500  |  loss : 0.2796 | accuracy : 0.8731 | opt_sps : 73.3442  ]
[2026-08-17 12:06:49,293][__main__][INFO] - [RANK 0] [ Eval  | Step: 82500  |  loss : 0.3426 | accuracy : 0.8427 | eval_s : 0.3439  ]
[2026-08-17 12:06:56,097][__main__][INFO] - [RANK 0] [ Train | Step: 83000  |  loss : 0.2794 | accuracy : 0.8732 | opt_sps : 73.3450  ]
[2026-08-17 12:06:56,442][__main__][INFO] - [RANK 0] [ Eval  | Step: 83000  |  loss : 0.3415 | accuracy : 0.8442 | eval_s : 0.3437  ]
[2026-08-17 12:07:03,247][__main__][INFO] - [RANK 0] [ Train | Step: 83500  |  loss : 0.2804 | accuracy : 0.8720 | opt_sps : 73.3458  ]
[2026-08-17 12:07:03,591][__main__][INFO] - [RANK 0] [ Eval  | Step: 83500  |  loss : 0.3418 | accuracy : 0.8418 | eval_s : 0.3424  ]
[2026-08-17 12:07:10,386][__main__][INFO] - [RANK 0] [ Train | Step: 84000  |  loss : 0.2791 | accuracy : 0.8732 | opt_sps : 73.3472  ]
[2026-08-17 12:07:10,730][__main__][INFO] - [RANK 0] [ Eval  | Step: 84000  |  loss : 0.3433 | accuracy : 0.8421 | eval_s : 0.3436  ]
[2026-08-17 12:07:17,525][__main__][INFO] - [RANK 0] [ Train | Step: 84500  |  loss : 0.2803 | accuracy : 0.8725 | opt_sps : 73.3486  ]
[2026-08-17 12:07:17,870][__main__][INFO] - [RANK 0] [ Eval  | Step: 84500  |  loss : 0.3430 | accuracy : 0.8424 | eval_s : 0.3434  ]
[2026-08-17 12:07:24,654][__main__][INFO] - [RANK 0] [ Train | Step: 85000  |  loss : 0.2734 | accuracy : 0.8767 | opt_sps : 73.3506  ]
[2026-08-17 12:07:24,999][__main__][INFO] - [RANK 0] [ Eval  | Step: 85000  |  loss : 0.3435 | accuracy : 0.8423 | eval_s : 0.3438  ]
[2026-08-17 12:07:31,900][__main__][INFO] - [RANK 0] [ Train | Step: 85500  |  loss : 0.2774 | accuracy : 0.8737 | opt_sps : 73.3453  ]
[2026-08-17 12:07:32,244][__main__][INFO] - [RANK 0] [ Eval  | Step: 85500  |  loss : 0.3459 | accuracy : 0.8421 | eval_s : 0.3433  ]
[2026-08-17 12:07:38,989][__main__][INFO] - [RANK 0] [ Train | Step: 86000  |  loss : 0.2755 | accuracy : 0.8758 | opt_sps : 73.3498  ]
[2026-08-17 12:07:39,334][__main__][INFO] - [RANK 0] [ Eval  | Step: 86000  |  loss : 0.3430 | accuracy : 0.8420 | eval_s : 0.3436  ]
[2026-08-17 12:07:46,215][__main__][INFO] - [RANK 0] [ Train | Step: 86500  |  loss : 0.2778 | accuracy : 0.8739 | opt_sps : 73.3458  ]
[2026-08-17 12:07:46,559][__main__][INFO] - [RANK 0] [ Eval  | Step: 86500  |  loss : 0.3445 | accuracy : 0.8417 | eval_s : 0.3433  ]
[2026-08-17 12:07:53,334][__main__][INFO] - [RANK 0] [ Train | Step: 87000  |  loss : 0.2728 | accuracy : 0.8775 | opt_sps : 73.3484  ]
[2026-08-17 12:07:53,679][__main__][INFO] - [RANK 0] [ Eval  | Step: 87000  |  loss : 0.3429 | accuracy : 0.8429 | eval_s : 0.3439  ]
[2026-08-17 12:08:00,461][__main__][INFO] - [RANK 0] [ Train | Step: 87500  |  loss : 0.2772 | accuracy : 0.8735 | opt_sps : 73.3505  ]
[2026-08-17 12:08:00,805][__main__][INFO] - [RANK 0] [ Eval  | Step: 87500  |  loss : 0.3441 | accuracy : 0.8424 | eval_s : 0.3425  ]
[2026-08-17 12:08:07,607][__main__][INFO] - [RANK 0] [ Train | Step: 88000  |  loss : 0.2751 | accuracy : 0.8756 | opt_sps : 73.3513  ]
[2026-08-17 12:08:07,952][__main__][INFO] - [RANK 0] [ Eval  | Step: 88000  |  loss : 0.3432 | accuracy : 0.8425 | eval_s : 0.3438  ]
[2026-08-17 12:08:14,762][__main__][INFO] - [RANK 0] [ Train | Step: 88500  |  loss : 0.2780 | accuracy : 0.8738 | opt_sps : 73.3517  ]
[2026-08-17 12:08:15,107][__main__][INFO] - [RANK 0] [ Eval  | Step: 88500  |  loss : 0.3432 | accuracy : 0.8425 | eval_s : 0.3441  ]
[2026-08-17 12:08:21,881][__main__][INFO] - [RANK 0] [ Train | Step: 89000  |  loss : 0.2697 | accuracy : 0.8789 | opt_sps : 73.3543  ]
[2026-08-17 12:08:22,225][__main__][INFO] - [RANK 0] [ Eval  | Step: 89000  |  loss : 0.3438 | accuracy : 0.8436 | eval_s : 0.3433  ]
[2026-08-17 12:08:29,024][__main__][INFO] - [RANK 0] [ Train | Step: 89500  |  loss : 0.2718 | accuracy : 0.8781 | opt_sps : 73.3553  ]
[2026-08-17 12:08:29,370][__main__][INFO] - [RANK 0] [ Eval  | Step: 89500  |  loss : 0.3446 | accuracy : 0.8422 | eval_s : 0.3444  ]
[2026-08-17 12:08:36,242][__main__][INFO] - [RANK 0] [ Train | Step: 90000  |  loss : 0.2732 | accuracy : 0.8768 | opt_sps : 73.3519  ]
[2026-08-17 12:08:36,587][__main__][INFO] - [RANK 0] [ Eval  | Step: 90000  |  loss : 0.3432 | accuracy : 0.8430 | eval_s : 0.3439  ]
[2026-08-17 12:08:43,386][__main__][INFO] - [RANK 0] [ Train | Step: 90500  |  loss : 0.2715 | accuracy : 0.8774 | opt_sps : 73.3530  ]
[2026-08-17 12:08:43,730][__main__][INFO] - [RANK 0] [ Eval  | Step: 90500  |  loss : 0.3453 | accuracy : 0.8427 | eval_s : 0.3438  ]
[2026-08-17 12:08:50,535][__main__][INFO] - [RANK 0] [ Train | Step: 91000  |  loss : 0.2724 | accuracy : 0.8764 | opt_sps : 73.3537  ]
[2026-08-17 12:08:50,879][__main__][INFO] - [RANK 0] [ Eval  | Step: 91000  |  loss : 0.3453 | accuracy : 0.8420 | eval_s : 0.3438  ]
[2026-08-17 12:08:57,672][__main__][INFO] - [RANK 0] [ Train | Step: 91500  |  loss : 0.2725 | accuracy : 0.8764 | opt_sps : 73.3551  ]
[2026-08-17 12:08:58,017][__main__][INFO] - [RANK 0] [ Eval  | Step: 91500  |  loss : 0.3437 | accuracy : 0.8425 | eval_s : 0.3441  ]
[2026-08-17 12:09:04,814][__main__][INFO] - [RANK 0] [ Train | Step: 92000  |  loss : 0.2723 | accuracy : 0.8767 | opt_sps : 73.3562  ]
[2026-08-17 12:09:05,159][__main__][INFO] - [RANK 0] [ Eval  | Step: 92000  |  loss : 0.3435 | accuracy : 0.8432 | eval_s : 0.3431  ]
[2026-08-17 12:09:11,920][__main__][INFO] - [RANK 0] [ Train | Step: 92500  |  loss : 0.2736 | accuracy : 0.8767 | opt_sps : 73.3593  ]
[2026-08-17 12:09:12,264][__main__][INFO] - [RANK 0] [ Eval  | Step: 92500  |  loss : 0.3456 | accuracy : 0.8418 | eval_s : 0.3430  ]
[2026-08-17 12:09:18,998][__main__][INFO] - [RANK 0] [ Train | Step: 93000  |  loss : 0.2713 | accuracy : 0.8771 | opt_sps : 73.3641  ]
[2026-08-17 12:09:19,341][__main__][INFO] - [RANK 0] [ Eval  | Step: 93000  |  loss : 0.3444 | accuracy : 0.8422 | eval_s : 0.3423  ]
[2026-08-17 12:09:26,183][__main__][INFO] - [RANK 0] [ Train | Step: 93500  |  loss : 0.2669 | accuracy : 0.8803 | opt_sps : 73.3626  ]
[2026-08-17 12:09:26,526][__main__][INFO] - [RANK 0] [ Eval  | Step: 93500  |  loss : 0.3442 | accuracy : 0.8429 | eval_s : 0.3425  ]
[2026-08-17 12:09:33,430][__main__][INFO] - [RANK 0] [ Train | Step: 94000  |  loss : 0.2693 | accuracy : 0.8785 | opt_sps : 73.3575  ]
[2026-08-17 12:09:33,774][__main__][INFO] - [RANK 0] [ Eval  | Step: 94000  |  loss : 0.3430 | accuracy : 0.8423 | eval_s : 0.3432  ]
[2026-08-17 12:09:40,568][__main__][INFO] - [RANK 0] [ Train | Step: 94500  |  loss : 0.2717 | accuracy : 0.8769 | opt_sps : 73.3588  ]
[2026-08-17 12:09:40,913][__main__][INFO] - [RANK 0] [ Eval  | Step: 94500  |  loss : 0.3446 | accuracy : 0.8418 | eval_s : 0.3436  ]
[2026-08-17 12:09:47,820][__main__][INFO] - [RANK 0] [ Train | Step: 95000  |  loss : 0.2698 | accuracy : 0.8783 | opt_sps : 73.3536  ]
[2026-08-17 12:09:48,164][__main__][INFO] - [RANK 0] [ Eval  | Step: 95000  |  loss : 0.3448 | accuracy : 0.8427 | eval_s : 0.3433  ]
[2026-08-17 12:09:55,011][__main__][INFO] - [RANK 0] [ Train | Step: 95500  |  loss : 0.2711 | accuracy : 0.8786 | opt_sps : 73.3519  ]
[2026-08-17 12:09:55,356][__main__][INFO] - [RANK 0] [ Eval  | Step: 95500  |  loss : 0.3450 | accuracy : 0.8436 | eval_s : 0.3437  ]
[2026-08-17 12:10:02,200][__main__][INFO] - [RANK 0] [ Train | Step: 96000  |  loss : 0.2716 | accuracy : 0.8769 | opt_sps : 73.3503  ]
[2026-08-17 12:10:02,544][__main__][INFO] - [RANK 0] [ Eval  | Step: 96000  |  loss : 0.3448 | accuracy : 0.8428 | eval_s : 0.3433  ]
[2026-08-17 12:10:09,345][__main__][INFO] - [RANK 0] [ Train | Step: 96500  |  loss : 0.2709 | accuracy : 0.8779 | opt_sps : 73.3512  ]
[2026-08-17 12:10:09,689][__main__][INFO] - [RANK 0] [ Eval  | Step: 96500  |  loss : 0.3445 | accuracy : 0.8435 | eval_s : 0.3435  ]
[2026-08-17 12:10:16,518][__main__][INFO] - [RANK 0] [ Train | Step: 97000  |  loss : 0.2724 | accuracy : 0.8768 | opt_sps : 73.3505  ]
[2026-08-17 12:10:16,863][__main__][INFO] - [RANK 0] [ Eval  | Step: 97000  |  loss : 0.3440 | accuracy : 0.8433 | eval_s : 0.3434  ]
[2026-08-17 12:10:23,655][__main__][INFO] - [RANK 0] [ Train | Step: 97500  |  loss : 0.2710 | accuracy : 0.8778 | opt_sps : 73.3519  ]
[2026-08-17 12:10:23,999][__main__][INFO] - [RANK 0] [ Eval  | Step: 97500  |  loss : 0.3444 | accuracy : 0.8429 | eval_s : 0.3431  ]
[2026-08-17 12:10:30,810][__main__][INFO] - [RANK 0] [ Train | Step: 98000  |  loss : 0.2694 | accuracy : 0.8784 | opt_sps : 73.3521  ]
[2026-08-17 12:10:31,155][__main__][INFO] - [RANK 0] [ Eval  | Step: 98000  |  loss : 0.3443 | accuracy : 0.8431 | eval_s : 0.3437  ]
[2026-08-17 12:10:37,994][__main__][INFO] - [RANK 0] [ Train | Step: 98500  |  loss : 0.2711 | accuracy : 0.8782 | opt_sps : 73.3509  ]
[2026-08-17 12:10:38,339][__main__][INFO] - [RANK 0] [ Eval  | Step: 98500  |  loss : 0.3445 | accuracy : 0.8426 | eval_s : 0.3440  ]
[2026-08-17 12:10:45,136][__main__][INFO] - [RANK 0] [ Train | Step: 99000  |  loss : 0.2697 | accuracy : 0.8782 | opt_sps : 73.3519  ]
[2026-08-17 12:10:45,481][__main__][INFO] - [RANK 0] [ Eval  | Step: 99000  |  loss : 0.3442 | accuracy : 0.8424 | eval_s : 0.3435  ]
[2026-08-17 12:10:52,276][__main__][INFO] - [RANK 0] [ Train | Step: 99500  |  loss : 0.2676 | accuracy : 0.8802 | opt_sps : 73.3531  ]
[2026-08-17 12:10:52,620][__main__][INFO] - [RANK 0] [ Eval  | Step: 99500  |  loss : 0.3441 | accuracy : 0.8420 | eval_s : 0.3432  ]
[2026-08-17 12:10:59,390][__main__][INFO] - [RANK 0] [ Train | Step: 100000 |  loss : 0.2710 | accuracy : 0.8775 | opt_sps : 73.3555  ]
[2026-08-17 12:10:59,734][__main__][INFO] - [RANK 0] [ Eval  | Step: 100000 |  loss : 0.3442 | accuracy : 0.8433 | eval_s : 0.3426  ]
[2026-08-17 12:10:59,736][__main__][INFO] - [RANK 0] loading best model
[2026-08-17 12:10:59,740][__main__][INFO] - [RANK 0] [Eval  | Summary |  best_loss : 0.3397 | best_step : 74000.0000 ]
[2026-08-17 12:11:00,083][__main__][INFO] - [RANK 0] [Test  | Summary |  model/phase_R : 0.9672 | model/gate_offdiag : 0.9406 | model/vote_agreement : 0.6660 | model/evidence_ratio : 85.0657 | loss/cross_entropy : 0.3332 | loss/loss : 0.3332 | callbacks/accuracy : 0.8431 | callbacks/non_relational_accuracy : 0.9998 | callbacks/binary_accuracy : 0.8834 | callbacks/ternary_accuracy : 0.6461 | callbacks/query_shape_accuracy : 0.9995 | callbacks/left_of_centre_accuracy : 1.0000 | callbacks/top_half_accuracy : 1.0000 | callbacks/closest_shape_accuracy : 0.7918 | callbacks/furthest_shape_accuracy : 0.8653 | callbacks/count_same_shape_accuracy : 0.9991 | callbacks/count_in_box_accuracy : 0.7715 | callbacks/on_band_accuracy : 0.6926 | callbacks/count_obtuse_accuracy : 0.4702 | timing/eval_s : 0.3430 ]
wandb: updating run metadata
wandb: uploading output.log
wandb: 
wandb: Run history:
wandb:                  eval_callbacks/accuracy ▁▃▃▄▅▅▆▆▆▆▆▇▇▆▇▇▇███████████████████████
wandb:           eval_callbacks/binary_accuracy ▁▁▂▁▂▄▂▅▆▆▆▆▆▆▆▇▅▇▆▆▇▇▇▇████████████████
wandb:    eval_callbacks/closest_shape_accuracy ▁▄▄▅▅▅▆▆▆▆▇▆▇▇▇▇█▇▇█████████████████████
wandb:     eval_callbacks/count_in_box_accuracy ▁▁▁▁▁▁▁▁▁▁▁▂▂▂▃▄▄▅▅▆▆▆▆▇▆▆▇▇▇▇▇██▇██▇██▇
wandb:     eval_callbacks/count_obtuse_accuracy ▅▁▅▅▅▅▄▅▅▅▅▅▅▅▅▅▅▅▆▆▆▇▇▇███████▇██████▇█
wandb: eval_callbacks/count_same_shape_accuracy ▂▂▂▂▁▁▆▇▆▇██▇▅█▇████████████████████████
wandb:   eval_callbacks/furthest_shape_accuracy ▁▃▄▃▄▄▄▄▄▄▄▄▅▅▅▅▆▆▇▇▇▇▇▇████████████████
wandb:   eval_callbacks/left_of_centre_accuracy ▄▁▆▇▇██▇██▇███▇█▇██▇████████████████████
wandb:   eval_callbacks/non_relational_accuracy ▁▅▅▇▇███████████████████████████████████
wandb:          eval_callbacks/on_band_accuracy ▁▁▁▁▂▁▂▂▂▂▅▅▅▅▆▆▆▆▅▆▆▆▆▇▇▇▇▇▇▇██████████
wandb:                                      +32 ...
wandb: 
wandb: Run summary:
wandb:                           eval/best_loss 0.33969
wandb:                           eval/best_step 74000
wandb:                  eval_callbacks/accuracy 0.84333
wandb:           eval_callbacks/binary_accuracy 0.88282
wandb:    eval_callbacks/closest_shape_accuracy 0.78477
wandb:     eval_callbacks/count_in_box_accuracy 0.75916
wandb:     eval_callbacks/count_obtuse_accuracy 0.47629
wandb: eval_callbacks/count_same_shape_accuracy 0.99905
wandb:   eval_callbacks/furthest_shape_accuracy 0.86546
wandb:   eval_callbacks/left_of_centre_accuracy 0.99969
wandb:                                      +54 ...
wandb: 
wandb: 🚀 View run sort_of_clevr/syncnet::multirun::2026-08-17_07-27-27::11 at: https://wandb.ai/niks_priv/sort_of_clevr/runs/3k0tj0zt
wandb: ⭐️ View project at: https://wandb.ai/niks_priv/sort_of_clevr
wandb: Synced 5 W&B file(s), 0 media file(s), 0 artifact file(s) and 0 other file(s)
wandb: Find logs at: ./outputs/sort_of_clevr/multirun/2026-08-17_07-27-27/11/wandb/run-20260817_114706-3k0tj0zt/logs
