[2026-08-17 12:11:04,283][HYDRA] Launching 9 jobs locally
[2026-08-17 12:11:04,283][HYDRA] 	#0 : model.n_modules=4 train.seed=0 task=sort_of_clevr experiment=sort_of_clevr/syncnet/scale_free
wandb: [wandb.login()] Loaded credentials for https://api.wandb.ai from /home/nik/.netrc.
wandb: Currently logged in as: nikiwillems9 (niks_priv) to https://api.wandb.ai. Use `wandb login --relogin` to force relogin
wandb: setting up run zuhlho5j
wandb: Tracking run with wandb version 0.27.2
wandb: Run data is saved locally in /home/nik/workspace/ImperialWork/msc_project/SyncNetProject/outputs/sort_of_clevr/multirun/2026-08-17_12-11-03/0/wandb/run-20260817_121106-zuhlho5j
wandb: Run `wandb offline` to turn off syncing.
wandb: Syncing run sort_of_clevr/syncnet::multirun::2026-08-17_12-11-03::0
wandb: ⭐️ View project at https://wandb.ai/niks_priv/sort_of_clevr
wandb: 🚀 View run at https://wandb.ai/niks_priv/sort_of_clevr/runs/zuhlho5j
[2026-08-17 12:11:07,817][__main__][INFO] - [RANK 0] Starting training
[2026-08-17 12:11:07,817][__main__][INFO] - [RANK 0] Model: SortOfClevrSyncNet
[2026-08-17 12:11:07,818][__main__][INFO] - [RANK 0] Parameters: total=332368
[2026-08-17 12:11:07,820][__main__][INFO] - [RANK 0] Config:
train:
  seed: 0
  n_steps: 100000
  train_bs: 256
  val_bs: 1024
  early_stop_metric: loss
  early_stop_big_is_better: false
  early_stop_patience: 1000000
  early_stop_min_delta: 0.0
  mixed_precision: bf16
  compile_model: false
  grad_accum: 1
  grad_clip: 1.0
  loader_mode: gpu_cached
  num_workers: 0
logging:
  eval_log_interval: 500
  train_log_interval: 500
  info_metrics:
  - loss
  - accuracy
  save_best: true
wandb:
  enabled: true
  project_name: sort_of_clevr
  entity: niks_priv
  tags: []
  run_name: null
optim:
  optimiser: adamw
  lr: 0.0003
  weight_decay: 0.01
  lr_scheduler: warmup_cosine
  lr_scheduler_params:
    warmup_steps: 2000
dataset:
  name: sort_of_clevr
  root: ./data
  dir: sort_of_clevr-seed1-train36000-test1000-img75-obj5-q10-t-1
  seed: 1
  train_size: 36000
  test_size: 1000
  img_size: 75
  obj_size: 5
  nb_questions: 10
  t_subtype: -1
model:
  name: sort_of_clevr_syncnet
  q_conditioning: film
  q_emb_dim: 32
  partition: none
  use_pos_emb: true
  n_modules: 4
  module_dim: 128
  content_dim: 8
  query_hidden: 64
  beta_init: 5.0
  learn_beta: true
  use_module_embed: false
  embed_scale: 1.0
  gate_mode: phase
  T: 6
  dt: 0.1
  omega_init: 0.5
  learn_omega: true
  k_hidden: 64
  deterministic_phase: false
  msg_dim: 64
  msg_agg: mean
  readout_mode: sum
  hidden_dim: 128
  use_prior_head: true
  vote_sees_q: true
  encoder:
    name: patchify
    ch: 128
    patch_size: 5
    hidden: 64
callbacks:
- name: accuracy
- name: qtype_accuracy
- name: subtype_accuracy

[2026-08-17 12:11:07,821][__main__][INFO] - [RANK 0] Full model:
SortOfClevrSyncNet(
  (inner): VQASyncNet(
    (q_encoder): IdentityQuestionEncoder()
    (film_gamma): Linear(in_features=18, out_features=128, bias=True)
    (film_beta): Linear(in_features=18, out_features=128, bias=True)
    (encoders): ModuleList(
      (0): PatchifyEncoder(
        (patchify): Conv2d(3, 128, kernel_size=(5, 5), stride=(5, 5))
      )
    )
    (norms): ModuleList(
      (0): GroupNorm(8, 128, eps=1e-05, affine=True, bias=True)
    )
    (h_init): Sequential(
      (0): Linear(in_features=18, out_features=64, bias=True)
      (1): GELU(approximate='none')
      (2): Linear(in_features=64, out_features=512, bias=True)
    )
    (attn_query): Linear(in_features=128, out_features=128, bias=True)
    (msg_proj): Linear(in_features=128, out_features=64, bias=True)
    (cell): GRUCell(192, 128)
    (k_mlp): Sequential(
      (0): Linear(in_features=256, out_features=64, bias=True)
      (1): GELU(approximate='none')
      (2): Linear(in_features=64, out_features=1, bias=True)
      (3): Tanh()
    )
    (content_head): Linear(in_features=128, out_features=8, bias=True)
    (vote_heads): ModuleList(
      (0-3): 4 x Sequential(
        (0): Linear(in_features=154, out_features=128, bias=True)
        (1): GELU(approximate='none')
        (2): Linear(in_features=128, out_features=10, bias=True)
      )
    )
    (prior_head): Sequential(
      (0): Linear(in_features=18, out_features=128, bias=True)
      (1): GELU(approximate='none')
      (2): Linear(in_features=128, out_features=10, bias=True)
    )
  )
)
[2026-08-17 12:11:14,465][__main__][INFO] - [RANK 0] [ Train | Step: 500    |  loss : 1.4770 | accuracy : 0.3818 | opt_sps : 75.2658  ]
[2026-08-17 12:11:14,763][__main__][INFO] - [RANK 0] [ Eval  | Step: 500    |  loss : 0.8874 | accuracy : 0.5015 | eval_s : 0.2969  ]
[2026-08-17 12:11:21,086][__main__][INFO] - [RANK 0] [ Train | Step: 1000   |  loss : 0.8795 | accuracy : 0.5012 | opt_sps : 77.1251  ]
[2026-08-17 12:11:21,381][__main__][INFO] - [RANK 0] [ Eval  | Step: 1000   |  loss : 0.8748 | accuracy : 0.5161 | eval_s : 0.2937  ]
[2026-08-17 12:11:27,713][__main__][INFO] - [RANK 0] [ Train | Step: 1500   |  loss : 0.8717 | accuracy : 0.5159 | opt_sps : 77.7316  ]
[2026-08-17 12:11:28,008][__main__][INFO] - [RANK 0] [ Eval  | Step: 1500   |  loss : 0.8706 | accuracy : 0.5161 | eval_s : 0.2938  ]
[2026-08-17 12:11:34,441][__main__][INFO] - [RANK 0] [ Train | Step: 2000   |  loss : 0.8677 | accuracy : 0.5215 | opt_sps : 77.7310  ]
[2026-08-17 12:11:34,736][__main__][INFO] - [RANK 0] [ Eval  | Step: 2000   |  loss : 0.8655 | accuracy : 0.5251 | eval_s : 0.2936  ]
[2026-08-17 12:11:41,076][__main__][INFO] - [RANK 0] [ Train | Step: 2500   |  loss : 0.8614 | accuracy : 0.5258 | opt_sps : 77.9555  ]
[2026-08-17 12:11:41,370][__main__][INFO] - [RANK 0] [ Eval  | Step: 2500   |  loss : 0.8614 | accuracy : 0.5247 | eval_s : 0.2934  ]
[2026-08-17 12:11:47,789][__main__][INFO] - [RANK 0] [ Train | Step: 3000   |  loss : 0.8541 | accuracy : 0.5294 | opt_sps : 77.9471  ]
[2026-08-17 12:11:48,087][__main__][INFO] - [RANK 0] [ Eval  | Step: 3000   |  loss : 0.8559 | accuracy : 0.5336 | eval_s : 0.2962  ]
[2026-08-17 12:11:54,415][__main__][INFO] - [RANK 0] [ Train | Step: 3500   |  loss : 0.8471 | accuracy : 0.5341 | opt_sps : 78.0986  ]
[2026-08-17 12:11:54,710][__main__][INFO] - [RANK 0] [ Eval  | Step: 3500   |  loss : 0.8439 | accuracy : 0.5366 | eval_s : 0.2939  ]
[2026-08-17 12:12:01,038][__main__][INFO] - [RANK 0] [ Train | Step: 4000   |  loss : 0.8447 | accuracy : 0.5372 | opt_sps : 78.2126  ]
[2026-08-17 12:12:01,333][__main__][INFO] - [RANK 0] [ Eval  | Step: 4000   |  loss : 0.8441 | accuracy : 0.5388 | eval_s : 0.2939  ]
[2026-08-17 12:12:07,641][__main__][INFO] - [RANK 0] [ Train | Step: 4500   |  loss : 0.8380 | accuracy : 0.5438 | opt_sps : 78.3273  ]
[2026-08-17 12:12:07,935][__main__][INFO] - [RANK 0] [ Eval  | Step: 4500   |  loss : 0.8630 | accuracy : 0.5349 | eval_s : 0.2930  ]
[2026-08-17 12:12:14,228][__main__][INFO] - [RANK 0] [ Train | Step: 5000   |  loss : 0.8276 | accuracy : 0.5532 | opt_sps : 78.4386  ]
[2026-08-17 12:12:14,523][__main__][INFO] - [RANK 0] [ Eval  | Step: 5000   |  loss : 0.8251 | accuracy : 0.5539 | eval_s : 0.2938  ]
[2026-08-17 12:12:20,826][__main__][INFO] - [RANK 0] [ Train | Step: 5500   |  loss : 0.8251 | accuracy : 0.5531 | opt_sps : 78.5192  ]
[2026-08-17 12:12:21,121][__main__][INFO] - [RANK 0] [ Eval  | Step: 5500   |  loss : 0.8204 | accuracy : 0.5558 | eval_s : 0.2939  ]
[2026-08-17 12:12:27,433][__main__][INFO] - [RANK 0] [ Train | Step: 6000   |  loss : 0.8197 | accuracy : 0.5544 | opt_sps : 78.5772  ]
[2026-08-17 12:12:27,728][__main__][INFO] - [RANK 0] [ Eval  | Step: 6000   |  loss : 0.8205 | accuracy : 0.5526 | eval_s : 0.2942  ]
[2026-08-17 12:12:34,034][__main__][INFO] - [RANK 0] [ Train | Step: 6500   |  loss : 0.8132 | accuracy : 0.5616 | opt_sps : 78.6317  ]
[2026-08-17 12:12:34,328][__main__][INFO] - [RANK 0] [ Eval  | Step: 6500   |  loss : 0.8123 | accuracy : 0.5621 | eval_s : 0.2933  ]
[2026-08-17 12:12:40,692][__main__][INFO] - [RANK 0] [ Train | Step: 7000   |  loss : 0.8005 | accuracy : 0.5702 | opt_sps : 78.6281  ]
[2026-08-17 12:12:40,986][__main__][INFO] - [RANK 0] [ Eval  | Step: 7000   |  loss : 0.7945 | accuracy : 0.5717 | eval_s : 0.2935  ]
[2026-08-17 12:12:47,295][__main__][INFO] - [RANK 0] [ Train | Step: 7500   |  loss : 0.7969 | accuracy : 0.5732 | opt_sps : 78.6706  ]
[2026-08-17 12:12:47,590][__main__][INFO] - [RANK 0] [ Eval  | Step: 7500   |  loss : 0.7992 | accuracy : 0.5702 | eval_s : 0.2938  ]
[2026-08-17 12:12:53,905][__main__][INFO] - [RANK 0] [ Train | Step: 8000   |  loss : 0.7810 | accuracy : 0.5799 | opt_sps : 78.7017  ]
[2026-08-17 12:12:54,198][__main__][INFO] - [RANK 0] [ Eval  | Step: 8000   |  loss : 0.7604 | accuracy : 0.5941 | eval_s : 0.2927  ]
[2026-08-17 12:13:00,519][__main__][INFO] - [RANK 0] [ Train | Step: 8500   |  loss : 0.7503 | accuracy : 0.5990 | opt_sps : 78.7262  ]
[2026-08-17 12:13:00,813][__main__][INFO] - [RANK 0] [ Eval  | Step: 8500   |  loss : 0.7724 | accuracy : 0.5890 | eval_s : 0.2934  ]
[2026-08-17 12:13:07,137][__main__][INFO] - [RANK 0] [ Train | Step: 9000   |  loss : 0.7337 | accuracy : 0.6067 | opt_sps : 78.7447  ]
[2026-08-17 12:13:07,432][__main__][INFO] - [RANK 0] [ Eval  | Step: 9000   |  loss : 0.7153 | accuracy : 0.6134 | eval_s : 0.2940  ]
[2026-08-17 12:13:13,736][__main__][INFO] - [RANK 0] [ Train | Step: 9500   |  loss : 0.7200 | accuracy : 0.6127 | opt_sps : 78.7749  ]
[2026-08-17 12:13:14,030][__main__][INFO] - [RANK 0] [ Eval  | Step: 9500   |  loss : 0.7099 | accuracy : 0.6174 | eval_s : 0.2932  ]
[2026-08-17 12:13:20,375][__main__][INFO] - [RANK 0] [ Train | Step: 10000  |  loss : 0.7056 | accuracy : 0.6190 | opt_sps : 78.7771  ]
[2026-08-17 12:13:20,669][__main__][INFO] - [RANK 0] [ Eval  | Step: 10000  |  loss : 0.7042 | accuracy : 0.6183 | eval_s : 0.2933  ]
[2026-08-17 12:13:26,930][__main__][INFO] - [RANK 0] [ Train | Step: 10500  |  loss : 0.7023 | accuracy : 0.6234 | opt_sps : 78.8286  ]
[2026-08-17 12:13:27,224][__main__][INFO] - [RANK 0] [ Eval  | Step: 10500  |  loss : 0.6712 | accuracy : 0.6312 | eval_s : 0.2931  ]
[2026-08-17 12:13:33,484][__main__][INFO] - [RANK 0] [ Train | Step: 11000  |  loss : 0.6796 | accuracy : 0.6333 | opt_sps : 78.8757  ]
[2026-08-17 12:13:33,782][__main__][INFO] - [RANK 0] [ Eval  | Step: 11000  |  loss : 0.7166 | accuracy : 0.6180 | eval_s : 0.2969  ]
[2026-08-17 12:13:40,112][__main__][INFO] - [RANK 0] [ Train | Step: 11500  |  loss : 0.6781 | accuracy : 0.6310 | opt_sps : 78.8808  ]
[2026-08-17 12:13:40,407][__main__][INFO] - [RANK 0] [ Eval  | Step: 11500  |  loss : 0.6492 | accuracy : 0.6410 | eval_s : 0.2942  ]
[2026-08-17 12:13:46,728][__main__][INFO] - [RANK 0] [ Train | Step: 12000  |  loss : 0.6743 | accuracy : 0.6333 | opt_sps : 78.8906  ]
[2026-08-17 12:13:47,021][__main__][INFO] - [RANK 0] [ Eval  | Step: 12000  |  loss : 0.6390 | accuracy : 0.6456 | eval_s : 0.2926  ]
[2026-08-17 12:13:53,378][__main__][INFO] - [RANK 0] [ Train | Step: 12500  |  loss : 0.6563 | accuracy : 0.6421 | opt_sps : 78.8813  ]
[2026-08-17 12:13:53,673][__main__][INFO] - [RANK 0] [ Eval  | Step: 12500  |  loss : 0.6452 | accuracy : 0.6457 | eval_s : 0.2932  ]
[2026-08-17 12:13:59,905][__main__][INFO] - [RANK 0] [ Train | Step: 13000  |  loss : 0.6619 | accuracy : 0.6386 | opt_sps : 78.9320  ]
[2026-08-17 12:14:00,199][__main__][INFO] - [RANK 0] [ Eval  | Step: 13000  |  loss : 0.6361 | accuracy : 0.6437 | eval_s : 0.2930  ]
[2026-08-17 12:14:06,464][__main__][INFO] - [RANK 0] [ Train | Step: 13500  |  loss : 0.6539 | accuracy : 0.6435 | opt_sps : 78.9647  ]
[2026-08-17 12:14:06,757][__main__][INFO] - [RANK 0] [ Eval  | Step: 13500  |  loss : 0.6466 | accuracy : 0.6441 | eval_s : 0.2928  ]
[2026-08-17 12:14:13,014][__main__][INFO] - [RANK 0] [ Train | Step: 14000  |  loss : 0.6502 | accuracy : 0.6460 | opt_sps : 78.9982  ]
[2026-08-17 12:14:13,307][__main__][INFO] - [RANK 0] [ Eval  | Step: 14000  |  loss : 0.6900 | accuracy : 0.6266 | eval_s : 0.2924  ]
[2026-08-17 12:14:19,550][__main__][INFO] - [RANK 0] [ Train | Step: 14500  |  loss : 0.6560 | accuracy : 0.6448 | opt_sps : 79.0355  ]
[2026-08-17 12:14:19,844][__main__][INFO] - [RANK 0] [ Eval  | Step: 14500  |  loss : 0.6304 | accuracy : 0.6528 | eval_s : 0.2928  ]
[2026-08-17 12:14:26,088][__main__][INFO] - [RANK 0] [ Train | Step: 15000  |  loss : 0.6496 | accuracy : 0.6468 | opt_sps : 79.0699  ]
[2026-08-17 12:14:26,382][__main__][INFO] - [RANK 0] [ Eval  | Step: 15000  |  loss : 0.6227 | accuracy : 0.6493 | eval_s : 0.2926  ]
[2026-08-17 12:14:32,716][__main__][INFO] - [RANK 0] [ Train | Step: 15500  |  loss : 0.6423 | accuracy : 0.6482 | opt_sps : 79.0659  ]
[2026-08-17 12:14:33,010][__main__][INFO] - [RANK 0] [ Eval  | Step: 15500  |  loss : 0.6208 | accuracy : 0.6528 | eval_s : 0.2932  ]
[2026-08-17 12:14:39,334][__main__][INFO] - [RANK 0] [ Train | Step: 16000  |  loss : 0.6488 | accuracy : 0.6464 | opt_sps : 79.0660  ]
[2026-08-17 12:14:39,629][__main__][INFO] - [RANK 0] [ Eval  | Step: 16000  |  loss : 0.6241 | accuracy : 0.6557 | eval_s : 0.2939  ]
[2026-08-17 12:14:45,965][__main__][INFO] - [RANK 0] [ Train | Step: 16500  |  loss : 0.6326 | accuracy : 0.6518 | opt_sps : 79.0614  ]
[2026-08-17 12:14:46,260][__main__][INFO] - [RANK 0] [ Eval  | Step: 16500  |  loss : 0.6205 | accuracy : 0.6557 | eval_s : 0.2937  ]
[2026-08-17 12:14:52,591][__main__][INFO] - [RANK 0] [ Train | Step: 17000  |  loss : 0.6350 | accuracy : 0.6498 | opt_sps : 79.0591  ]
[2026-08-17 12:14:52,886][__main__][INFO] - [RANK 0] [ Eval  | Step: 17000  |  loss : 0.6194 | accuracy : 0.6577 | eval_s : 0.2944  ]
[2026-08-17 12:14:59,185][__main__][INFO] - [RANK 0] [ Train | Step: 17500  |  loss : 0.6391 | accuracy : 0.6504 | opt_sps : 79.0687  ]
[2026-08-17 12:14:59,479][__main__][INFO] - [RANK 0] [ Eval  | Step: 17500  |  loss : 0.6435 | accuracy : 0.6435 | eval_s : 0.2932  ]
[2026-08-17 12:15:05,752][__main__][INFO] - [RANK 0] [ Train | Step: 18000  |  loss : 0.6318 | accuracy : 0.6514 | opt_sps : 79.0861  ]
[2026-08-17 12:15:06,046][__main__][INFO] - [RANK 0] [ Eval  | Step: 18000  |  loss : 0.6287 | accuracy : 0.6450 | eval_s : 0.2928  ]
[2026-08-17 12:15:12,357][__main__][INFO] - [RANK 0] [ Train | Step: 18500  |  loss : 0.6389 | accuracy : 0.6511 | opt_sps : 79.0900  ]
[2026-08-17 12:15:12,651][__main__][INFO] - [RANK 0] [ Eval  | Step: 18500  |  loss : 0.6820 | accuracy : 0.6352 | eval_s : 0.2935  ]
[2026-08-17 12:15:18,998][__main__][INFO] - [RANK 0] [ Train | Step: 19000  |  loss : 0.6239 | accuracy : 0.6555 | opt_sps : 79.0818  ]
[2026-08-17 12:15:19,292][__main__][INFO] - [RANK 0] [ Eval  | Step: 19000  |  loss : 0.7276 | accuracy : 0.6248 | eval_s : 0.2936  ]
[2026-08-17 12:15:25,617][__main__][INFO] - [RANK 0] [ Train | Step: 19500  |  loss : 0.6230 | accuracy : 0.6561 | opt_sps : 79.0811  ]
[2026-08-17 12:15:25,911][__main__][INFO] - [RANK 0] [ Eval  | Step: 19500  |  loss : 0.6252 | accuracy : 0.6562 | eval_s : 0.2930  ]
[2026-08-17 12:15:32,221][__main__][INFO] - [RANK 0] [ Train | Step: 20000  |  loss : 0.6291 | accuracy : 0.6574 | opt_sps : 79.0849  ]
[2026-08-17 12:15:32,516][__main__][INFO] - [RANK 0] [ Eval  | Step: 20000  |  loss : 0.6294 | accuracy : 0.6546 | eval_s : 0.2936  ]
[2026-08-17 12:15:38,834][__main__][INFO] - [RANK 0] [ Train | Step: 20500  |  loss : 0.6281 | accuracy : 0.6546 | opt_sps : 79.0860  ]
[2026-08-17 12:15:39,128][__main__][INFO] - [RANK 0] [ Eval  | Step: 20500  |  loss : 0.6182 | accuracy : 0.6580 | eval_s : 0.2931  ]
[2026-08-17 12:15:45,409][__main__][INFO] - [RANK 0] [ Train | Step: 21000  |  loss : 0.6297 | accuracy : 0.6554 | opt_sps : 79.0986  ]
[2026-08-17 12:15:45,704][__main__][INFO] - [RANK 0] [ Eval  | Step: 21000  |  loss : 0.6229 | accuracy : 0.6553 | eval_s : 0.2938  ]
[2026-08-17 12:15:52,122][__main__][INFO] - [RANK 0] [ Train | Step: 21500  |  loss : 0.6198 | accuracy : 0.6583 | opt_sps : 79.0704  ]
[2026-08-17 12:15:52,417][__main__][INFO] - [RANK 0] [ Eval  | Step: 21500  |  loss : 0.6167 | accuracy : 0.6609 | eval_s : 0.2942  ]
[2026-08-17 12:15:58,732][__main__][INFO] - [RANK 0] [ Train | Step: 22000  |  loss : 0.6231 | accuracy : 0.6551 | opt_sps : 79.0730  ]
[2026-08-17 12:15:59,026][__main__][INFO] - [RANK 0] [ Eval  | Step: 22000  |  loss : 0.6223 | accuracy : 0.6553 | eval_s : 0.2930  ]
[2026-08-17 12:16:05,319][__main__][INFO] - [RANK 0] [ Train | Step: 22500  |  loss : 0.6224 | accuracy : 0.6580 | opt_sps : 79.0814  ]
[2026-08-17 12:16:05,613][__main__][INFO] - [RANK 0] [ Eval  | Step: 22500  |  loss : 0.6299 | accuracy : 0.6519 | eval_s : 0.2929  ]
[2026-08-17 12:16:11,966][__main__][INFO] - [RANK 0] [ Train | Step: 23000  |  loss : 0.6215 | accuracy : 0.6548 | opt_sps : 79.0732  ]
[2026-08-17 12:16:12,260][__main__][INFO] - [RANK 0] [ Eval  | Step: 23000  |  loss : 0.6205 | accuracy : 0.6573 | eval_s : 0.2933  ]
[2026-08-17 12:16:18,586][__main__][INFO] - [RANK 0] [ Train | Step: 23500  |  loss : 0.6200 | accuracy : 0.6573 | opt_sps : 79.0725  ]
[2026-08-17 12:16:18,879][__main__][INFO] - [RANK 0] [ Eval  | Step: 23500  |  loss : 0.6136 | accuracy : 0.6605 | eval_s : 0.2928  ]
[2026-08-17 12:16:25,178][__main__][INFO] - [RANK 0] [ Train | Step: 24000  |  loss : 0.6180 | accuracy : 0.6602 | opt_sps : 79.0792  ]
[2026-08-17 12:16:25,472][__main__][INFO] - [RANK 0] [ Eval  | Step: 24000  |  loss : 0.6150 | accuracy : 0.6576 | eval_s : 0.2929  ]
[2026-08-17 12:16:31,766][__main__][INFO] - [RANK 0] [ Train | Step: 24500  |  loss : 0.6117 | accuracy : 0.6620 | opt_sps : 79.0864  ]
[2026-08-17 12:16:32,061][__main__][INFO] - [RANK 0] [ Eval  | Step: 24500  |  loss : 0.6163 | accuracy : 0.6597 | eval_s : 0.2941  ]
[2026-08-17 12:16:38,375][__main__][INFO] - [RANK 0] [ Train | Step: 25000  |  loss : 0.6177 | accuracy : 0.6599 | opt_sps : 79.0884  ]
[2026-08-17 12:16:38,669][__main__][INFO] - [RANK 0] [ Eval  | Step: 25000  |  loss : 0.6201 | accuracy : 0.6529 | eval_s : 0.2934  ]
[2026-08-17 12:16:45,037][__main__][INFO] - [RANK 0] [ Train | Step: 25500  |  loss : 0.6233 | accuracy : 0.6589 | opt_sps : 79.0774  ]
[2026-08-17 12:16:45,332][__main__][INFO] - [RANK 0] [ Eval  | Step: 25500  |  loss : 0.6141 | accuracy : 0.6578 | eval_s : 0.2950  ]
[2026-08-17 12:16:51,649][__main__][INFO] - [RANK 0] [ Train | Step: 26000  |  loss : 0.6169 | accuracy : 0.6600 | opt_sps : 79.0789  ]
[2026-08-17 12:16:51,944][__main__][INFO] - [RANK 0] [ Eval  | Step: 26000  |  loss : 0.6190 | accuracy : 0.6565 | eval_s : 0.2942  ]
[2026-08-17 12:16:58,252][__main__][INFO] - [RANK 0] [ Train | Step: 26500  |  loss : 0.6152 | accuracy : 0.6610 | opt_sps : 79.0825  ]
[2026-08-17 12:16:58,547][__main__][INFO] - [RANK 0] [ Eval  | Step: 26500  |  loss : 0.6177 | accuracy : 0.6563 | eval_s : 0.2948  ]
[2026-08-17 12:17:04,854][__main__][INFO] - [RANK 0] [ Train | Step: 27000  |  loss : 0.6199 | accuracy : 0.6598 | opt_sps : 79.0860  ]
[2026-08-17 12:17:05,149][__main__][INFO] - [RANK 0] [ Eval  | Step: 27000  |  loss : 0.6400 | accuracy : 0.6466 | eval_s : 0.2940  ]
[2026-08-17 12:17:11,476][__main__][INFO] - [RANK 0] [ Train | Step: 27500  |  loss : 0.6096 | accuracy : 0.6643 | opt_sps : 79.0850  ]
[2026-08-17 12:17:11,771][__main__][INFO] - [RANK 0] [ Eval  | Step: 27500  |  loss : 0.6934 | accuracy : 0.6371 | eval_s : 0.2946  ]
[2026-08-17 12:17:18,103][__main__][INFO] - [RANK 0] [ Train | Step: 28000  |  loss : 0.6141 | accuracy : 0.6612 | opt_sps : 79.0830  ]
[2026-08-17 12:17:18,398][__main__][INFO] - [RANK 0] [ Eval  | Step: 28000  |  loss : 0.6134 | accuracy : 0.6568 | eval_s : 0.2940  ]
[2026-08-17 12:17:24,724][__main__][INFO] - [RANK 0] [ Train | Step: 28500  |  loss : 0.6122 | accuracy : 0.6596 | opt_sps : 79.0825  ]
[2026-08-17 12:17:25,020][__main__][INFO] - [RANK 0] [ Eval  | Step: 28500  |  loss : 0.6167 | accuracy : 0.6554 | eval_s : 0.2950  ]
[2026-08-17 12:17:31,338][__main__][INFO] - [RANK 0] [ Train | Step: 29000  |  loss : 0.6157 | accuracy : 0.6587 | opt_sps : 79.0835  ]
[2026-08-17 12:17:31,632][__main__][INFO] - [RANK 0] [ Eval  | Step: 29000  |  loss : 0.6149 | accuracy : 0.6602 | eval_s : 0.2935  ]
[2026-08-17 12:17:37,964][__main__][INFO] - [RANK 0] [ Train | Step: 29500  |  loss : 0.6110 | accuracy : 0.6616 | opt_sps : 79.0815  ]
[2026-08-17 12:17:38,262][__main__][INFO] - [RANK 0] [ Eval  | Step: 29500  |  loss : 0.6206 | accuracy : 0.6523 | eval_s : 0.2975  ]
[2026-08-17 12:17:44,603][__main__][INFO] - [RANK 0] [ Train | Step: 30000  |  loss : 0.6111 | accuracy : 0.6623 | opt_sps : 79.0777  ]
[2026-08-17 12:17:44,896][__main__][INFO] - [RANK 0] [ Eval  | Step: 30000  |  loss : 0.6145 | accuracy : 0.6610 | eval_s : 0.2928  ]
[2026-08-17 12:17:51,176][__main__][INFO] - [RANK 0] [ Train | Step: 30500  |  loss : 0.6073 | accuracy : 0.6648 | opt_sps : 79.0866  ]
[2026-08-17 12:17:51,469][__main__][INFO] - [RANK 0] [ Eval  | Step: 30500  |  loss : 0.6417 | accuracy : 0.6502 | eval_s : 0.2926  ]
[2026-08-17 12:17:57,812][__main__][INFO] - [RANK 0] [ Train | Step: 31000  |  loss : 0.6152 | accuracy : 0.6621 | opt_sps : 79.0824  ]
[2026-08-17 12:17:58,106][__main__][INFO] - [RANK 0] [ Eval  | Step: 31000  |  loss : 0.6163 | accuracy : 0.6596 | eval_s : 0.2927  ]
[2026-08-17 12:18:04,368][__main__][INFO] - [RANK 0] [ Train | Step: 31500  |  loss : 0.6095 | accuracy : 0.6639 | opt_sps : 79.0945  ]
[2026-08-17 12:18:04,661][__main__][INFO] - [RANK 0] [ Eval  | Step: 31500  |  loss : 0.6435 | accuracy : 0.6494 | eval_s : 0.2926  ]
[2026-08-17 12:18:10,934][__main__][INFO] - [RANK 0] [ Train | Step: 32000  |  loss : 0.6098 | accuracy : 0.6659 | opt_sps : 79.1040  ]
[2026-08-17 12:18:11,229][__main__][INFO] - [RANK 0] [ Eval  | Step: 32000  |  loss : 0.6097 | accuracy : 0.6657 | eval_s : 0.2937  ]
[2026-08-17 12:18:17,571][__main__][INFO] - [RANK 0] [ Train | Step: 32500  |  loss : 0.6067 | accuracy : 0.6698 | opt_sps : 79.1000  ]
[2026-08-17 12:18:17,865][__main__][INFO] - [RANK 0] [ Eval  | Step: 32500  |  loss : 0.6115 | accuracy : 0.6680 | eval_s : 0.2929  ]
[2026-08-17 12:18:24,279][__main__][INFO] - [RANK 0] [ Train | Step: 33000  |  loss : 0.6046 | accuracy : 0.6751 | opt_sps : 79.0824  ]
[2026-08-17 12:18:24,574][__main__][INFO] - [RANK 0] [ Eval  | Step: 33000  |  loss : 0.6061 | accuracy : 0.6763 | eval_s : 0.2937  ]
[2026-08-17 12:18:30,939][__main__][INFO] - [RANK 0] [ Train | Step: 33500  |  loss : 0.5975 | accuracy : 0.6860 | opt_sps : 79.0744  ]
[2026-08-17 12:18:31,233][__main__][INFO] - [RANK 0] [ Eval  | Step: 33500  |  loss : 0.5813 | accuracy : 0.7009 | eval_s : 0.2930  ]
[2026-08-17 12:18:37,560][__main__][INFO] - [RANK 0] [ Train | Step: 34000  |  loss : 0.5739 | accuracy : 0.7090 | opt_sps : 79.0740  ]
[2026-08-17 12:18:37,855][__main__][INFO] - [RANK 0] [ Eval  | Step: 34000  |  loss : 0.5570 | accuracy : 0.7165 | eval_s : 0.2941  ]
[2026-08-17 12:18:44,223][__main__][INFO] - [RANK 0] [ Train | Step: 34500  |  loss : 0.5449 | accuracy : 0.7278 | opt_sps : 79.0659  ]
[2026-08-17 12:18:44,518][__main__][INFO] - [RANK 0] [ Eval  | Step: 34500  |  loss : 0.5488 | accuracy : 0.7255 | eval_s : 0.2933  ]
[2026-08-17 12:18:50,846][__main__][INFO] - [RANK 0] [ Train | Step: 35000  |  loss : 0.5264 | accuracy : 0.7362 | opt_sps : 79.0653  ]
[2026-08-17 12:18:51,140][__main__][INFO] - [RANK 0] [ Eval  | Step: 35000  |  loss : 0.5415 | accuracy : 0.7276 | eval_s : 0.2936  ]
[2026-08-17 12:18:57,447][__main__][INFO] - [RANK 0] [ Train | Step: 35500  |  loss : 0.5184 | accuracy : 0.7385 | opt_sps : 79.0684  ]
[2026-08-17 12:18:57,741][__main__][INFO] - [RANK 0] [ Eval  | Step: 35500  |  loss : 0.5364 | accuracy : 0.7297 | eval_s : 0.2936  ]
[2026-08-17 12:19:04,082][__main__][INFO] - [RANK 0] [ Train | Step: 36000  |  loss : 0.5136 | accuracy : 0.7406 | opt_sps : 79.0657  ]
[2026-08-17 12:19:04,376][__main__][INFO] - [RANK 0] [ Eval  | Step: 36000  |  loss : 0.5142 | accuracy : 0.7427 | eval_s : 0.2934  ]
[2026-08-17 12:19:10,700][__main__][INFO] - [RANK 0] [ Train | Step: 36500  |  loss : 0.4989 | accuracy : 0.7523 | opt_sps : 79.0658  ]
[2026-08-17 12:19:10,996][__main__][INFO] - [RANK 0] [ Eval  | Step: 36500  |  loss : 0.4835 | accuracy : 0.7630 | eval_s : 0.2944  ]
[2026-08-17 12:19:17,326][__main__][INFO] - [RANK 0] [ Train | Step: 37000  |  loss : 0.4770 | accuracy : 0.7655 | opt_sps : 79.0648  ]
[2026-08-17 12:19:17,621][__main__][INFO] - [RANK 0] [ Eval  | Step: 37000  |  loss : 0.4757 | accuracy : 0.7668 | eval_s : 0.2941  ]
[2026-08-17 12:19:23,909][__main__][INFO] - [RANK 0] [ Train | Step: 37500  |  loss : 0.4704 | accuracy : 0.7670 | opt_sps : 79.0708  ]
[2026-08-17 12:19:24,205][__main__][INFO] - [RANK 0] [ Eval  | Step: 37500  |  loss : 0.4707 | accuracy : 0.7675 | eval_s : 0.2946  ]
[2026-08-17 12:19:30,528][__main__][INFO] - [RANK 0] [ Train | Step: 38000  |  loss : 0.4705 | accuracy : 0.7669 | opt_sps : 79.0710  ]
[2026-08-17 12:19:30,823][__main__][INFO] - [RANK 0] [ Eval  | Step: 38000  |  loss : 0.4658 | accuracy : 0.7689 | eval_s : 0.2937  ]
[2026-08-17 12:19:37,140][__main__][INFO] - [RANK 0] [ Train | Step: 38500  |  loss : 0.4652 | accuracy : 0.7694 | opt_sps : 79.0722  ]
[2026-08-17 12:19:37,434][__main__][INFO] - [RANK 0] [ Eval  | Step: 38500  |  loss : 0.4651 | accuracy : 0.7672 | eval_s : 0.2938  ]
[2026-08-17 12:19:43,852][__main__][INFO] - [RANK 0] [ Train | Step: 39000  |  loss : 0.4626 | accuracy : 0.7712 | opt_sps : 79.0572  ]
[2026-08-17 12:19:44,146][__main__][INFO] - [RANK 0] [ Eval  | Step: 39000  |  loss : 0.4616 | accuracy : 0.7711 | eval_s : 0.2930  ]
[2026-08-17 12:19:50,400][__main__][INFO] - [RANK 0] [ Train | Step: 39500  |  loss : 0.4637 | accuracy : 0.7701 | opt_sps : 79.0686  ]
[2026-08-17 12:19:50,693][__main__][INFO] - [RANK 0] [ Eval  | Step: 39500  |  loss : 0.4614 | accuracy : 0.7689 | eval_s : 0.2926  ]
[2026-08-17 12:19:57,036][__main__][INFO] - [RANK 0] [ Train | Step: 40000  |  loss : 0.4614 | accuracy : 0.7694 | opt_sps : 79.0657  ]
[2026-08-17 12:19:57,329][__main__][INFO] - [RANK 0] [ Eval  | Step: 40000  |  loss : 0.4608 | accuracy : 0.7726 | eval_s : 0.2926  ]
[2026-08-17 12:20:03,619][__main__][INFO] - [RANK 0] [ Train | Step: 40500  |  loss : 0.4627 | accuracy : 0.7704 | opt_sps : 79.0710  ]
[2026-08-17 12:20:03,914][__main__][INFO] - [RANK 0] [ Eval  | Step: 40500  |  loss : 0.4644 | accuracy : 0.7704 | eval_s : 0.2939  ]
[2026-08-17 12:20:10,248][__main__][INFO] - [RANK 0] [ Train | Step: 41000  |  loss : 0.4623 | accuracy : 0.7714 | opt_sps : 79.0695  ]
[2026-08-17 12:20:10,542][__main__][INFO] - [RANK 0] [ Eval  | Step: 41000  |  loss : 0.4641 | accuracy : 0.7696 | eval_s : 0.2934  ]
[2026-08-17 12:20:16,856][__main__][INFO] - [RANK 0] [ Train | Step: 41500  |  loss : 0.4578 | accuracy : 0.7710 | opt_sps : 79.0709  ]
[2026-08-17 12:20:17,150][__main__][INFO] - [RANK 0] [ Eval  | Step: 41500  |  loss : 0.4656 | accuracy : 0.7708 | eval_s : 0.2926  ]
[2026-08-17 12:20:23,411][__main__][INFO] - [RANK 0] [ Train | Step: 42000  |  loss : 0.4577 | accuracy : 0.7717 | opt_sps : 79.0802  ]
[2026-08-17 12:20:23,704][__main__][INFO] - [RANK 0] [ Eval  | Step: 42000  |  loss : 0.4650 | accuracy : 0.7700 | eval_s : 0.2926  ]
[2026-08-17 12:20:29,972][__main__][INFO] - [RANK 0] [ Train | Step: 42500  |  loss : 0.4556 | accuracy : 0.7728 | opt_sps : 79.0883  ]
[2026-08-17 12:20:30,267][__main__][INFO] - [RANK 0] [ Eval  | Step: 42500  |  loss : 0.4599 | accuracy : 0.7683 | eval_s : 0.2944  ]
[2026-08-17 12:20:36,589][__main__][INFO] - [RANK 0] [ Train | Step: 43000  |  loss : 0.4582 | accuracy : 0.7713 | opt_sps : 79.0884  ]
[2026-08-17 12:20:36,884][__main__][INFO] - [RANK 0] [ Eval  | Step: 43000  |  loss : 0.4635 | accuracy : 0.7707 | eval_s : 0.2934  ]
[2026-08-17 12:20:43,179][__main__][INFO] - [RANK 0] [ Train | Step: 43500  |  loss : 0.4587 | accuracy : 0.7719 | opt_sps : 79.0923  ]
[2026-08-17 12:20:43,475][__main__][INFO] - [RANK 0] [ Eval  | Step: 43500  |  loss : 0.4801 | accuracy : 0.7607 | eval_s : 0.2952  ]
[2026-08-17 12:20:49,780][__main__][INFO] - [RANK 0] [ Train | Step: 44000  |  loss : 0.4556 | accuracy : 0.7725 | opt_sps : 79.0946  ]
[2026-08-17 12:20:50,074][__main__][INFO] - [RANK 0] [ Eval  | Step: 44000  |  loss : 0.4623 | accuracy : 0.7711 | eval_s : 0.2932  ]
[2026-08-17 12:20:56,336][__main__][INFO] - [RANK 0] [ Train | Step: 44500  |  loss : 0.4564 | accuracy : 0.7718 | opt_sps : 79.1030  ]
[2026-08-17 12:20:56,630][__main__][INFO] - [RANK 0] [ Eval  | Step: 44500  |  loss : 0.4654 | accuracy : 0.7661 | eval_s : 0.2930  ]
[2026-08-17 12:21:02,909][__main__][INFO] - [RANK 0] [ Train | Step: 45000  |  loss : 0.4540 | accuracy : 0.7742 | opt_sps : 79.1089  ]
[2026-08-17 12:21:03,205][__main__][INFO] - [RANK 0] [ Eval  | Step: 45000  |  loss : 0.4590 | accuracy : 0.7724 | eval_s : 0.2953  ]
[2026-08-17 12:21:09,451][__main__][INFO] - [RANK 0] [ Train | Step: 45500  |  loss : 0.4537 | accuracy : 0.7739 | opt_sps : 79.1192  ]
[2026-08-17 12:21:09,744][__main__][INFO] - [RANK 0] [ Eval  | Step: 45500  |  loss : 0.4660 | accuracy : 0.7697 | eval_s : 0.2927  ]
[2026-08-17 12:21:16,012][__main__][INFO] - [RANK 0] [ Train | Step: 46000  |  loss : 0.4575 | accuracy : 0.7728 | opt_sps : 79.1262  ]
[2026-08-17 12:21:16,306][__main__][INFO] - [RANK 0] [ Eval  | Step: 46000  |  loss : 0.4572 | accuracy : 0.7693 | eval_s : 0.2931  ]
[2026-08-17 12:21:22,548][__main__][INFO] - [RANK 0] [ Train | Step: 46500  |  loss : 0.4574 | accuracy : 0.7711 | opt_sps : 79.1368  ]
[2026-08-17 12:21:22,841][__main__][INFO] - [RANK 0] [ Eval  | Step: 46500  |  loss : 0.4585 | accuracy : 0.7720 | eval_s : 0.2925  ]
[2026-08-17 12:21:29,116][__main__][INFO] - [RANK 0] [ Train | Step: 47000  |  loss : 0.4522 | accuracy : 0.7742 | opt_sps : 79.1425  ]
[2026-08-17 12:21:29,410][__main__][INFO] - [RANK 0] [ Eval  | Step: 47000  |  loss : 0.4577 | accuracy : 0.7728 | eval_s : 0.2931  ]
[2026-08-17 12:21:35,685][__main__][INFO] - [RANK 0] [ Train | Step: 47500  |  loss : 0.4563 | accuracy : 0.7706 | opt_sps : 79.1482  ]
[2026-08-17 12:21:35,978][__main__][INFO] - [RANK 0] [ Eval  | Step: 47500  |  loss : 0.4612 | accuracy : 0.7683 | eval_s : 0.2926  ]
[2026-08-17 12:21:42,252][__main__][INFO] - [RANK 0] [ Train | Step: 48000  |  loss : 0.4534 | accuracy : 0.7746 | opt_sps : 79.1540  ]
[2026-08-17 12:21:42,545][__main__][INFO] - [RANK 0] [ Eval  | Step: 48000  |  loss : 0.4637 | accuracy : 0.7709 | eval_s : 0.2925  ]
[2026-08-17 12:21:48,921][__main__][INFO] - [RANK 0] [ Train | Step: 48500  |  loss : 0.4567 | accuracy : 0.7703 | opt_sps : 79.1463  ]
[2026-08-17 12:21:49,215][__main__][INFO] - [RANK 0] [ Eval  | Step: 48500  |  loss : 0.4591 | accuracy : 0.7712 | eval_s : 0.2927  ]
[2026-08-17 12:21:55,527][__main__][INFO] - [RANK 0] [ Train | Step: 49000  |  loss : 0.4558 | accuracy : 0.7731 | opt_sps : 79.1469  ]
[2026-08-17 12:21:55,823][__main__][INFO] - [RANK 0] [ Eval  | Step: 49000  |  loss : 0.4564 | accuracy : 0.7717 | eval_s : 0.2942  ]
[2026-08-17 12:22:02,226][__main__][INFO] - [RANK 0] [ Train | Step: 49500  |  loss : 0.4508 | accuracy : 0.7753 | opt_sps : 79.1361  ]
[2026-08-17 12:22:02,520][__main__][INFO] - [RANK 0] [ Eval  | Step: 49500  |  loss : 0.4739 | accuracy : 0.7663 | eval_s : 0.2933  ]
[2026-08-17 12:22:08,817][__main__][INFO] - [RANK 0] [ Train | Step: 50000  |  loss : 0.4533 | accuracy : 0.7729 | opt_sps : 79.1388  ]
[2026-08-17 12:22:09,112][__main__][INFO] - [RANK 0] [ Eval  | Step: 50000  |  loss : 0.4563 | accuracy : 0.7692 | eval_s : 0.2938  ]
[2026-08-17 12:22:15,460][__main__][INFO] - [RANK 0] [ Train | Step: 50500  |  loss : 0.4515 | accuracy : 0.7757 | opt_sps : 79.1352  ]
[2026-08-17 12:22:15,754][__main__][INFO] - [RANK 0] [ Eval  | Step: 50500  |  loss : 0.4569 | accuracy : 0.7692 | eval_s : 0.2933  ]
[2026-08-17 12:22:22,114][__main__][INFO] - [RANK 0] [ Train | Step: 51000  |  loss : 0.4523 | accuracy : 0.7742 | opt_sps : 79.1301  ]
[2026-08-17 12:22:22,409][__main__][INFO] - [RANK 0] [ Eval  | Step: 51000  |  loss : 0.4570 | accuracy : 0.7733 | eval_s : 0.2949  ]
[2026-08-17 12:22:28,726][__main__][INFO] - [RANK 0] [ Train | Step: 51500  |  loss : 0.4509 | accuracy : 0.7768 | opt_sps : 79.1304  ]
[2026-08-17 12:22:29,020][__main__][INFO] - [RANK 0] [ Eval  | Step: 51500  |  loss : 0.4565 | accuracy : 0.7725 | eval_s : 0.2937  ]
[2026-08-17 12:22:35,339][__main__][INFO] - [RANK 0] [ Train | Step: 52000  |  loss : 0.4531 | accuracy : 0.7734 | opt_sps : 79.1304  ]
[2026-08-17 12:22:35,634][__main__][INFO] - [RANK 0] [ Eval  | Step: 52000  |  loss : 0.4579 | accuracy : 0.7694 | eval_s : 0.2937  ]
[2026-08-17 12:22:41,949][__main__][INFO] - [RANK 0] [ Train | Step: 52500  |  loss : 0.4517 | accuracy : 0.7749 | opt_sps : 79.1307  ]
[2026-08-17 12:22:42,245][__main__][INFO] - [RANK 0] [ Eval  | Step: 52500  |  loss : 0.4628 | accuracy : 0.7708 | eval_s : 0.2947  ]
[2026-08-17 12:22:48,569][__main__][INFO] - [RANK 0] [ Train | Step: 53000  |  loss : 0.4502 | accuracy : 0.7745 | opt_sps : 79.1301  ]
[2026-08-17 12:22:48,865][__main__][INFO] - [RANK 0] [ Eval  | Step: 53000  |  loss : 0.4582 | accuracy : 0.7699 | eval_s : 0.2943  ]
[2026-08-17 12:22:55,209][__main__][INFO] - [RANK 0] [ Train | Step: 53500  |  loss : 0.4525 | accuracy : 0.7731 | opt_sps : 79.1270  ]
[2026-08-17 12:22:55,504][__main__][INFO] - [RANK 0] [ Eval  | Step: 53500  |  loss : 0.4569 | accuracy : 0.7722 | eval_s : 0.2939  ]
[2026-08-17 12:23:01,852][__main__][INFO] - [RANK 0] [ Train | Step: 54000  |  loss : 0.4530 | accuracy : 0.7738 | opt_sps : 79.1236  ]
[2026-08-17 12:23:02,147][__main__][INFO] - [RANK 0] [ Eval  | Step: 54000  |  loss : 0.4556 | accuracy : 0.7703 | eval_s : 0.2936  ]
[2026-08-17 12:23:08,443][__main__][INFO] - [RANK 0] [ Train | Step: 54500  |  loss : 0.4529 | accuracy : 0.7725 | opt_sps : 79.1263  ]
[2026-08-17 12:23:08,738][__main__][INFO] - [RANK 0] [ Eval  | Step: 54500  |  loss : 0.4578 | accuracy : 0.7724 | eval_s : 0.2936  ]
[2026-08-17 12:23:15,041][__main__][INFO] - [RANK 0] [ Train | Step: 55000  |  loss : 0.4520 | accuracy : 0.7719 | opt_sps : 79.1281  ]
[2026-08-17 12:23:15,335][__main__][INFO] - [RANK 0] [ Eval  | Step: 55000  |  loss : 0.4588 | accuracy : 0.7719 | eval_s : 0.2924  ]
[2026-08-17 12:23:21,664][__main__][INFO] - [RANK 0] [ Train | Step: 55500  |  loss : 0.4521 | accuracy : 0.7734 | opt_sps : 79.1269  ]
[2026-08-17 12:23:21,959][__main__][INFO] - [RANK 0] [ Eval  | Step: 55500  |  loss : 0.4627 | accuracy : 0.7653 | eval_s : 0.2939  ]
[2026-08-17 12:23:28,287][__main__][INFO] - [RANK 0] [ Train | Step: 56000  |  loss : 0.4530 | accuracy : 0.7747 | opt_sps : 79.1259  ]
[2026-08-17 12:23:28,581][__main__][INFO] - [RANK 0] [ Eval  | Step: 56000  |  loss : 0.4557 | accuracy : 0.7719 | eval_s : 0.2935  ]
[2026-08-17 12:23:34,852][__main__][INFO] - [RANK 0] [ Train | Step: 56500  |  loss : 0.4519 | accuracy : 0.7737 | opt_sps : 79.1312  ]
[2026-08-17 12:23:35,146][__main__][INFO] - [RANK 0] [ Eval  | Step: 56500  |  loss : 0.4570 | accuracy : 0.7724 | eval_s : 0.2926  ]
[2026-08-17 12:23:41,444][__main__][INFO] - [RANK 0] [ Train | Step: 57000  |  loss : 0.4513 | accuracy : 0.7735 | opt_sps : 79.1335  ]
[2026-08-17 12:23:41,739][__main__][INFO] - [RANK 0] [ Eval  | Step: 57000  |  loss : 0.4546 | accuracy : 0.7725 | eval_s : 0.2941  ]
[2026-08-17 12:23:48,082][__main__][INFO] - [RANK 0] [ Train | Step: 57500  |  loss : 0.4477 | accuracy : 0.7761 | opt_sps : 79.1309  ]
[2026-08-17 12:23:48,377][__main__][INFO] - [RANK 0] [ Eval  | Step: 57500  |  loss : 0.4596 | accuracy : 0.7710 | eval_s : 0.2948  ]
[2026-08-17 12:23:54,720][__main__][INFO] - [RANK 0] [ Train | Step: 58000  |  loss : 0.4498 | accuracy : 0.7765 | opt_sps : 79.1283  ]
[2026-08-17 12:23:55,015][__main__][INFO] - [RANK 0] [ Eval  | Step: 58000  |  loss : 0.4565 | accuracy : 0.7703 | eval_s : 0.2936  ]
[2026-08-17 12:24:01,436][__main__][INFO] - [RANK 0] [ Train | Step: 58500  |  loss : 0.4515 | accuracy : 0.7747 | opt_sps : 79.1173  ]
[2026-08-17 12:24:01,731][__main__][INFO] - [RANK 0] [ Eval  | Step: 58500  |  loss : 0.4562 | accuracy : 0.7739 | eval_s : 0.2943  ]
[2026-08-17 12:24:08,062][__main__][INFO] - [RANK 0] [ Train | Step: 59000  |  loss : 0.4515 | accuracy : 0.7736 | opt_sps : 79.1161  ]
[2026-08-17 12:24:08,357][__main__][INFO] - [RANK 0] [ Eval  | Step: 59000  |  loss : 0.4543 | accuracy : 0.7744 | eval_s : 0.2935  ]
[2026-08-17 12:24:14,645][__main__][INFO] - [RANK 0] [ Train | Step: 59500  |  loss : 0.4491 | accuracy : 0.7757 | opt_sps : 79.1195  ]
[2026-08-17 12:24:14,940][__main__][INFO] - [RANK 0] [ Eval  | Step: 59500  |  loss : 0.4572 | accuracy : 0.7709 | eval_s : 0.2933  ]
[2026-08-17 12:24:21,270][__main__][INFO] - [RANK 0] [ Train | Step: 60000  |  loss : 0.4523 | accuracy : 0.7744 | opt_sps : 79.1184  ]
[2026-08-17 12:24:21,564][__main__][INFO] - [RANK 0] [ Eval  | Step: 60000  |  loss : 0.4552 | accuracy : 0.7730 | eval_s : 0.2929  ]
[2026-08-17 12:24:27,903][__main__][INFO] - [RANK 0] [ Train | Step: 60500  |  loss : 0.4539 | accuracy : 0.7726 | opt_sps : 79.1164  ]
[2026-08-17 12:24:28,197][__main__][INFO] - [RANK 0] [ Eval  | Step: 60500  |  loss : 0.4559 | accuracy : 0.7730 | eval_s : 0.2935  ]
[2026-08-17 12:24:34,526][__main__][INFO] - [RANK 0] [ Train | Step: 61000  |  loss : 0.4502 | accuracy : 0.7740 | opt_sps : 79.1154  ]
[2026-08-17 12:24:34,820][__main__][INFO] - [RANK 0] [ Eval  | Step: 61000  |  loss : 0.4613 | accuracy : 0.7707 | eval_s : 0.2930  ]
[2026-08-17 12:24:41,151][__main__][INFO] - [RANK 0] [ Train | Step: 61500  |  loss : 0.4475 | accuracy : 0.7778 | opt_sps : 79.1143  ]
[2026-08-17 12:24:41,446][__main__][INFO] - [RANK 0] [ Eval  | Step: 61500  |  loss : 0.4548 | accuracy : 0.7717 | eval_s : 0.2940  ]
[2026-08-17 12:24:47,789][__main__][INFO] - [RANK 0] [ Train | Step: 62000  |  loss : 0.4512 | accuracy : 0.7745 | opt_sps : 79.1119  ]
[2026-08-17 12:24:48,086][__main__][INFO] - [RANK 0] [ Eval  | Step: 62000  |  loss : 0.4540 | accuracy : 0.7703 | eval_s : 0.2955  ]
[2026-08-17 12:24:54,394][__main__][INFO] - [RANK 0] [ Train | Step: 62500  |  loss : 0.4512 | accuracy : 0.7737 | opt_sps : 79.1132  ]
[2026-08-17 12:24:54,689][__main__][INFO] - [RANK 0] [ Eval  | Step: 62500  |  loss : 0.4551 | accuracy : 0.7739 | eval_s : 0.2943  ]
[2026-08-17 12:25:00,997][__main__][INFO] - [RANK 0] [ Train | Step: 63000  |  loss : 0.4454 | accuracy : 0.7774 | opt_sps : 79.1144  ]
[2026-08-17 12:25:01,294][__main__][INFO] - [RANK 0] [ Eval  | Step: 63000  |  loss : 0.4548 | accuracy : 0.7732 | eval_s : 0.2953  ]
[2026-08-17 12:25:07,632][__main__][INFO] - [RANK 0] [ Train | Step: 63500  |  loss : 0.4487 | accuracy : 0.7754 | opt_sps : 79.1125  ]
[2026-08-17 12:25:07,926][__main__][INFO] - [RANK 0] [ Eval  | Step: 63500  |  loss : 0.4580 | accuracy : 0.7682 | eval_s : 0.2931  ]
[2026-08-17 12:25:14,194][__main__][INFO] - [RANK 0] [ Train | Step: 64000  |  loss : 0.4479 | accuracy : 0.7759 | opt_sps : 79.1177  ]
[2026-08-17 12:25:14,490][__main__][INFO] - [RANK 0] [ Eval  | Step: 64000  |  loss : 0.4575 | accuracy : 0.7725 | eval_s : 0.2951  ]
[2026-08-17 12:25:20,832][__main__][INFO] - [RANK 0] [ Train | Step: 64500  |  loss : 0.4534 | accuracy : 0.7740 | opt_sps : 79.1154  ]
[2026-08-17 12:25:21,127][__main__][INFO] - [RANK 0] [ Eval  | Step: 64500  |  loss : 0.4566 | accuracy : 0.7688 | eval_s : 0.2942  ]
[2026-08-17 12:25:27,454][__main__][INFO] - [RANK 0] [ Train | Step: 65000  |  loss : 0.4488 | accuracy : 0.7763 | opt_sps : 79.1148  ]
[2026-08-17 12:25:27,749][__main__][INFO] - [RANK 0] [ Eval  | Step: 65000  |  loss : 0.4561 | accuracy : 0.7731 | eval_s : 0.2940  ]
[2026-08-17 12:25:34,077][__main__][INFO] - [RANK 0] [ Train | Step: 65500  |  loss : 0.4516 | accuracy : 0.7731 | opt_sps : 79.1141  ]
[2026-08-17 12:25:34,371][__main__][INFO] - [RANK 0] [ Eval  | Step: 65500  |  loss : 0.4562 | accuracy : 0.7721 | eval_s : 0.2940  ]
[2026-08-17 12:25:40,740][__main__][INFO] - [RANK 0] [ Train | Step: 66000  |  loss : 0.4451 | accuracy : 0.7778 | opt_sps : 79.1095  ]
[2026-08-17 12:25:41,035][__main__][INFO] - [RANK 0] [ Eval  | Step: 66000  |  loss : 0.4558 | accuracy : 0.7728 | eval_s : 0.2939  ]
[2026-08-17 12:25:47,372][__main__][INFO] - [RANK 0] [ Train | Step: 66500  |  loss : 0.4466 | accuracy : 0.7751 | opt_sps : 79.1079  ]
[2026-08-17 12:25:47,666][__main__][INFO] - [RANK 0] [ Eval  | Step: 66500  |  loss : 0.4551 | accuracy : 0.7717 | eval_s : 0.2935  ]
[2026-08-17 12:25:54,095][__main__][INFO] - [RANK 0] [ Train | Step: 67000  |  loss : 0.4514 | accuracy : 0.7746 | opt_sps : 79.0978  ]
[2026-08-17 12:25:54,389][__main__][INFO] - [RANK 0] [ Eval  | Step: 67000  |  loss : 0.4540 | accuracy : 0.7735 | eval_s : 0.2937  ]
[2026-08-17 12:26:00,705][__main__][INFO] - [RANK 0] [ Train | Step: 67500  |  loss : 0.4500 | accuracy : 0.7730 | opt_sps : 79.0983  ]
[2026-08-17 12:26:01,000][__main__][INFO] - [RANK 0] [ Eval  | Step: 67500  |  loss : 0.4541 | accuracy : 0.7727 | eval_s : 0.2935  ]
[2026-08-17 12:26:07,430][__main__][INFO] - [RANK 0] [ Train | Step: 68000  |  loss : 0.4491 | accuracy : 0.7763 | opt_sps : 79.0882  ]
[2026-08-17 12:26:07,724][__main__][INFO] - [RANK 0] [ Eval  | Step: 68000  |  loss : 0.4547 | accuracy : 0.7733 | eval_s : 0.2934  ]
[2026-08-17 12:26:14,045][__main__][INFO] - [RANK 0] [ Train | Step: 68500  |  loss : 0.4487 | accuracy : 0.7753 | opt_sps : 79.0883  ]
[2026-08-17 12:26:14,340][__main__][INFO] - [RANK 0] [ Eval  | Step: 68500  |  loss : 0.4551 | accuracy : 0.7697 | eval_s : 0.2941  ]
[2026-08-17 12:26:20,646][__main__][INFO] - [RANK 0] [ Train | Step: 69000  |  loss : 0.4457 | accuracy : 0.7764 | opt_sps : 79.0898  ]
[2026-08-17 12:26:20,943][__main__][INFO] - [RANK 0] [ Eval  | Step: 69000  |  loss : 0.4538 | accuracy : 0.7739 | eval_s : 0.2952  ]
[2026-08-17 12:26:27,236][__main__][INFO] - [RANK 0] [ Train | Step: 69500  |  loss : 0.4489 | accuracy : 0.7748 | opt_sps : 79.0924  ]
[2026-08-17 12:26:27,529][__main__][INFO] - [RANK 0] [ Eval  | Step: 69500  |  loss : 0.4538 | accuracy : 0.7734 | eval_s : 0.2929  ]
[2026-08-17 12:26:33,869][__main__][INFO] - [RANK 0] [ Train | Step: 70000  |  loss : 0.4467 | accuracy : 0.7753 | opt_sps : 79.0909  ]
[2026-08-17 12:26:34,164][__main__][INFO] - [RANK 0] [ Eval  | Step: 70000  |  loss : 0.4568 | accuracy : 0.7721 | eval_s : 0.2940  ]
[2026-08-17 12:26:40,460][__main__][INFO] - [RANK 0] [ Train | Step: 70500  |  loss : 0.4501 | accuracy : 0.7754 | opt_sps : 79.0931  ]
[2026-08-17 12:26:40,754][__main__][INFO] - [RANK 0] [ Eval  | Step: 70500  |  loss : 0.4549 | accuracy : 0.7723 | eval_s : 0.2932  ]
[2026-08-17 12:26:47,076][__main__][INFO] - [RANK 0] [ Train | Step: 71000  |  loss : 0.4477 | accuracy : 0.7762 | opt_sps : 79.0931  ]
[2026-08-17 12:26:47,371][__main__][INFO] - [RANK 0] [ Eval  | Step: 71000  |  loss : 0.4540 | accuracy : 0.7734 | eval_s : 0.2937  ]
[2026-08-17 12:26:53,725][__main__][INFO] - [RANK 0] [ Train | Step: 71500  |  loss : 0.4537 | accuracy : 0.7730 | opt_sps : 79.0902  ]
[2026-08-17 12:26:54,021][__main__][INFO] - [RANK 0] [ Eval  | Step: 71500  |  loss : 0.4543 | accuracy : 0.7719 | eval_s : 0.2948  ]
[2026-08-17 12:27:00,323][__main__][INFO] - [RANK 0] [ Train | Step: 72000  |  loss : 0.4464 | accuracy : 0.7766 | opt_sps : 79.0919  ]
[2026-08-17 12:27:00,618][__main__][INFO] - [RANK 0] [ Eval  | Step: 72000  |  loss : 0.4543 | accuracy : 0.7728 | eval_s : 0.2944  ]
[2026-08-17 12:27:06,937][__main__][INFO] - [RANK 0] [ Train | Step: 72500  |  loss : 0.4488 | accuracy : 0.7749 | opt_sps : 79.0921  ]
[2026-08-17 12:27:07,232][__main__][INFO] - [RANK 0] [ Eval  | Step: 72500  |  loss : 0.4545 | accuracy : 0.7737 | eval_s : 0.2939  ]
[2026-08-17 12:27:13,569][__main__][INFO] - [RANK 0] [ Train | Step: 73000  |  loss : 0.4457 | accuracy : 0.7767 | opt_sps : 79.0908  ]
[2026-08-17 12:27:13,863][__main__][INFO] - [RANK 0] [ Eval  | Step: 73000  |  loss : 0.4543 | accuracy : 0.7734 | eval_s : 0.2930  ]
[2026-08-17 12:27:20,143][__main__][INFO] - [RANK 0] [ Train | Step: 73500  |  loss : 0.4494 | accuracy : 0.7756 | opt_sps : 79.0944  ]
[2026-08-17 12:27:20,437][__main__][INFO] - [RANK 0] [ Eval  | Step: 73500  |  loss : 0.4544 | accuracy : 0.7728 | eval_s : 0.2939  ]
[2026-08-17 12:27:26,745][__main__][INFO] - [RANK 0] [ Train | Step: 74000  |  loss : 0.4475 | accuracy : 0.7768 | opt_sps : 79.0956  ]
[2026-08-17 12:27:27,039][__main__][INFO] - [RANK 0] [ Eval  | Step: 74000  |  loss : 0.4537 | accuracy : 0.7728 | eval_s : 0.2933  ]
[2026-08-17 12:27:33,362][__main__][INFO] - [RANK 0] [ Train | Step: 74500  |  loss : 0.4481 | accuracy : 0.7755 | opt_sps : 79.0956  ]
[2026-08-17 12:27:33,656][__main__][INFO] - [RANK 0] [ Eval  | Step: 74500  |  loss : 0.4536 | accuracy : 0.7731 | eval_s : 0.2931  ]
[2026-08-17 12:27:39,958][__main__][INFO] - [RANK 0] [ Train | Step: 75000  |  loss : 0.4488 | accuracy : 0.7762 | opt_sps : 79.0973  ]
[2026-08-17 12:27:40,252][__main__][INFO] - [RANK 0] [ Eval  | Step: 75000  |  loss : 0.4537 | accuracy : 0.7718 | eval_s : 0.2928  ]
[2026-08-17 12:27:46,558][__main__][INFO] - [RANK 0] [ Train | Step: 75500  |  loss : 0.4511 | accuracy : 0.7731 | opt_sps : 79.0985  ]
[2026-08-17 12:27:46,853][__main__][INFO] - [RANK 0] [ Eval  | Step: 75500  |  loss : 0.4560 | accuracy : 0.7722 | eval_s : 0.2932  ]
[2026-08-17 12:27:53,144][__main__][INFO] - [RANK 0] [ Train | Step: 76000  |  loss : 0.4454 | accuracy : 0.7774 | opt_sps : 79.1010  ]
[2026-08-17 12:27:53,438][__main__][INFO] - [RANK 0] [ Eval  | Step: 76000  |  loss : 0.4540 | accuracy : 0.7714 | eval_s : 0.2931  ]
[2026-08-17 12:27:59,804][__main__][INFO] - [RANK 0] [ Train | Step: 76500  |  loss : 0.4462 | accuracy : 0.7769 | opt_sps : 79.0973  ]
[2026-08-17 12:28:00,100][__main__][INFO] - [RANK 0] [ Eval  | Step: 76500  |  loss : 0.4533 | accuracy : 0.7721 | eval_s : 0.2954  ]
[2026-08-17 12:28:06,530][__main__][INFO] - [RANK 0] [ Train | Step: 77000  |  loss : 0.4459 | accuracy : 0.7784 | opt_sps : 79.0886  ]
[2026-08-17 12:28:06,825][__main__][INFO] - [RANK 0] [ Eval  | Step: 77000  |  loss : 0.4545 | accuracy : 0.7721 | eval_s : 0.2942  ]
[2026-08-17 12:28:13,150][__main__][INFO] - [RANK 0] [ Train | Step: 77500  |  loss : 0.4467 | accuracy : 0.7775 | opt_sps : 79.0883  ]
[2026-08-17 12:28:13,446][__main__][INFO] - [RANK 0] [ Eval  | Step: 77500  |  loss : 0.4540 | accuracy : 0.7710 | eval_s : 0.2945  ]
[2026-08-17 12:28:19,777][__main__][INFO] - [RANK 0] [ Train | Step: 78000  |  loss : 0.4458 | accuracy : 0.7772 | opt_sps : 79.0876  ]
[2026-08-17 12:28:20,071][__main__][INFO] - [RANK 0] [ Eval  | Step: 78000  |  loss : 0.4543 | accuracy : 0.7724 | eval_s : 0.2936  ]
[2026-08-17 12:28:26,357][__main__][INFO] - [RANK 0] [ Train | Step: 78500  |  loss : 0.4488 | accuracy : 0.7754 | opt_sps : 79.0905  ]
[2026-08-17 12:28:26,651][__main__][INFO] - [RANK 0] [ Eval  | Step: 78500  |  loss : 0.4534 | accuracy : 0.7734 | eval_s : 0.2932  ]
[2026-08-17 12:28:32,897][__main__][INFO] - [RANK 0] [ Train | Step: 79000  |  loss : 0.4490 | accuracy : 0.7765 | opt_sps : 79.0965  ]
[2026-08-17 12:28:33,191][__main__][INFO] - [RANK 0] [ Eval  | Step: 79000  |  loss : 0.4533 | accuracy : 0.7731 | eval_s : 0.2927  ]
[2026-08-17 12:28:39,461][__main__][INFO] - [RANK 0] [ Train | Step: 79500  |  loss : 0.4490 | accuracy : 0.7745 | opt_sps : 79.1006  ]
[2026-08-17 12:28:39,755][__main__][INFO] - [RANK 0] [ Eval  | Step: 79500  |  loss : 0.4533 | accuracy : 0.7734 | eval_s : 0.2930  ]
[2026-08-17 12:28:46,047][__main__][INFO] - [RANK 0] [ Train | Step: 80000  |  loss : 0.4487 | accuracy : 0.7757 | opt_sps : 79.1029  ]
[2026-08-17 12:28:46,341][__main__][INFO] - [RANK 0] [ Eval  | Step: 80000  |  loss : 0.4533 | accuracy : 0.7727 | eval_s : 0.2930  ]
[2026-08-17 12:28:52,633][__main__][INFO] - [RANK 0] [ Train | Step: 80500  |  loss : 0.4466 | accuracy : 0.7773 | opt_sps : 79.1051  ]
[2026-08-17 12:28:52,927][__main__][INFO] - [RANK 0] [ Eval  | Step: 80500  |  loss : 0.4532 | accuracy : 0.7736 | eval_s : 0.2926  ]
[2026-08-17 12:28:59,222][__main__][INFO] - [RANK 0] [ Train | Step: 81000  |  loss : 0.4498 | accuracy : 0.7739 | opt_sps : 79.1071  ]
[2026-08-17 12:28:59,516][__main__][INFO] - [RANK 0] [ Eval  | Step: 81000  |  loss : 0.4532 | accuracy : 0.7740 | eval_s : 0.2926  ]
[2026-08-17 12:29:05,816][__main__][INFO] - [RANK 0] [ Train | Step: 81500  |  loss : 0.4437 | accuracy : 0.7789 | opt_sps : 79.1088  ]
[2026-08-17 12:29:06,111][__main__][INFO] - [RANK 0] [ Eval  | Step: 81500  |  loss : 0.4535 | accuracy : 0.7734 | eval_s : 0.2940  ]
[2026-08-17 12:29:12,430][__main__][INFO] - [RANK 0] [ Train | Step: 82000  |  loss : 0.4475 | accuracy : 0.7776 | opt_sps : 79.1089  ]
[2026-08-17 12:29:12,724][__main__][INFO] - [RANK 0] [ Eval  | Step: 82000  |  loss : 0.4536 | accuracy : 0.7733 | eval_s : 0.2929  ]
[2026-08-17 12:29:19,048][__main__][INFO] - [RANK 0] [ Train | Step: 82500  |  loss : 0.4476 | accuracy : 0.7761 | opt_sps : 79.1085  ]
[2026-08-17 12:29:19,343][__main__][INFO] - [RANK 0] [ Eval  | Step: 82500  |  loss : 0.4532 | accuracy : 0.7738 | eval_s : 0.2939  ]
[2026-08-17 12:29:25,678][__main__][INFO] - [RANK 0] [ Train | Step: 83000  |  loss : 0.4483 | accuracy : 0.7772 | opt_sps : 79.1074  ]
[2026-08-17 12:29:25,973][__main__][INFO] - [RANK 0] [ Eval  | Step: 83000  |  loss : 0.4535 | accuracy : 0.7740 | eval_s : 0.2938  ]
[2026-08-17 12:29:32,274][__main__][INFO] - [RANK 0] [ Train | Step: 83500  |  loss : 0.4488 | accuracy : 0.7764 | opt_sps : 79.1088  ]
[2026-08-17 12:29:32,569][__main__][INFO] - [RANK 0] [ Eval  | Step: 83500  |  loss : 0.4532 | accuracy : 0.7741 | eval_s : 0.2933  ]
[2026-08-17 12:29:38,865][__main__][INFO] - [RANK 0] [ Train | Step: 84000  |  loss : 0.4457 | accuracy : 0.7776 | opt_sps : 79.1113  ]
[2026-08-17 12:29:39,159][__main__][INFO] - [RANK 0] [ Eval  | Step: 84000  |  loss : 0.4529 | accuracy : 0.7741 | eval_s : 0.2928  ]
[2026-08-17 12:29:45,448][__main__][INFO] - [RANK 0] [ Train | Step: 84500  |  loss : 0.4455 | accuracy : 0.7786 | opt_sps : 79.1137  ]
[2026-08-17 12:29:45,743][__main__][INFO] - [RANK 0] [ Eval  | Step: 84500  |  loss : 0.4536 | accuracy : 0.7721 | eval_s : 0.2934  ]
[2026-08-17 12:29:51,970][__main__][INFO] - [RANK 0] [ Train | Step: 85000  |  loss : 0.4478 | accuracy : 0.7771 | opt_sps : 79.1205  ]
[2026-08-17 12:29:52,264][__main__][INFO] - [RANK 0] [ Eval  | Step: 85000  |  loss : 0.4532 | accuracy : 0.7740 | eval_s : 0.2930  ]
[2026-08-17 12:29:58,595][__main__][INFO] - [RANK 0] [ Train | Step: 85500  |  loss : 0.4464 | accuracy : 0.7768 | opt_sps : 79.1196  ]
[2026-08-17 12:29:58,890][__main__][INFO] - [RANK 0] [ Eval  | Step: 85500  |  loss : 0.4535 | accuracy : 0.7734 | eval_s : 0.2940  ]
[2026-08-17 12:30:05,180][__main__][INFO] - [RANK 0] [ Train | Step: 86000  |  loss : 0.4466 | accuracy : 0.7768 | opt_sps : 79.1218  ]
[2026-08-17 12:30:05,474][__main__][INFO] - [RANK 0] [ Eval  | Step: 86000  |  loss : 0.4530 | accuracy : 0.7739 | eval_s : 0.2935  ]
[2026-08-17 12:30:11,817][__main__][INFO] - [RANK 0] [ Train | Step: 86500  |  loss : 0.4464 | accuracy : 0.7777 | opt_sps : 79.1201  ]
[2026-08-17 12:30:12,111][__main__][INFO] - [RANK 0] [ Eval  | Step: 86500  |  loss : 0.4528 | accuracy : 0.7745 | eval_s : 0.2936  ]
[2026-08-17 12:30:18,429][__main__][INFO] - [RANK 0] [ Train | Step: 87000  |  loss : 0.4472 | accuracy : 0.7769 | opt_sps : 79.1203  ]
[2026-08-17 12:30:18,724][__main__][INFO] - [RANK 0] [ Eval  | Step: 87000  |  loss : 0.4534 | accuracy : 0.7741 | eval_s : 0.2938  ]
[2026-08-17 12:30:25,052][__main__][INFO] - [RANK 0] [ Train | Step: 87500  |  loss : 0.4460 | accuracy : 0.7770 | opt_sps : 79.1197  ]
[2026-08-17 12:30:25,347][__main__][INFO] - [RANK 0] [ Eval  | Step: 87500  |  loss : 0.4531 | accuracy : 0.7737 | eval_s : 0.2939  ]
[2026-08-17 12:30:31,632][__main__][INFO] - [RANK 0] [ Train | Step: 88000  |  loss : 0.4470 | accuracy : 0.7772 | opt_sps : 79.1221  ]
[2026-08-17 12:30:31,926][__main__][INFO] - [RANK 0] [ Eval  | Step: 88000  |  loss : 0.4531 | accuracy : 0.7737 | eval_s : 0.2932  ]
[2026-08-17 12:30:38,239][__main__][INFO] - [RANK 0] [ Train | Step: 88500  |  loss : 0.4449 | accuracy : 0.7788 | opt_sps : 79.1225  ]
[2026-08-17 12:30:38,534][__main__][INFO] - [RANK 0] [ Eval  | Step: 88500  |  loss : 0.4528 | accuracy : 0.7739 | eval_s : 0.2941  ]
[2026-08-17 12:30:44,816][__main__][INFO] - [RANK 0] [ Train | Step: 89000  |  loss : 0.4483 | accuracy : 0.7767 | opt_sps : 79.1252  ]
[2026-08-17 12:30:45,110][__main__][INFO] - [RANK 0] [ Eval  | Step: 89000  |  loss : 0.4533 | accuracy : 0.7736 | eval_s : 0.2935  ]
[2026-08-17 12:30:51,405][__main__][INFO] - [RANK 0] [ Train | Step: 89500  |  loss : 0.4457 | accuracy : 0.7775 | opt_sps : 79.1269  ]
[2026-08-17 12:30:51,699][__main__][INFO] - [RANK 0] [ Eval  | Step: 89500  |  loss : 0.4531 | accuracy : 0.7742 | eval_s : 0.2928  ]
[2026-08-17 12:30:58,001][__main__][INFO] - [RANK 0] [ Train | Step: 90000  |  loss : 0.4476 | accuracy : 0.7762 | opt_sps : 79.1280  ]
[2026-08-17 12:30:58,295][__main__][INFO] - [RANK 0] [ Eval  | Step: 90000  |  loss : 0.4532 | accuracy : 0.7743 | eval_s : 0.2928  ]
[2026-08-17 12:31:04,546][__main__][INFO] - [RANK 0] [ Train | Step: 90500  |  loss : 0.4438 | accuracy : 0.7791 | opt_sps : 79.1327  ]
[2026-08-17 12:31:04,839][__main__][INFO] - [RANK 0] [ Eval  | Step: 90500  |  loss : 0.4529 | accuracy : 0.7739 | eval_s : 0.2925  ]
[2026-08-17 12:31:11,116][__main__][INFO] - [RANK 0] [ Train | Step: 91000  |  loss : 0.4442 | accuracy : 0.7802 | opt_sps : 79.1356  ]
[2026-08-17 12:31:11,410][__main__][INFO] - [RANK 0] [ Eval  | Step: 91000  |  loss : 0.4530 | accuracy : 0.7745 | eval_s : 0.2925  ]
[2026-08-17 12:31:17,712][__main__][INFO] - [RANK 0] [ Train | Step: 91500  |  loss : 0.4485 | accuracy : 0.7767 | opt_sps : 79.1367  ]
[2026-08-17 12:31:18,006][__main__][INFO] - [RANK 0] [ Eval  | Step: 91500  |  loss : 0.4529 | accuracy : 0.7745 | eval_s : 0.2935  ]
[2026-08-17 12:31:24,317][__main__][INFO] - [RANK 0] [ Train | Step: 92000  |  loss : 0.4465 | accuracy : 0.7768 | opt_sps : 79.1372  ]
[2026-08-17 12:31:24,612][__main__][INFO] - [RANK 0] [ Eval  | Step: 92000  |  loss : 0.4528 | accuracy : 0.7738 | eval_s : 0.2944  ]
[2026-08-17 12:31:30,950][__main__][INFO] - [RANK 0] [ Train | Step: 92500  |  loss : 0.4479 | accuracy : 0.7774 | opt_sps : 79.1359  ]
[2026-08-17 12:31:31,244][__main__][INFO] - [RANK 0] [ Eval  | Step: 92500  |  loss : 0.4528 | accuracy : 0.7740 | eval_s : 0.2932  ]
[2026-08-17 12:31:37,563][__main__][INFO] - [RANK 0] [ Train | Step: 93000  |  loss : 0.4477 | accuracy : 0.7776 | opt_sps : 79.1359  ]
[2026-08-17 12:31:37,857][__main__][INFO] - [RANK 0] [ Eval  | Step: 93000  |  loss : 0.4528 | accuracy : 0.7745 | eval_s : 0.2934  ]
[2026-08-17 12:31:44,161][__main__][INFO] - [RANK 0] [ Train | Step: 93500  |  loss : 0.4484 | accuracy : 0.7774 | opt_sps : 79.1369  ]
[2026-08-17 12:31:44,455][__main__][INFO] - [RANK 0] [ Eval  | Step: 93500  |  loss : 0.4529 | accuracy : 0.7738 | eval_s : 0.2930  ]
[2026-08-17 12:31:50,736][__main__][INFO] - [RANK 0] [ Train | Step: 94000  |  loss : 0.4467 | accuracy : 0.7776 | opt_sps : 79.1393  ]
[2026-08-17 12:31:51,030][__main__][INFO] - [RANK 0] [ Eval  | Step: 94000  |  loss : 0.4531 | accuracy : 0.7750 | eval_s : 0.2932  ]
[2026-08-17 12:31:57,319][__main__][INFO] - [RANK 0] [ Train | Step: 94500  |  loss : 0.4440 | accuracy : 0.7775 | opt_sps : 79.1412  ]
[2026-08-17 12:31:57,613][__main__][INFO] - [RANK 0] [ Eval  | Step: 94500  |  loss : 0.4530 | accuracy : 0.7744 | eval_s : 0.2932  ]
[2026-08-17 12:32:03,974][__main__][INFO] - [RANK 0] [ Train | Step: 95000  |  loss : 0.4442 | accuracy : 0.7788 | opt_sps : 79.1384  ]
[2026-08-17 12:32:04,268][__main__][INFO] - [RANK 0] [ Eval  | Step: 95000  |  loss : 0.4528 | accuracy : 0.7743 | eval_s : 0.2933  ]
[2026-08-17 12:32:10,646][__main__][INFO] - [RANK 0] [ Train | Step: 95500  |  loss : 0.4456 | accuracy : 0.7779 | opt_sps : 79.1344  ]
[2026-08-17 12:32:10,940][__main__][INFO] - [RANK 0] [ Eval  | Step: 95500  |  loss : 0.4530 | accuracy : 0.7744 | eval_s : 0.2933  ]
[2026-08-17 12:32:17,234][__main__][INFO] - [RANK 0] [ Train | Step: 96000  |  loss : 0.4465 | accuracy : 0.7782 | opt_sps : 79.1360  ]
[2026-08-17 12:32:17,529][__main__][INFO] - [RANK 0] [ Eval  | Step: 96000  |  loss : 0.4529 | accuracy : 0.7735 | eval_s : 0.2934  ]
[2026-08-17 12:32:23,823][__main__][INFO] - [RANK 0] [ Train | Step: 96500  |  loss : 0.4482 | accuracy : 0.7782 | opt_sps : 79.1376  ]
[2026-08-17 12:32:24,117][__main__][INFO] - [RANK 0] [ Eval  | Step: 96500  |  loss : 0.4529 | accuracy : 0.7743 | eval_s : 0.2929  ]
[2026-08-17 12:32:30,436][__main__][INFO] - [RANK 0] [ Train | Step: 97000  |  loss : 0.4451 | accuracy : 0.7775 | opt_sps : 79.1375  ]
[2026-08-17 12:32:30,730][__main__][INFO] - [RANK 0] [ Eval  | Step: 97000  |  loss : 0.4529 | accuracy : 0.7739 | eval_s : 0.2937  ]
[2026-08-17 12:32:37,047][__main__][INFO] - [RANK 0] [ Train | Step: 97500  |  loss : 0.4426 | accuracy : 0.7798 | opt_sps : 79.1376  ]
[2026-08-17 12:32:37,341][__main__][INFO] - [RANK 0] [ Eval  | Step: 97500  |  loss : 0.4528 | accuracy : 0.7744 | eval_s : 0.2932  ]
[2026-08-17 12:32:43,652][__main__][INFO] - [RANK 0] [ Train | Step: 98000  |  loss : 0.4484 | accuracy : 0.7770 | opt_sps : 79.1381  ]
[2026-08-17 12:32:43,947][__main__][INFO] - [RANK 0] [ Eval  | Step: 98000  |  loss : 0.4528 | accuracy : 0.7748 | eval_s : 0.2939  ]
[2026-08-17 12:32:50,222][__main__][INFO] - [RANK 0] [ Train | Step: 98500  |  loss : 0.4468 | accuracy : 0.7764 | opt_sps : 79.1408  ]
[2026-08-17 12:32:50,516][__main__][INFO] - [RANK 0] [ Eval  | Step: 98500  |  loss : 0.4529 | accuracy : 0.7748 | eval_s : 0.2931  ]
[2026-08-17 12:32:56,869][__main__][INFO] - [RANK 0] [ Train | Step: 99000  |  loss : 0.4482 | accuracy : 0.7773 | opt_sps : 79.1386  ]
[2026-08-17 12:32:57,164][__main__][INFO] - [RANK 0] [ Eval  | Step: 99000  |  loss : 0.4528 | accuracy : 0.7740 | eval_s : 0.2934  ]
[2026-08-17 12:33:03,476][__main__][INFO] - [RANK 0] [ Train | Step: 99500  |  loss : 0.4482 | accuracy : 0.7763 | opt_sps : 79.1389  ]
[2026-08-17 12:33:03,771][__main__][INFO] - [RANK 0] [ Eval  | Step: 99500  |  loss : 0.4528 | accuracy : 0.7743 | eval_s : 0.2937  ]
[2026-08-17 12:33:10,084][__main__][INFO] - [RANK 0] [ Train | Step: 100000 |  loss : 0.4415 | accuracy : 0.7801 | opt_sps : 79.1392  ]
[2026-08-17 12:33:10,379][__main__][INFO] - [RANK 0] [ Eval  | Step: 100000 |  loss : 0.4528 | accuracy : 0.7740 | eval_s : 0.2936  ]
[2026-08-17 12:33:10,380][__main__][INFO] - [RANK 0] loading best model
[2026-08-17 12:33:10,382][__main__][INFO] - [RANK 0] [Eval  | Summary |  best_loss : 0.4528 | best_step : 92000.0000 ]
[2026-08-17 12:33:10,676][__main__][INFO] - [RANK 0] [Test  | Summary |  model/phase_R : 0.4097 | model/gate_offdiag : 0.4969 | model/vote_agreement : 0.5020 | model/evidence_ratio : 69.7278 | loss/cross_entropy : 0.4468 | loss/loss : 0.4468 | callbacks/accuracy : 0.7777 | callbacks/non_relational_accuracy : 0.9996 | callbacks/binary_accuracy : 0.7932 | callbacks/ternary_accuracy : 0.5403 | callbacks/query_shape_accuracy : 0.9994 | callbacks/left_of_centre_accuracy : 1.0000 | callbacks/top_half_accuracy : 0.9994 | callbacks/closest_shape_accuracy : 0.6726 | callbacks/furthest_shape_accuracy : 0.7132 | callbacks/count_same_shape_accuracy : 1.0000 | callbacks/count_in_box_accuracy : 0.6965 | callbacks/on_band_accuracy : 0.5156 | callbacks/count_obtuse_accuracy : 0.4052 | timing/eval_s : 0.2933 ]
wandb: updating run metadata
wandb: uploading wandb-summary.json; uploading config.yaml; uploading output.log
wandb: uploading history steps 198-199, summary, console lines 528-532
wandb: 
wandb: Run history:
wandb:                  eval_callbacks/accuracy ▁▂▂▂▅▅▅▅▅▅▅▅████████████████████████████
wandb:           eval_callbacks/binary_accuracy ▁▁▁▅▆▇▇▇█▇█████▇████████████████████████
wandb:    eval_callbacks/closest_shape_accuracy ▁▄▄▆▅▆███▇███▇▇████▇█████▇██████████████
wandb:     eval_callbacks/count_in_box_accuracy ▁▁▁▁▁▁▁▁▁▁▁▁▁▁▁▁▁▁▁▁▁▁▁▁▁▁▁▁▁▁▁▁▁▁▁▁▁▁▁▁
wandb:     eval_callbacks/count_obtuse_accuracy █▁█████████▄█████████▆██████████████████
wandb: eval_callbacks/count_same_shape_accuracy ▁▁▃▅▇█▇▆████▇███▇███████████████████████
wandb:   eval_callbacks/furthest_shape_accuracy ▃▁▃▂▄▆▆▆▇▇▇▆███▇████████████████████████
wandb:   eval_callbacks/left_of_centre_accuracy ▂▁▁▁▁▁▂▁▁▂▂▁▆▇▇█████████████████████████
wandb:   eval_callbacks/non_relational_accuracy ▁▂▃▃▃▃▃▂▃▃▃▃▅███████████████████████████
wandb:          eval_callbacks/on_band_accuracy ▄▇▁▇▇▃▇▆▇▇▇▄▇▂▄▇▇▇▆▄▅▅▅▇▅▆▆▇▇▆▇▇▆▇▇█▇██▇
wandb:                                      +32 ...
wandb: 
wandb: Run summary:
wandb:                           eval/best_loss 0.45277
wandb:                           eval/best_step 92000
wandb:                  eval_callbacks/accuracy 0.77397
wandb:           eval_callbacks/binary_accuracy 0.78908
wandb:    eval_callbacks/closest_shape_accuracy 0.67769
wandb:     eval_callbacks/count_in_box_accuracy 0.68622
wandb:     eval_callbacks/count_obtuse_accuracy 0.39547
wandb: eval_callbacks/count_same_shape_accuracy 1.0
wandb:   eval_callbacks/furthest_shape_accuracy 0.69347
wandb:   eval_callbacks/left_of_centre_accuracy 1.0
wandb:                                      +54 ...
wandb: 
wandb: 🚀 View run sort_of_clevr/syncnet::multirun::2026-08-17_12-11-03::0 at: https://wandb.ai/niks_priv/sort_of_clevr/runs/zuhlho5j
wandb: ⭐️ View project at: https://wandb.ai/niks_priv/sort_of_clevr
wandb: Synced 5 W&B file(s), 0 media file(s), 0 artifact file(s) and 0 other file(s)
wandb: Find logs at: ./outputs/sort_of_clevr/multirun/2026-08-17_12-11-03/0/wandb/run-20260817_121106-zuhlho5j/logs
[2026-08-17 12:33:12,680][HYDRA] 	#1 : model.n_modules=4 train.seed=1 task=sort_of_clevr experiment=sort_of_clevr/syncnet/scale_free
wandb: W&B API key is configured. Use `wandb login --relogin` to force relogin
wandb: setting up run yng0fwwx
wandb: Tracking run with wandb version 0.27.2
wandb: Run data is saved locally in /home/nik/workspace/ImperialWork/msc_project/SyncNetProject/outputs/sort_of_clevr/multirun/2026-08-17_12-11-03/1/wandb/run-20260817_123318-yng0fwwx
wandb: Run `wandb offline` to turn off syncing.
wandb: Syncing run sort_of_clevr/syncnet::multirun::2026-08-17_12-11-03::1
wandb: ⭐️ View project at https://wandb.ai/niks_priv/sort_of_clevr
wandb: 🚀 View run at https://wandb.ai/niks_priv/sort_of_clevr/runs/yng0fwwx
[2026-08-17 12:33:19,473][__main__][INFO] - [RANK 0] Starting training
[2026-08-17 12:33:19,473][__main__][INFO] - [RANK 0] Model: SortOfClevrSyncNet
[2026-08-17 12:33:19,473][__main__][INFO] - [RANK 0] Parameters: total=332368
[2026-08-17 12:33:19,476][__main__][INFO] - [RANK 0] Config:
train:
  seed: 1
  n_steps: 100000
  train_bs: 256
  val_bs: 1024
  early_stop_metric: loss
  early_stop_big_is_better: false
  early_stop_patience: 1000000
  early_stop_min_delta: 0.0
  mixed_precision: bf16
  compile_model: false
  grad_accum: 1
  grad_clip: 1.0
  loader_mode: gpu_cached
  num_workers: 0
logging:
  eval_log_interval: 500
  train_log_interval: 500
  info_metrics:
  - loss
  - accuracy
  save_best: true
wandb:
  enabled: true
  project_name: sort_of_clevr
  entity: niks_priv
  tags: []
  run_name: null
optim:
  optimiser: adamw
  lr: 0.0003
  weight_decay: 0.01
  lr_scheduler: warmup_cosine
  lr_scheduler_params:
    warmup_steps: 2000
dataset:
  name: sort_of_clevr
  root: ./data
  dir: sort_of_clevr-seed1-train36000-test1000-img75-obj5-q10-t-1
  seed: 1
  train_size: 36000
  test_size: 1000
  img_size: 75
  obj_size: 5
  nb_questions: 10
  t_subtype: -1
model:
  name: sort_of_clevr_syncnet
  q_conditioning: film
  q_emb_dim: 32
  partition: none
  use_pos_emb: true
  n_modules: 4
  module_dim: 128
  content_dim: 8
  query_hidden: 64
  beta_init: 5.0
  learn_beta: true
  use_module_embed: false
  embed_scale: 1.0
  gate_mode: phase
  T: 6
  dt: 0.1
  omega_init: 0.5
  learn_omega: true
  k_hidden: 64
  deterministic_phase: false
  msg_dim: 64
  msg_agg: mean
  readout_mode: sum
  hidden_dim: 128
  use_prior_head: true
  vote_sees_q: true
  encoder:
    name: patchify
    ch: 128
    patch_size: 5
    hidden: 64
callbacks:
- name: accuracy
- name: qtype_accuracy
- name: subtype_accuracy

[2026-08-17 12:33:19,476][__main__][INFO] - [RANK 0] Full model:
SortOfClevrSyncNet(
  (inner): VQASyncNet(
    (q_encoder): IdentityQuestionEncoder()
    (film_gamma): Linear(in_features=18, out_features=128, bias=True)
    (film_beta): Linear(in_features=18, out_features=128, bias=True)
    (encoders): ModuleList(
      (0): PatchifyEncoder(
        (patchify): Conv2d(3, 128, kernel_size=(5, 5), stride=(5, 5))
      )
    )
    (norms): ModuleList(
      (0): GroupNorm(8, 128, eps=1e-05, affine=True, bias=True)
    )
    (h_init): Sequential(
      (0): Linear(in_features=18, out_features=64, bias=True)
      (1): GELU(approximate='none')
      (2): Linear(in_features=64, out_features=512, bias=True)
    )
    (attn_query): Linear(in_features=128, out_features=128, bias=True)
    (msg_proj): Linear(in_features=128, out_features=64, bias=True)
    (cell): GRUCell(192, 128)
    (k_mlp): Sequential(
      (0): Linear(in_features=256, out_features=64, bias=True)
      (1): GELU(approximate='none')
      (2): Linear(in_features=64, out_features=1, bias=True)
      (3): Tanh()
    )
    (content_head): Linear(in_features=128, out_features=8, bias=True)
    (vote_heads): ModuleList(
      (0-3): 4 x Sequential(
        (0): Linear(in_features=154, out_features=128, bias=True)
        (1): GELU(approximate='none')
        (2): Linear(in_features=128, out_features=10, bias=True)
      )
    )
    (prior_head): Sequential(
      (0): Linear(in_features=18, out_features=128, bias=True)
      (1): GELU(approximate='none')
      (2): Linear(in_features=128, out_features=10, bias=True)
    )
  )
)
[2026-08-17 12:33:25,823][__main__][INFO] - [RANK 0] [ Train | Step: 500    |  loss : 1.5099 | accuracy : 0.3654 | opt_sps : 78.7916  ]
[2026-08-17 12:33:26,117][__main__][INFO] - [RANK 0] [ Eval  | Step: 500    |  loss : 0.8900 | accuracy : 0.4875 | eval_s : 0.2934  ]
[2026-08-17 12:33:32,443][__main__][INFO] - [RANK 0] [ Train | Step: 1000   |  loss : 0.8828 | accuracy : 0.4883 | opt_sps : 78.9232  ]
[2026-08-17 12:33:32,737][__main__][INFO] - [RANK 0] [ Eval  | Step: 1000   |  loss : 0.8828 | accuracy : 0.4867 | eval_s : 0.2935  ]
[2026-08-17 12:33:39,046][__main__][INFO] - [RANK 0] [ Train | Step: 1500   |  loss : 0.8816 | accuracy : 0.4895 | opt_sps : 79.0354  ]
[2026-08-17 12:33:39,341][__main__][INFO] - [RANK 0] [ Eval  | Step: 1500   |  loss : 0.8804 | accuracy : 0.4877 | eval_s : 0.2936  ]
[2026-08-17 12:33:45,648][__main__][INFO] - [RANK 0] [ Train | Step: 2000   |  loss : 0.8832 | accuracy : 0.4902 | opt_sps : 79.0983  ]
[2026-08-17 12:33:45,944][__main__][INFO] - [RANK 0] [ Eval  | Step: 2000   |  loss : 0.8786 | accuracy : 0.4977 | eval_s : 0.2952  ]
[2026-08-17 12:33:52,279][__main__][INFO] - [RANK 0] [ Train | Step: 2500   |  loss : 0.8771 | accuracy : 0.4995 | opt_sps : 79.0658  ]
[2026-08-17 12:33:52,573][__main__][INFO] - [RANK 0] [ Eval  | Step: 2500   |  loss : 0.8747 | accuracy : 0.5127 | eval_s : 0.2931  ]
[2026-08-17 12:33:58,877][__main__][INFO] - [RANK 0] [ Train | Step: 3000   |  loss : 0.8752 | accuracy : 0.5099 | opt_sps : 79.1092  ]
[2026-08-17 12:33:59,171][__main__][INFO] - [RANK 0] [ Eval  | Step: 3000   |  loss : 0.8713 | accuracy : 0.5179 | eval_s : 0.2934  ]
[2026-08-17 12:34:05,630][__main__][INFO] - [RANK 0] [ Train | Step: 3500   |  loss : 0.8675 | accuracy : 0.5209 | opt_sps : 78.8656  ]
[2026-08-17 12:34:05,924][__main__][INFO] - [RANK 0] [ Eval  | Step: 3500   |  loss : 0.8638 | accuracy : 0.5225 | eval_s : 0.2937  ]
[2026-08-17 12:34:12,327][__main__][INFO] - [RANK 0] [ Train | Step: 4000   |  loss : 0.8585 | accuracy : 0.5242 | opt_sps : 78.7694  ]
[2026-08-17 12:34:12,621][__main__][INFO] - [RANK 0] [ Eval  | Step: 4000   |  loss : 0.8690 | accuracy : 0.5231 | eval_s : 0.2933  ]
[2026-08-17 12:34:18,902][__main__][INFO] - [RANK 0] [ Train | Step: 4500   |  loss : 0.8502 | accuracy : 0.5376 | opt_sps : 78.8610  ]
[2026-08-17 12:34:19,197][__main__][INFO] - [RANK 0] [ Eval  | Step: 4500   |  loss : 0.8381 | accuracy : 0.5471 | eval_s : 0.2936  ]
[2026-08-17 12:34:25,525][__main__][INFO] - [RANK 0] [ Train | Step: 5000   |  loss : 0.8310 | accuracy : 0.5486 | opt_sps : 78.8775  ]
[2026-08-17 12:34:25,819][__main__][INFO] - [RANK 0] [ Eval  | Step: 5000   |  loss : 0.8343 | accuracy : 0.5440 | eval_s : 0.2933  ]
[2026-08-17 12:34:32,149][__main__][INFO] - [RANK 0] [ Train | Step: 5500   |  loss : 0.8165 | accuracy : 0.5585 | opt_sps : 78.8887  ]
[2026-08-17 12:34:32,444][__main__][INFO] - [RANK 0] [ Eval  | Step: 5500   |  loss : 0.8119 | accuracy : 0.5622 | eval_s : 0.2942  ]
[2026-08-17 12:34:38,744][__main__][INFO] - [RANK 0] [ Train | Step: 6000   |  loss : 0.8005 | accuracy : 0.5676 | opt_sps : 78.9290  ]
[2026-08-17 12:34:39,038][__main__][INFO] - [RANK 0] [ Eval  | Step: 6000   |  loss : 0.8085 | accuracy : 0.5614 | eval_s : 0.2928  ]
[2026-08-17 12:34:45,394][__main__][INFO] - [RANK 0] [ Train | Step: 6500   |  loss : 0.7829 | accuracy : 0.5740 | opt_sps : 78.9090  ]
[2026-08-17 12:34:45,688][__main__][INFO] - [RANK 0] [ Eval  | Step: 6500   |  loss : 0.7744 | accuracy : 0.5786 | eval_s : 0.2932  ]
[2026-08-17 12:34:51,986][__main__][INFO] - [RANK 0] [ Train | Step: 7000   |  loss : 0.7678 | accuracy : 0.5838 | opt_sps : 78.9439  ]
[2026-08-17 12:34:52,280][__main__][INFO] - [RANK 0] [ Eval  | Step: 7000   |  loss : 0.7470 | accuracy : 0.5979 | eval_s : 0.2932  ]
[2026-08-17 12:34:58,626][__main__][INFO] - [RANK 0] [ Train | Step: 7500   |  loss : 0.7550 | accuracy : 0.5932 | opt_sps : 78.9346  ]
[2026-08-17 12:34:58,921][__main__][INFO] - [RANK 0] [ Eval  | Step: 7500   |  loss : 0.7591 | accuracy : 0.5881 | eval_s : 0.2941  ]
[2026-08-17 12:35:05,221][__main__][INFO] - [RANK 0] [ Train | Step: 8000   |  loss : 0.7508 | accuracy : 0.5974 | opt_sps : 78.9612  ]
[2026-08-17 12:35:05,516][__main__][INFO] - [RANK 0] [ Eval  | Step: 8000   |  loss : 0.7529 | accuracy : 0.5947 | eval_s : 0.2935  ]
[2026-08-17 12:35:11,853][__main__][INFO] - [RANK 0] [ Train | Step: 8500   |  loss : 0.7406 | accuracy : 0.6014 | opt_sps : 78.9579  ]
[2026-08-17 12:35:12,148][__main__][INFO] - [RANK 0] [ Eval  | Step: 8500   |  loss : 0.7472 | accuracy : 0.5899 | eval_s : 0.2941  ]
[2026-08-17 12:35:18,452][__main__][INFO] - [RANK 0] [ Train | Step: 9000   |  loss : 0.7238 | accuracy : 0.6127 | opt_sps : 78.9771  ]
[2026-08-17 12:35:18,747][__main__][INFO] - [RANK 0] [ Eval  | Step: 9000   |  loss : 0.6971 | accuracy : 0.6221 | eval_s : 0.2933  ]
[2026-08-17 12:35:25,060][__main__][INFO] - [RANK 0] [ Train | Step: 9500   |  loss : 0.7187 | accuracy : 0.6153 | opt_sps : 78.9895  ]
[2026-08-17 12:35:25,354][__main__][INFO] - [RANK 0] [ Eval  | Step: 9500   |  loss : 0.6860 | accuracy : 0.6297 | eval_s : 0.2936  ]
[2026-08-17 12:35:31,617][__main__][INFO] - [RANK 0] [ Train | Step: 10000  |  loss : 0.7084 | accuracy : 0.6175 | opt_sps : 79.0321  ]
[2026-08-17 12:35:31,911][__main__][INFO] - [RANK 0] [ Eval  | Step: 10000  |  loss : 0.7204 | accuracy : 0.6088 | eval_s : 0.2937  ]
[2026-08-17 12:35:38,237][__main__][INFO] - [RANK 0] [ Train | Step: 10500  |  loss : 0.6988 | accuracy : 0.6222 | opt_sps : 79.0328  ]
[2026-08-17 12:35:38,531][__main__][INFO] - [RANK 0] [ Eval  | Step: 10500  |  loss : 0.7449 | accuracy : 0.6051 | eval_s : 0.2939  ]
[2026-08-17 12:35:44,788][__main__][INFO] - [RANK 0] [ Train | Step: 11000  |  loss : 0.6856 | accuracy : 0.6279 | opt_sps : 79.0723  ]
[2026-08-17 12:35:45,082][__main__][INFO] - [RANK 0] [ Eval  | Step: 11000  |  loss : 0.6616 | accuracy : 0.6371 | eval_s : 0.2932  ]
[2026-08-17 12:35:51,389][__main__][INFO] - [RANK 0] [ Train | Step: 11500  |  loss : 0.6902 | accuracy : 0.6280 | opt_sps : 79.0820  ]
[2026-08-17 12:35:51,684][__main__][INFO] - [RANK 0] [ Eval  | Step: 11500  |  loss : 0.6767 | accuracy : 0.6305 | eval_s : 0.2946  ]
[2026-08-17 12:35:58,015][__main__][INFO] - [RANK 0] [ Train | Step: 12000  |  loss : 0.6791 | accuracy : 0.6311 | opt_sps : 79.0775  ]
[2026-08-17 12:35:58,310][__main__][INFO] - [RANK 0] [ Eval  | Step: 12000  |  loss : 0.6603 | accuracy : 0.6350 | eval_s : 0.2941  ]
[2026-08-17 12:36:04,605][__main__][INFO] - [RANK 0] [ Train | Step: 12500  |  loss : 0.6691 | accuracy : 0.6362 | opt_sps : 79.0923  ]
[2026-08-17 12:36:04,898][__main__][INFO] - [RANK 0] [ Eval  | Step: 12500  |  loss : 0.6668 | accuracy : 0.6350 | eval_s : 0.2929  ]
[2026-08-17 12:36:11,266][__main__][INFO] - [RANK 0] [ Train | Step: 13000  |  loss : 0.6650 | accuracy : 0.6353 | opt_sps : 79.0700  ]
[2026-08-17 12:36:11,561][__main__][INFO] - [RANK 0] [ Eval  | Step: 13000  |  loss : 0.6463 | accuracy : 0.6412 | eval_s : 0.2939  ]
[2026-08-17 12:36:17,959][__main__][INFO] - [RANK 0] [ Train | Step: 13500  |  loss : 0.6556 | accuracy : 0.6410 | opt_sps : 79.0362  ]
[2026-08-17 12:36:18,253][__main__][INFO] - [RANK 0] [ Eval  | Step: 13500  |  loss : 0.6649 | accuracy : 0.6377 | eval_s : 0.2936  ]
[2026-08-17 12:36:24,592][__main__][INFO] - [RANK 0] [ Train | Step: 14000  |  loss : 0.6527 | accuracy : 0.6432 | opt_sps : 79.0305  ]
[2026-08-17 12:36:24,887][__main__][INFO] - [RANK 0] [ Eval  | Step: 14000  |  loss : 0.6498 | accuracy : 0.6427 | eval_s : 0.2935  ]
[2026-08-17 12:36:31,228][__main__][INFO] - [RANK 0] [ Train | Step: 14500  |  loss : 0.6524 | accuracy : 0.6425 | opt_sps : 79.0239  ]
[2026-08-17 12:36:31,523][__main__][INFO] - [RANK 0] [ Eval  | Step: 14500  |  loss : 0.6416 | accuracy : 0.6497 | eval_s : 0.2935  ]
[2026-08-17 12:36:37,860][__main__][INFO] - [RANK 0] [ Train | Step: 15000  |  loss : 0.6423 | accuracy : 0.6482 | opt_sps : 79.0200  ]
[2026-08-17 12:36:38,155][__main__][INFO] - [RANK 0] [ Eval  | Step: 15000  |  loss : 0.7566 | accuracy : 0.6138 | eval_s : 0.2943  ]
[2026-08-17 12:36:44,432][__main__][INFO] - [RANK 0] [ Train | Step: 15500  |  loss : 0.6397 | accuracy : 0.6470 | opt_sps : 79.0404  ]
[2026-08-17 12:36:44,726][__main__][INFO] - [RANK 0] [ Eval  | Step: 15500  |  loss : 0.6299 | accuracy : 0.6504 | eval_s : 0.2927  ]
[2026-08-17 12:36:51,022][__main__][INFO] - [RANK 0] [ Train | Step: 16000  |  loss : 0.6494 | accuracy : 0.6461 | opt_sps : 79.0525  ]
[2026-08-17 12:36:51,316][__main__][INFO] - [RANK 0] [ Eval  | Step: 16000  |  loss : 0.6330 | accuracy : 0.6495 | eval_s : 0.2937  ]
[2026-08-17 12:36:57,625][__main__][INFO] - [RANK 0] [ Train | Step: 16500  |  loss : 0.6400 | accuracy : 0.6502 | opt_sps : 79.0584  ]
[2026-08-17 12:36:57,921][__main__][INFO] - [RANK 0] [ Eval  | Step: 16500  |  loss : 0.6451 | accuracy : 0.6487 | eval_s : 0.2942  ]
[2026-08-17 12:37:04,307][__main__][INFO] - [RANK 0] [ Train | Step: 17000  |  loss : 0.6399 | accuracy : 0.6490 | opt_sps : 79.0355  ]
[2026-08-17 12:37:04,602][__main__][INFO] - [RANK 0] [ Eval  | Step: 17000  |  loss : 0.6315 | accuracy : 0.6504 | eval_s : 0.2938  ]
[2026-08-17 12:37:10,905][__main__][INFO] - [RANK 0] [ Train | Step: 17500  |  loss : 0.6354 | accuracy : 0.6512 | opt_sps : 79.0438  ]
[2026-08-17 12:37:11,200][__main__][INFO] - [RANK 0] [ Eval  | Step: 17500  |  loss : 0.6288 | accuracy : 0.6476 | eval_s : 0.2937  ]
[2026-08-17 12:37:17,538][__main__][INFO] - [RANK 0] [ Train | Step: 18000  |  loss : 0.6565 | accuracy : 0.6447 | opt_sps : 79.0399  ]
[2026-08-17 12:37:17,832][__main__][INFO] - [RANK 0] [ Eval  | Step: 18000  |  loss : 0.8403 | accuracy : 0.5902 | eval_s : 0.2940  ]
[2026-08-17 12:37:24,152][__main__][INFO] - [RANK 0] [ Train | Step: 18500  |  loss : 0.6394 | accuracy : 0.6505 | opt_sps : 79.0420  ]
[2026-08-17 12:37:24,447][__main__][INFO] - [RANK 0] [ Eval  | Step: 18500  |  loss : 0.6848 | accuracy : 0.6274 | eval_s : 0.2937  ]
[2026-08-17 12:37:30,747][__main__][INFO] - [RANK 0] [ Train | Step: 19000  |  loss : 0.6435 | accuracy : 0.6497 | opt_sps : 79.0505  ]
[2026-08-17 12:37:31,041][__main__][INFO] - [RANK 0] [ Eval  | Step: 19000  |  loss : 0.6238 | accuracy : 0.6538 | eval_s : 0.2930  ]
[2026-08-17 12:37:37,360][__main__][INFO] - [RANK 0] [ Train | Step: 19500  |  loss : 0.6299 | accuracy : 0.6540 | opt_sps : 79.0524  ]
[2026-08-17 12:37:37,655][__main__][INFO] - [RANK 0] [ Eval  | Step: 19500  |  loss : 0.6366 | accuracy : 0.6484 | eval_s : 0.2937  ]
[2026-08-17 12:37:44,004][__main__][INFO] - [RANK 0] [ Train | Step: 20000  |  loss : 0.6288 | accuracy : 0.6532 | opt_sps : 79.0449  ]
[2026-08-17 12:37:44,298][__main__][INFO] - [RANK 0] [ Eval  | Step: 20000  |  loss : 0.6199 | accuracy : 0.6595 | eval_s : 0.2938  ]
[2026-08-17 12:37:50,618][__main__][INFO] - [RANK 0] [ Train | Step: 20500  |  loss : 0.6256 | accuracy : 0.6563 | opt_sps : 79.0471  ]
[2026-08-17 12:37:50,912][__main__][INFO] - [RANK 0] [ Eval  | Step: 20500  |  loss : 0.6612 | accuracy : 0.6400 | eval_s : 0.2936  ]
[2026-08-17 12:37:57,197][__main__][INFO] - [RANK 0] [ Train | Step: 21000  |  loss : 0.6317 | accuracy : 0.6503 | opt_sps : 79.0593  ]
[2026-08-17 12:37:57,491][__main__][INFO] - [RANK 0] [ Eval  | Step: 21000  |  loss : 0.6175 | accuracy : 0.6589 | eval_s : 0.2937  ]
[2026-08-17 12:38:03,766][__main__][INFO] - [RANK 0] [ Train | Step: 21500  |  loss : 0.6214 | accuracy : 0.6586 | opt_sps : 79.0740  ]
[2026-08-17 12:38:04,060][__main__][INFO] - [RANK 0] [ Eval  | Step: 21500  |  loss : 0.6152 | accuracy : 0.6613 | eval_s : 0.2936  ]
[2026-08-17 12:38:10,378][__main__][INFO] - [RANK 0] [ Train | Step: 22000  |  loss : 0.6215 | accuracy : 0.6562 | opt_sps : 79.0758  ]
[2026-08-17 12:38:10,675][__main__][INFO] - [RANK 0] [ Eval  | Step: 22000  |  loss : 0.6313 | accuracy : 0.6535 | eval_s : 0.2961  ]
[2026-08-17 12:38:17,153][__main__][INFO] - [RANK 0] [ Train | Step: 22500  |  loss : 0.6255 | accuracy : 0.6541 | opt_sps : 79.0328  ]
[2026-08-17 12:38:17,448][__main__][INFO] - [RANK 0] [ Eval  | Step: 22500  |  loss : 0.6304 | accuracy : 0.6497 | eval_s : 0.2937  ]
[2026-08-17 12:38:23,780][__main__][INFO] - [RANK 0] [ Train | Step: 23000  |  loss : 0.6220 | accuracy : 0.6561 | opt_sps : 79.0311  ]
[2026-08-17 12:38:24,074][__main__][INFO] - [RANK 0] [ Eval  | Step: 23000  |  loss : 0.6323 | accuracy : 0.6484 | eval_s : 0.2935  ]
[2026-08-17 12:38:30,419][__main__][INFO] - [RANK 0] [ Train | Step: 23500  |  loss : 0.6325 | accuracy : 0.6527 | opt_sps : 79.0262  ]
[2026-08-17 12:38:30,713][__main__][INFO] - [RANK 0] [ Eval  | Step: 23500  |  loss : 0.6160 | accuracy : 0.6615 | eval_s : 0.2931  ]
[2026-08-17 12:38:37,042][__main__][INFO] - [RANK 0] [ Train | Step: 24000  |  loss : 0.6236 | accuracy : 0.6588 | opt_sps : 79.0259  ]
[2026-08-17 12:38:37,337][__main__][INFO] - [RANK 0] [ Eval  | Step: 24000  |  loss : 0.6551 | accuracy : 0.6432 | eval_s : 0.2939  ]
[2026-08-17 12:38:43,698][__main__][INFO] - [RANK 0] [ Train | Step: 24500  |  loss : 0.6226 | accuracy : 0.6591 | opt_sps : 79.0171  ]
[2026-08-17 12:38:43,992][__main__][INFO] - [RANK 0] [ Eval  | Step: 24500  |  loss : 0.6256 | accuracy : 0.6567 | eval_s : 0.2935  ]
[2026-08-17 12:38:50,336][__main__][INFO] - [RANK 0] [ Train | Step: 25000  |  loss : 0.6225 | accuracy : 0.6588 | opt_sps : 79.0131  ]
[2026-08-17 12:38:50,631][__main__][INFO] - [RANK 0] [ Eval  | Step: 25000  |  loss : 0.6199 | accuracy : 0.6564 | eval_s : 0.2943  ]
[2026-08-17 12:38:56,943][__main__][INFO] - [RANK 0] [ Train | Step: 25500  |  loss : 0.6210 | accuracy : 0.6601 | opt_sps : 79.0171  ]
[2026-08-17 12:38:57,237][__main__][INFO] - [RANK 0] [ Eval  | Step: 25500  |  loss : 0.6202 | accuracy : 0.6559 | eval_s : 0.2934  ]
[2026-08-17 12:39:03,570][__main__][INFO] - [RANK 0] [ Train | Step: 26000  |  loss : 0.6198 | accuracy : 0.6602 | opt_sps : 79.0158  ]
[2026-08-17 12:39:03,865][__main__][INFO] - [RANK 0] [ Eval  | Step: 26000  |  loss : 0.6409 | accuracy : 0.6534 | eval_s : 0.2942  ]
[2026-08-17 12:39:10,241][__main__][INFO] - [RANK 0] [ Train | Step: 26500  |  loss : 0.6174 | accuracy : 0.6599 | opt_sps : 79.0045  ]
[2026-08-17 12:39:10,536][__main__][INFO] - [RANK 0] [ Eval  | Step: 26500  |  loss : 0.6183 | accuracy : 0.6598 | eval_s : 0.2943  ]
[2026-08-17 12:39:16,953][__main__][INFO] - [RANK 0] [ Train | Step: 27000  |  loss : 0.6211 | accuracy : 0.6642 | opt_sps : 78.9843  ]
[2026-08-17 12:39:17,247][__main__][INFO] - [RANK 0] [ Eval  | Step: 27000  |  loss : 0.6257 | accuracy : 0.6571 | eval_s : 0.2940  ]
[2026-08-17 12:39:23,556][__main__][INFO] - [RANK 0] [ Train | Step: 27500  |  loss : 0.6140 | accuracy : 0.6683 | opt_sps : 78.9892  ]
[2026-08-17 12:39:23,851][__main__][INFO] - [RANK 0] [ Eval  | Step: 27500  |  loss : 0.6146 | accuracy : 0.6698 | eval_s : 0.2940  ]
[2026-08-17 12:39:30,158][__main__][INFO] - [RANK 0] [ Train | Step: 28000  |  loss : 0.6117 | accuracy : 0.6718 | opt_sps : 78.9945  ]
[2026-08-17 12:39:30,453][__main__][INFO] - [RANK 0] [ Eval  | Step: 28000  |  loss : 0.6041 | accuracy : 0.6808 | eval_s : 0.2936  ]
[2026-08-17 12:39:36,788][__main__][INFO] - [RANK 0] [ Train | Step: 28500  |  loss : 0.5969 | accuracy : 0.6854 | opt_sps : 78.9933  ]
[2026-08-17 12:39:37,084][__main__][INFO] - [RANK 0] [ Eval  | Step: 28500  |  loss : 0.5842 | accuracy : 0.6963 | eval_s : 0.2946  ]
[2026-08-17 12:39:43,373][__main__][INFO] - [RANK 0] [ Train | Step: 29000  |  loss : 0.5689 | accuracy : 0.7084 | opt_sps : 79.0024  ]
[2026-08-17 12:39:43,667][__main__][INFO] - [RANK 0] [ Eval  | Step: 29000  |  loss : 0.5527 | accuracy : 0.7110 | eval_s : 0.2933  ]
[2026-08-17 12:39:49,970][__main__][INFO] - [RANK 0] [ Train | Step: 29500  |  loss : 0.5461 | accuracy : 0.7179 | opt_sps : 79.0080  ]
[2026-08-17 12:39:50,264][__main__][INFO] - [RANK 0] [ Eval  | Step: 29500  |  loss : 0.5494 | accuracy : 0.7126 | eval_s : 0.2934  ]
[2026-08-17 12:39:56,578][__main__][INFO] - [RANK 0] [ Train | Step: 30000  |  loss : 0.5404 | accuracy : 0.7228 | opt_sps : 79.0112  ]
[2026-08-17 12:39:56,873][__main__][INFO] - [RANK 0] [ Eval  | Step: 30000  |  loss : 0.5352 | accuracy : 0.7219 | eval_s : 0.2934  ]
[2026-08-17 12:40:03,221][__main__][INFO] - [RANK 0] [ Train | Step: 30500  |  loss : 0.5298 | accuracy : 0.7290 | opt_sps : 79.0072  ]
[2026-08-17 12:40:03,519][__main__][INFO] - [RANK 0] [ Eval  | Step: 30500  |  loss : 0.5346 | accuracy : 0.7259 | eval_s : 0.2965  ]
[2026-08-17 12:40:09,821][__main__][INFO] - [RANK 0] [ Train | Step: 31000  |  loss : 0.5256 | accuracy : 0.7307 | opt_sps : 79.0127  ]
[2026-08-17 12:40:10,115][__main__][INFO] - [RANK 0] [ Eval  | Step: 31000  |  loss : 0.5440 | accuracy : 0.7239 | eval_s : 0.2933  ]
[2026-08-17 12:40:16,516][__main__][INFO] - [RANK 0] [ Train | Step: 31500  |  loss : 0.5178 | accuracy : 0.7369 | opt_sps : 78.9982  ]
[2026-08-17 12:40:16,811][__main__][INFO] - [RANK 0] [ Eval  | Step: 31500  |  loss : 0.5412 | accuracy : 0.7298 | eval_s : 0.2940  ]
[2026-08-17 12:40:23,117][__main__][INFO] - [RANK 0] [ Train | Step: 32000  |  loss : 0.5078 | accuracy : 0.7469 | opt_sps : 79.0028  ]
[2026-08-17 12:40:23,412][__main__][INFO] - [RANK 0] [ Eval  | Step: 32000  |  loss : 0.4956 | accuracy : 0.7559 | eval_s : 0.2938  ]
[2026-08-17 12:40:29,766][__main__][INFO] - [RANK 0] [ Train | Step: 32500  |  loss : 0.4904 | accuracy : 0.7581 | opt_sps : 78.9980  ]
[2026-08-17 12:40:30,061][__main__][INFO] - [RANK 0] [ Eval  | Step: 32500  |  loss : 0.4873 | accuracy : 0.7593 | eval_s : 0.2938  ]
[2026-08-17 12:40:36,380][__main__][INFO] - [RANK 0] [ Train | Step: 33000  |  loss : 0.4799 | accuracy : 0.7640 | opt_sps : 79.0000  ]
[2026-08-17 12:40:36,675][__main__][INFO] - [RANK 0] [ Eval  | Step: 33000  |  loss : 0.4755 | accuracy : 0.7648 | eval_s : 0.2935  ]
[2026-08-17 12:40:43,011][__main__][INFO] - [RANK 0] [ Train | Step: 33500  |  loss : 0.4708 | accuracy : 0.7672 | opt_sps : 78.9987  ]
[2026-08-17 12:40:43,307][__main__][INFO] - [RANK 0] [ Eval  | Step: 33500  |  loss : 0.4709 | accuracy : 0.7645 | eval_s : 0.2950  ]
[2026-08-17 12:40:49,652][__main__][INFO] - [RANK 0] [ Train | Step: 34000  |  loss : 0.4672 | accuracy : 0.7678 | opt_sps : 78.9960  ]
[2026-08-17 12:40:49,947][__main__][INFO] - [RANK 0] [ Eval  | Step: 34000  |  loss : 0.4713 | accuracy : 0.7676 | eval_s : 0.2935  ]
[2026-08-17 12:40:56,270][__main__][INFO] - [RANK 0] [ Train | Step: 34500  |  loss : 0.4720 | accuracy : 0.7663 | opt_sps : 78.9971  ]
[2026-08-17 12:40:56,565][__main__][INFO] - [RANK 0] [ Eval  | Step: 34500  |  loss : 0.4668 | accuracy : 0.7657 | eval_s : 0.2936  ]
[2026-08-17 12:41:02,881][__main__][INFO] - [RANK 0] [ Train | Step: 35000  |  loss : 0.4655 | accuracy : 0.7686 | opt_sps : 78.9996  ]
[2026-08-17 12:41:03,175][__main__][INFO] - [RANK 0] [ Eval  | Step: 35000  |  loss : 0.4678 | accuracy : 0.7667 | eval_s : 0.2933  ]
[2026-08-17 12:41:09,518][__main__][INFO] - [RANK 0] [ Train | Step: 35500  |  loss : 0.4671 | accuracy : 0.7686 | opt_sps : 78.9971  ]
[2026-08-17 12:41:09,813][__main__][INFO] - [RANK 0] [ Eval  | Step: 35500  |  loss : 0.4655 | accuracy : 0.7637 | eval_s : 0.2934  ]
[2026-08-17 12:41:16,123][__main__][INFO] - [RANK 0] [ Train | Step: 36000  |  loss : 0.4684 | accuracy : 0.7678 | opt_sps : 79.0006  ]
[2026-08-17 12:41:16,417][__main__][INFO] - [RANK 0] [ Eval  | Step: 36000  |  loss : 0.4846 | accuracy : 0.7611 | eval_s : 0.2935  ]
[2026-08-17 12:41:22,700][__main__][INFO] - [RANK 0] [ Train | Step: 36500  |  loss : 0.4647 | accuracy : 0.7696 | opt_sps : 79.0084  ]
[2026-08-17 12:41:22,995][__main__][INFO] - [RANK 0] [ Eval  | Step: 36500  |  loss : 0.4749 | accuracy : 0.7652 | eval_s : 0.2938  ]
[2026-08-17 12:41:29,315][__main__][INFO] - [RANK 0] [ Train | Step: 37000  |  loss : 0.4648 | accuracy : 0.7681 | opt_sps : 79.0099  ]
[2026-08-17 12:41:29,609][__main__][INFO] - [RANK 0] [ Eval  | Step: 37000  |  loss : 0.4638 | accuracy : 0.7679 | eval_s : 0.2928  ]
[2026-08-17 12:41:35,889][__main__][INFO] - [RANK 0] [ Train | Step: 37500  |  loss : 0.4633 | accuracy : 0.7696 | opt_sps : 79.0180  ]
[2026-08-17 12:41:36,184][__main__][INFO] - [RANK 0] [ Eval  | Step: 37500  |  loss : 0.4696 | accuracy : 0.7639 | eval_s : 0.2936  ]
[2026-08-17 12:41:42,434][__main__][INFO] - [RANK 0] [ Train | Step: 38000  |  loss : 0.4619 | accuracy : 0.7703 | opt_sps : 79.0306  ]
[2026-08-17 12:41:42,728][__main__][INFO] - [RANK 0] [ Eval  | Step: 38000  |  loss : 0.4640 | accuracy : 0.7693 | eval_s : 0.2925  ]
[2026-08-17 12:41:48,997][__main__][INFO] - [RANK 0] [ Train | Step: 38500  |  loss : 0.4608 | accuracy : 0.7699 | opt_sps : 79.0400  ]
[2026-08-17 12:41:49,291][__main__][INFO] - [RANK 0] [ Eval  | Step: 38500  |  loss : 0.4685 | accuracy : 0.7678 | eval_s : 0.2934  ]
[2026-08-17 12:41:55,536][__main__][INFO] - [RANK 0] [ Train | Step: 39000  |  loss : 0.4642 | accuracy : 0.7692 | opt_sps : 79.0529  ]
[2026-08-17 12:41:55,830][__main__][INFO] - [RANK 0] [ Eval  | Step: 39000  |  loss : 0.4601 | accuracy : 0.7716 | eval_s : 0.2925  ]
[2026-08-17 12:42:02,103][__main__][INFO] - [RANK 0] [ Train | Step: 39500  |  loss : 0.4636 | accuracy : 0.7684 | opt_sps : 79.0611  ]
[2026-08-17 12:42:02,398][__main__][INFO] - [RANK 0] [ Eval  | Step: 39500  |  loss : 0.4602 | accuracy : 0.7697 | eval_s : 0.2934  ]
[2026-08-17 12:42:08,708][__main__][INFO] - [RANK 0] [ Train | Step: 40000  |  loss : 0.4630 | accuracy : 0.7694 | opt_sps : 79.0633  ]
[2026-08-17 12:42:09,003][__main__][INFO] - [RANK 0] [ Eval  | Step: 40000  |  loss : 0.4610 | accuracy : 0.7717 | eval_s : 0.2938  ]
[2026-08-17 12:42:15,361][__main__][INFO] - [RANK 0] [ Train | Step: 40500  |  loss : 0.4589 | accuracy : 0.7719 | opt_sps : 79.0580  ]
[2026-08-17 12:42:15,656][__main__][INFO] - [RANK 0] [ Eval  | Step: 40500  |  loss : 0.4607 | accuracy : 0.7673 | eval_s : 0.2940  ]
[2026-08-17 12:42:22,156][__main__][INFO] - [RANK 0] [ Train | Step: 41000  |  loss : 0.4611 | accuracy : 0.7702 | opt_sps : 79.0313  ]
[2026-08-17 12:42:22,450][__main__][INFO] - [RANK 0] [ Eval  | Step: 41000  |  loss : 0.4594 | accuracy : 0.7705 | eval_s : 0.2940  ]
[2026-08-17 12:42:28,778][__main__][INFO] - [RANK 0] [ Train | Step: 41500  |  loss : 0.4585 | accuracy : 0.7715 | opt_sps : 79.0313  ]
[2026-08-17 12:42:29,072][__main__][INFO] - [RANK 0] [ Eval  | Step: 41500  |  loss : 0.4606 | accuracy : 0.7679 | eval_s : 0.2932  ]
[2026-08-17 12:42:35,384][__main__][INFO] - [RANK 0] [ Train | Step: 42000  |  loss : 0.4564 | accuracy : 0.7715 | opt_sps : 79.0335  ]
[2026-08-17 12:42:35,679][__main__][INFO] - [RANK 0] [ Eval  | Step: 42000  |  loss : 0.4630 | accuracy : 0.7680 | eval_s : 0.2942  ]
[2026-08-17 12:42:42,027][__main__][INFO] - [RANK 0] [ Train | Step: 42500  |  loss : 0.4561 | accuracy : 0.7722 | opt_sps : 79.0303  ]
[2026-08-17 12:42:42,322][__main__][INFO] - [RANK 0] [ Eval  | Step: 42500  |  loss : 0.4656 | accuracy : 0.7670 | eval_s : 0.2944  ]
[2026-08-17 12:42:48,627][__main__][INFO] - [RANK 0] [ Train | Step: 43000  |  loss : 0.4574 | accuracy : 0.7713 | opt_sps : 79.0335  ]
[2026-08-17 12:42:48,920][__main__][INFO] - [RANK 0] [ Eval  | Step: 43000  |  loss : 0.4611 | accuracy : 0.7704 | eval_s : 0.2927  ]
[2026-08-17 12:42:55,199][__main__][INFO] - [RANK 0] [ Train | Step: 43500  |  loss : 0.4559 | accuracy : 0.7733 | opt_sps : 79.0404  ]
[2026-08-17 12:42:55,493][__main__][INFO] - [RANK 0] [ Eval  | Step: 43500  |  loss : 0.4617 | accuracy : 0.7699 | eval_s : 0.2932  ]
[2026-08-17 12:43:01,806][__main__][INFO] - [RANK 0] [ Train | Step: 44000  |  loss : 0.4574 | accuracy : 0.7713 | opt_sps : 79.0422  ]
[2026-08-17 12:43:02,100][__main__][INFO] - [RANK 0] [ Eval  | Step: 44000  |  loss : 0.4589 | accuracy : 0.7712 | eval_s : 0.2931  ]
[2026-08-17 12:43:08,456][__main__][INFO] - [RANK 0] [ Train | Step: 44500  |  loss : 0.4576 | accuracy : 0.7732 | opt_sps : 79.0382  ]
[2026-08-17 12:43:08,749][__main__][INFO] - [RANK 0] [ Eval  | Step: 44500  |  loss : 0.4579 | accuracy : 0.7715 | eval_s : 0.2925  ]
[2026-08-17 12:43:15,095][__main__][INFO] - [RANK 0] [ Train | Step: 45000  |  loss : 0.4592 | accuracy : 0.7714 | opt_sps : 79.0356  ]
[2026-08-17 12:43:15,389][__main__][INFO] - [RANK 0] [ Eval  | Step: 45000  |  loss : 0.4582 | accuracy : 0.7710 | eval_s : 0.2937  ]
[2026-08-17 12:43:21,735][__main__][INFO] - [RANK 0] [ Train | Step: 45500  |  loss : 0.4548 | accuracy : 0.7721 | opt_sps : 79.0329  ]
[2026-08-17 12:43:22,030][__main__][INFO] - [RANK 0] [ Eval  | Step: 45500  |  loss : 0.4578 | accuracy : 0.7713 | eval_s : 0.2936  ]
[2026-08-17 12:43:28,331][__main__][INFO] - [RANK 0] [ Train | Step: 46000  |  loss : 0.4590 | accuracy : 0.7702 | opt_sps : 79.0364  ]
[2026-08-17 12:43:28,626][__main__][INFO] - [RANK 0] [ Eval  | Step: 46000  |  loss : 0.4587 | accuracy : 0.7722 | eval_s : 0.2936  ]
[2026-08-17 12:43:34,960][__main__][INFO] - [RANK 0] [ Train | Step: 46500  |  loss : 0.4548 | accuracy : 0.7726 | opt_sps : 79.0353  ]
[2026-08-17 12:43:35,254][__main__][INFO] - [RANK 0] [ Eval  | Step: 46500  |  loss : 0.4641 | accuracy : 0.7706 | eval_s : 0.2928  ]
[2026-08-17 12:43:41,580][__main__][INFO] - [RANK 0] [ Train | Step: 47000  |  loss : 0.4530 | accuracy : 0.7724 | opt_sps : 79.0354  ]
[2026-08-17 12:43:41,873][__main__][INFO] - [RANK 0] [ Eval  | Step: 47000  |  loss : 0.4624 | accuracy : 0.7670 | eval_s : 0.2927  ]
[2026-08-17 12:43:48,164][__main__][INFO] - [RANK 0] [ Train | Step: 47500  |  loss : 0.4605 | accuracy : 0.7704 | opt_sps : 79.0401  ]
[2026-08-17 12:43:48,458][__main__][INFO] - [RANK 0] [ Eval  | Step: 47500  |  loss : 0.4572 | accuracy : 0.7714 | eval_s : 0.2937  ]
[2026-08-17 12:43:54,786][__main__][INFO] - [RANK 0] [ Train | Step: 48000  |  loss : 0.4579 | accuracy : 0.7711 | opt_sps : 79.0400  ]
[2026-08-17 12:43:55,080][__main__][INFO] - [RANK 0] [ Eval  | Step: 48000  |  loss : 0.4668 | accuracy : 0.7689 | eval_s : 0.2935  ]
[2026-08-17 12:44:01,331][__main__][INFO] - [RANK 0] [ Train | Step: 48500  |  loss : 0.4526 | accuracy : 0.7747 | opt_sps : 79.0497  ]
[2026-08-17 12:44:01,625][__main__][INFO] - [RANK 0] [ Eval  | Step: 48500  |  loss : 0.4589 | accuracy : 0.7700 | eval_s : 0.2937  ]
[2026-08-17 12:44:07,906][__main__][INFO] - [RANK 0] [ Train | Step: 49000  |  loss : 0.4566 | accuracy : 0.7719 | opt_sps : 79.0554  ]
[2026-08-17 12:44:08,199][__main__][INFO] - [RANK 0] [ Eval  | Step: 49000  |  loss : 0.4638 | accuracy : 0.7707 | eval_s : 0.2925  ]
[2026-08-17 12:44:14,483][__main__][INFO] - [RANK 0] [ Train | Step: 49500  |  loss : 0.4542 | accuracy : 0.7724 | opt_sps : 79.0606  ]
[2026-08-17 12:44:14,776][__main__][INFO] - [RANK 0] [ Eval  | Step: 49500  |  loss : 0.4561 | accuracy : 0.7731 | eval_s : 0.2926  ]
[2026-08-17 12:44:21,214][__main__][INFO] - [RANK 0] [ Train | Step: 50000  |  loss : 0.4540 | accuracy : 0.7749 | opt_sps : 79.0465  ]
[2026-08-17 12:44:21,511][__main__][INFO] - [RANK 0] [ Eval  | Step: 50000  |  loss : 0.4583 | accuracy : 0.7717 | eval_s : 0.2958  ]
[2026-08-17 12:44:27,826][__main__][INFO] - [RANK 0] [ Train | Step: 50500  |  loss : 0.4570 | accuracy : 0.7720 | opt_sps : 79.0477  ]
[2026-08-17 12:44:28,120][__main__][INFO] - [RANK 0] [ Eval  | Step: 50500  |  loss : 0.4565 | accuracy : 0.7729 | eval_s : 0.2933  ]
[2026-08-17 12:44:34,410][__main__][INFO] - [RANK 0] [ Train | Step: 51000  |  loss : 0.4540 | accuracy : 0.7741 | opt_sps : 79.0521  ]
[2026-08-17 12:44:34,705][__main__][INFO] - [RANK 0] [ Eval  | Step: 51000  |  loss : 0.4596 | accuracy : 0.7713 | eval_s : 0.2935  ]
[2026-08-17 12:44:41,006][__main__][INFO] - [RANK 0] [ Train | Step: 51500  |  loss : 0.4563 | accuracy : 0.7714 | opt_sps : 79.0549  ]
[2026-08-17 12:44:41,301][__main__][INFO] - [RANK 0] [ Eval  | Step: 51500  |  loss : 0.4574 | accuracy : 0.7718 | eval_s : 0.2935  ]
[2026-08-17 12:44:47,636][__main__][INFO] - [RANK 0] [ Train | Step: 52000  |  loss : 0.4567 | accuracy : 0.7722 | opt_sps : 79.0536  ]
[2026-08-17 12:44:47,931][__main__][INFO] - [RANK 0] [ Eval  | Step: 52000  |  loss : 0.4569 | accuracy : 0.7696 | eval_s : 0.2938  ]
[2026-08-17 12:44:54,253][__main__][INFO] - [RANK 0] [ Train | Step: 52500  |  loss : 0.4514 | accuracy : 0.7754 | opt_sps : 79.0539  ]
[2026-08-17 12:44:54,547][__main__][INFO] - [RANK 0] [ Eval  | Step: 52500  |  loss : 0.4565 | accuracy : 0.7724 | eval_s : 0.2929  ]
[2026-08-17 12:45:00,824][__main__][INFO] - [RANK 0] [ Train | Step: 53000  |  loss : 0.4534 | accuracy : 0.7723 | opt_sps : 79.0595  ]
[2026-08-17 12:45:01,119][__main__][INFO] - [RANK 0] [ Eval  | Step: 53000  |  loss : 0.4576 | accuracy : 0.7721 | eval_s : 0.2943  ]
[2026-08-17 12:45:07,435][__main__][INFO] - [RANK 0] [ Train | Step: 53500  |  loss : 0.4533 | accuracy : 0.7734 | opt_sps : 79.0605  ]
[2026-08-17 12:45:07,731][__main__][INFO] - [RANK 0] [ Eval  | Step: 53500  |  loss : 0.4580 | accuracy : 0.7720 | eval_s : 0.2942  ]
[2026-08-17 12:45:14,054][__main__][INFO] - [RANK 0] [ Train | Step: 54000  |  loss : 0.4532 | accuracy : 0.7727 | opt_sps : 79.0605  ]
[2026-08-17 12:45:14,348][__main__][INFO] - [RANK 0] [ Eval  | Step: 54000  |  loss : 0.4609 | accuracy : 0.7677 | eval_s : 0.2932  ]
[2026-08-17 12:45:20,614][__main__][INFO] - [RANK 0] [ Train | Step: 54500  |  loss : 0.4535 | accuracy : 0.7738 | opt_sps : 79.0672  ]
[2026-08-17 12:45:20,908][__main__][INFO] - [RANK 0] [ Eval  | Step: 54500  |  loss : 0.4566 | accuracy : 0.7733 | eval_s : 0.2930  ]
[2026-08-17 12:45:27,214][__main__][INFO] - [RANK 0] [ Train | Step: 55000  |  loss : 0.4519 | accuracy : 0.7744 | opt_sps : 79.0692  ]
[2026-08-17 12:45:27,508][__main__][INFO] - [RANK 0] [ Eval  | Step: 55000  |  loss : 0.4576 | accuracy : 0.7718 | eval_s : 0.2932  ]
[2026-08-17 12:45:33,852][__main__][INFO] - [RANK 0] [ Train | Step: 55500  |  loss : 0.4550 | accuracy : 0.7718 | opt_sps : 79.0670  ]
[2026-08-17 12:45:34,147][__main__][INFO] - [RANK 0] [ Eval  | Step: 55500  |  loss : 0.4592 | accuracy : 0.7702 | eval_s : 0.2940  ]
[2026-08-17 12:45:40,472][__main__][INFO] - [RANK 0] [ Train | Step: 56000  |  loss : 0.4538 | accuracy : 0.7737 | opt_sps : 79.0668  ]
[2026-08-17 12:45:40,767][__main__][INFO] - [RANK 0] [ Eval  | Step: 56000  |  loss : 0.4856 | accuracy : 0.7605 | eval_s : 0.2939  ]
[2026-08-17 12:45:47,265][__main__][INFO] - [RANK 0] [ Train | Step: 56500  |  loss : 0.4499 | accuracy : 0.7749 | opt_sps : 79.0475  ]
[2026-08-17 12:45:47,559][__main__][INFO] - [RANK 0] [ Eval  | Step: 56500  |  loss : 0.4579 | accuracy : 0.7716 | eval_s : 0.2929  ]
[2026-08-17 12:45:53,903][__main__][INFO] - [RANK 0] [ Train | Step: 57000  |  loss : 0.4528 | accuracy : 0.7752 | opt_sps : 79.0454  ]
[2026-08-17 12:45:54,197][__main__][INFO] - [RANK 0] [ Eval  | Step: 57000  |  loss : 0.4586 | accuracy : 0.7720 | eval_s : 0.2935  ]
[2026-08-17 12:46:00,530][__main__][INFO] - [RANK 0] [ Train | Step: 57500  |  loss : 0.4519 | accuracy : 0.7746 | opt_sps : 79.0446  ]
[2026-08-17 12:46:00,825][__main__][INFO] - [RANK 0] [ Eval  | Step: 57500  |  loss : 0.4574 | accuracy : 0.7684 | eval_s : 0.2937  ]
[2026-08-17 12:46:07,320][__main__][INFO] - [RANK 0] [ Train | Step: 58000  |  loss : 0.4531 | accuracy : 0.7730 | opt_sps : 79.0263  ]
[2026-08-17 12:46:07,616][__main__][INFO] - [RANK 0] [ Eval  | Step: 58000  |  loss : 0.4562 | accuracy : 0.7719 | eval_s : 0.2949  ]
[2026-08-17 12:46:14,699][__main__][INFO] - [RANK 0] [ Train | Step: 58500  |  loss : 0.4516 | accuracy : 0.7736 | opt_sps : 78.9458  ]
[2026-08-17 12:46:15,007][__main__][INFO] - [RANK 0] [ Eval  | Step: 58500  |  loss : 0.4559 | accuracy : 0.7730 | eval_s : 0.3067  ]
[2026-08-17 12:46:21,986][__main__][INFO] - [RANK 0] [ Train | Step: 59000  |  loss : 0.4515 | accuracy : 0.7757 | opt_sps : 78.8777  ]
[2026-08-17 12:46:22,288][__main__][INFO] - [RANK 0] [ Eval  | Step: 59000  |  loss : 0.4567 | accuracy : 0.7720 | eval_s : 0.3015  ]
[2026-08-17 12:46:29,016][__main__][INFO] - [RANK 0] [ Train | Step: 59500  |  loss : 0.4496 | accuracy : 0.7759 | opt_sps : 78.8370  ]
[2026-08-17 12:46:29,318][__main__][INFO] - [RANK 0] [ Eval  | Step: 59500  |  loss : 0.4555 | accuracy : 0.7745 | eval_s : 0.3003  ]
[2026-08-17 12:46:36,321][__main__][INFO] - [RANK 0] [ Train | Step: 60000  |  loss : 0.4508 | accuracy : 0.7748 | opt_sps : 78.7687  ]
[2026-08-17 12:46:36,617][__main__][INFO] - [RANK 0] [ Eval  | Step: 60000  |  loss : 0.4591 | accuracy : 0.7696 | eval_s : 0.2951  ]
[2026-08-17 12:46:43,679][__main__][INFO] - [RANK 0] [ Train | Step: 60500  |  loss : 0.4510 | accuracy : 0.7744 | opt_sps : 78.6955  ]
[2026-08-17 12:46:43,977][__main__][INFO] - [RANK 0] [ Eval  | Step: 60500  |  loss : 0.4565 | accuracy : 0.7719 | eval_s : 0.2972  ]
[2026-08-17 12:46:50,531][__main__][INFO] - [RANK 0] [ Train | Step: 61000  |  loss : 0.4511 | accuracy : 0.7733 | opt_sps : 78.6752  ]
[2026-08-17 12:46:50,839][__main__][INFO] - [RANK 0] [ Eval  | Step: 61000  |  loss : 0.4570 | accuracy : 0.7727 | eval_s : 0.3071  ]
[2026-08-17 12:46:57,414][__main__][INFO] - [RANK 0] [ Train | Step: 61500  |  loss : 0.4504 | accuracy : 0.7765 | opt_sps : 78.6531  ]
[2026-08-17 12:46:57,708][__main__][INFO] - [RANK 0] [ Eval  | Step: 61500  |  loss : 0.4633 | accuracy : 0.7711 | eval_s : 0.2930  ]
[2026-08-17 12:47:04,194][__main__][INFO] - [RANK 0] [ Train | Step: 62000  |  loss : 0.4509 | accuracy : 0.7749 | opt_sps : 78.6402  ]
[2026-08-17 12:47:04,492][__main__][INFO] - [RANK 0] [ Eval  | Step: 62000  |  loss : 0.4564 | accuracy : 0.7732 | eval_s : 0.2968  ]
[2026-08-17 12:47:11,300][__main__][INFO] - [RANK 0] [ Train | Step: 62500  |  loss : 0.4508 | accuracy : 0.7751 | opt_sps : 78.5956  ]
[2026-08-17 12:47:11,595][__main__][INFO] - [RANK 0] [ Eval  | Step: 62500  |  loss : 0.4567 | accuracy : 0.7719 | eval_s : 0.2939  ]
[2026-08-17 12:47:18,334][__main__][INFO] - [RANK 0] [ Train | Step: 63000  |  loss : 0.4529 | accuracy : 0.7734 | opt_sps : 78.5586  ]
[2026-08-17 12:47:18,628][__main__][INFO] - [RANK 0] [ Eval  | Step: 63000  |  loss : 0.4576 | accuracy : 0.7712 | eval_s : 0.2927  ]
[2026-08-17 12:47:25,075][__main__][INFO] - [RANK 0] [ Train | Step: 63500  |  loss : 0.4476 | accuracy : 0.7779 | opt_sps : 78.5506  ]
[2026-08-17 12:47:25,369][__main__][INFO] - [RANK 0] [ Eval  | Step: 63500  |  loss : 0.4561 | accuracy : 0.7713 | eval_s : 0.2927  ]
[2026-08-17 12:47:32,281][__main__][INFO] - [RANK 0] [ Train | Step: 64000  |  loss : 0.4510 | accuracy : 0.7762 | opt_sps : 78.4980  ]
[2026-08-17 12:47:32,581][__main__][INFO] - [RANK 0] [ Eval  | Step: 64000  |  loss : 0.4555 | accuracy : 0.7734 | eval_s : 0.2995  ]
[2026-08-17 12:47:39,266][__main__][INFO] - [RANK 0] [ Train | Step: 64500  |  loss : 0.4484 | accuracy : 0.7761 | opt_sps : 78.4678  ]
[2026-08-17 12:47:39,564][__main__][INFO] - [RANK 0] [ Eval  | Step: 64500  |  loss : 0.4547 | accuracy : 0.7742 | eval_s : 0.2967  ]
[2026-08-17 12:47:46,349][__main__][INFO] - [RANK 0] [ Train | Step: 65000  |  loss : 0.4519 | accuracy : 0.7745 | opt_sps : 78.4288  ]
[2026-08-17 12:47:46,643][__main__][INFO] - [RANK 0] [ Eval  | Step: 65000  |  loss : 0.4557 | accuracy : 0.7741 | eval_s : 0.2931  ]
[2026-08-17 12:47:52,964][__main__][INFO] - [RANK 0] [ Train | Step: 65500  |  loss : 0.4496 | accuracy : 0.7757 | opt_sps : 78.4339  ]
[2026-08-17 12:47:53,259][__main__][INFO] - [RANK 0] [ Eval  | Step: 65500  |  loss : 0.4566 | accuracy : 0.7710 | eval_s : 0.2934  ]
[2026-08-17 12:47:59,615][__main__][INFO] - [RANK 0] [ Train | Step: 66000  |  loss : 0.4522 | accuracy : 0.7742 | opt_sps : 78.4355  ]
[2026-08-17 12:47:59,916][__main__][INFO] - [RANK 0] [ Eval  | Step: 66000  |  loss : 0.4568 | accuracy : 0.7700 | eval_s : 0.2987  ]
[2026-08-17 12:48:06,774][__main__][INFO] - [RANK 0] [ Train | Step: 66500  |  loss : 0.4511 | accuracy : 0.7754 | opt_sps : 78.3908  ]
[2026-08-17 12:48:07,077][__main__][INFO] - [RANK 0] [ Eval  | Step: 66500  |  loss : 0.4553 | accuracy : 0.7728 | eval_s : 0.3013  ]
[2026-08-17 12:48:13,821][__main__][INFO] - [RANK 0] [ Train | Step: 67000  |  loss : 0.4505 | accuracy : 0.7743 | opt_sps : 78.3573  ]
[2026-08-17 12:48:14,115][__main__][INFO] - [RANK 0] [ Eval  | Step: 67000  |  loss : 0.4552 | accuracy : 0.7750 | eval_s : 0.2937  ]
[2026-08-17 12:48:20,435][__main__][INFO] - [RANK 0] [ Train | Step: 67500  |  loss : 0.4514 | accuracy : 0.7750 | opt_sps : 78.3629  ]
[2026-08-17 12:48:20,730][__main__][INFO] - [RANK 0] [ Eval  | Step: 67500  |  loss : 0.4573 | accuracy : 0.7729 | eval_s : 0.2940  ]
[2026-08-17 12:48:27,647][__main__][INFO] - [RANK 0] [ Train | Step: 68000  |  loss : 0.4481 | accuracy : 0.7774 | opt_sps : 78.3144  ]
[2026-08-17 12:48:27,943][__main__][INFO] - [RANK 0] [ Eval  | Step: 68000  |  loss : 0.4552 | accuracy : 0.7731 | eval_s : 0.2954  ]
[2026-08-17 12:48:34,384][__main__][INFO] - [RANK 0] [ Train | Step: 68500  |  loss : 0.4488 | accuracy : 0.7773 | opt_sps : 78.3094  ]
[2026-08-17 12:48:34,679][__main__][INFO] - [RANK 0] [ Eval  | Step: 68500  |  loss : 0.4556 | accuracy : 0.7748 | eval_s : 0.2933  ]
[2026-08-17 12:48:41,020][__main__][INFO] - [RANK 0] [ Train | Step: 69000  |  loss : 0.4474 | accuracy : 0.7776 | opt_sps : 78.3133  ]
[2026-08-17 12:48:41,314][__main__][INFO] - [RANK 0] [ Eval  | Step: 69000  |  loss : 0.4555 | accuracy : 0.7723 | eval_s : 0.2932  ]
[2026-08-17 12:48:47,654][__main__][INFO] - [RANK 0] [ Train | Step: 69500  |  loss : 0.4520 | accuracy : 0.7739 | opt_sps : 78.3171  ]
[2026-08-17 12:48:47,948][__main__][INFO] - [RANK 0] [ Eval  | Step: 69500  |  loss : 0.4543 | accuracy : 0.7747 | eval_s : 0.2932  ]
[2026-08-17 12:48:54,288][__main__][INFO] - [RANK 0] [ Train | Step: 70000  |  loss : 0.4490 | accuracy : 0.7760 | opt_sps : 78.3212  ]
[2026-08-17 12:48:54,582][__main__][INFO] - [RANK 0] [ Eval  | Step: 70000  |  loss : 0.4548 | accuracy : 0.7743 | eval_s : 0.2930  ]
[2026-08-17 12:49:00,866][__main__][INFO] - [RANK 0] [ Train | Step: 70500  |  loss : 0.4498 | accuracy : 0.7775 | opt_sps : 78.3298  ]
[2026-08-17 12:49:01,160][__main__][INFO] - [RANK 0] [ Eval  | Step: 70500  |  loss : 0.4554 | accuracy : 0.7750 | eval_s : 0.2928  ]
[2026-08-17 12:49:07,512][__main__][INFO] - [RANK 0] [ Train | Step: 71000  |  loss : 0.4471 | accuracy : 0.7785 | opt_sps : 78.3325  ]
[2026-08-17 12:49:07,805][__main__][INFO] - [RANK 0] [ Eval  | Step: 71000  |  loss : 0.4547 | accuracy : 0.7736 | eval_s : 0.2928  ]
[2026-08-17 12:49:14,107][__main__][INFO] - [RANK 0] [ Train | Step: 71500  |  loss : 0.4513 | accuracy : 0.7754 | opt_sps : 78.3395  ]
[2026-08-17 12:49:14,401][__main__][INFO] - [RANK 0] [ Eval  | Step: 71500  |  loss : 0.4546 | accuracy : 0.7755 | eval_s : 0.2928  ]
[2026-08-17 12:49:20,654][__main__][INFO] - [RANK 0] [ Train | Step: 72000  |  loss : 0.4521 | accuracy : 0.7753 | opt_sps : 78.3505  ]
[2026-08-17 12:49:20,948][__main__][INFO] - [RANK 0] [ Eval  | Step: 72000  |  loss : 0.4564 | accuracy : 0.7744 | eval_s : 0.2926  ]
[2026-08-17 12:49:27,399][__main__][INFO] - [RANK 0] [ Train | Step: 72500  |  loss : 0.4483 | accuracy : 0.7779 | opt_sps : 78.3446  ]
[2026-08-17 12:49:27,694][__main__][INFO] - [RANK 0] [ Eval  | Step: 72500  |  loss : 0.4551 | accuracy : 0.7754 | eval_s : 0.2948  ]
[2026-08-17 12:49:34,132][__main__][INFO] - [RANK 0] [ Train | Step: 73000  |  loss : 0.4467 | accuracy : 0.7792 | opt_sps : 78.3400  ]
[2026-08-17 12:49:34,427][__main__][INFO] - [RANK 0] [ Eval  | Step: 73000  |  loss : 0.4551 | accuracy : 0.7756 | eval_s : 0.2941  ]
[2026-08-17 12:49:40,770][__main__][INFO] - [RANK 0] [ Train | Step: 73500  |  loss : 0.4488 | accuracy : 0.7764 | opt_sps : 78.3433  ]
[2026-08-17 12:49:41,066][__main__][INFO] - [RANK 0] [ Eval  | Step: 73500  |  loss : 0.4545 | accuracy : 0.7757 | eval_s : 0.2957  ]
[2026-08-17 12:49:47,440][__main__][INFO] - [RANK 0] [ Train | Step: 74000  |  loss : 0.4494 | accuracy : 0.7773 | opt_sps : 78.3440  ]
[2026-08-17 12:49:47,734][__main__][INFO] - [RANK 0] [ Eval  | Step: 74000  |  loss : 0.4544 | accuracy : 0.7742 | eval_s : 0.2936  ]
[2026-08-17 12:49:54,170][__main__][INFO] - [RANK 0] [ Train | Step: 74500  |  loss : 0.4489 | accuracy : 0.7775 | opt_sps : 78.3395  ]
[2026-08-17 12:49:54,466][__main__][INFO] - [RANK 0] [ Eval  | Step: 74500  |  loss : 0.4590 | accuracy : 0.7748 | eval_s : 0.2942  ]
[2026-08-17 12:50:00,927][__main__][INFO] - [RANK 0] [ Train | Step: 75000  |  loss : 0.4482 | accuracy : 0.7784 | opt_sps : 78.3330  ]
[2026-08-17 12:50:01,221][__main__][INFO] - [RANK 0] [ Eval  | Step: 75000  |  loss : 0.4539 | accuracy : 0.7767 | eval_s : 0.2929  ]
[2026-08-17 12:50:07,618][__main__][INFO] - [RANK 0] [ Train | Step: 75500  |  loss : 0.4462 | accuracy : 0.7793 | opt_sps : 78.3320  ]
[2026-08-17 12:50:07,912][__main__][INFO] - [RANK 0] [ Eval  | Step: 75500  |  loss : 0.4541 | accuracy : 0.7767 | eval_s : 0.2931  ]
[2026-08-17 12:50:14,342][__main__][INFO] - [RANK 0] [ Train | Step: 76000  |  loss : 0.4476 | accuracy : 0.7792 | opt_sps : 78.3282  ]
[2026-08-17 12:50:14,635][__main__][INFO] - [RANK 0] [ Eval  | Step: 76000  |  loss : 0.4550 | accuracy : 0.7764 | eval_s : 0.2922  ]
[2026-08-17 12:50:20,972][__main__][INFO] - [RANK 0] [ Train | Step: 76500  |  loss : 0.4457 | accuracy : 0.7806 | opt_sps : 78.3319  ]
[2026-08-17 12:50:21,266][__main__][INFO] - [RANK 0] [ Eval  | Step: 76500  |  loss : 0.4581 | accuracy : 0.7758 | eval_s : 0.2928  ]
[2026-08-17 12:50:27,735][__main__][INFO] - [RANK 0] [ Train | Step: 77000  |  loss : 0.4471 | accuracy : 0.7798 | opt_sps : 78.3250  ]
[2026-08-17 12:50:28,037][__main__][INFO] - [RANK 0] [ Eval  | Step: 77000  |  loss : 0.4532 | accuracy : 0.7750 | eval_s : 0.3010  ]
[2026-08-17 12:50:34,417][__main__][INFO] - [RANK 0] [ Train | Step: 77500  |  loss : 0.4457 | accuracy : 0.7792 | opt_sps : 78.3254  ]
[2026-08-17 12:50:34,713][__main__][INFO] - [RANK 0] [ Eval  | Step: 77500  |  loss : 0.4544 | accuracy : 0.7757 | eval_s : 0.2950  ]
[2026-08-17 12:50:41,072][__main__][INFO] - [RANK 0] [ Train | Step: 78000  |  loss : 0.4466 | accuracy : 0.7786 | opt_sps : 78.3274  ]
[2026-08-17 12:50:41,367][__main__][INFO] - [RANK 0] [ Eval  | Step: 78000  |  loss : 0.4537 | accuracy : 0.7764 | eval_s : 0.2944  ]
[2026-08-17 12:50:47,754][__main__][INFO] - [RANK 0] [ Train | Step: 78500  |  loss : 0.4497 | accuracy : 0.7778 | opt_sps : 78.3271  ]
[2026-08-17 12:50:48,048][__main__][INFO] - [RANK 0] [ Eval  | Step: 78500  |  loss : 0.4546 | accuracy : 0.7755 | eval_s : 0.2933  ]
[2026-08-17 12:50:54,461][__main__][INFO] - [RANK 0] [ Train | Step: 79000  |  loss : 0.4498 | accuracy : 0.7781 | opt_sps : 78.3248  ]
[2026-08-17 12:50:54,755][__main__][INFO] - [RANK 0] [ Eval  | Step: 79000  |  loss : 0.4543 | accuracy : 0.7745 | eval_s : 0.2933  ]
[2026-08-17 12:51:01,175][__main__][INFO] - [RANK 0] [ Train | Step: 79500  |  loss : 0.4467 | accuracy : 0.7799 | opt_sps : 78.3220  ]
[2026-08-17 12:51:01,469][__main__][INFO] - [RANK 0] [ Eval  | Step: 79500  |  loss : 0.4569 | accuracy : 0.7751 | eval_s : 0.2935  ]
[2026-08-17 12:51:07,866][__main__][INFO] - [RANK 0] [ Train | Step: 80000  |  loss : 0.4482 | accuracy : 0.7787 | opt_sps : 78.3210  ]
[2026-08-17 12:51:08,161][__main__][INFO] - [RANK 0] [ Eval  | Step: 80000  |  loss : 0.4533 | accuracy : 0.7766 | eval_s : 0.2937  ]
[2026-08-17 12:51:14,793][__main__][INFO] - [RANK 0] [ Train | Step: 80500  |  loss : 0.4461 | accuracy : 0.7794 | opt_sps : 78.3021  ]
[2026-08-17 12:51:15,089][__main__][INFO] - [RANK 0] [ Eval  | Step: 80500  |  loss : 0.4535 | accuracy : 0.7777 | eval_s : 0.2957  ]
[2026-08-17 12:51:21,675][__main__][INFO] - [RANK 0] [ Train | Step: 81000  |  loss : 0.4459 | accuracy : 0.7798 | opt_sps : 78.2870  ]
[2026-08-17 12:51:21,975][__main__][INFO] - [RANK 0] [ Eval  | Step: 81000  |  loss : 0.4536 | accuracy : 0.7760 | eval_s : 0.2993  ]
[2026-08-17 12:51:28,422][__main__][INFO] - [RANK 0] [ Train | Step: 81500  |  loss : 0.4461 | accuracy : 0.7795 | opt_sps : 78.2824  ]
[2026-08-17 12:51:28,719][__main__][INFO] - [RANK 0] [ Eval  | Step: 81500  |  loss : 0.4531 | accuracy : 0.7778 | eval_s : 0.2951  ]
[2026-08-17 12:51:35,326][__main__][INFO] - [RANK 0] [ Train | Step: 82000  |  loss : 0.4478 | accuracy : 0.7791 | opt_sps : 78.2661  ]
[2026-08-17 12:51:35,621][__main__][INFO] - [RANK 0] [ Eval  | Step: 82000  |  loss : 0.4529 | accuracy : 0.7780 | eval_s : 0.2942  ]
[2026-08-17 12:51:42,128][__main__][INFO] - [RANK 0] [ Train | Step: 82500  |  loss : 0.4479 | accuracy : 0.7795 | opt_sps : 78.2573  ]
[2026-08-17 12:51:42,422][__main__][INFO] - [RANK 0] [ Eval  | Step: 82500  |  loss : 0.4529 | accuracy : 0.7788 | eval_s : 0.2929  ]
[2026-08-17 12:51:48,924][__main__][INFO] - [RANK 0] [ Train | Step: 83000  |  loss : 0.4463 | accuracy : 0.7811 | opt_sps : 78.2490  ]
[2026-08-17 12:51:49,218][__main__][INFO] - [RANK 0] [ Eval  | Step: 83000  |  loss : 0.4545 | accuracy : 0.7780 | eval_s : 0.2931  ]
[2026-08-17 12:51:55,674][__main__][INFO] - [RANK 0] [ Train | Step: 83500  |  loss : 0.4471 | accuracy : 0.7812 | opt_sps : 78.2442  ]
[2026-08-17 12:51:55,968][__main__][INFO] - [RANK 0] [ Eval  | Step: 83500  |  loss : 0.4548 | accuracy : 0.7772 | eval_s : 0.2928  ]
[2026-08-17 12:52:02,242][__main__][INFO] - [RANK 0] [ Train | Step: 84000  |  loss : 0.4494 | accuracy : 0.7802 | opt_sps : 78.2526  ]
[2026-08-17 12:52:02,536][__main__][INFO] - [RANK 0] [ Eval  | Step: 84000  |  loss : 0.4528 | accuracy : 0.7790 | eval_s : 0.2930  ]
[2026-08-17 12:52:08,809][__main__][INFO] - [RANK 0] [ Train | Step: 84500  |  loss : 0.4425 | accuracy : 0.7822 | opt_sps : 78.2612  ]
[2026-08-17 12:52:09,105][__main__][INFO] - [RANK 0] [ Eval  | Step: 84500  |  loss : 0.4536 | accuracy : 0.7770 | eval_s : 0.2950  ]
[2026-08-17 12:52:15,479][__main__][INFO] - [RANK 0] [ Train | Step: 85000  |  loss : 0.4485 | accuracy : 0.7792 | opt_sps : 78.2622  ]
[2026-08-17 12:52:15,773][__main__][INFO] - [RANK 0] [ Eval  | Step: 85000  |  loss : 0.4527 | accuracy : 0.7795 | eval_s : 0.2931  ]
[2026-08-17 12:52:22,131][__main__][INFO] - [RANK 0] [ Train | Step: 85500  |  loss : 0.4449 | accuracy : 0.7815 | opt_sps : 78.2645  ]
[2026-08-17 12:52:22,425][__main__][INFO] - [RANK 0] [ Eval  | Step: 85500  |  loss : 0.4525 | accuracy : 0.7785 | eval_s : 0.2928  ]
[2026-08-17 12:52:28,835][__main__][INFO] - [RANK 0] [ Train | Step: 86000  |  loss : 0.4456 | accuracy : 0.7806 | opt_sps : 78.2630  ]
[2026-08-17 12:52:29,129][__main__][INFO] - [RANK 0] [ Eval  | Step: 86000  |  loss : 0.4527 | accuracy : 0.7786 | eval_s : 0.2928  ]
[2026-08-17 12:52:35,522][__main__][INFO] - [RANK 0] [ Train | Step: 86500  |  loss : 0.4465 | accuracy : 0.7831 | opt_sps : 78.2627  ]
[2026-08-17 12:52:35,816][__main__][INFO] - [RANK 0] [ Eval  | Step: 86500  |  loss : 0.4525 | accuracy : 0.7789 | eval_s : 0.2934  ]
[2026-08-17 12:52:42,219][__main__][INFO] - [RANK 0] [ Train | Step: 87000  |  loss : 0.4463 | accuracy : 0.7799 | opt_sps : 78.2617  ]
[2026-08-17 12:52:42,514][__main__][INFO] - [RANK 0] [ Eval  | Step: 87000  |  loss : 0.4528 | accuracy : 0.7792 | eval_s : 0.2948  ]
[2026-08-17 12:52:49,205][__main__][INFO] - [RANK 0] [ Train | Step: 87500  |  loss : 0.4477 | accuracy : 0.7803 | opt_sps : 78.2406  ]
[2026-08-17 12:52:49,500][__main__][INFO] - [RANK 0] [ Eval  | Step: 87500  |  loss : 0.4528 | accuracy : 0.7795 | eval_s : 0.2937  ]
[2026-08-17 12:52:55,897][__main__][INFO] - [RANK 0] [ Train | Step: 88000  |  loss : 0.4459 | accuracy : 0.7809 | opt_sps : 78.2401  ]
[2026-08-17 12:52:56,196][__main__][INFO] - [RANK 0] [ Eval  | Step: 88000  |  loss : 0.4527 | accuracy : 0.7799 | eval_s : 0.2979  ]
[2026-08-17 12:53:02,758][__main__][INFO] - [RANK 0] [ Train | Step: 88500  |  loss : 0.4446 | accuracy : 0.7816 | opt_sps : 78.2283  ]
[2026-08-17 12:53:03,053][__main__][INFO] - [RANK 0] [ Eval  | Step: 88500  |  loss : 0.4523 | accuracy : 0.7797 | eval_s : 0.2940  ]
[2026-08-17 12:53:09,546][__main__][INFO] - [RANK 0] [ Train | Step: 89000  |  loss : 0.4420 | accuracy : 0.7838 | opt_sps : 78.2213  ]
[2026-08-17 12:53:09,841][__main__][INFO] - [RANK 0] [ Eval  | Step: 89000  |  loss : 0.4527 | accuracy : 0.7799 | eval_s : 0.2940  ]
[2026-08-17 12:53:16,462][__main__][INFO] - [RANK 0] [ Train | Step: 89500  |  loss : 0.4454 | accuracy : 0.7812 | opt_sps : 78.2057  ]
[2026-08-17 12:53:16,757][__main__][INFO] - [RANK 0] [ Eval  | Step: 89500  |  loss : 0.4522 | accuracy : 0.7800 | eval_s : 0.2940  ]
[2026-08-17 12:53:23,194][__main__][INFO] - [RANK 0] [ Train | Step: 90000  |  loss : 0.4429 | accuracy : 0.7821 | opt_sps : 78.2028  ]
[2026-08-17 12:53:23,488][__main__][INFO] - [RANK 0] [ Eval  | Step: 90000  |  loss : 0.4524 | accuracy : 0.7802 | eval_s : 0.2936  ]
[2026-08-17 12:53:30,022][__main__][INFO] - [RANK 0] [ Train | Step: 90500  |  loss : 0.4454 | accuracy : 0.7821 | opt_sps : 78.1933  ]
[2026-08-17 12:53:30,316][__main__][INFO] - [RANK 0] [ Eval  | Step: 90500  |  loss : 0.4525 | accuracy : 0.7791 | eval_s : 0.2931  ]
[2026-08-17 12:53:36,682][__main__][INFO] - [RANK 0] [ Train | Step: 91000  |  loss : 0.4470 | accuracy : 0.7816 | opt_sps : 78.1952  ]
[2026-08-17 12:53:36,976][__main__][INFO] - [RANK 0] [ Eval  | Step: 91000  |  loss : 0.4523 | accuracy : 0.7788 | eval_s : 0.2926  ]
[2026-08-17 12:53:43,423][__main__][INFO] - [RANK 0] [ Train | Step: 91500  |  loss : 0.4486 | accuracy : 0.7804 | opt_sps : 78.1917  ]
[2026-08-17 12:53:43,722][__main__][INFO] - [RANK 0] [ Eval  | Step: 91500  |  loss : 0.4522 | accuracy : 0.7791 | eval_s : 0.2981  ]
[2026-08-17 12:53:50,201][__main__][INFO] - [RANK 0] [ Train | Step: 92000  |  loss : 0.4465 | accuracy : 0.7813 | opt_sps : 78.1861  ]
[2026-08-17 12:53:50,496][__main__][INFO] - [RANK 0] [ Eval  | Step: 92000  |  loss : 0.4521 | accuracy : 0.7803 | eval_s : 0.2940  ]
[2026-08-17 12:53:56,898][__main__][INFO] - [RANK 0] [ Train | Step: 92500  |  loss : 0.4453 | accuracy : 0.7817 | opt_sps : 78.1857  ]
[2026-08-17 12:53:57,193][__main__][INFO] - [RANK 0] [ Eval  | Step: 92500  |  loss : 0.4520 | accuracy : 0.7797 | eval_s : 0.2942  ]
[2026-08-17 12:54:03,669][__main__][INFO] - [RANK 0] [ Train | Step: 93000  |  loss : 0.4468 | accuracy : 0.7813 | opt_sps : 78.1804  ]
[2026-08-17 12:54:03,964][__main__][INFO] - [RANK 0] [ Eval  | Step: 93000  |  loss : 0.4519 | accuracy : 0.7800 | eval_s : 0.2937  ]
[2026-08-17 12:54:10,336][__main__][INFO] - [RANK 0] [ Train | Step: 93500  |  loss : 0.4466 | accuracy : 0.7812 | opt_sps : 78.1820  ]
[2026-08-17 12:54:10,632][__main__][INFO] - [RANK 0] [ Eval  | Step: 93500  |  loss : 0.4521 | accuracy : 0.7802 | eval_s : 0.2953  ]
[2026-08-17 12:54:16,993][__main__][INFO] - [RANK 0] [ Train | Step: 94000  |  loss : 0.4464 | accuracy : 0.7812 | opt_sps : 78.1842  ]
[2026-08-17 12:54:17,291][__main__][INFO] - [RANK 0] [ Eval  | Step: 94000  |  loss : 0.4520 | accuracy : 0.7793 | eval_s : 0.2969  ]
[2026-08-17 12:54:23,641][__main__][INFO] - [RANK 0] [ Train | Step: 94500  |  loss : 0.4467 | accuracy : 0.7810 | opt_sps : 78.1872  ]
[2026-08-17 12:54:23,935][__main__][INFO] - [RANK 0] [ Eval  | Step: 94500  |  loss : 0.4522 | accuracy : 0.7790 | eval_s : 0.2931  ]
[2026-08-17 12:54:30,249][__main__][INFO] - [RANK 0] [ Train | Step: 95000  |  loss : 0.4418 | accuracy : 0.7832 | opt_sps : 78.1924  ]
[2026-08-17 12:54:30,542][__main__][INFO] - [RANK 0] [ Eval  | Step: 95000  |  loss : 0.4520 | accuracy : 0.7799 | eval_s : 0.2928  ]
[2026-08-17 12:54:37,032][__main__][INFO] - [RANK 0] [ Train | Step: 95500  |  loss : 0.4443 | accuracy : 0.7825 | opt_sps : 78.1863  ]
[2026-08-17 12:54:37,326][__main__][INFO] - [RANK 0] [ Eval  | Step: 95500  |  loss : 0.4520 | accuracy : 0.7804 | eval_s : 0.2938  ]
[2026-08-17 12:54:43,666][__main__][INFO] - [RANK 0] [ Train | Step: 96000  |  loss : 0.4438 | accuracy : 0.7822 | opt_sps : 78.1898  ]
[2026-08-17 12:54:43,960][__main__][INFO] - [RANK 0] [ Eval  | Step: 96000  |  loss : 0.4521 | accuracy : 0.7803 | eval_s : 0.2937  ]
[2026-08-17 12:54:50,383][__main__][INFO] - [RANK 0] [ Train | Step: 96500  |  loss : 0.4455 | accuracy : 0.7824 | opt_sps : 78.1881  ]
[2026-08-17 12:54:50,677][__main__][INFO] - [RANK 0] [ Eval  | Step: 96500  |  loss : 0.4519 | accuracy : 0.7795 | eval_s : 0.2932  ]
[2026-08-17 12:54:57,080][__main__][INFO] - [RANK 0] [ Train | Step: 97000  |  loss : 0.4458 | accuracy : 0.7822 | opt_sps : 78.1876  ]
[2026-08-17 12:54:57,375][__main__][INFO] - [RANK 0] [ Eval  | Step: 97000  |  loss : 0.4520 | accuracy : 0.7794 | eval_s : 0.2938  ]
[2026-08-17 12:55:03,946][__main__][INFO] - [RANK 0] [ Train | Step: 97500  |  loss : 0.4454 | accuracy : 0.7818 | opt_sps : 78.1765  ]
[2026-08-17 12:55:04,244][__main__][INFO] - [RANK 0] [ Eval  | Step: 97500  |  loss : 0.4520 | accuracy : 0.7794 | eval_s : 0.2967  ]
[2026-08-17 12:55:10,783][__main__][INFO] - [RANK 0] [ Train | Step: 98000  |  loss : 0.4430 | accuracy : 0.7845 | opt_sps : 78.1676  ]
[2026-08-17 12:55:11,078][__main__][INFO] - [RANK 0] [ Eval  | Step: 98000  |  loss : 0.4520 | accuracy : 0.7797 | eval_s : 0.2944  ]
[2026-08-17 12:55:17,493][__main__][INFO] - [RANK 0] [ Train | Step: 98500  |  loss : 0.4462 | accuracy : 0.7816 | opt_sps : 78.1665  ]
[2026-08-17 12:55:17,788][__main__][INFO] - [RANK 0] [ Eval  | Step: 98500  |  loss : 0.4520 | accuracy : 0.7800 | eval_s : 0.2942  ]
[2026-08-17 12:55:24,384][__main__][INFO] - [RANK 0] [ Train | Step: 99000  |  loss : 0.4401 | accuracy : 0.7852 | opt_sps : 78.1542  ]
[2026-08-17 12:55:24,679][__main__][INFO] - [RANK 0] [ Eval  | Step: 99000  |  loss : 0.4520 | accuracy : 0.7798 | eval_s : 0.2944  ]
[2026-08-17 12:55:31,068][__main__][INFO] - [RANK 0] [ Train | Step: 99500  |  loss : 0.4486 | accuracy : 0.7791 | opt_sps : 78.1547  ]
[2026-08-17 12:55:31,364][__main__][INFO] - [RANK 0] [ Eval  | Step: 99500  |  loss : 0.4521 | accuracy : 0.7800 | eval_s : 0.2949  ]
[2026-08-17 12:55:37,792][__main__][INFO] - [RANK 0] [ Train | Step: 100000 |  loss : 0.4449 | accuracy : 0.7824 | opt_sps : 78.1529  ]
[2026-08-17 12:55:38,089][__main__][INFO] - [RANK 0] [ Eval  | Step: 100000 |  loss : 0.4520 | accuracy : 0.7804 | eval_s : 0.2959  ]
[2026-08-17 12:55:38,090][__main__][INFO] - [RANK 0] loading best model
[2026-08-17 12:55:38,091][__main__][INFO] - [RANK 0] [Eval  | Summary |  best_loss : 0.4519 | best_step : 96500.0000 ]
[2026-08-17 12:55:38,390][__main__][INFO] - [RANK 0] [Test  | Summary |  model/phase_R : 0.3830 | model/gate_offdiag : 0.5118 | model/vote_agreement : 0.5212 | model/evidence_ratio : 92.4801 | loss/cross_entropy : 0.4463 | loss/loss : 0.4463 | callbacks/accuracy : 0.7806 | callbacks/non_relational_accuracy : 0.9998 | callbacks/binary_accuracy : 0.7934 | callbacks/ternary_accuracy : 0.5486 | callbacks/query_shape_accuracy : 0.9997 | callbacks/left_of_centre_accuracy : 1.0000 | callbacks/top_half_accuracy : 0.9997 | callbacks/closest_shape_accuracy : 0.6754 | callbacks/furthest_shape_accuracy : 0.7115 | callbacks/count_same_shape_accuracy : 0.9997 | callbacks/count_in_box_accuracy : 0.6965 | callbacks/on_band_accuracy : 0.5410 | callbacks/count_obtuse_accuracy : 0.4050 | timing/eval_s : 0.2987 ]
wandb: updating run metadata
wandb: uploading history steps 198-199, summary, console lines 528-532
wandb: 
wandb: Run history:
wandb:                  eval_callbacks/accuracy ▁▂▃▃▃▃▃▃▆▇▇▇▇███████████████████████████
wandb:           eval_callbacks/binary_accuracy ▁▂▃▃▅▅▇▄▇██▇████████████████████████████
wandb:    eval_callbacks/closest_shape_accuracy ▁▅▇▆▇█▇▇▇▇█▆▇▇▇▇▇█▇▇████████████████████
wandb:     eval_callbacks/count_in_box_accuracy ▁▁▁▁▁▁▁▁▁▁▁▁▁▁▁▁▁▁▁▁▁▁▁▁▁▁▁▁▁▁▁▁▁▁▁▁▁▁▁▁
wandb:     eval_callbacks/count_obtuse_accuracy ▅▇▆▇▇▇▇▇▇█▇▇▇▇▇▇▇▇▇▇▇▇▇▇▇▅▁▇▆▂▆▃▆▅▆▅▆▆▅▆
wandb: eval_callbacks/count_same_shape_accuracy ▁▄▄▄▅▆██▇▇████████████▇█████████████████
wandb:   eval_callbacks/furthest_shape_accuracy ▁▆▇▇▆▇█▇▇▇██▇▇████▇▇████████████████████
wandb:   eval_callbacks/left_of_centre_accuracy ▂▁▂▁▂▁▁▁▁▂▁▂▂▂▇█████████████████████████
wandb:   eval_callbacks/non_relational_accuracy ▁▁▂▃▃▃▃▃▃▃▃▄▆▆██████████████████████████
wandb:          eval_callbacks/on_band_accuracy ▁▂▄▂▃▁▄▄▃▄▄▂▄▄▃▂▁▃▄▃▄▄▃▃▄▄▄▃▄▂▅▆▇▇█▇████
wandb:                                      +32 ...
wandb: 
wandb: Run summary:
wandb:                           eval/best_loss 0.45193
wandb:                           eval/best_step 96500
wandb:                  eval_callbacks/accuracy 0.7804
wandb:           eval_callbacks/binary_accuracy 0.78978
wandb:    eval_callbacks/closest_shape_accuracy 0.67727
wandb:     eval_callbacks/count_in_box_accuracy 0.68622
wandb:     eval_callbacks/count_obtuse_accuracy 0.39518
wandb: eval_callbacks/count_same_shape_accuracy 1.0
wandb:   eval_callbacks/furthest_shape_accuracy 0.69608
wandb:   eval_callbacks/left_of_centre_accuracy 1.0
wandb:                                      +54 ...
wandb: 
wandb: 🚀 View run sort_of_clevr/syncnet::multirun::2026-08-17_12-11-03::1 at: https://wandb.ai/niks_priv/sort_of_clevr/runs/yng0fwwx
wandb: ⭐️ View project at: https://wandb.ai/niks_priv/sort_of_clevr
wandb: Synced 5 W&B file(s), 0 media file(s), 0 artifact file(s) and 0 other file(s)
wandb: Find logs at: ./outputs/sort_of_clevr/multirun/2026-08-17_12-11-03/1/wandb/run-20260817_123318-yng0fwwx/logs
[2026-08-17 12:55:39,461][HYDRA] 	#2 : model.n_modules=4 train.seed=2 task=sort_of_clevr experiment=sort_of_clevr/syncnet/scale_free
wandb: setting up run 0dtwwiyq
wandb: Tracking run with wandb version 0.27.2
wandb: Run data is saved locally in /home/nik/workspace/ImperialWork/msc_project/SyncNetProject/outputs/sort_of_clevr/multirun/2026-08-17_12-11-03/2/wandb/run-20260817_125540-0dtwwiyq
wandb: Run `wandb offline` to turn off syncing.
wandb: Syncing run sort_of_clevr/syncnet::multirun::2026-08-17_12-11-03::2
wandb: ⭐️ View project at https://wandb.ai/niks_priv/sort_of_clevr
wandb: 🚀 View run at https://wandb.ai/niks_priv/sort_of_clevr/runs/0dtwwiyq
[2026-08-17 12:55:41,502][__main__][INFO] - [RANK 0] Starting training
[2026-08-17 12:55:41,502][__main__][INFO] - [RANK 0] Model: SortOfClevrSyncNet
[2026-08-17 12:55:41,502][__main__][INFO] - [RANK 0] Parameters: total=332368
[2026-08-17 12:55:41,505][__main__][INFO] - [RANK 0] Config:
train:
  seed: 2
  n_steps: 100000
  train_bs: 256
  val_bs: 1024
  early_stop_metric: loss
  early_stop_big_is_better: false
  early_stop_patience: 1000000
  early_stop_min_delta: 0.0
  mixed_precision: bf16
  compile_model: false
  grad_accum: 1
  grad_clip: 1.0
  loader_mode: gpu_cached
  num_workers: 0
logging:
  eval_log_interval: 500
  train_log_interval: 500
  info_metrics:
  - loss
  - accuracy
  save_best: true
wandb:
  enabled: true
  project_name: sort_of_clevr
  entity: niks_priv
  tags: []
  run_name: null
optim:
  optimiser: adamw
  lr: 0.0003
  weight_decay: 0.01
  lr_scheduler: warmup_cosine
  lr_scheduler_params:
    warmup_steps: 2000
dataset:
  name: sort_of_clevr
  root: ./data
  dir: sort_of_clevr-seed1-train36000-test1000-img75-obj5-q10-t-1
  seed: 1
  train_size: 36000
  test_size: 1000
  img_size: 75
  obj_size: 5
  nb_questions: 10
  t_subtype: -1
model:
  name: sort_of_clevr_syncnet
  q_conditioning: film
  q_emb_dim: 32
  partition: none
  use_pos_emb: true
  n_modules: 4
  module_dim: 128
  content_dim: 8
  query_hidden: 64
  beta_init: 5.0
  learn_beta: true
  use_module_embed: false
  embed_scale: 1.0
  gate_mode: phase
  T: 6
  dt: 0.1
  omega_init: 0.5
  learn_omega: true
  k_hidden: 64
  deterministic_phase: false
  msg_dim: 64
  msg_agg: mean
  readout_mode: sum
  hidden_dim: 128
  use_prior_head: true
  vote_sees_q: true
  encoder:
    name: patchify
    ch: 128
    patch_size: 5
    hidden: 64
callbacks:
- name: accuracy
- name: qtype_accuracy
- name: subtype_accuracy

[2026-08-17 12:55:41,505][__main__][INFO] - [RANK 0] Full model:
SortOfClevrSyncNet(
  (inner): VQASyncNet(
    (q_encoder): IdentityQuestionEncoder()
    (film_gamma): Linear(in_features=18, out_features=128, bias=True)
    (film_beta): Linear(in_features=18, out_features=128, bias=True)
    (encoders): ModuleList(
      (0): PatchifyEncoder(
        (patchify): Conv2d(3, 128, kernel_size=(5, 5), stride=(5, 5))
      )
    )
    (norms): ModuleList(
      (0): GroupNorm(8, 128, eps=1e-05, affine=True, bias=True)
    )
    (h_init): Sequential(
      (0): Linear(in_features=18, out_features=64, bias=True)
      (1): GELU(approximate='none')
      (2): Linear(in_features=64, out_features=512, bias=True)
    )
    (attn_query): Linear(in_features=128, out_features=128, bias=True)
    (msg_proj): Linear(in_features=128, out_features=64, bias=True)
    (cell): GRUCell(192, 128)
    (k_mlp): Sequential(
      (0): Linear(in_features=256, out_features=64, bias=True)
      (1): GELU(approximate='none')
      (2): Linear(in_features=64, out_features=1, bias=True)
      (3): Tanh()
    )
    (content_head): Linear(in_features=128, out_features=8, bias=True)
    (vote_heads): ModuleList(
      (0-3): 4 x Sequential(
        (0): Linear(in_features=154, out_features=128, bias=True)
        (1): GELU(approximate='none')
        (2): Linear(in_features=128, out_features=10, bias=True)
      )
    )
    (prior_head): Sequential(
      (0): Linear(in_features=18, out_features=128, bias=True)
      (1): GELU(approximate='none')
      (2): Linear(in_features=128, out_features=10, bias=True)
    )
  )
)
[2026-08-17 12:55:47,901][__main__][INFO] - [RANK 0] [ Train | Step: 500    |  loss : 1.5116 | accuracy : 0.3688 | opt_sps : 78.1863  ]
[2026-08-17 12:55:48,196][__main__][INFO] - [RANK 0] [ Eval  | Step: 500    |  loss : 0.8888 | accuracy : 0.4882 | eval_s : 0.2944  ]
[2026-08-17 12:55:54,622][__main__][INFO] - [RANK 0] [ Train | Step: 1000   |  loss : 0.8832 | accuracy : 0.4886 | opt_sps : 78.0072  ]
[2026-08-17 12:55:54,917][__main__][INFO] - [RANK 0] [ Eval  | Step: 1000   |  loss : 0.8797 | accuracy : 0.4859 | eval_s : 0.2941  ]
[2026-08-17 12:56:01,351][__main__][INFO] - [RANK 0] [ Train | Step: 1500   |  loss : 0.8807 | accuracy : 0.4892 | opt_sps : 77.9117  ]
[2026-08-17 12:56:01,647][__main__][INFO] - [RANK 0] [ Eval  | Step: 1500   |  loss : 0.8839 | accuracy : 0.4883 | eval_s : 0.2948  ]
[2026-08-17 12:56:08,038][__main__][INFO] - [RANK 0] [ Train | Step: 2000   |  loss : 0.8780 | accuracy : 0.4920 | opt_sps : 77.9928  ]
[2026-08-17 12:56:08,332][__main__][INFO] - [RANK 0] [ Eval  | Step: 2000   |  loss : 0.8850 | accuracy : 0.4838 | eval_s : 0.2932  ]
[2026-08-17 12:56:14,891][__main__][INFO] - [RANK 0] [ Train | Step: 2500   |  loss : 0.8831 | accuracy : 0.4871 | opt_sps : 77.6346  ]
[2026-08-17 12:56:15,188][__main__][INFO] - [RANK 0] [ Eval  | Step: 2500   |  loss : 0.8786 | accuracy : 0.4915 | eval_s : 0.2965  ]
[2026-08-17 12:56:21,664][__main__][INFO] - [RANK 0] [ Train | Step: 3000   |  loss : 0.8795 | accuracy : 0.4932 | opt_sps : 77.5641  ]
[2026-08-17 12:56:21,959][__main__][INFO] - [RANK 0] [ Eval  | Step: 3000   |  loss : 0.8791 | accuracy : 0.4991 | eval_s : 0.2943  ]
[2026-08-17 12:56:28,492][__main__][INFO] - [RANK 0] [ Train | Step: 3500   |  loss : 0.8749 | accuracy : 0.5094 | opt_sps : 77.4165  ]
[2026-08-17 12:56:28,787][__main__][INFO] - [RANK 0] [ Eval  | Step: 3500   |  loss : 0.8701 | accuracy : 0.5102 | eval_s : 0.2944  ]
[2026-08-17 12:56:35,188][__main__][INFO] - [RANK 0] [ Train | Step: 4000   |  loss : 0.8627 | accuracy : 0.5231 | opt_sps : 77.5048  ]
[2026-08-17 12:56:35,482][__main__][INFO] - [RANK 0] [ Eval  | Step: 4000   |  loss : 0.8560 | accuracy : 0.5303 | eval_s : 0.2940  ]
[2026-08-17 12:56:42,001][__main__][INFO] - [RANK 0] [ Train | Step: 4500   |  loss : 0.8441 | accuracy : 0.5404 | opt_sps : 77.4156  ]
[2026-08-17 12:56:42,296][__main__][INFO] - [RANK 0] [ Eval  | Step: 4500   |  loss : 0.8377 | accuracy : 0.5479 | eval_s : 0.2942  ]
[2026-08-17 12:56:48,916][__main__][INFO] - [RANK 0] [ Train | Step: 5000   |  loss : 0.8308 | accuracy : 0.5469 | opt_sps : 77.2243  ]
[2026-08-17 12:56:49,212][__main__][INFO] - [RANK 0] [ Eval  | Step: 5000   |  loss : 0.8420 | accuracy : 0.5406 | eval_s : 0.2946  ]
[2026-08-17 12:56:55,676][__main__][INFO] - [RANK 0] [ Train | Step: 5500   |  loss : 0.8258 | accuracy : 0.5501 | opt_sps : 77.2353  ]
[2026-08-17 12:56:55,974][__main__][INFO] - [RANK 0] [ Eval  | Step: 5500   |  loss : 0.8240 | accuracy : 0.5485 | eval_s : 0.2965  ]
[2026-08-17 12:57:02,529][__main__][INFO] - [RANK 0] [ Train | Step: 6000   |  loss : 0.8220 | accuracy : 0.5509 | opt_sps : 77.1544  ]
[2026-08-17 12:57:02,825][__main__][INFO] - [RANK 0] [ Eval  | Step: 6000   |  loss : 0.8309 | accuracy : 0.5565 | eval_s : 0.2943  ]
[2026-08-17 12:57:09,294][__main__][INFO] - [RANK 0] [ Train | Step: 6500   |  loss : 0.8145 | accuracy : 0.5583 | opt_sps : 77.1645  ]
[2026-08-17 12:57:09,588][__main__][INFO] - [RANK 0] [ Eval  | Step: 6500   |  loss : 0.8131 | accuracy : 0.5589 | eval_s : 0.2926  ]
[2026-08-17 12:57:15,911][__main__][INFO] - [RANK 0] [ Train | Step: 7000   |  loss : 0.8018 | accuracy : 0.5637 | opt_sps : 77.2983  ]
[2026-08-17 12:57:16,206][__main__][INFO] - [RANK 0] [ Eval  | Step: 7000   |  loss : 0.7885 | accuracy : 0.5696 | eval_s : 0.2935  ]
[2026-08-17 12:57:22,638][__main__][INFO] - [RANK 0] [ Train | Step: 7500   |  loss : 0.7836 | accuracy : 0.5770 | opt_sps : 77.3280  ]
[2026-08-17 12:57:22,937][__main__][INFO] - [RANK 0] [ Eval  | Step: 7500   |  loss : 0.7701 | accuracy : 0.5822 | eval_s : 0.2989  ]
[2026-08-17 12:57:29,295][__main__][INFO] - [RANK 0] [ Train | Step: 8000   |  loss : 0.7645 | accuracy : 0.5853 | opt_sps : 77.4093  ]
[2026-08-17 12:57:29,590][__main__][INFO] - [RANK 0] [ Eval  | Step: 8000   |  loss : 0.7416 | accuracy : 0.5958 | eval_s : 0.2941  ]
[2026-08-17 12:57:35,964][__main__][INFO] - [RANK 0] [ Train | Step: 8500   |  loss : 0.7497 | accuracy : 0.5948 | opt_sps : 77.4700  ]
[2026-08-17 12:57:36,262][__main__][INFO] - [RANK 0] [ Eval  | Step: 8500   |  loss : 0.7276 | accuracy : 0.6073 | eval_s : 0.2971  ]
[2026-08-17 12:57:42,624][__main__][INFO] - [RANK 0] [ Train | Step: 9000   |  loss : 0.7304 | accuracy : 0.6048 | opt_sps : 77.5323  ]
[2026-08-17 12:57:42,918][__main__][INFO] - [RANK 0] [ Eval  | Step: 9000   |  loss : 0.7605 | accuracy : 0.5984 | eval_s : 0.2933  ]
[2026-08-17 12:57:49,290][__main__][INFO] - [RANK 0] [ Train | Step: 9500   |  loss : 0.7230 | accuracy : 0.6102 | opt_sps : 77.5811  ]
[2026-08-17 12:57:49,585][__main__][INFO] - [RANK 0] [ Eval  | Step: 9500   |  loss : 0.7156 | accuracy : 0.6084 | eval_s : 0.2937  ]
[2026-08-17 12:57:56,012][__main__][INFO] - [RANK 0] [ Train | Step: 10000  |  loss : 0.7066 | accuracy : 0.6175 | opt_sps : 77.5920  ]
[2026-08-17 12:57:56,308][__main__][INFO] - [RANK 0] [ Eval  | Step: 10000  |  loss : 0.6966 | accuracy : 0.6150 | eval_s : 0.2941  ]
[2026-08-17 12:58:02,711][__main__][INFO] - [RANK 0] [ Train | Step: 10500  |  loss : 0.7045 | accuracy : 0.6206 | opt_sps : 77.6154  ]
[2026-08-17 12:58:03,006][__main__][INFO] - [RANK 0] [ Eval  | Step: 10500  |  loss : 0.7547 | accuracy : 0.5997 | eval_s : 0.2935  ]
[2026-08-17 12:58:09,421][__main__][INFO] - [RANK 0] [ Train | Step: 11000  |  loss : 0.7021 | accuracy : 0.6218 | opt_sps : 77.6300  ]
[2026-08-17 12:58:09,716][__main__][INFO] - [RANK 0] [ Eval  | Step: 11000  |  loss : 0.6877 | accuracy : 0.6231 | eval_s : 0.2942  ]
[2026-08-17 12:58:16,040][__main__][INFO] - [RANK 0] [ Train | Step: 11500  |  loss : 0.6869 | accuracy : 0.6249 | opt_sps : 77.6920  ]
[2026-08-17 12:58:16,334][__main__][INFO] - [RANK 0] [ Eval  | Step: 11500  |  loss : 0.6783 | accuracy : 0.6310 | eval_s : 0.2935  ]
[2026-08-17 12:58:22,699][__main__][INFO] - [RANK 0] [ Train | Step: 12000  |  loss : 0.6749 | accuracy : 0.6324 | opt_sps : 77.7278  ]
[2026-08-17 12:58:22,993][__main__][INFO] - [RANK 0] [ Eval  | Step: 12000  |  loss : 0.6485 | accuracy : 0.6430 | eval_s : 0.2926  ]
[2026-08-17 12:58:29,308][__main__][INFO] - [RANK 0] [ Train | Step: 12500  |  loss : 0.6734 | accuracy : 0.6350 | opt_sps : 77.7848  ]
[2026-08-17 12:58:29,603][__main__][INFO] - [RANK 0] [ Eval  | Step: 12500  |  loss : 0.6649 | accuracy : 0.6351 | eval_s : 0.2941  ]
[2026-08-17 12:58:35,967][__main__][INFO] - [RANK 0] [ Train | Step: 13000  |  loss : 0.6649 | accuracy : 0.6373 | opt_sps : 77.8146  ]
[2026-08-17 12:58:36,263][__main__][INFO] - [RANK 0] [ Eval  | Step: 13000  |  loss : 0.6498 | accuracy : 0.6440 | eval_s : 0.2943  ]
[2026-08-17 12:58:42,726][__main__][INFO] - [RANK 0] [ Train | Step: 13500  |  loss : 0.6636 | accuracy : 0.6387 | opt_sps : 77.7975  ]
[2026-08-17 12:58:43,020][__main__][INFO] - [RANK 0] [ Eval  | Step: 13500  |  loss : 0.6345 | accuracy : 0.6487 | eval_s : 0.2926  ]
[2026-08-17 12:58:49,361][__main__][INFO] - [RANK 0] [ Train | Step: 14000  |  loss : 0.6618 | accuracy : 0.6399 | opt_sps : 77.8348  ]
[2026-08-17 12:58:49,656][__main__][INFO] - [RANK 0] [ Eval  | Step: 14000  |  loss : 0.6777 | accuracy : 0.6296 | eval_s : 0.2939  ]
[2026-08-17 12:58:56,063][__main__][INFO] - [RANK 0] [ Train | Step: 14500  |  loss : 0.6524 | accuracy : 0.6452 | opt_sps : 77.8420  ]
[2026-08-17 12:58:56,356][__main__][INFO] - [RANK 0] [ Eval  | Step: 14500  |  loss : 0.6254 | accuracy : 0.6506 | eval_s : 0.2925  ]
[2026-08-17 12:59:02,672][__main__][INFO] - [RANK 0] [ Train | Step: 15000  |  loss : 0.6538 | accuracy : 0.6450 | opt_sps : 77.8858  ]
[2026-08-17 12:59:02,965][__main__][INFO] - [RANK 0] [ Eval  | Step: 15000  |  loss : 0.6313 | accuracy : 0.6513 | eval_s : 0.2928  ]
[2026-08-17 12:59:09,351][__main__][INFO] - [RANK 0] [ Train | Step: 15500  |  loss : 0.6343 | accuracy : 0.6487 | opt_sps : 77.8993  ]
[2026-08-17 12:59:09,647][__main__][INFO] - [RANK 0] [ Eval  | Step: 15500  |  loss : 0.6333 | accuracy : 0.6498 | eval_s : 0.2956  ]
[2026-08-17 12:59:15,962][__main__][INFO] - [RANK 0] [ Train | Step: 16000  |  loss : 0.6381 | accuracy : 0.6500 | opt_sps : 77.9386  ]
[2026-08-17 12:59:16,256][__main__][INFO] - [RANK 0] [ Eval  | Step: 16000  |  loss : 0.6429 | accuracy : 0.6471 | eval_s : 0.2927  ]
[2026-08-17 12:59:22,559][__main__][INFO] - [RANK 0] [ Train | Step: 16500  |  loss : 0.6348 | accuracy : 0.6485 | opt_sps : 77.9800  ]
[2026-08-17 12:59:22,854][__main__][INFO] - [RANK 0] [ Eval  | Step: 16500  |  loss : 0.6331 | accuracy : 0.6406 | eval_s : 0.2941  ]
[2026-08-17 12:59:29,323][__main__][INFO] - [RANK 0] [ Train | Step: 17000  |  loss : 0.6422 | accuracy : 0.6506 | opt_sps : 77.9594  ]
[2026-08-17 12:59:29,617][__main__][INFO] - [RANK 0] [ Eval  | Step: 17000  |  loss : 0.6340 | accuracy : 0.6461 | eval_s : 0.2936  ]
[2026-08-17 12:59:35,966][__main__][INFO] - [RANK 0] [ Train | Step: 17500  |  loss : 0.6355 | accuracy : 0.6517 | opt_sps : 77.9821  ]
[2026-08-17 12:59:36,261][__main__][INFO] - [RANK 0] [ Eval  | Step: 17500  |  loss : 0.6246 | accuracy : 0.6530 | eval_s : 0.2942  ]
[2026-08-17 12:59:42,659][__main__][INFO] - [RANK 0] [ Train | Step: 18000  |  loss : 0.6340 | accuracy : 0.6510 | opt_sps : 77.9871  ]
[2026-08-17 12:59:42,953][__main__][INFO] - [RANK 0] [ Eval  | Step: 18000  |  loss : 0.6260 | accuracy : 0.6533 | eval_s : 0.2934  ]
[2026-08-17 12:59:49,262][__main__][INFO] - [RANK 0] [ Train | Step: 18500  |  loss : 0.6276 | accuracy : 0.6538 | opt_sps : 78.0208  ]
[2026-08-17 12:59:49,556][__main__][INFO] - [RANK 0] [ Eval  | Step: 18500  |  loss : 0.6360 | accuracy : 0.6489 | eval_s : 0.2931  ]
[2026-08-17 12:59:55,828][__main__][INFO] - [RANK 0] [ Train | Step: 19000  |  loss : 0.6360 | accuracy : 0.6522 | opt_sps : 78.0646  ]
[2026-08-17 12:59:56,122][__main__][INFO] - [RANK 0] [ Eval  | Step: 19000  |  loss : 0.6233 | accuracy : 0.6539 | eval_s : 0.2936  ]
[2026-08-17 13:00:02,464][__main__][INFO] - [RANK 0] [ Train | Step: 19500  |  loss : 0.6245 | accuracy : 0.6562 | opt_sps : 78.0846  ]
[2026-08-17 13:00:02,758][__main__][INFO] - [RANK 0] [ Eval  | Step: 19500  |  loss : 0.6198 | accuracy : 0.6566 | eval_s : 0.2932  ]
[2026-08-17 13:00:09,082][__main__][INFO] - [RANK 0] [ Train | Step: 20000  |  loss : 0.6413 | accuracy : 0.6519 | opt_sps : 78.1091  ]
[2026-08-17 13:00:09,376][__main__][INFO] - [RANK 0] [ Eval  | Step: 20000  |  loss : 0.6206 | accuracy : 0.6570 | eval_s : 0.2928  ]
[2026-08-17 13:00:15,836][__main__][INFO] - [RANK 0] [ Train | Step: 20500  |  loss : 0.6236 | accuracy : 0.6532 | opt_sps : 78.0916  ]
[2026-08-17 13:00:16,131][__main__][INFO] - [RANK 0] [ Eval  | Step: 20500  |  loss : 0.6897 | accuracy : 0.6360 | eval_s : 0.2942  ]
[2026-08-17 13:00:22,467][__main__][INFO] - [RANK 0] [ Train | Step: 21000  |  loss : 0.6281 | accuracy : 0.6560 | opt_sps : 78.1109  ]
[2026-08-17 13:00:22,762][__main__][INFO] - [RANK 0] [ Eval  | Step: 21000  |  loss : 0.6230 | accuracy : 0.6526 | eval_s : 0.2937  ]
[2026-08-17 13:00:29,048][__main__][INFO] - [RANK 0] [ Train | Step: 21500  |  loss : 0.6256 | accuracy : 0.6566 | opt_sps : 78.1436  ]
[2026-08-17 13:00:29,345][__main__][INFO] - [RANK 0] [ Eval  | Step: 21500  |  loss : 0.6178 | accuracy : 0.6578 | eval_s : 0.2957  ]
[2026-08-17 13:00:35,645][__main__][INFO] - [RANK 0] [ Train | Step: 22000  |  loss : 0.6221 | accuracy : 0.6553 | opt_sps : 78.1710  ]
[2026-08-17 13:00:35,941][__main__][INFO] - [RANK 0] [ Eval  | Step: 22000  |  loss : 0.6166 | accuracy : 0.6595 | eval_s : 0.2943  ]
[2026-08-17 13:00:42,322][__main__][INFO] - [RANK 0] [ Train | Step: 22500  |  loss : 0.6184 | accuracy : 0.6577 | opt_sps : 78.1753  ]
[2026-08-17 13:00:42,618][__main__][INFO] - [RANK 0] [ Eval  | Step: 22500  |  loss : 0.6384 | accuracy : 0.6466 | eval_s : 0.2951  ]
[2026-08-17 13:00:49,044][__main__][INFO] - [RANK 0] [ Train | Step: 23000  |  loss : 0.6306 | accuracy : 0.6538 | opt_sps : 78.1674  ]
[2026-08-17 13:00:49,340][__main__][INFO] - [RANK 0] [ Eval  | Step: 23000  |  loss : 0.6394 | accuracy : 0.6495 | eval_s : 0.2954  ]
[2026-08-17 13:00:55,688][__main__][INFO] - [RANK 0] [ Train | Step: 23500  |  loss : 0.6209 | accuracy : 0.6569 | opt_sps : 78.1799  ]
[2026-08-17 13:00:55,983][__main__][INFO] - [RANK 0] [ Eval  | Step: 23500  |  loss : 0.6162 | accuracy : 0.6584 | eval_s : 0.2935  ]
[2026-08-17 13:01:02,431][__main__][INFO] - [RANK 0] [ Train | Step: 24000  |  loss : 0.6300 | accuracy : 0.6550 | opt_sps : 78.1667  ]
[2026-08-17 13:01:02,725][__main__][INFO] - [RANK 0] [ Eval  | Step: 24000  |  loss : 0.6259 | accuracy : 0.6568 | eval_s : 0.2933  ]
[2026-08-17 13:01:09,060][__main__][INFO] - [RANK 0] [ Train | Step: 24500  |  loss : 0.6151 | accuracy : 0.6624 | opt_sps : 78.1821  ]
[2026-08-17 13:01:09,354][__main__][INFO] - [RANK 0] [ Eval  | Step: 24500  |  loss : 0.6183 | accuracy : 0.6553 | eval_s : 0.2932  ]
[2026-08-17 13:01:15,743][__main__][INFO] - [RANK 0] [ Train | Step: 25000  |  loss : 0.6161 | accuracy : 0.6607 | opt_sps : 78.1838  ]
[2026-08-17 13:01:16,041][__main__][INFO] - [RANK 0] [ Eval  | Step: 25000  |  loss : 0.6200 | accuracy : 0.6571 | eval_s : 0.2973  ]
[2026-08-17 13:01:22,458][__main__][INFO] - [RANK 0] [ Train | Step: 25500  |  loss : 0.6228 | accuracy : 0.6597 | opt_sps : 78.1787  ]
[2026-08-17 13:01:22,752][__main__][INFO] - [RANK 0] [ Eval  | Step: 25500  |  loss : 0.6253 | accuracy : 0.6574 | eval_s : 0.2933  ]
[2026-08-17 13:01:29,096][__main__][INFO] - [RANK 0] [ Train | Step: 26000  |  loss : 0.6172 | accuracy : 0.6606 | opt_sps : 78.1908  ]
[2026-08-17 13:01:29,390][__main__][INFO] - [RANK 0] [ Eval  | Step: 26000  |  loss : 0.6145 | accuracy : 0.6607 | eval_s : 0.2932  ]
[2026-08-17 13:01:35,708][__main__][INFO] - [RANK 0] [ Train | Step: 26500  |  loss : 0.6173 | accuracy : 0.6612 | opt_sps : 78.2088  ]
[2026-08-17 13:01:36,004][__main__][INFO] - [RANK 0] [ Eval  | Step: 26500  |  loss : 0.6148 | accuracy : 0.6664 | eval_s : 0.2953  ]
[2026-08-17 13:01:42,393][__main__][INFO] - [RANK 0] [ Train | Step: 27000  |  loss : 0.6110 | accuracy : 0.6658 | opt_sps : 78.2097  ]
[2026-08-17 13:01:42,688][__main__][INFO] - [RANK 0] [ Eval  | Step: 27000  |  loss : 0.6146 | accuracy : 0.6611 | eval_s : 0.2936  ]
[2026-08-17 13:01:49,009][__main__][INFO] - [RANK 0] [ Train | Step: 27500  |  loss : 0.6205 | accuracy : 0.6645 | opt_sps : 78.2256  ]
[2026-08-17 13:01:49,307][__main__][INFO] - [RANK 0] [ Eval  | Step: 27500  |  loss : 0.6138 | accuracy : 0.6672 | eval_s : 0.2968  ]
[2026-08-17 13:01:55,730][__main__][INFO] - [RANK 0] [ Train | Step: 28000  |  loss : 0.6146 | accuracy : 0.6706 | opt_sps : 78.2191  ]
[2026-08-17 13:01:56,025][__main__][INFO] - [RANK 0] [ Eval  | Step: 28000  |  loss : 0.6077 | accuracy : 0.6762 | eval_s : 0.2937  ]
[2026-08-17 13:02:02,351][__main__][INFO] - [RANK 0] [ Train | Step: 28500  |  loss : 0.6004 | accuracy : 0.6830 | opt_sps : 78.2335  ]
[2026-08-17 13:02:02,645][__main__][INFO] - [RANK 0] [ Eval  | Step: 28500  |  loss : 0.5838 | accuracy : 0.7008 | eval_s : 0.2933  ]
[2026-08-17 13:02:09,063][__main__][INFO] - [RANK 0] [ Train | Step: 29000  |  loss : 0.5793 | accuracy : 0.7022 | opt_sps : 78.2279  ]
[2026-08-17 13:02:09,357][__main__][INFO] - [RANK 0] [ Eval  | Step: 29000  |  loss : 0.5634 | accuracy : 0.7127 | eval_s : 0.2933  ]
[2026-08-17 13:02:15,709][__main__][INFO] - [RANK 0] [ Train | Step: 29500  |  loss : 0.5518 | accuracy : 0.7215 | opt_sps : 78.2364  ]
[2026-08-17 13:02:16,005][__main__][INFO] - [RANK 0] [ Eval  | Step: 29500  |  loss : 0.5329 | accuracy : 0.7349 | eval_s : 0.2955  ]
[2026-08-17 13:02:22,415][__main__][INFO] - [RANK 0] [ Train | Step: 30000  |  loss : 0.5350 | accuracy : 0.7284 | opt_sps : 78.2327  ]
[2026-08-17 13:02:22,710][__main__][INFO] - [RANK 0] [ Eval  | Step: 30000  |  loss : 0.5329 | accuracy : 0.7342 | eval_s : 0.2937  ]
[2026-08-17 13:02:29,090][__main__][INFO] - [RANK 0] [ Train | Step: 30500  |  loss : 0.5196 | accuracy : 0.7404 | opt_sps : 78.2349  ]
[2026-08-17 13:02:29,384][__main__][INFO] - [RANK 0] [ Eval  | Step: 30500  |  loss : 0.5059 | accuracy : 0.7475 | eval_s : 0.2934  ]
[2026-08-17 13:02:35,711][__main__][INFO] - [RANK 0] [ Train | Step: 31000  |  loss : 0.4992 | accuracy : 0.7543 | opt_sps : 78.2477  ]
[2026-08-17 13:02:36,006][__main__][INFO] - [RANK 0] [ Eval  | Step: 31000  |  loss : 0.4911 | accuracy : 0.7551 | eval_s : 0.2939  ]
[2026-08-17 13:02:42,430][__main__][INFO] - [RANK 0] [ Train | Step: 31500  |  loss : 0.4868 | accuracy : 0.7600 | opt_sps : 78.2413  ]
[2026-08-17 13:02:42,725][__main__][INFO] - [RANK 0] [ Eval  | Step: 31500  |  loss : 0.4879 | accuracy : 0.7606 | eval_s : 0.2941  ]
[2026-08-17 13:02:49,080][__main__][INFO] - [RANK 0] [ Train | Step: 32000  |  loss : 0.4822 | accuracy : 0.7611 | opt_sps : 78.2482  ]
[2026-08-17 13:02:49,374][__main__][INFO] - [RANK 0] [ Eval  | Step: 32000  |  loss : 0.4791 | accuracy : 0.7582 | eval_s : 0.2928  ]
[2026-08-17 13:02:55,665][__main__][INFO] - [RANK 0] [ Train | Step: 32500  |  loss : 0.4772 | accuracy : 0.7635 | opt_sps : 78.2670  ]
[2026-08-17 13:02:55,960][__main__][INFO] - [RANK 0] [ Eval  | Step: 32500  |  loss : 0.4690 | accuracy : 0.7682 | eval_s : 0.2948  ]
[2026-08-17 13:03:02,297][__main__][INFO] - [RANK 0] [ Train | Step: 33000  |  loss : 0.4706 | accuracy : 0.7667 | opt_sps : 78.2768  ]
[2026-08-17 13:03:02,591][__main__][INFO] - [RANK 0] [ Eval  | Step: 33000  |  loss : 0.4676 | accuracy : 0.7682 | eval_s : 0.2936  ]
[2026-08-17 13:03:08,900][__main__][INFO] - [RANK 0] [ Train | Step: 33500  |  loss : 0.4684 | accuracy : 0.7684 | opt_sps : 78.2914  ]
[2026-08-17 13:03:09,194][__main__][INFO] - [RANK 0] [ Eval  | Step: 33500  |  loss : 0.4666 | accuracy : 0.7673 | eval_s : 0.2933  ]
[2026-08-17 13:03:15,610][__main__][INFO] - [RANK 0] [ Train | Step: 34000  |  loss : 0.4674 | accuracy : 0.7676 | opt_sps : 78.2862  ]
[2026-08-17 13:03:15,907][__main__][INFO] - [RANK 0] [ Eval  | Step: 34000  |  loss : 0.4668 | accuracy : 0.7687 | eval_s : 0.2955  ]
[2026-08-17 13:03:22,252][__main__][INFO] - [RANK 0] [ Train | Step: 34500  |  loss : 0.4622 | accuracy : 0.7695 | opt_sps : 78.2937  ]
[2026-08-17 13:03:22,546][__main__][INFO] - [RANK 0] [ Eval  | Step: 34500  |  loss : 0.5073 | accuracy : 0.7558 | eval_s : 0.2936  ]
[2026-08-17 13:03:28,981][__main__][INFO] - [RANK 0] [ Train | Step: 35000  |  loss : 0.4618 | accuracy : 0.7693 | opt_sps : 78.2852  ]
[2026-08-17 13:03:29,281][__main__][INFO] - [RANK 0] [ Eval  | Step: 35000  |  loss : 0.4773 | accuracy : 0.7646 | eval_s : 0.2994  ]
[2026-08-17 13:03:35,613][__main__][INFO] - [RANK 0] [ Train | Step: 35500  |  loss : 0.4656 | accuracy : 0.7687 | opt_sps : 78.2947  ]
[2026-08-17 13:03:35,907][__main__][INFO] - [RANK 0] [ Eval  | Step: 35500  |  loss : 0.4605 | accuracy : 0.7676 | eval_s : 0.2930  ]
[2026-08-17 13:03:42,181][__main__][INFO] - [RANK 0] [ Train | Step: 36000  |  loss : 0.4662 | accuracy : 0.7673 | opt_sps : 78.3139  ]
[2026-08-17 13:03:42,476][__main__][INFO] - [RANK 0] [ Eval  | Step: 36000  |  loss : 0.4620 | accuracy : 0.7708 | eval_s : 0.2944  ]
[2026-08-17 13:03:48,880][__main__][INFO] - [RANK 0] [ Train | Step: 36500  |  loss : 0.4604 | accuracy : 0.7718 | opt_sps : 78.3107  ]
[2026-08-17 13:03:49,174][__main__][INFO] - [RANK 0] [ Eval  | Step: 36500  |  loss : 0.4721 | accuracy : 0.7618 | eval_s : 0.2934  ]
[2026-08-17 13:03:55,485][__main__][INFO] - [RANK 0] [ Train | Step: 37000  |  loss : 0.4582 | accuracy : 0.7705 | opt_sps : 78.3230  ]
[2026-08-17 13:03:55,780][__main__][INFO] - [RANK 0] [ Eval  | Step: 37000  |  loss : 0.4594 | accuracy : 0.7694 | eval_s : 0.2942  ]
[2026-08-17 13:04:02,149][__main__][INFO] - [RANK 0] [ Train | Step: 37500  |  loss : 0.4638 | accuracy : 0.7698 | opt_sps : 78.3256  ]
[2026-08-17 13:04:02,447][__main__][INFO] - [RANK 0] [ Eval  | Step: 37500  |  loss : 0.4744 | accuracy : 0.7651 | eval_s : 0.2975  ]
[2026-08-17 13:04:08,791][__main__][INFO] - [RANK 0] [ Train | Step: 38000  |  loss : 0.4596 | accuracy : 0.7711 | opt_sps : 78.3320  ]
[2026-08-17 13:04:09,086][__main__][INFO] - [RANK 0] [ Eval  | Step: 38000  |  loss : 0.4616 | accuracy : 0.7705 | eval_s : 0.2938  ]
[2026-08-17 13:04:15,405][__main__][INFO] - [RANK 0] [ Train | Step: 38500  |  loss : 0.4634 | accuracy : 0.7688 | opt_sps : 78.3422  ]
[2026-08-17 13:04:15,700][__main__][INFO] - [RANK 0] [ Eval  | Step: 38500  |  loss : 0.4595 | accuracy : 0.7695 | eval_s : 0.2936  ]
[2026-08-17 13:04:22,128][__main__][INFO] - [RANK 0] [ Train | Step: 39000  |  loss : 0.4555 | accuracy : 0.7740 | opt_sps : 78.3349  ]
[2026-08-17 13:04:22,422][__main__][INFO] - [RANK 0] [ Eval  | Step: 39000  |  loss : 0.4697 | accuracy : 0.7679 | eval_s : 0.2933  ]
[2026-08-17 13:04:28,743][__main__][INFO] - [RANK 0] [ Train | Step: 39500  |  loss : 0.4605 | accuracy : 0.7709 | opt_sps : 78.3445  ]
[2026-08-17 13:04:29,041][__main__][INFO] - [RANK 0] [ Eval  | Step: 39500  |  loss : 0.4662 | accuracy : 0.7693 | eval_s : 0.2975  ]
[2026-08-17 13:04:35,476][__main__][INFO] - [RANK 0] [ Train | Step: 40000  |  loss : 0.4581 | accuracy : 0.7713 | opt_sps : 78.3364  ]
[2026-08-17 13:04:35,770][__main__][INFO] - [RANK 0] [ Eval  | Step: 40000  |  loss : 0.4586 | accuracy : 0.7695 | eval_s : 0.2931  ]
[2026-08-17 13:04:42,062][__main__][INFO] - [RANK 0] [ Train | Step: 40500  |  loss : 0.4601 | accuracy : 0.7713 | opt_sps : 78.3503  ]
[2026-08-17 13:04:42,356][__main__][INFO] - [RANK 0] [ Eval  | Step: 40500  |  loss : 0.4588 | accuracy : 0.7693 | eval_s : 0.2929  ]
[2026-08-17 13:04:48,782][__main__][INFO] - [RANK 0] [ Train | Step: 41000  |  loss : 0.4535 | accuracy : 0.7725 | opt_sps : 78.3436  ]
[2026-08-17 13:04:49,077][__main__][INFO] - [RANK 0] [ Eval  | Step: 41000  |  loss : 0.4607 | accuracy : 0.7678 | eval_s : 0.2942  ]
[2026-08-17 13:04:55,463][__main__][INFO] - [RANK 0] [ Train | Step: 41500  |  loss : 0.4603 | accuracy : 0.7715 | opt_sps : 78.3431  ]
[2026-08-17 13:04:55,757][__main__][INFO] - [RANK 0] [ Eval  | Step: 41500  |  loss : 0.4577 | accuracy : 0.7711 | eval_s : 0.2925  ]
[2026-08-17 13:05:02,082][__main__][INFO] - [RANK 0] [ Train | Step: 42000  |  loss : 0.4563 | accuracy : 0.7720 | opt_sps : 78.3515  ]
[2026-08-17 13:05:02,376][__main__][INFO] - [RANK 0] [ Eval  | Step: 42000  |  loss : 0.4613 | accuracy : 0.7674 | eval_s : 0.2935  ]
[2026-08-17 13:05:08,790][__main__][INFO] - [RANK 0] [ Train | Step: 42500  |  loss : 0.4577 | accuracy : 0.7706 | opt_sps : 78.3468  ]
[2026-08-17 13:05:09,084][__main__][INFO] - [RANK 0] [ Eval  | Step: 42500  |  loss : 0.4582 | accuracy : 0.7704 | eval_s : 0.2931  ]
[2026-08-17 13:05:15,379][__main__][INFO] - [RANK 0] [ Train | Step: 43000  |  loss : 0.4537 | accuracy : 0.7723 | opt_sps : 78.3593  ]
[2026-08-17 13:05:15,673][__main__][INFO] - [RANK 0] [ Eval  | Step: 43000  |  loss : 0.4624 | accuracy : 0.7673 | eval_s : 0.2929  ]
[2026-08-17 13:05:21,971][__main__][INFO] - [RANK 0] [ Train | Step: 43500  |  loss : 0.4543 | accuracy : 0.7732 | opt_sps : 78.3709  ]
[2026-08-17 13:05:22,266][__main__][INFO] - [RANK 0] [ Eval  | Step: 43500  |  loss : 0.4656 | accuracy : 0.7677 | eval_s : 0.2934  ]
[2026-08-17 13:05:28,658][__main__][INFO] - [RANK 0] [ Train | Step: 44000  |  loss : 0.4577 | accuracy : 0.7725 | opt_sps : 78.3692  ]
[2026-08-17 13:05:28,952][__main__][INFO] - [RANK 0] [ Eval  | Step: 44000  |  loss : 0.4578 | accuracy : 0.7726 | eval_s : 0.2928  ]
[2026-08-17 13:05:35,351][__main__][INFO] - [RANK 0] [ Train | Step: 44500  |  loss : 0.4542 | accuracy : 0.7729 | opt_sps : 78.3665  ]
[2026-08-17 13:05:35,645][__main__][INFO] - [RANK 0] [ Eval  | Step: 44500  |  loss : 0.4587 | accuracy : 0.7709 | eval_s : 0.2931  ]
[2026-08-17 13:05:42,033][__main__][INFO] - [RANK 0] [ Train | Step: 45000  |  loss : 0.4549 | accuracy : 0.7723 | opt_sps : 78.3654  ]
[2026-08-17 13:05:42,328][__main__][INFO] - [RANK 0] [ Eval  | Step: 45000  |  loss : 0.4627 | accuracy : 0.7678 | eval_s : 0.2933  ]
[2026-08-17 13:05:48,635][__main__][INFO] - [RANK 0] [ Train | Step: 45500  |  loss : 0.4579 | accuracy : 0.7712 | opt_sps : 78.3752  ]
[2026-08-17 13:05:48,930][__main__][INFO] - [RANK 0] [ Eval  | Step: 45500  |  loss : 0.4566 | accuracy : 0.7717 | eval_s : 0.2938  ]
[2026-08-17 13:05:55,289][__main__][INFO] - [RANK 0] [ Train | Step: 46000  |  loss : 0.4534 | accuracy : 0.7727 | opt_sps : 78.3781  ]
[2026-08-17 13:05:55,583][__main__][INFO] - [RANK 0] [ Eval  | Step: 46000  |  loss : 0.4570 | accuracy : 0.7686 | eval_s : 0.2929  ]
[2026-08-17 13:06:01,995][__main__][INFO] - [RANK 0] [ Train | Step: 46500  |  loss : 0.4535 | accuracy : 0.7743 | opt_sps : 78.3737  ]
[2026-08-17 13:06:02,290][__main__][INFO] - [RANK 0] [ Eval  | Step: 46500  |  loss : 0.4567 | accuracy : 0.7694 | eval_s : 0.2940  ]
[2026-08-17 13:06:08,648][__main__][INFO] - [RANK 0] [ Train | Step: 47000  |  loss : 0.4567 | accuracy : 0.7722 | opt_sps : 78.3765  ]
[2026-08-17 13:06:08,943][__main__][INFO] - [RANK 0] [ Eval  | Step: 47000  |  loss : 0.4563 | accuracy : 0.7717 | eval_s : 0.2940  ]
[2026-08-17 13:06:15,368][__main__][INFO] - [RANK 0] [ Train | Step: 47500  |  loss : 0.4527 | accuracy : 0.7749 | opt_sps : 78.3707  ]
[2026-08-17 13:06:15,663][__main__][INFO] - [RANK 0] [ Eval  | Step: 47500  |  loss : 0.4595 | accuracy : 0.7715 | eval_s : 0.2939  ]
[2026-08-17 13:06:21,992][__main__][INFO] - [RANK 0] [ Train | Step: 48000  |  loss : 0.4520 | accuracy : 0.7737 | opt_sps : 78.3772  ]
[2026-08-17 13:06:22,287][__main__][INFO] - [RANK 0] [ Eval  | Step: 48000  |  loss : 0.4580 | accuracy : 0.7719 | eval_s : 0.2941  ]
[2026-08-17 13:06:28,628][__main__][INFO] - [RANK 0] [ Train | Step: 48500  |  loss : 0.4549 | accuracy : 0.7722 | opt_sps : 78.3821  ]
[2026-08-17 13:06:28,922][__main__][INFO] - [RANK 0] [ Eval  | Step: 48500  |  loss : 0.4628 | accuracy : 0.7676 | eval_s : 0.2933  ]
[2026-08-17 13:06:35,356][__main__][INFO] - [RANK 0] [ Train | Step: 49000  |  loss : 0.4519 | accuracy : 0.7742 | opt_sps : 78.3752  ]
[2026-08-17 13:06:35,651][__main__][INFO] - [RANK 0] [ Eval  | Step: 49000  |  loss : 0.4571 | accuracy : 0.7719 | eval_s : 0.2939  ]
[2026-08-17 13:06:42,098][__main__][INFO] - [RANK 0] [ Train | Step: 49500  |  loss : 0.4537 | accuracy : 0.7744 | opt_sps : 78.3669  ]
[2026-08-17 13:06:42,395][__main__][INFO] - [RANK 0] [ Eval  | Step: 49500  |  loss : 0.4780 | accuracy : 0.7617 | eval_s : 0.2960  ]
[2026-08-17 13:06:48,765][__main__][INFO] - [RANK 0] [ Train | Step: 50000  |  loss : 0.4542 | accuracy : 0.7731 | opt_sps : 78.3680  ]
[2026-08-17 13:06:49,060][__main__][INFO] - [RANK 0] [ Eval  | Step: 50000  |  loss : 0.4568 | accuracy : 0.7710 | eval_s : 0.2944  ]
[2026-08-17 13:06:55,485][__main__][INFO] - [RANK 0] [ Train | Step: 50500  |  loss : 0.4556 | accuracy : 0.7709 | opt_sps : 78.3626  ]
[2026-08-17 13:06:55,780][__main__][INFO] - [RANK 0] [ Eval  | Step: 50500  |  loss : 0.4580 | accuracy : 0.7715 | eval_s : 0.2937  ]
[2026-08-17 13:07:02,165][__main__][INFO] - [RANK 0] [ Train | Step: 51000  |  loss : 0.4561 | accuracy : 0.7726 | opt_sps : 78.3620  ]
[2026-08-17 13:07:02,461][__main__][INFO] - [RANK 0] [ Eval  | Step: 51000  |  loss : 0.4558 | accuracy : 0.7700 | eval_s : 0.2948  ]
[2026-08-17 13:07:08,794][__main__][INFO] - [RANK 0] [ Train | Step: 51500  |  loss : 0.4523 | accuracy : 0.7740 | opt_sps : 78.3678  ]
[2026-08-17 13:07:09,090][__main__][INFO] - [RANK 0] [ Eval  | Step: 51500  |  loss : 0.5083 | accuracy : 0.7561 | eval_s : 0.2944  ]
[2026-08-17 13:07:15,534][__main__][INFO] - [RANK 0] [ Train | Step: 52000  |  loss : 0.4546 | accuracy : 0.7720 | opt_sps : 78.3602  ]
[2026-08-17 13:07:15,828][__main__][INFO] - [RANK 0] [ Eval  | Step: 52000  |  loss : 0.4551 | accuracy : 0.7733 | eval_s : 0.2931  ]
[2026-08-17 13:07:22,131][__main__][INFO] - [RANK 0] [ Train | Step: 52500  |  loss : 0.4545 | accuracy : 0.7735 | opt_sps : 78.3693  ]
[2026-08-17 13:07:22,427][__main__][INFO] - [RANK 0] [ Eval  | Step: 52500  |  loss : 0.4566 | accuracy : 0.7721 | eval_s : 0.2945  ]
[2026-08-17 13:07:28,771][__main__][INFO] - [RANK 0] [ Train | Step: 53000  |  loss : 0.4531 | accuracy : 0.7735 | opt_sps : 78.3735  ]
[2026-08-17 13:07:29,068][__main__][INFO] - [RANK 0] [ Eval  | Step: 53000  |  loss : 0.4570 | accuracy : 0.7718 | eval_s : 0.2961  ]
[2026-08-17 13:07:35,526][__main__][INFO] - [RANK 0] [ Train | Step: 53500  |  loss : 0.4527 | accuracy : 0.7737 | opt_sps : 78.3645  ]
[2026-08-17 13:07:35,820][__main__][INFO] - [RANK 0] [ Eval  | Step: 53500  |  loss : 0.4766 | accuracy : 0.7649 | eval_s : 0.2935  ]
[2026-08-17 13:07:42,141][__main__][INFO] - [RANK 0] [ Train | Step: 54000  |  loss : 0.4518 | accuracy : 0.7735 | opt_sps : 78.3712  ]
[2026-08-17 13:07:42,439][__main__][INFO] - [RANK 0] [ Eval  | Step: 54000  |  loss : 0.4564 | accuracy : 0.7729 | eval_s : 0.2974  ]
[2026-08-17 13:07:48,902][__main__][INFO] - [RANK 0] [ Train | Step: 54500  |  loss : 0.4516 | accuracy : 0.7737 | opt_sps : 78.3620  ]
[2026-08-17 13:07:49,197][__main__][INFO] - [RANK 0] [ Eval  | Step: 54500  |  loss : 0.4578 | accuracy : 0.7653 | eval_s : 0.2939  ]
[2026-08-17 13:07:55,629][__main__][INFO] - [RANK 0] [ Train | Step: 55000  |  loss : 0.4469 | accuracy : 0.7767 | opt_sps : 78.3561  ]
[2026-08-17 13:07:55,923][__main__][INFO] - [RANK 0] [ Eval  | Step: 55000  |  loss : 0.4584 | accuracy : 0.7703 | eval_s : 0.2930  ]
[2026-08-17 13:08:02,206][__main__][INFO] - [RANK 0] [ Train | Step: 55500  |  loss : 0.4528 | accuracy : 0.7744 | opt_sps : 78.3670  ]
[2026-08-17 13:08:02,499][__main__][INFO] - [RANK 0] [ Eval  | Step: 55500  |  loss : 0.4560 | accuracy : 0.7717 | eval_s : 0.2927  ]
[2026-08-17 13:08:08,833][__main__][INFO] - [RANK 0] [ Train | Step: 56000  |  loss : 0.4508 | accuracy : 0.7748 | opt_sps : 78.3721  ]
[2026-08-17 13:08:09,131][__main__][INFO] - [RANK 0] [ Eval  | Step: 56000  |  loss : 0.4560 | accuracy : 0.7728 | eval_s : 0.2962  ]
[2026-08-17 13:08:15,428][__main__][INFO] - [RANK 0] [ Train | Step: 56500  |  loss : 0.4520 | accuracy : 0.7750 | opt_sps : 78.3811  ]
[2026-08-17 13:08:15,721][__main__][INFO] - [RANK 0] [ Eval  | Step: 56500  |  loss : 0.4556 | accuracy : 0.7716 | eval_s : 0.2925  ]
[2026-08-17 13:08:22,007][__main__][INFO] - [RANK 0] [ Train | Step: 57000  |  loss : 0.4528 | accuracy : 0.7736 | opt_sps : 78.3911  ]
[2026-08-17 13:08:22,301][__main__][INFO] - [RANK 0] [ Eval  | Step: 57000  |  loss : 0.4552 | accuracy : 0.7724 | eval_s : 0.2927  ]
[2026-08-17 13:08:28,671][__main__][INFO] - [RANK 0] [ Train | Step: 57500  |  loss : 0.4500 | accuracy : 0.7733 | opt_sps : 78.3919  ]
[2026-08-17 13:08:28,965][__main__][INFO] - [RANK 0] [ Eval  | Step: 57500  |  loss : 0.4559 | accuracy : 0.7717 | eval_s : 0.2927  ]
[2026-08-17 13:08:35,217][__main__][INFO] - [RANK 0] [ Train | Step: 58000  |  loss : 0.4523 | accuracy : 0.7728 | opt_sps : 78.4053  ]
[2026-08-17 13:08:35,510][__main__][INFO] - [RANK 0] [ Eval  | Step: 58000  |  loss : 0.4587 | accuracy : 0.7683 | eval_s : 0.2925  ]
[2026-08-17 13:08:41,834][__main__][INFO] - [RANK 0] [ Train | Step: 58500  |  loss : 0.4480 | accuracy : 0.7773 | opt_sps : 78.4109  ]
[2026-08-17 13:08:42,128][__main__][INFO] - [RANK 0] [ Eval  | Step: 58500  |  loss : 0.4558 | accuracy : 0.7704 | eval_s : 0.2935  ]
[2026-08-17 13:08:48,474][__main__][INFO] - [RANK 0] [ Train | Step: 59000  |  loss : 0.4526 | accuracy : 0.7732 | opt_sps : 78.4142  ]
[2026-08-17 13:08:48,767][__main__][INFO] - [RANK 0] [ Eval  | Step: 59000  |  loss : 0.4554 | accuracy : 0.7733 | eval_s : 0.2929  ]
[2026-08-17 13:08:55,242][__main__][INFO] - [RANK 0] [ Train | Step: 59500  |  loss : 0.4499 | accuracy : 0.7756 | opt_sps : 78.4040  ]
[2026-08-17 13:08:55,543][__main__][INFO] - [RANK 0] [ Eval  | Step: 59500  |  loss : 0.4572 | accuracy : 0.7722 | eval_s : 0.2999  ]
[2026-08-17 13:09:01,980][__main__][INFO] - [RANK 0] [ Train | Step: 60000  |  loss : 0.4505 | accuracy : 0.7741 | opt_sps : 78.3980  ]
[2026-08-17 13:09:02,275][__main__][INFO] - [RANK 0] [ Eval  | Step: 60000  |  loss : 0.4553 | accuracy : 0.7726 | eval_s : 0.2945  ]
[2026-08-17 13:09:08,614][__main__][INFO] - [RANK 0] [ Train | Step: 60500  |  loss : 0.4515 | accuracy : 0.7732 | opt_sps : 78.4019  ]
[2026-08-17 13:09:08,912][__main__][INFO] - [RANK 0] [ Eval  | Step: 60500  |  loss : 0.4563 | accuracy : 0.7706 | eval_s : 0.2968  ]
[2026-08-17 13:09:15,275][__main__][INFO] - [RANK 0] [ Train | Step: 61000  |  loss : 0.4531 | accuracy : 0.7745 | opt_sps : 78.4033  ]
[2026-08-17 13:09:15,569][__main__][INFO] - [RANK 0] [ Eval  | Step: 61000  |  loss : 0.4555 | accuracy : 0.7715 | eval_s : 0.2929  ]
[2026-08-17 13:09:21,905][__main__][INFO] - [RANK 0] [ Train | Step: 61500  |  loss : 0.4504 | accuracy : 0.7747 | opt_sps : 78.4074  ]
[2026-08-17 13:09:22,200][__main__][INFO] - [RANK 0] [ Eval  | Step: 61500  |  loss : 0.4719 | accuracy : 0.7666 | eval_s : 0.2939  ]
[2026-08-17 13:09:28,597][__main__][INFO] - [RANK 0] [ Train | Step: 62000  |  loss : 0.4497 | accuracy : 0.7736 | opt_sps : 78.4054  ]
[2026-08-17 13:09:28,891][__main__][INFO] - [RANK 0] [ Eval  | Step: 62000  |  loss : 0.4566 | accuracy : 0.7721 | eval_s : 0.2930  ]
[2026-08-17 13:09:35,205][__main__][INFO] - [RANK 0] [ Train | Step: 62500  |  loss : 0.4499 | accuracy : 0.7753 | opt_sps : 78.4116  ]
[2026-08-17 13:09:35,499][__main__][INFO] - [RANK 0] [ Eval  | Step: 62500  |  loss : 0.4583 | accuracy : 0.7717 | eval_s : 0.2933  ]
[2026-08-17 13:09:41,867][__main__][INFO] - [RANK 0] [ Train | Step: 63000  |  loss : 0.4504 | accuracy : 0.7758 | opt_sps : 78.4124  ]
[2026-08-17 13:09:42,164][__main__][INFO] - [RANK 0] [ Eval  | Step: 63000  |  loss : 0.4594 | accuracy : 0.7725 | eval_s : 0.2962  ]
[2026-08-17 13:09:48,540][__main__][INFO] - [RANK 0] [ Train | Step: 63500  |  loss : 0.4495 | accuracy : 0.7745 | opt_sps : 78.4125  ]
[2026-08-17 13:09:48,835][__main__][INFO] - [RANK 0] [ Eval  | Step: 63500  |  loss : 0.4551 | accuracy : 0.7728 | eval_s : 0.2932  ]
[2026-08-17 13:09:55,139][__main__][INFO] - [RANK 0] [ Train | Step: 64000  |  loss : 0.4482 | accuracy : 0.7758 | opt_sps : 78.4195  ]
[2026-08-17 13:09:55,437][__main__][INFO] - [RANK 0] [ Eval  | Step: 64000  |  loss : 0.4560 | accuracy : 0.7704 | eval_s : 0.2977  ]
[2026-08-17 13:10:01,992][__main__][INFO] - [RANK 0] [ Train | Step: 64500  |  loss : 0.4468 | accuracy : 0.7766 | opt_sps : 78.4025  ]
[2026-08-17 13:10:02,287][__main__][INFO] - [RANK 0] [ Eval  | Step: 64500  |  loss : 0.4544 | accuracy : 0.7722 | eval_s : 0.2941  ]
[2026-08-17 13:10:08,599][__main__][INFO] - [RANK 0] [ Train | Step: 65000  |  loss : 0.4498 | accuracy : 0.7756 | opt_sps : 78.4088  ]
[2026-08-17 13:10:08,894][__main__][INFO] - [RANK 0] [ Eval  | Step: 65000  |  loss : 0.4560 | accuracy : 0.7712 | eval_s : 0.2940  ]
[2026-08-17 13:10:15,219][__main__][INFO] - [RANK 0] [ Train | Step: 65500  |  loss : 0.4510 | accuracy : 0.7758 | opt_sps : 78.4136  ]
[2026-08-17 13:10:15,514][__main__][INFO] - [RANK 0] [ Eval  | Step: 65500  |  loss : 0.4562 | accuracy : 0.7714 | eval_s : 0.2938  ]
[2026-08-17 13:10:21,916][__main__][INFO] - [RANK 0] [ Train | Step: 66000  |  loss : 0.4510 | accuracy : 0.7732 | opt_sps : 78.4112  ]
[2026-08-17 13:10:22,210][__main__][INFO] - [RANK 0] [ Eval  | Step: 66000  |  loss : 0.4559 | accuracy : 0.7714 | eval_s : 0.2931  ]
[2026-08-17 13:10:28,500][__main__][INFO] - [RANK 0] [ Train | Step: 66500  |  loss : 0.4499 | accuracy : 0.7743 | opt_sps : 78.4192  ]
[2026-08-17 13:10:28,794][__main__][INFO] - [RANK 0] [ Eval  | Step: 66500  |  loss : 0.4551 | accuracy : 0.7693 | eval_s : 0.2929  ]
[2026-08-17 13:10:35,053][__main__][INFO] - [RANK 0] [ Train | Step: 67000  |  loss : 0.4511 | accuracy : 0.7753 | opt_sps : 78.4299  ]
[2026-08-17 13:10:35,347][__main__][INFO] - [RANK 0] [ Eval  | Step: 67000  |  loss : 0.4545 | accuracy : 0.7727 | eval_s : 0.2929  ]
[2026-08-17 13:10:41,712][__main__][INFO] - [RANK 0] [ Train | Step: 67500  |  loss : 0.4504 | accuracy : 0.7751 | opt_sps : 78.4308  ]
[2026-08-17 13:10:42,006][__main__][INFO] - [RANK 0] [ Eval  | Step: 67500  |  loss : 0.4561 | accuracy : 0.7696 | eval_s : 0.2927  ]
[2026-08-17 13:10:48,344][__main__][INFO] - [RANK 0] [ Train | Step: 68000  |  loss : 0.4515 | accuracy : 0.7763 | opt_sps : 78.4342  ]
[2026-08-17 13:10:48,638][__main__][INFO] - [RANK 0] [ Eval  | Step: 68000  |  loss : 0.4561 | accuracy : 0.7729 | eval_s : 0.2938  ]
[2026-08-17 13:10:54,982][__main__][INFO] - [RANK 0] [ Train | Step: 68500  |  loss : 0.4470 | accuracy : 0.7774 | opt_sps : 78.4369  ]
[2026-08-17 13:10:55,277][__main__][INFO] - [RANK 0] [ Eval  | Step: 68500  |  loss : 0.4557 | accuracy : 0.7712 | eval_s : 0.2933  ]
[2026-08-17 13:11:01,688][__main__][INFO] - [RANK 0] [ Train | Step: 69000  |  loss : 0.4500 | accuracy : 0.7768 | opt_sps : 78.4336  ]
[2026-08-17 13:11:01,983][__main__][INFO] - [RANK 0] [ Eval  | Step: 69000  |  loss : 0.4557 | accuracy : 0.7700 | eval_s : 0.2940  ]
[2026-08-17 13:11:08,454][__main__][INFO] - [RANK 0] [ Train | Step: 69500  |  loss : 0.4496 | accuracy : 0.7743 | opt_sps : 78.4251  ]
[2026-08-17 13:11:08,748][__main__][INFO] - [RANK 0] [ Eval  | Step: 69500  |  loss : 0.4551 | accuracy : 0.7712 | eval_s : 0.2935  ]
[2026-08-17 13:11:15,077][__main__][INFO] - [RANK 0] [ Train | Step: 70000  |  loss : 0.4502 | accuracy : 0.7749 | opt_sps : 78.4292  ]
[2026-08-17 13:11:15,371][__main__][INFO] - [RANK 0] [ Eval  | Step: 70000  |  loss : 0.4545 | accuracy : 0.7733 | eval_s : 0.2928  ]
[2026-08-17 13:11:21,730][__main__][INFO] - [RANK 0] [ Train | Step: 70500  |  loss : 0.4494 | accuracy : 0.7752 | opt_sps : 78.4306  ]
[2026-08-17 13:11:22,028][__main__][INFO] - [RANK 0] [ Eval  | Step: 70500  |  loss : 0.4561 | accuracy : 0.7714 | eval_s : 0.2970  ]
[2026-08-17 13:11:28,397][__main__][INFO] - [RANK 0] [ Train | Step: 71000  |  loss : 0.4469 | accuracy : 0.7767 | opt_sps : 78.4312  ]
[2026-08-17 13:11:28,692][__main__][INFO] - [RANK 0] [ Eval  | Step: 71000  |  loss : 0.4554 | accuracy : 0.7712 | eval_s : 0.2942  ]
[2026-08-17 13:11:35,046][__main__][INFO] - [RANK 0] [ Train | Step: 71500  |  loss : 0.4496 | accuracy : 0.7745 | opt_sps : 78.4329  ]
[2026-08-17 13:11:35,341][__main__][INFO] - [RANK 0] [ Eval  | Step: 71500  |  loss : 0.4576 | accuracy : 0.7723 | eval_s : 0.2942  ]
[2026-08-17 13:11:41,789][__main__][INFO] - [RANK 0] [ Train | Step: 72000  |  loss : 0.4454 | accuracy : 0.7777 | opt_sps : 78.4267  ]
[2026-08-17 13:11:42,083][__main__][INFO] - [RANK 0] [ Eval  | Step: 72000  |  loss : 0.4553 | accuracy : 0.7733 | eval_s : 0.2936  ]
[2026-08-17 13:11:48,407][__main__][INFO] - [RANK 0] [ Train | Step: 72500  |  loss : 0.4475 | accuracy : 0.7764 | opt_sps : 78.4311  ]
[2026-08-17 13:11:48,702][__main__][INFO] - [RANK 0] [ Eval  | Step: 72500  |  loss : 0.4550 | accuracy : 0.7734 | eval_s : 0.2941  ]
[2026-08-17 13:11:55,112][__main__][INFO] - [RANK 0] [ Train | Step: 73000  |  loss : 0.4483 | accuracy : 0.7754 | opt_sps : 78.4282  ]
[2026-08-17 13:11:55,406][__main__][INFO] - [RANK 0] [ Eval  | Step: 73000  |  loss : 0.4540 | accuracy : 0.7718 | eval_s : 0.2930  ]
[2026-08-17 13:12:01,734][__main__][INFO] - [RANK 0] [ Train | Step: 73500  |  loss : 0.4506 | accuracy : 0.7746 | opt_sps : 78.4322  ]
[2026-08-17 13:12:02,029][__main__][INFO] - [RANK 0] [ Eval  | Step: 73500  |  loss : 0.4553 | accuracy : 0.7712 | eval_s : 0.2939  ]
[2026-08-17 13:12:08,464][__main__][INFO] - [RANK 0] [ Train | Step: 74000  |  loss : 0.4495 | accuracy : 0.7752 | opt_sps : 78.4272  ]
[2026-08-17 13:12:08,758][__main__][INFO] - [RANK 0] [ Eval  | Step: 74000  |  loss : 0.4541 | accuracy : 0.7729 | eval_s : 0.2931  ]
[2026-08-17 13:12:15,158][__main__][INFO] - [RANK 0] [ Train | Step: 74500  |  loss : 0.4495 | accuracy : 0.7783 | opt_sps : 78.4252  ]
[2026-08-17 13:12:15,451][__main__][INFO] - [RANK 0] [ Eval  | Step: 74500  |  loss : 0.4553 | accuracy : 0.7722 | eval_s : 0.2925  ]
[2026-08-17 13:12:21,725][__main__][INFO] - [RANK 0] [ Train | Step: 75000  |  loss : 0.4482 | accuracy : 0.7770 | opt_sps : 78.4335  ]
[2026-08-17 13:12:22,019][__main__][INFO] - [RANK 0] [ Eval  | Step: 75000  |  loss : 0.4549 | accuracy : 0.7708 | eval_s : 0.2929  ]
[2026-08-17 13:12:28,426][__main__][INFO] - [RANK 0] [ Train | Step: 75500  |  loss : 0.4474 | accuracy : 0.7767 | opt_sps : 78.4309  ]
[2026-08-17 13:12:28,720][__main__][INFO] - [RANK 0] [ Eval  | Step: 75500  |  loss : 0.4548 | accuracy : 0.7714 | eval_s : 0.2932  ]
[2026-08-17 13:12:35,018][__main__][INFO] - [RANK 0] [ Train | Step: 76000  |  loss : 0.4492 | accuracy : 0.7758 | opt_sps : 78.4371  ]
[2026-08-17 13:12:35,313][__main__][INFO] - [RANK 0] [ Eval  | Step: 76000  |  loss : 0.4543 | accuracy : 0.7725 | eval_s : 0.2936  ]
[2026-08-17 13:12:41,595][__main__][INFO] - [RANK 0] [ Train | Step: 76500  |  loss : 0.4471 | accuracy : 0.7770 | opt_sps : 78.4445  ]
[2026-08-17 13:12:41,889][__main__][INFO] - [RANK 0] [ Eval  | Step: 76500  |  loss : 0.4543 | accuracy : 0.7729 | eval_s : 0.2933  ]
[2026-08-17 13:12:48,279][__main__][INFO] - [RANK 0] [ Train | Step: 77000  |  loss : 0.4462 | accuracy : 0.7778 | opt_sps : 78.4432  ]
[2026-08-17 13:12:48,573][__main__][INFO] - [RANK 0] [ Eval  | Step: 77000  |  loss : 0.4542 | accuracy : 0.7726 | eval_s : 0.2928  ]
[2026-08-17 13:12:54,896][__main__][INFO] - [RANK 0] [ Train | Step: 77500  |  loss : 0.4497 | accuracy : 0.7757 | opt_sps : 78.4472  ]
[2026-08-17 13:12:55,191][__main__][INFO] - [RANK 0] [ Eval  | Step: 77500  |  loss : 0.4554 | accuracy : 0.7714 | eval_s : 0.2935  ]
[2026-08-17 13:13:01,796][__main__][INFO] - [RANK 0] [ Train | Step: 78000  |  loss : 0.4493 | accuracy : 0.7757 | opt_sps : 78.4290  ]
[2026-08-17 13:13:02,093][__main__][INFO] - [RANK 0] [ Eval  | Step: 78000  |  loss : 0.4541 | accuracy : 0.7727 | eval_s : 0.2965  ]
[2026-08-17 13:13:08,816][__main__][INFO] - [RANK 0] [ Train | Step: 78500  |  loss : 0.4490 | accuracy : 0.7769 | opt_sps : 78.4018  ]
[2026-08-17 13:13:09,113][__main__][INFO] - [RANK 0] [ Eval  | Step: 78500  |  loss : 0.4540 | accuracy : 0.7718 | eval_s : 0.2960  ]
[2026-08-17 13:13:15,946][__main__][INFO] - [RANK 0] [ Train | Step: 79000  |  loss : 0.4473 | accuracy : 0.7775 | opt_sps : 78.3664  ]
[2026-08-17 13:13:16,240][__main__][INFO] - [RANK 0] [ Eval  | Step: 79000  |  loss : 0.4548 | accuracy : 0.7733 | eval_s : 0.2938  ]
[2026-08-17 13:13:22,767][__main__][INFO] - [RANK 0] [ Train | Step: 79500  |  loss : 0.4464 | accuracy : 0.7780 | opt_sps : 78.3550  ]
[2026-08-17 13:13:23,065][__main__][INFO] - [RANK 0] [ Eval  | Step: 79500  |  loss : 0.4548 | accuracy : 0.7736 | eval_s : 0.2971  ]
[2026-08-17 13:13:29,586][__main__][INFO] - [RANK 0] [ Train | Step: 80000  |  loss : 0.4477 | accuracy : 0.7764 | opt_sps : 78.3443  ]
[2026-08-17 13:13:29,881][__main__][INFO] - [RANK 0] [ Eval  | Step: 80000  |  loss : 0.4563 | accuracy : 0.7721 | eval_s : 0.2933  ]
[2026-08-17 13:13:36,532][__main__][INFO] - [RANK 0] [ Train | Step: 80500  |  loss : 0.4513 | accuracy : 0.7747 | opt_sps : 78.3238  ]
[2026-08-17 13:13:36,828][__main__][INFO] - [RANK 0] [ Eval  | Step: 80500  |  loss : 0.4553 | accuracy : 0.7718 | eval_s : 0.2951  ]
[2026-08-17 13:13:43,565][__main__][INFO] - [RANK 0] [ Train | Step: 81000  |  loss : 0.4482 | accuracy : 0.7776 | opt_sps : 78.2970  ]
[2026-08-17 13:13:43,863][__main__][INFO] - [RANK 0] [ Eval  | Step: 81000  |  loss : 0.4542 | accuracy : 0.7728 | eval_s : 0.2968  ]
[2026-08-17 13:13:50,562][__main__][INFO] - [RANK 0] [ Train | Step: 81500  |  loss : 0.4480 | accuracy : 0.7744 | opt_sps : 78.2735  ]
[2026-08-17 13:13:50,857][__main__][INFO] - [RANK 0] [ Eval  | Step: 81500  |  loss : 0.4545 | accuracy : 0.7726 | eval_s : 0.2941  ]
[2026-08-17 13:13:57,238][__main__][INFO] - [RANK 0] [ Train | Step: 82000  |  loss : 0.4485 | accuracy : 0.7771 | opt_sps : 78.2740  ]
[2026-08-17 13:13:57,532][__main__][INFO] - [RANK 0] [ Eval  | Step: 82000  |  loss : 0.4543 | accuracy : 0.7727 | eval_s : 0.2939  ]
[2026-08-17 13:14:03,941][__main__][INFO] - [RANK 0] [ Train | Step: 82500  |  loss : 0.4480 | accuracy : 0.7764 | opt_sps : 78.2725  ]
[2026-08-17 13:14:04,235][__main__][INFO] - [RANK 0] [ Eval  | Step: 82500  |  loss : 0.4539 | accuracy : 0.7729 | eval_s : 0.2935  ]
[2026-08-17 13:14:10,607][__main__][INFO] - [RANK 0] [ Train | Step: 83000  |  loss : 0.4455 | accuracy : 0.7791 | opt_sps : 78.2737  ]
[2026-08-17 13:14:10,903][__main__][INFO] - [RANK 0] [ Eval  | Step: 83000  |  loss : 0.4541 | accuracy : 0.7728 | eval_s : 0.2943  ]
[2026-08-17 13:14:17,393][__main__][INFO] - [RANK 0] [ Train | Step: 83500  |  loss : 0.4472 | accuracy : 0.7775 | opt_sps : 78.2662  ]
[2026-08-17 13:14:17,687][__main__][INFO] - [RANK 0] [ Eval  | Step: 83500  |  loss : 0.4540 | accuracy : 0.7727 | eval_s : 0.2935  ]
[2026-08-17 13:14:24,178][__main__][INFO] - [RANK 0] [ Train | Step: 84000  |  loss : 0.4449 | accuracy : 0.7794 | opt_sps : 78.2587  ]
[2026-08-17 13:14:24,473][__main__][INFO] - [RANK 0] [ Eval  | Step: 84000  |  loss : 0.4537 | accuracy : 0.7730 | eval_s : 0.2939  ]
[2026-08-17 13:14:30,841][__main__][INFO] - [RANK 0] [ Train | Step: 84500  |  loss : 0.4468 | accuracy : 0.7782 | opt_sps : 78.2603  ]
[2026-08-17 13:14:31,136][__main__][INFO] - [RANK 0] [ Eval  | Step: 84500  |  loss : 0.4540 | accuracy : 0.7733 | eval_s : 0.2939  ]
[2026-08-17 13:14:37,912][__main__][INFO] - [RANK 0] [ Train | Step: 85000  |  loss : 0.4467 | accuracy : 0.7780 | opt_sps : 78.2325  ]
[2026-08-17 13:14:38,206][__main__][INFO] - [RANK 0] [ Eval  | Step: 85000  |  loss : 0.4540 | accuracy : 0.7731 | eval_s : 0.2929  ]
[2026-08-17 13:14:44,776][__main__][INFO] - [RANK 0] [ Train | Step: 85500  |  loss : 0.4495 | accuracy : 0.7771 | opt_sps : 78.2197  ]
[2026-08-17 13:14:45,072][__main__][INFO] - [RANK 0] [ Eval  | Step: 85500  |  loss : 0.4540 | accuracy : 0.7722 | eval_s : 0.2948  ]
[2026-08-17 13:14:51,478][__main__][INFO] - [RANK 0] [ Train | Step: 86000  |  loss : 0.4470 | accuracy : 0.7771 | opt_sps : 78.2187  ]
[2026-08-17 13:14:51,774][__main__][INFO] - [RANK 0] [ Eval  | Step: 86000  |  loss : 0.4540 | accuracy : 0.7740 | eval_s : 0.2951  ]
[2026-08-17 13:14:58,355][__main__][INFO] - [RANK 0] [ Train | Step: 86500  |  loss : 0.4501 | accuracy : 0.7752 | opt_sps : 78.2053  ]
[2026-08-17 13:14:58,650][__main__][INFO] - [RANK 0] [ Eval  | Step: 86500  |  loss : 0.4538 | accuracy : 0.7735 | eval_s : 0.2937  ]
[2026-08-17 13:15:05,364][__main__][INFO] - [RANK 0] [ Train | Step: 87000  |  loss : 0.4448 | accuracy : 0.7785 | opt_sps : 78.1827  ]
[2026-08-17 13:15:05,662][__main__][INFO] - [RANK 0] [ Eval  | Step: 87000  |  loss : 0.4536 | accuracy : 0.7733 | eval_s : 0.2965  ]
[2026-08-17 13:15:12,380][__main__][INFO] - [RANK 0] [ Train | Step: 87500  |  loss : 0.4498 | accuracy : 0.7766 | opt_sps : 78.1603  ]
[2026-08-17 13:15:12,674][__main__][INFO] - [RANK 0] [ Eval  | Step: 87500  |  loss : 0.4539 | accuracy : 0.7732 | eval_s : 0.2934  ]
[2026-08-17 13:15:19,001][__main__][INFO] - [RANK 0] [ Train | Step: 88000  |  loss : 0.4441 | accuracy : 0.7782 | opt_sps : 78.1652  ]
[2026-08-17 13:15:19,296][__main__][INFO] - [RANK 0] [ Eval  | Step: 88000  |  loss : 0.4537 | accuracy : 0.7734 | eval_s : 0.2943  ]
[2026-08-17 13:15:25,870][__main__][INFO] - [RANK 0] [ Train | Step: 88500  |  loss : 0.4457 | accuracy : 0.7799 | opt_sps : 78.1529  ]
[2026-08-17 13:15:26,166][__main__][INFO] - [RANK 0] [ Eval  | Step: 88500  |  loss : 0.4539 | accuracy : 0.7730 | eval_s : 0.2943  ]
[2026-08-17 13:15:32,724][__main__][INFO] - [RANK 0] [ Train | Step: 89000  |  loss : 0.4437 | accuracy : 0.7794 | opt_sps : 78.1418  ]
[2026-08-17 13:15:33,025][__main__][INFO] - [RANK 0] [ Eval  | Step: 89000  |  loss : 0.4539 | accuracy : 0.7731 | eval_s : 0.2997  ]
[2026-08-17 13:15:39,521][__main__][INFO] - [RANK 0] [ Train | Step: 89500  |  loss : 0.4478 | accuracy : 0.7779 | opt_sps : 78.1352  ]
[2026-08-17 13:15:39,816][__main__][INFO] - [RANK 0] [ Eval  | Step: 89500  |  loss : 0.4536 | accuracy : 0.7734 | eval_s : 0.2944  ]
[2026-08-17 13:15:46,369][__main__][INFO] - [RANK 0] [ Train | Step: 90000  |  loss : 0.4485 | accuracy : 0.7763 | opt_sps : 78.1248  ]
[2026-08-17 13:15:46,672][__main__][INFO] - [RANK 0] [ Eval  | Step: 90000  |  loss : 0.4537 | accuracy : 0.7736 | eval_s : 0.3015  ]
[2026-08-17 13:15:53,176][__main__][INFO] - [RANK 0] [ Train | Step: 90500  |  loss : 0.4464 | accuracy : 0.7788 | opt_sps : 78.1178  ]
[2026-08-17 13:15:53,473][__main__][INFO] - [RANK 0] [ Eval  | Step: 90500  |  loss : 0.4536 | accuracy : 0.7736 | eval_s : 0.2963  ]
[2026-08-17 13:15:59,925][__main__][INFO] - [RANK 0] [ Train | Step: 91000  |  loss : 0.4457 | accuracy : 0.7788 | opt_sps : 78.1143  ]
[2026-08-17 13:16:00,223][__main__][INFO] - [RANK 0] [ Eval  | Step: 91000  |  loss : 0.4541 | accuracy : 0.7743 | eval_s : 0.2968  ]
[2026-08-17 13:16:06,564][__main__][INFO] - [RANK 0] [ Train | Step: 91500  |  loss : 0.4470 | accuracy : 0.7779 | opt_sps : 78.1183  ]
[2026-08-17 13:16:06,859][__main__][INFO] - [RANK 0] [ Eval  | Step: 91500  |  loss : 0.4540 | accuracy : 0.7734 | eval_s : 0.2943  ]
[2026-08-17 13:16:13,235][__main__][INFO] - [RANK 0] [ Train | Step: 92000  |  loss : 0.4475 | accuracy : 0.7775 | opt_sps : 78.1200  ]
[2026-08-17 13:16:13,533][__main__][INFO] - [RANK 0] [ Eval  | Step: 92000  |  loss : 0.4538 | accuracy : 0.7736 | eval_s : 0.2978  ]
[2026-08-17 13:16:20,279][__main__][INFO] - [RANK 0] [ Train | Step: 92500  |  loss : 0.4471 | accuracy : 0.7787 | opt_sps : 78.0972  ]
[2026-08-17 13:16:20,585][__main__][INFO] - [RANK 0] [ Eval  | Step: 92500  |  loss : 0.4537 | accuracy : 0.7733 | eval_s : 0.3047  ]
[2026-08-17 13:16:27,186][__main__][INFO] - [RANK 0] [ Train | Step: 93000  |  loss : 0.4454 | accuracy : 0.7781 | opt_sps : 78.0841  ]
[2026-08-17 13:16:27,481][__main__][INFO] - [RANK 0] [ Eval  | Step: 93000  |  loss : 0.4537 | accuracy : 0.7732 | eval_s : 0.2944  ]
[2026-08-17 13:16:33,928][__main__][INFO] - [RANK 0] [ Train | Step: 93500  |  loss : 0.4448 | accuracy : 0.7787 | opt_sps : 78.0813  ]
[2026-08-17 13:16:34,223][__main__][INFO] - [RANK 0] [ Eval  | Step: 93500  |  loss : 0.4541 | accuracy : 0.7733 | eval_s : 0.2934  ]
[2026-08-17 13:16:40,717][__main__][INFO] - [RANK 0] [ Train | Step: 94000  |  loss : 0.4445 | accuracy : 0.7791 | opt_sps : 78.0754  ]
[2026-08-17 13:16:41,016][__main__][INFO] - [RANK 0] [ Eval  | Step: 94000  |  loss : 0.4537 | accuracy : 0.7739 | eval_s : 0.2973  ]
[2026-08-17 13:16:47,452][__main__][INFO] - [RANK 0] [ Train | Step: 94500  |  loss : 0.4481 | accuracy : 0.7781 | opt_sps : 78.0733  ]
[2026-08-17 13:16:47,747][__main__][INFO] - [RANK 0] [ Eval  | Step: 94500  |  loss : 0.4538 | accuracy : 0.7742 | eval_s : 0.2935  ]
[2026-08-17 13:16:54,119][__main__][INFO] - [RANK 0] [ Train | Step: 95000  |  loss : 0.4463 | accuracy : 0.7783 | opt_sps : 78.0753  ]
[2026-08-17 13:16:54,415][__main__][INFO] - [RANK 0] [ Eval  | Step: 95000  |  loss : 0.4537 | accuracy : 0.7741 | eval_s : 0.2950  ]
[2026-08-17 13:17:00,928][__main__][INFO] - [RANK 0] [ Train | Step: 95500  |  loss : 0.4486 | accuracy : 0.7761 | opt_sps : 78.0684  ]
[2026-08-17 13:17:01,223][__main__][INFO] - [RANK 0] [ Eval  | Step: 95500  |  loss : 0.4538 | accuracy : 0.7741 | eval_s : 0.2939  ]
[2026-08-17 13:17:07,807][__main__][INFO] - [RANK 0] [ Train | Step: 96000  |  loss : 0.4473 | accuracy : 0.7785 | opt_sps : 78.0570  ]
[2026-08-17 13:17:08,103][__main__][INFO] - [RANK 0] [ Eval  | Step: 96000  |  loss : 0.4536 | accuracy : 0.7735 | eval_s : 0.2950  ]
[2026-08-17 13:17:14,519][__main__][INFO] - [RANK 0] [ Train | Step: 96500  |  loss : 0.4465 | accuracy : 0.7791 | opt_sps : 78.0563  ]
[2026-08-17 13:17:14,813][__main__][INFO] - [RANK 0] [ Eval  | Step: 96500  |  loss : 0.4538 | accuracy : 0.7741 | eval_s : 0.2931  ]
[2026-08-17 13:17:21,102][__main__][INFO] - [RANK 0] [ Train | Step: 97000  |  loss : 0.4483 | accuracy : 0.7774 | opt_sps : 78.0636  ]
[2026-08-17 13:17:21,397][__main__][INFO] - [RANK 0] [ Eval  | Step: 97000  |  loss : 0.4537 | accuracy : 0.7738 | eval_s : 0.2933  ]
[2026-08-17 13:17:27,772][__main__][INFO] - [RANK 0] [ Train | Step: 97500  |  loss : 0.4480 | accuracy : 0.7776 | opt_sps : 78.0654  ]
[2026-08-17 13:17:28,068][__main__][INFO] - [RANK 0] [ Eval  | Step: 97500  |  loss : 0.4538 | accuracy : 0.7740 | eval_s : 0.2949  ]
[2026-08-17 13:17:34,551][__main__][INFO] - [RANK 0] [ Train | Step: 98000  |  loss : 0.4476 | accuracy : 0.7769 | opt_sps : 78.0606  ]
[2026-08-17 13:17:34,847][__main__][INFO] - [RANK 0] [ Eval  | Step: 98000  |  loss : 0.4537 | accuracy : 0.7742 | eval_s : 0.2956  ]
[2026-08-17 13:17:41,270][__main__][INFO] - [RANK 0] [ Train | Step: 98500  |  loss : 0.4481 | accuracy : 0.7766 | opt_sps : 78.0595  ]
[2026-08-17 13:17:41,564][__main__][INFO] - [RANK 0] [ Eval  | Step: 98500  |  loss : 0.4537 | accuracy : 0.7737 | eval_s : 0.2928  ]
[2026-08-17 13:17:47,964][__main__][INFO] - [RANK 0] [ Train | Step: 99000  |  loss : 0.4458 | accuracy : 0.7785 | opt_sps : 78.0598  ]
[2026-08-17 13:17:48,259][__main__][INFO] - [RANK 0] [ Eval  | Step: 99000  |  loss : 0.4537 | accuracy : 0.7735 | eval_s : 0.2942  ]
[2026-08-17 13:17:54,839][__main__][INFO] - [RANK 0] [ Train | Step: 99500  |  loss : 0.4435 | accuracy : 0.7808 | opt_sps : 78.0491  ]
[2026-08-17 13:17:55,134][__main__][INFO] - [RANK 0] [ Eval  | Step: 99500  |  loss : 0.4538 | accuracy : 0.7735 | eval_s : 0.2941  ]
[2026-08-17 13:18:01,710][__main__][INFO] - [RANK 0] [ Train | Step: 100000 |  loss : 0.4467 | accuracy : 0.7774 | opt_sps : 78.0388  ]
[2026-08-17 13:18:02,007][__main__][INFO] - [RANK 0] [ Eval  | Step: 100000 |  loss : 0.4537 | accuracy : 0.7734 | eval_s : 0.2958  ]
[2026-08-17 13:18:02,009][__main__][INFO] - [RANK 0] loading best model
[2026-08-17 13:18:02,010][__main__][INFO] - [RANK 0] [Eval  | Summary |  best_loss : 0.4536 | best_step : 89500.0000 ]
[2026-08-17 13:18:02,305][__main__][INFO] - [RANK 0] [Test  | Summary |  model/phase_R : 0.6789 | model/gate_offdiag : 0.6817 | model/vote_agreement : 0.6427 | model/evidence_ratio : 83.6519 | loss/cross_entropy : 0.4476 | loss/loss : 0.4476 | callbacks/accuracy : 0.7787 | callbacks/non_relational_accuracy : 0.9996 | callbacks/binary_accuracy : 0.7935 | callbacks/ternary_accuracy : 0.5428 | callbacks/query_shape_accuracy : 0.9997 | callbacks/left_of_centre_accuracy : 0.9994 | callbacks/top_half_accuracy : 0.9997 | callbacks/closest_shape_accuracy : 0.6747 | callbacks/furthest_shape_accuracy : 0.7128 | callbacks/count_same_shape_accuracy : 0.9997 | callbacks/count_in_box_accuracy : 0.6965 | callbacks/on_band_accuracy : 0.5236 | callbacks/count_obtuse_accuracy : 0.4052 | timing/eval_s : 0.2946 ]
wandb: updating run metadata
wandb: uploading output.log; uploading wandb-summary.json; uploading config.yaml
wandb: 
wandb: Run history:
wandb:                  eval_callbacks/accuracy ▁▁▂▃▃▅▅▅▅▆██████████████████████████████
wandb:           eval_callbacks/binary_accuracy ▁▁▂▂▃▅▆▇██████████▇█████████████████████
wandb:    eval_callbacks/closest_shape_accuracy ▁▁▃▆▅▆▆▇▇▆▇▇▇▇█▇▇███▇██████████▇████████
wandb:     eval_callbacks/count_in_box_accuracy ▁▁▁▁▁▁▁▁▁▁▁▁▁▁▁▁▁▁▁▁▁▁▁▁▁▁▁▁▁▁▁▁▁▁▁▁▁▁▁▁
wandb:     eval_callbacks/count_obtuse_accuracy █▁█████████▃████████████████████████████
wandb: eval_callbacks/count_same_shape_accuracy ▁▁▃▅▆▆▇▇▆█▆▇███████████▇█▇██████████████
wandb:   eval_callbacks/furthest_shape_accuracy ▁▁▁▆▆▇▇█▇█▇█████████████████████████████
wandb:   eval_callbacks/left_of_centre_accuracy ▁▁▂▂▁▁▁▂▂▂▁▁▄▄▄▇████████████████████████
wandb:   eval_callbacks/non_relational_accuracy ▁▁▂▂▃▃▃▃▃▃██████████████████████████████
wandb:          eval_callbacks/on_band_accuracy ▇████▄▁▅▃▂▇█▄▇▇▆▇█▆▆▃▇▇▇▇▇▇▅▇▅█▇▇▇▆▅▇▇▇█
wandb:                                      +32 ...
wandb: 
wandb: Run summary:
wandb:                           eval/best_loss 0.45357
wandb:                           eval/best_step 89500
wandb:                  eval_callbacks/accuracy 0.7734
wandb:           eval_callbacks/binary_accuracy 0.78928
wandb:    eval_callbacks/closest_shape_accuracy 0.67787
wandb:     eval_callbacks/count_in_box_accuracy 0.68622
wandb:     eval_callbacks/count_obtuse_accuracy 0.39547
wandb: eval_callbacks/count_same_shape_accuracy 0.99937
wandb:   eval_callbacks/furthest_shape_accuracy 0.6948
wandb:   eval_callbacks/left_of_centre_accuracy 0.99964
wandb:                                      +54 ...
wandb: 
wandb: 🚀 View run sort_of_clevr/syncnet::multirun::2026-08-17_12-11-03::2 at: https://wandb.ai/niks_priv/sort_of_clevr/runs/0dtwwiyq
wandb: ⭐️ View project at: https://wandb.ai/niks_priv/sort_of_clevr
wandb: Synced 5 W&B file(s), 0 media file(s), 0 artifact file(s) and 0 other file(s)
wandb: Find logs at: ./outputs/sort_of_clevr/multirun/2026-08-17_12-11-03/2/wandb/run-20260817_125540-0dtwwiyq/logs
[2026-08-17 13:18:03,248][HYDRA] 	#3 : model.n_modules=8 train.seed=0 task=sort_of_clevr experiment=sort_of_clevr/syncnet/scale_free
wandb: setting up run 0of6lk59
wandb: Tracking run with wandb version 0.27.2
wandb: Run data is saved locally in /home/nik/workspace/ImperialWork/msc_project/SyncNetProject/outputs/sort_of_clevr/multirun/2026-08-17_12-11-03/3/wandb/run-20260817_131804-0of6lk59
wandb: Run `wandb offline` to turn off syncing.
wandb: Syncing run sort_of_clevr/syncnet::multirun::2026-08-17_12-11-03::3
wandb: ⭐️ View project at https://wandb.ai/niks_priv/sort_of_clevr
wandb: 🚀 View run at https://wandb.ai/niks_priv/sort_of_clevr/runs/0of6lk59
[2026-08-17 13:18:05,414][__main__][INFO] - [RANK 0] Starting training
[2026-08-17 13:18:05,414][__main__][INFO] - [RANK 0] Model: SortOfClevrSyncNet
[2026-08-17 13:18:05,414][__main__][INFO] - [RANK 0] Parameters: total=450220
[2026-08-17 13:18:05,417][__main__][INFO] - [RANK 0] Config:
train:
  seed: 0
  n_steps: 100000
  train_bs: 256
  val_bs: 1024
  early_stop_metric: loss
  early_stop_big_is_better: false
  early_stop_patience: 1000000
  early_stop_min_delta: 0.0
  mixed_precision: bf16
  compile_model: false
  grad_accum: 1
  grad_clip: 1.0
  loader_mode: gpu_cached
  num_workers: 0
logging:
  eval_log_interval: 500
  train_log_interval: 500
  info_metrics:
  - loss
  - accuracy
  save_best: true
wandb:
  enabled: true
  project_name: sort_of_clevr
  entity: niks_priv
  tags: []
  run_name: null
optim:
  optimiser: adamw
  lr: 0.0003
  weight_decay: 0.01
  lr_scheduler: warmup_cosine
  lr_scheduler_params:
    warmup_steps: 2000
dataset:
  name: sort_of_clevr
  root: ./data
  dir: sort_of_clevr-seed1-train36000-test1000-img75-obj5-q10-t-1
  seed: 1
  train_size: 36000
  test_size: 1000
  img_size: 75
  obj_size: 5
  nb_questions: 10
  t_subtype: -1
model:
  name: sort_of_clevr_syncnet
  q_conditioning: film
  q_emb_dim: 32
  partition: none
  use_pos_emb: true
  n_modules: 8
  module_dim: 128
  content_dim: 8
  query_hidden: 64
  beta_init: 5.0
  learn_beta: true
  use_module_embed: false
  embed_scale: 1.0
  gate_mode: phase
  T: 6
  dt: 0.1
  omega_init: 0.5
  learn_omega: true
  k_hidden: 64
  deterministic_phase: false
  msg_dim: 64
  msg_agg: mean
  readout_mode: sum
  hidden_dim: 128
  use_prior_head: true
  vote_sees_q: true
  encoder:
    name: patchify
    ch: 128
    patch_size: 5
    hidden: 64
callbacks:
- name: accuracy
- name: qtype_accuracy
- name: subtype_accuracy

[2026-08-17 13:18:05,417][__main__][INFO] - [RANK 0] Full model:
SortOfClevrSyncNet(
  (inner): VQASyncNet(
    (q_encoder): IdentityQuestionEncoder()
    (film_gamma): Linear(in_features=18, out_features=128, bias=True)
    (film_beta): Linear(in_features=18, out_features=128, bias=True)
    (encoders): ModuleList(
      (0): PatchifyEncoder(
        (patchify): Conv2d(3, 128, kernel_size=(5, 5), stride=(5, 5))
      )
    )
    (norms): ModuleList(
      (0): GroupNorm(8, 128, eps=1e-05, affine=True, bias=True)
    )
    (h_init): Sequential(
      (0): Linear(in_features=18, out_features=64, bias=True)
      (1): GELU(approximate='none')
      (2): Linear(in_features=64, out_features=1024, bias=True)
    )
    (attn_query): Linear(in_features=128, out_features=128, bias=True)
    (msg_proj): Linear(in_features=128, out_features=64, bias=True)
    (cell): GRUCell(192, 128)
    (k_mlp): Sequential(
      (0): Linear(in_features=256, out_features=64, bias=True)
      (1): GELU(approximate='none')
      (2): Linear(in_features=64, out_features=1, bias=True)
      (3): Tanh()
    )
    (content_head): Linear(in_features=128, out_features=8, bias=True)
    (vote_heads): ModuleList(
      (0-7): 8 x Sequential(
        (0): Linear(in_features=154, out_features=128, bias=True)
        (1): GELU(approximate='none')
        (2): Linear(in_features=128, out_features=10, bias=True)
      )
    )
    (prior_head): Sequential(
      (0): Linear(in_features=18, out_features=128, bias=True)
      (1): GELU(approximate='none')
      (2): Linear(in_features=128, out_features=10, bias=True)
    )
  )
)
[2026-08-17 13:18:12,362][__main__][INFO] - [RANK 0] [ Train | Step: 500    |  loss : 1.4124 | accuracy : 0.3839 | opt_sps : 72.0038  ]
[2026-08-17 13:18:12,679][__main__][INFO] - [RANK 0] [ Eval  | Step: 500    |  loss : 0.8854 | accuracy : 0.4908 | eval_s : 0.3157  ]
[2026-08-17 13:18:19,887][__main__][INFO] - [RANK 0] [ Train | Step: 1000   |  loss : 0.8828 | accuracy : 0.4900 | opt_sps : 70.6666  ]
[2026-08-17 13:18:20,205][__main__][INFO] - [RANK 0] [ Eval  | Step: 1000   |  loss : 0.8816 | accuracy : 0.4961 | eval_s : 0.3174  ]
[2026-08-17 13:18:27,874][__main__][INFO] - [RANK 0] [ Train | Step: 1500   |  loss : 0.8781 | accuracy : 0.5040 | opt_sps : 68.7481  ]
[2026-08-17 13:18:28,200][__main__][INFO] - [RANK 0] [ Eval  | Step: 1500   |  loss : 0.8724 | accuracy : 0.5125 | eval_s : 0.3247  ]
[2026-08-17 13:18:35,667][__main__][INFO] - [RANK 0] [ Train | Step: 2000   |  loss : 0.8743 | accuracy : 0.5150 | opt_sps : 68.2947  ]
[2026-08-17 13:18:35,985][__main__][INFO] - [RANK 0] [ Eval  | Step: 2000   |  loss : 0.8707 | accuracy : 0.5194 | eval_s : 0.3173  ]
[2026-08-17 13:18:43,383][__main__][INFO] - [RANK 0] [ Train | Step: 2500   |  loss : 0.8682 | accuracy : 0.5214 | opt_sps : 68.1533  ]
[2026-08-17 13:18:43,710][__main__][INFO] - [RANK 0] [ Eval  | Step: 2500   |  loss : 0.8643 | accuracy : 0.5256 | eval_s : 0.3258  ]
[2026-08-17 13:18:51,407][__main__][INFO] - [RANK 0] [ Train | Step: 3000   |  loss : 0.8598 | accuracy : 0.5269 | opt_sps : 67.6027  ]
[2026-08-17 13:18:51,732][__main__][INFO] - [RANK 0] [ Eval  | Step: 3000   |  loss : 0.8522 | accuracy : 0.5359 | eval_s : 0.3247  ]
[2026-08-17 13:18:59,496][__main__][INFO] - [RANK 0] [ Train | Step: 3500   |  loss : 0.8487 | accuracy : 0.5353 | opt_sps : 67.1276  ]
[2026-08-17 13:18:59,819][__main__][INFO] - [RANK 0] [ Eval  | Step: 3500   |  loss : 0.8406 | accuracy : 0.5432 | eval_s : 0.3218  ]
[2026-08-17 13:19:06,687][__main__][INFO] - [RANK 0] [ Train | Step: 4000   |  loss : 0.8387 | accuracy : 0.5409 | opt_sps : 67.7894  ]
[2026-08-17 13:19:07,006][__main__][INFO] - [RANK 0] [ Eval  | Step: 4000   |  loss : 0.8275 | accuracy : 0.5502 | eval_s : 0.3187  ]
[2026-08-17 13:19:14,007][__main__][INFO] - [RANK 0] [ Train | Step: 4500   |  loss : 0.8337 | accuracy : 0.5445 | opt_sps : 68.1764  ]
[2026-08-17 13:19:14,323][__main__][INFO] - [RANK 0] [ Eval  | Step: 4500   |  loss : 0.8393 | accuracy : 0.5375 | eval_s : 0.3158  ]
[2026-08-17 13:19:21,179][__main__][INFO] - [RANK 0] [ Train | Step: 5000   |  loss : 0.8283 | accuracy : 0.5502 | opt_sps : 68.6240  ]
[2026-08-17 13:19:21,500][__main__][INFO] - [RANK 0] [ Eval  | Step: 5000   |  loss : 0.8258 | accuracy : 0.5507 | eval_s : 0.3208  ]
[2026-08-17 13:19:28,457][__main__][INFO] - [RANK 0] [ Train | Step: 5500   |  loss : 0.8251 | accuracy : 0.5504 | opt_sps : 68.9080  ]
[2026-08-17 13:19:28,775][__main__][INFO] - [RANK 0] [ Eval  | Step: 5500   |  loss : 0.8310 | accuracy : 0.5524 | eval_s : 0.3163  ]
[2026-08-17 13:19:35,638][__main__][INFO] - [RANK 0] [ Train | Step: 6000   |  loss : 0.8217 | accuracy : 0.5513 | opt_sps : 69.2200  ]
[2026-08-17 13:19:35,956][__main__][INFO] - [RANK 0] [ Eval  | Step: 6000   |  loss : 0.8218 | accuracy : 0.5539 | eval_s : 0.3169  ]
[2026-08-17 13:19:42,842][__main__][INFO] - [RANK 0] [ Train | Step: 6500   |  loss : 0.8119 | accuracy : 0.5592 | opt_sps : 69.4705  ]
[2026-08-17 13:19:43,160][__main__][INFO] - [RANK 0] [ Eval  | Step: 6500   |  loss : 0.8041 | accuracy : 0.5630 | eval_s : 0.3171  ]
[2026-08-17 13:19:50,105][__main__][INFO] - [RANK 0] [ Train | Step: 7000   |  loss : 0.7925 | accuracy : 0.5707 | opt_sps : 69.6461  ]
[2026-08-17 13:19:50,422][__main__][INFO] - [RANK 0] [ Eval  | Step: 7000   |  loss : 0.7789 | accuracy : 0.5760 | eval_s : 0.3167  ]
[2026-08-17 13:19:57,318][__main__][INFO] - [RANK 0] [ Train | Step: 7500   |  loss : 0.7765 | accuracy : 0.5815 | opt_sps : 69.8311  ]
[2026-08-17 13:19:57,635][__main__][INFO] - [RANK 0] [ Eval  | Step: 7500   |  loss : 0.7532 | accuracy : 0.5947 | eval_s : 0.3161  ]
[2026-08-17 13:20:04,462][__main__][INFO] - [RANK 0] [ Train | Step: 8000   |  loss : 0.7533 | accuracy : 0.5935 | opt_sps : 70.0352  ]
[2026-08-17 13:20:04,780][__main__][INFO] - [RANK 0] [ Eval  | Step: 8000   |  loss : 0.7183 | accuracy : 0.6128 | eval_s : 0.3169  ]
[2026-08-17 13:20:11,718][__main__][INFO] - [RANK 0] [ Train | Step: 8500   |  loss : 0.7320 | accuracy : 0.6046 | opt_sps : 70.1521  ]
[2026-08-17 13:20:12,035][__main__][INFO] - [RANK 0] [ Eval  | Step: 8500   |  loss : 0.7427 | accuracy : 0.6020 | eval_s : 0.3162  ]
[2026-08-17 13:20:18,908][__main__][INFO] - [RANK 0] [ Train | Step: 9000   |  loss : 0.7187 | accuracy : 0.6116 | opt_sps : 70.2913  ]
[2026-08-17 13:20:19,226][__main__][INFO] - [RANK 0] [ Eval  | Step: 9000   |  loss : 0.6883 | accuracy : 0.6290 | eval_s : 0.3168  ]
[2026-08-17 13:20:26,180][__main__][INFO] - [RANK 0] [ Train | Step: 9500   |  loss : 0.7028 | accuracy : 0.6217 | opt_sps : 70.3747  ]
[2026-08-17 13:20:26,497][__main__][INFO] - [RANK 0] [ Eval  | Step: 9500   |  loss : 0.7200 | accuracy : 0.6127 | eval_s : 0.3157  ]
[2026-08-17 13:20:33,395][__main__][INFO] - [RANK 0] [ Train | Step: 10000  |  loss : 0.6991 | accuracy : 0.6253 | opt_sps : 70.4768  ]
[2026-08-17 13:20:33,715][__main__][INFO] - [RANK 0] [ Eval  | Step: 10000  |  loss : 0.6908 | accuracy : 0.6258 | eval_s : 0.3184  ]
[2026-08-17 13:20:40,846][__main__][INFO] - [RANK 0] [ Train | Step: 10500  |  loss : 0.6920 | accuracy : 0.6265 | opt_sps : 70.4595  ]
[2026-08-17 13:20:41,173][__main__][INFO] - [RANK 0] [ Eval  | Step: 10500  |  loss : 0.6581 | accuracy : 0.6400 | eval_s : 0.3257  ]
[2026-08-17 13:20:48,494][__main__][INFO] - [RANK 0] [ Train | Step: 11000  |  loss : 0.6930 | accuracy : 0.6286 | opt_sps : 70.3589  ]
[2026-08-17 13:20:48,816][__main__][INFO] - [RANK 0] [ Eval  | Step: 11000  |  loss : 0.6814 | accuracy : 0.6303 | eval_s : 0.3218  ]
[2026-08-17 13:20:56,494][__main__][INFO] - [RANK 0] [ Train | Step: 11500  |  loss : 0.6805 | accuracy : 0.6326 | opt_sps : 70.1139  ]
[2026-08-17 13:20:56,819][__main__][INFO] - [RANK 0] [ Eval  | Step: 11500  |  loss : 0.6856 | accuracy : 0.6299 | eval_s : 0.3238  ]
[2026-08-17 13:21:04,660][__main__][INFO] - [RANK 0] [ Train | Step: 12000  |  loss : 0.6740 | accuracy : 0.6339 | opt_sps : 69.8245  ]
[2026-08-17 13:21:04,988][__main__][INFO] - [RANK 0] [ Eval  | Step: 12000  |  loss : 0.6537 | accuracy : 0.6447 | eval_s : 0.3273  ]
[2026-08-17 13:21:12,873][__main__][INFO] - [RANK 0] [ Train | Step: 12500  |  loss : 0.6720 | accuracy : 0.6354 | opt_sps : 69.5435  ]
[2026-08-17 13:21:13,191][__main__][INFO] - [RANK 0] [ Eval  | Step: 12500  |  loss : 0.6430 | accuracy : 0.6450 | eval_s : 0.3171  ]
[2026-08-17 13:21:20,792][__main__][INFO] - [RANK 0] [ Train | Step: 13000  |  loss : 0.6735 | accuracy : 0.6347 | opt_sps : 69.3915  ]
[2026-08-17 13:21:21,131][__main__][INFO] - [RANK 0] [ Eval  | Step: 13000  |  loss : 0.6322 | accuracy : 0.6520 | eval_s : 0.3385  ]
[2026-08-17 13:21:29,301][__main__][INFO] - [RANK 0] [ Train | Step: 13500  |  loss : 0.6551 | accuracy : 0.6412 | opt_sps : 69.0498  ]
[2026-08-17 13:21:29,630][__main__][INFO] - [RANK 0] [ Eval  | Step: 13500  |  loss : 0.6502 | accuracy : 0.6427 | eval_s : 0.3280  ]
[2026-08-17 13:21:36,810][__main__][INFO] - [RANK 0] [ Train | Step: 14000  |  loss : 0.6462 | accuracy : 0.6446 | opt_sps : 69.0707  ]
[2026-08-17 13:21:37,128][__main__][INFO] - [RANK 0] [ Eval  | Step: 14000  |  loss : 0.6781 | accuracy : 0.6344 | eval_s : 0.3175  ]
[2026-08-17 13:21:44,684][__main__][INFO] - [RANK 0] [ Train | Step: 14500  |  loss : 0.6616 | accuracy : 0.6433 | opt_sps : 68.9668  ]
[2026-08-17 13:21:45,000][__main__][INFO] - [RANK 0] [ Eval  | Step: 14500  |  loss : 0.6417 | accuracy : 0.6456 | eval_s : 0.3158  ]
[2026-08-17 13:21:52,274][__main__][INFO] - [RANK 0] [ Train | Step: 15000  |  loss : 0.6430 | accuracy : 0.6472 | opt_sps : 68.9595  ]
[2026-08-17 13:21:52,600][__main__][INFO] - [RANK 0] [ Eval  | Step: 15000  |  loss : 0.6487 | accuracy : 0.6435 | eval_s : 0.3254  ]
[2026-08-17 13:22:00,566][__main__][INFO] - [RANK 0] [ Train | Step: 15500  |  loss : 0.6487 | accuracy : 0.6451 | opt_sps : 68.7407  ]
[2026-08-17 13:22:00,896][__main__][INFO] - [RANK 0] [ Eval  | Step: 15500  |  loss : 0.6426 | accuracy : 0.6491 | eval_s : 0.3289  ]
[2026-08-17 13:22:08,521][__main__][INFO] - [RANK 0] [ Train | Step: 16000  |  loss : 0.6600 | accuracy : 0.6412 | opt_sps : 68.6369  ]
[2026-08-17 13:22:08,839][__main__][INFO] - [RANK 0] [ Eval  | Step: 16000  |  loss : 0.6566 | accuracy : 0.6335 | eval_s : 0.3171  ]
[2026-08-17 13:22:15,902][__main__][INFO] - [RANK 0] [ Train | Step: 16500  |  loss : 0.6503 | accuracy : 0.6481 | opt_sps : 68.7004  ]
[2026-08-17 13:22:16,220][__main__][INFO] - [RANK 0] [ Eval  | Step: 16500  |  loss : 0.6236 | accuracy : 0.6559 | eval_s : 0.3173  ]
[2026-08-17 13:22:24,079][__main__][INFO] - [RANK 0] [ Train | Step: 17000  |  loss : 0.6409 | accuracy : 0.6489 | opt_sps : 68.5400  ]
[2026-08-17 13:22:24,405][__main__][INFO] - [RANK 0] [ Eval  | Step: 17000  |  loss : 0.6308 | accuracy : 0.6538 | eval_s : 0.3249  ]
[2026-08-17 13:22:31,573][__main__][INFO] - [RANK 0] [ Train | Step: 17500  |  loss : 0.6338 | accuracy : 0.6513 | opt_sps : 68.5740  ]
[2026-08-17 13:22:31,897][__main__][INFO] - [RANK 0] [ Eval  | Step: 17500  |  loss : 0.6205 | accuracy : 0.6533 | eval_s : 0.3227  ]
[2026-08-17 13:22:38,957][__main__][INFO] - [RANK 0] [ Train | Step: 18000  |  loss : 0.6313 | accuracy : 0.6506 | opt_sps : 68.6348  ]
[2026-08-17 13:22:39,275][__main__][INFO] - [RANK 0] [ Eval  | Step: 18000  |  loss : 0.6857 | accuracy : 0.6330 | eval_s : 0.3164  ]
[2026-08-17 13:22:46,494][__main__][INFO] - [RANK 0] [ Train | Step: 18500  |  loss : 0.6354 | accuracy : 0.6523 | opt_sps : 68.6515  ]
[2026-08-17 13:22:46,818][__main__][INFO] - [RANK 0] [ Eval  | Step: 18500  |  loss : 0.6228 | accuracy : 0.6539 | eval_s : 0.3235  ]
[2026-08-17 13:22:54,144][__main__][INFO] - [RANK 0] [ Train | Step: 19000  |  loss : 0.6341 | accuracy : 0.6536 | opt_sps : 68.6409  ]
[2026-08-17 13:22:54,465][__main__][INFO] - [RANK 0] [ Eval  | Step: 19000  |  loss : 0.6332 | accuracy : 0.6553 | eval_s : 0.3203  ]
[2026-08-17 13:23:01,639][__main__][INFO] - [RANK 0] [ Train | Step: 19500  |  loss : 0.6284 | accuracy : 0.6549 | opt_sps : 68.6675  ]
[2026-08-17 13:23:01,957][__main__][INFO] - [RANK 0] [ Eval  | Step: 19500  |  loss : 0.6234 | accuracy : 0.6581 | eval_s : 0.3168  ]
[2026-08-17 13:23:08,861][__main__][INFO] - [RANK 0] [ Train | Step: 20000  |  loss : 0.6316 | accuracy : 0.6549 | opt_sps : 68.7566  ]
[2026-08-17 13:23:09,179][__main__][INFO] - [RANK 0] [ Eval  | Step: 20000  |  loss : 0.6278 | accuracy : 0.6506 | eval_s : 0.3173  ]
[2026-08-17 13:23:16,567][__main__][INFO] - [RANK 0] [ Train | Step: 20500  |  loss : 0.6396 | accuracy : 0.6506 | opt_sps : 68.7302  ]
[2026-08-17 13:23:16,895][__main__][INFO] - [RANK 0] [ Eval  | Step: 20500  |  loss : 0.6212 | accuracy : 0.6553 | eval_s : 0.3277  ]
[2026-08-17 13:23:24,207][__main__][INFO] - [RANK 0] [ Train | Step: 21000  |  loss : 0.6319 | accuracy : 0.6527 | opt_sps : 68.7217  ]
[2026-08-17 13:23:24,526][__main__][INFO] - [RANK 0] [ Eval  | Step: 21000  |  loss : 0.6539 | accuracy : 0.6406 | eval_s : 0.3174  ]
[2026-08-17 13:23:31,545][__main__][INFO] - [RANK 0] [ Train | Step: 21500  |  loss : 0.6208 | accuracy : 0.6579 | opt_sps : 68.7781  ]
[2026-08-17 13:23:31,870][__main__][INFO] - [RANK 0] [ Eval  | Step: 21500  |  loss : 0.6205 | accuracy : 0.6551 | eval_s : 0.3245  ]
[2026-08-17 13:23:39,354][__main__][INFO] - [RANK 0] [ Train | Step: 22000  |  loss : 0.6295 | accuracy : 0.6534 | opt_sps : 68.7324  ]
[2026-08-17 13:23:39,673][__main__][INFO] - [RANK 0] [ Eval  | Step: 22000  |  loss : 0.6347 | accuracy : 0.6503 | eval_s : 0.3178  ]
[2026-08-17 13:23:46,529][__main__][INFO] - [RANK 0] [ Train | Step: 22500  |  loss : 0.6322 | accuracy : 0.6571 | opt_sps : 68.8204  ]
[2026-08-17 13:23:46,846][__main__][INFO] - [RANK 0] [ Eval  | Step: 22500  |  loss : 0.6164 | accuracy : 0.6562 | eval_s : 0.3165  ]
[2026-08-17 13:23:53,924][__main__][INFO] - [RANK 0] [ Train | Step: 23000  |  loss : 0.6290 | accuracy : 0.6534 | opt_sps : 68.8592  ]
[2026-08-17 13:23:54,242][__main__][INFO] - [RANK 0] [ Eval  | Step: 23000  |  loss : 0.6282 | accuracy : 0.6498 | eval_s : 0.3169  ]
[2026-08-17 13:24:01,450][__main__][INFO] - [RANK 0] [ Train | Step: 23500  |  loss : 0.6231 | accuracy : 0.6549 | opt_sps : 68.8700  ]
[2026-08-17 13:24:01,778][__main__][INFO] - [RANK 0] [ Eval  | Step: 23500  |  loss : 0.6156 | accuracy : 0.6564 | eval_s : 0.3267  ]
[2026-08-17 13:24:09,002][__main__][INFO] - [RANK 0] [ Train | Step: 24000  |  loss : 0.6223 | accuracy : 0.6565 | opt_sps : 68.8774  ]
[2026-08-17 13:24:09,326][__main__][INFO] - [RANK 0] [ Eval  | Step: 24000  |  loss : 0.6215 | accuracy : 0.6549 | eval_s : 0.3232  ]
[2026-08-17 13:24:16,728][__main__][INFO] - [RANK 0] [ Train | Step: 24500  |  loss : 0.6243 | accuracy : 0.6572 | opt_sps : 68.8497  ]
[2026-08-17 13:24:17,046][__main__][INFO] - [RANK 0] [ Eval  | Step: 24500  |  loss : 0.6168 | accuracy : 0.6577 | eval_s : 0.3166  ]
[2026-08-17 13:24:24,354][__main__][INFO] - [RANK 0] [ Train | Step: 25000  |  loss : 0.6215 | accuracy : 0.6576 | opt_sps : 68.8408  ]
[2026-08-17 13:24:24,673][__main__][INFO] - [RANK 0] [ Eval  | Step: 25000  |  loss : 0.6358 | accuracy : 0.6523 | eval_s : 0.3174  ]
[2026-08-17 13:24:31,626][__main__][INFO] - [RANK 0] [ Train | Step: 25500  |  loss : 0.6209 | accuracy : 0.6599 | opt_sps : 68.8986  ]
[2026-08-17 13:24:31,943][__main__][INFO] - [RANK 0] [ Eval  | Step: 25500  |  loss : 0.6281 | accuracy : 0.6520 | eval_s : 0.3160  ]
[2026-08-17 13:24:38,857][__main__][INFO] - [RANK 0] [ Train | Step: 26000  |  loss : 0.6184 | accuracy : 0.6589 | opt_sps : 68.9612  ]
[2026-08-17 13:24:39,173][__main__][INFO] - [RANK 0] [ Eval  | Step: 26000  |  loss : 0.6194 | accuracy : 0.6558 | eval_s : 0.3155  ]
[2026-08-17 13:24:46,118][__main__][INFO] - [RANK 0] [ Train | Step: 26500  |  loss : 0.6187 | accuracy : 0.6596 | opt_sps : 69.0161  ]
[2026-08-17 13:24:46,436][__main__][INFO] - [RANK 0] [ Eval  | Step: 26500  |  loss : 0.6133 | accuracy : 0.6588 | eval_s : 0.3167  ]
[2026-08-17 13:24:53,320][__main__][INFO] - [RANK 0] [ Train | Step: 27000  |  loss : 0.6191 | accuracy : 0.6592 | opt_sps : 69.0798  ]
[2026-08-17 13:24:53,637][__main__][INFO] - [RANK 0] [ Eval  | Step: 27000  |  loss : 0.6154 | accuracy : 0.6524 | eval_s : 0.3162  ]
[2026-08-17 13:25:00,729][__main__][INFO] - [RANK 0] [ Train | Step: 27500  |  loss : 0.6128 | accuracy : 0.6626 | opt_sps : 69.1055  ]
[2026-08-17 13:25:01,046][__main__][INFO] - [RANK 0] [ Eval  | Step: 27500  |  loss : 0.6566 | accuracy : 0.6450 | eval_s : 0.3167  ]
[2026-08-17 13:25:09,059][__main__][INFO] - [RANK 0] [ Train | Step: 28000  |  loss : 0.6164 | accuracy : 0.6603 | opt_sps : 68.9731  ]
[2026-08-17 13:25:09,386][__main__][INFO] - [RANK 0] [ Eval  | Step: 28000  |  loss : 0.6139 | accuracy : 0.6577 | eval_s : 0.3260  ]
[2026-08-17 13:25:16,494][__main__][INFO] - [RANK 0] [ Train | Step: 28500  |  loss : 0.6144 | accuracy : 0.6590 | opt_sps : 68.9967  ]
[2026-08-17 13:25:16,811][__main__][INFO] - [RANK 0] [ Eval  | Step: 28500  |  loss : 0.6175 | accuracy : 0.6554 | eval_s : 0.3161  ]
[2026-08-17 13:25:23,890][__main__][INFO] - [RANK 0] [ Train | Step: 29000  |  loss : 0.6121 | accuracy : 0.6592 | opt_sps : 69.0242  ]
[2026-08-17 13:25:24,211][__main__][INFO] - [RANK 0] [ Eval  | Step: 29000  |  loss : 0.6152 | accuracy : 0.6575 | eval_s : 0.3192  ]
[2026-08-17 13:25:31,184][__main__][INFO] - [RANK 0] [ Train | Step: 29500  |  loss : 0.6153 | accuracy : 0.6595 | opt_sps : 69.0679  ]
[2026-08-17 13:25:31,502][__main__][INFO] - [RANK 0] [ Eval  | Step: 29500  |  loss : 0.6439 | accuracy : 0.6503 | eval_s : 0.3171  ]
[2026-08-17 13:25:38,560][__main__][INFO] - [RANK 0] [ Train | Step: 30000  |  loss : 0.6125 | accuracy : 0.6620 | opt_sps : 69.0968  ]
[2026-08-17 13:25:38,878][__main__][INFO] - [RANK 0] [ Eval  | Step: 30000  |  loss : 0.6461 | accuracy : 0.6466 | eval_s : 0.3171  ]
[2026-08-17 13:25:45,935][__main__][INFO] - [RANK 0] [ Train | Step: 30500  |  loss : 0.6140 | accuracy : 0.6617 | opt_sps : 69.1249  ]
[2026-08-17 13:25:46,254][__main__][INFO] - [RANK 0] [ Eval  | Step: 30500  |  loss : 0.6191 | accuracy : 0.6570 | eval_s : 0.3184  ]
[2026-08-17 13:25:53,232][__main__][INFO] - [RANK 0] [ Train | Step: 31000  |  loss : 0.6155 | accuracy : 0.6633 | opt_sps : 69.1644  ]
[2026-08-17 13:25:53,552][__main__][INFO] - [RANK 0] [ Eval  | Step: 31000  |  loss : 0.6177 | accuracy : 0.6629 | eval_s : 0.3193  ]
[2026-08-17 13:26:00,620][__main__][INFO] - [RANK 0] [ Train | Step: 31500  |  loss : 0.6117 | accuracy : 0.6640 | opt_sps : 69.1888  ]
[2026-08-17 13:26:00,941][__main__][INFO] - [RANK 0] [ Eval  | Step: 31500  |  loss : 0.6123 | accuracy : 0.6620 | eval_s : 0.3195  ]
[2026-08-17 13:26:08,019][__main__][INFO] - [RANK 0] [ Train | Step: 32000  |  loss : 0.6139 | accuracy : 0.6678 | opt_sps : 69.2111  ]
[2026-08-17 13:26:08,341][__main__][INFO] - [RANK 0] [ Eval  | Step: 32000  |  loss : 0.6324 | accuracy : 0.6579 | eval_s : 0.3205  ]
[2026-08-17 13:26:15,422][__main__][INFO] - [RANK 0] [ Train | Step: 32500  |  loss : 0.6058 | accuracy : 0.6750 | opt_sps : 69.2323  ]
[2026-08-17 13:26:15,742][__main__][INFO] - [RANK 0] [ Eval  | Step: 32500  |  loss : 0.6053 | accuracy : 0.6795 | eval_s : 0.3187  ]
[2026-08-17 13:26:22,714][__main__][INFO] - [RANK 0] [ Train | Step: 33000  |  loss : 0.5789 | accuracy : 0.7034 | opt_sps : 69.2688  ]
[2026-08-17 13:26:23,031][__main__][INFO] - [RANK 0] [ Eval  | Step: 33000  |  loss : 0.5589 | accuracy : 0.7189 | eval_s : 0.3163  ]
[2026-08-17 13:26:30,088][__main__][INFO] - [RANK 0] [ Train | Step: 33500  |  loss : 0.5364 | accuracy : 0.7286 | opt_sps : 69.2920  ]
[2026-08-17 13:26:30,408][__main__][INFO] - [RANK 0] [ Eval  | Step: 33500  |  loss : 0.5258 | accuracy : 0.7362 | eval_s : 0.3192  ]
[2026-08-17 13:26:37,483][__main__][INFO] - [RANK 0] [ Train | Step: 34000  |  loss : 0.5243 | accuracy : 0.7342 | opt_sps : 69.3120  ]
[2026-08-17 13:26:37,801][__main__][INFO] - [RANK 0] [ Eval  | Step: 34000  |  loss : 0.5283 | accuracy : 0.7320 | eval_s : 0.3164  ]
[2026-08-17 13:26:44,938][__main__][INFO] - [RANK 0] [ Train | Step: 34500  |  loss : 0.5155 | accuracy : 0.7409 | opt_sps : 69.3229  ]
[2026-08-17 13:26:45,255][__main__][INFO] - [RANK 0] [ Eval  | Step: 34500  |  loss : 0.6330 | accuracy : 0.7152 | eval_s : 0.3164  ]
[2026-08-17 13:26:52,128][__main__][INFO] - [RANK 0] [ Train | Step: 35000  |  loss : 0.5011 | accuracy : 0.7535 | opt_sps : 69.3695  ]
[2026-08-17 13:26:52,445][__main__][INFO] - [RANK 0] [ Eval  | Step: 35000  |  loss : 0.4891 | accuracy : 0.7601 | eval_s : 0.3162  ]
[2026-08-17 13:26:59,357][__main__][INFO] - [RANK 0] [ Train | Step: 35500  |  loss : 0.4809 | accuracy : 0.7634 | opt_sps : 69.4098  ]
[2026-08-17 13:26:59,673][__main__][INFO] - [RANK 0] [ Eval  | Step: 35500  |  loss : 0.4818 | accuracy : 0.7638 | eval_s : 0.3152  ]
[2026-08-17 13:27:06,509][__main__][INFO] - [RANK 0] [ Train | Step: 36000  |  loss : 0.4771 | accuracy : 0.7642 | opt_sps : 69.4592  ]
[2026-08-17 13:27:06,825][__main__][INFO] - [RANK 0] [ Eval  | Step: 36000  |  loss : 0.4726 | accuracy : 0.7656 | eval_s : 0.3151  ]
[2026-08-17 13:27:13,726][__main__][INFO] - [RANK 0] [ Train | Step: 36500  |  loss : 0.4744 | accuracy : 0.7644 | opt_sps : 69.4986  ]
[2026-08-17 13:27:14,043][__main__][INFO] - [RANK 0] [ Eval  | Step: 36500  |  loss : 0.4720 | accuracy : 0.7668 | eval_s : 0.3156  ]
[2026-08-17 13:27:20,822][__main__][INFO] - [RANK 0] [ Train | Step: 37000  |  loss : 0.4660 | accuracy : 0.7688 | opt_sps : 69.5530  ]
[2026-08-17 13:27:21,138][__main__][INFO] - [RANK 0] [ Eval  | Step: 37000  |  loss : 0.4671 | accuracy : 0.7706 | eval_s : 0.3151  ]
[2026-08-17 13:27:27,978][__main__][INFO] - [RANK 0] [ Train | Step: 37500  |  loss : 0.4638 | accuracy : 0.7684 | opt_sps : 69.5982  ]
[2026-08-17 13:27:28,296][__main__][INFO] - [RANK 0] [ Eval  | Step: 37500  |  loss : 0.4678 | accuracy : 0.7651 | eval_s : 0.3169  ]
[2026-08-17 13:27:35,126][__main__][INFO] - [RANK 0] [ Train | Step: 38000  |  loss : 0.4655 | accuracy : 0.7687 | opt_sps : 69.6433  ]
[2026-08-17 13:27:35,447][__main__][INFO] - [RANK 0] [ Eval  | Step: 38000  |  loss : 0.4636 | accuracy : 0.7707 | eval_s : 0.3195  ]
[2026-08-17 13:27:42,313][__main__][INFO] - [RANK 0] [ Train | Step: 38500  |  loss : 0.4621 | accuracy : 0.7704 | opt_sps : 69.6830  ]
[2026-08-17 13:27:42,632][__main__][INFO] - [RANK 0] [ Eval  | Step: 38500  |  loss : 0.4628 | accuracy : 0.7708 | eval_s : 0.3186  ]
[2026-08-17 13:27:49,492][__main__][INFO] - [RANK 0] [ Train | Step: 39000  |  loss : 0.4625 | accuracy : 0.7709 | opt_sps : 69.7224  ]
[2026-08-17 13:27:49,811][__main__][INFO] - [RANK 0] [ Eval  | Step: 39000  |  loss : 0.4623 | accuracy : 0.7693 | eval_s : 0.3172  ]
[2026-08-17 13:27:56,775][__main__][INFO] - [RANK 0] [ Train | Step: 39500  |  loss : 0.4620 | accuracy : 0.7707 | opt_sps : 69.7480  ]
[2026-08-17 13:27:57,093][__main__][INFO] - [RANK 0] [ Eval  | Step: 39500  |  loss : 0.4639 | accuracy : 0.7694 | eval_s : 0.3168  ]
[2026-08-17 13:28:04,069][__main__][INFO] - [RANK 0] [ Train | Step: 40000  |  loss : 0.4581 | accuracy : 0.7704 | opt_sps : 69.7714  ]
[2026-08-17 13:28:04,386][__main__][INFO] - [RANK 0] [ Eval  | Step: 40000  |  loss : 0.4600 | accuracy : 0.7713 | eval_s : 0.3165  ]
[2026-08-17 13:28:11,297][__main__][INFO] - [RANK 0] [ Train | Step: 40500  |  loss : 0.4634 | accuracy : 0.7697 | opt_sps : 69.8023  ]
[2026-08-17 13:28:11,615][__main__][INFO] - [RANK 0] [ Eval  | Step: 40500  |  loss : 0.4594 | accuracy : 0.7713 | eval_s : 0.3174  ]
[2026-08-17 13:28:18,643][__main__][INFO] - [RANK 0] [ Train | Step: 41000  |  loss : 0.4590 | accuracy : 0.7715 | opt_sps : 69.8185  ]
[2026-08-17 13:28:18,975][__main__][INFO] - [RANK 0] [ Eval  | Step: 41000  |  loss : 0.4589 | accuracy : 0.7720 | eval_s : 0.3312  ]
[2026-08-17 13:28:26,498][__main__][INFO] - [RANK 0] [ Train | Step: 41500  |  loss : 0.4569 | accuracy : 0.7722 | opt_sps : 69.7762  ]
[2026-08-17 13:28:26,821][__main__][INFO] - [RANK 0] [ Eval  | Step: 41500  |  loss : 0.4612 | accuracy : 0.7709 | eval_s : 0.3218  ]
[2026-08-17 13:28:33,716][__main__][INFO] - [RANK 0] [ Train | Step: 42000  |  loss : 0.4558 | accuracy : 0.7722 | opt_sps : 69.8075  ]
[2026-08-17 13:28:34,033][__main__][INFO] - [RANK 0] [ Eval  | Step: 42000  |  loss : 0.4632 | accuracy : 0.7696 | eval_s : 0.3156  ]
[2026-08-17 13:28:40,874][__main__][INFO] - [RANK 0] [ Train | Step: 42500  |  loss : 0.4574 | accuracy : 0.7727 | opt_sps : 69.8444  ]
[2026-08-17 13:28:41,192][__main__][INFO] - [RANK 0] [ Eval  | Step: 42500  |  loss : 0.4641 | accuracy : 0.7643 | eval_s : 0.3165  ]
[2026-08-17 13:28:48,056][__main__][INFO] - [RANK 0] [ Train | Step: 43000  |  loss : 0.4586 | accuracy : 0.7708 | opt_sps : 69.8779  ]
[2026-08-17 13:28:48,373][__main__][INFO] - [RANK 0] [ Eval  | Step: 43000  |  loss : 0.4573 | accuracy : 0.7729 | eval_s : 0.3166  ]
[2026-08-17 13:28:55,195][__main__][INFO] - [RANK 0] [ Train | Step: 43500  |  loss : 0.4572 | accuracy : 0.7723 | opt_sps : 69.9154  ]
[2026-08-17 13:28:55,513][__main__][INFO] - [RANK 0] [ Eval  | Step: 43500  |  loss : 0.4582 | accuracy : 0.7680 | eval_s : 0.3163  ]
[2026-08-17 13:29:02,349][__main__][INFO] - [RANK 0] [ Train | Step: 44000  |  loss : 0.4549 | accuracy : 0.7725 | opt_sps : 69.9504  ]
[2026-08-17 13:29:02,666][__main__][INFO] - [RANK 0] [ Eval  | Step: 44000  |  loss : 0.4584 | accuracy : 0.7716 | eval_s : 0.3166  ]
[2026-08-17 13:29:09,517][__main__][INFO] - [RANK 0] [ Train | Step: 44500  |  loss : 0.4565 | accuracy : 0.7715 | opt_sps : 69.9832  ]
[2026-08-17 13:29:09,834][__main__][INFO] - [RANK 0] [ Eval  | Step: 44500  |  loss : 0.4590 | accuracy : 0.7683 | eval_s : 0.3166  ]
[2026-08-17 13:29:16,792][__main__][INFO] - [RANK 0] [ Train | Step: 45000  |  loss : 0.4561 | accuracy : 0.7726 | opt_sps : 70.0035  ]
[2026-08-17 13:29:17,109][__main__][INFO] - [RANK 0] [ Eval  | Step: 45000  |  loss : 0.4584 | accuracy : 0.7722 | eval_s : 0.3161  ]
[2026-08-17 13:29:24,001][__main__][INFO] - [RANK 0] [ Train | Step: 45500  |  loss : 0.4527 | accuracy : 0.7745 | opt_sps : 70.0305  ]
[2026-08-17 13:29:24,320][__main__][INFO] - [RANK 0] [ Eval  | Step: 45500  |  loss : 0.4600 | accuracy : 0.7712 | eval_s : 0.3179  ]
[2026-08-17 13:29:31,350][__main__][INFO] - [RANK 0] [ Train | Step: 46000  |  loss : 0.4564 | accuracy : 0.7731 | opt_sps : 70.0422  ]
[2026-08-17 13:29:31,678][__main__][INFO] - [RANK 0] [ Eval  | Step: 46000  |  loss : 0.4559 | accuracy : 0.7697 | eval_s : 0.3271  ]
[2026-08-17 13:29:38,770][__main__][INFO] - [RANK 0] [ Train | Step: 46500  |  loss : 0.4560 | accuracy : 0.7714 | opt_sps : 70.0472  ]
[2026-08-17 13:29:39,086][__main__][INFO] - [RANK 0] [ Eval  | Step: 46500  |  loss : 0.4584 | accuracy : 0.7726 | eval_s : 0.3152  ]
[2026-08-17 13:29:46,308][__main__][INFO] - [RANK 0] [ Train | Step: 47000  |  loss : 0.4518 | accuracy : 0.7747 | opt_sps : 70.0385  ]
[2026-08-17 13:29:46,627][__main__][INFO] - [RANK 0] [ Eval  | Step: 47000  |  loss : 0.4621 | accuracy : 0.7693 | eval_s : 0.3181  ]
[2026-08-17 13:29:53,837][__main__][INFO] - [RANK 0] [ Train | Step: 47500  |  loss : 0.4543 | accuracy : 0.7717 | opt_sps : 70.0311  ]
[2026-08-17 13:29:54,159][__main__][INFO] - [RANK 0] [ Eval  | Step: 47500  |  loss : 0.4787 | accuracy : 0.7628 | eval_s : 0.3209  ]
[2026-08-17 13:30:01,315][__main__][INFO] - [RANK 0] [ Train | Step: 48000  |  loss : 0.4527 | accuracy : 0.7746 | opt_sps : 70.0294  ]
[2026-08-17 13:30:01,635][__main__][INFO] - [RANK 0] [ Eval  | Step: 48000  |  loss : 0.4562 | accuracy : 0.7718 | eval_s : 0.3184  ]
[2026-08-17 13:30:08,985][__main__][INFO] - [RANK 0] [ Train | Step: 48500  |  loss : 0.4565 | accuracy : 0.7709 | opt_sps : 70.0081  ]
[2026-08-17 13:30:09,303][__main__][INFO] - [RANK 0] [ Eval  | Step: 48500  |  loss : 0.4568 | accuracy : 0.7723 | eval_s : 0.3170  ]
[2026-08-17 13:30:16,439][__main__][INFO] - [RANK 0] [ Train | Step: 49000  |  loss : 0.4561 | accuracy : 0.7723 | opt_sps : 70.0087  ]
[2026-08-17 13:30:16,762][__main__][INFO] - [RANK 0] [ Eval  | Step: 49000  |  loss : 0.4606 | accuracy : 0.7691 | eval_s : 0.3219  ]
[2026-08-17 13:30:23,863][__main__][INFO] - [RANK 0] [ Train | Step: 49500  |  loss : 0.4508 | accuracy : 0.7748 | opt_sps : 70.0128  ]
[2026-08-17 13:30:24,184][__main__][INFO] - [RANK 0] [ Eval  | Step: 49500  |  loss : 0.4654 | accuracy : 0.7685 | eval_s : 0.3198  ]
[2026-08-17 13:30:31,409][__main__][INFO] - [RANK 0] [ Train | Step: 50000  |  loss : 0.4539 | accuracy : 0.7719 | opt_sps : 70.0045  ]
[2026-08-17 13:30:31,727][__main__][INFO] - [RANK 0] [ Eval  | Step: 50000  |  loss : 0.4573 | accuracy : 0.7694 | eval_s : 0.3164  ]
[2026-08-17 13:30:38,901][__main__][INFO] - [RANK 0] [ Train | Step: 50500  |  loss : 0.4501 | accuracy : 0.7761 | opt_sps : 70.0014  ]
[2026-08-17 13:30:39,231][__main__][INFO] - [RANK 0] [ Eval  | Step: 50500  |  loss : 0.4555 | accuracy : 0.7711 | eval_s : 0.3287  ]
[2026-08-17 13:30:46,387][__main__][INFO] - [RANK 0] [ Train | Step: 51000  |  loss : 0.4523 | accuracy : 0.7747 | opt_sps : 70.0003  ]
[2026-08-17 13:30:46,704][__main__][INFO] - [RANK 0] [ Eval  | Step: 51000  |  loss : 0.4564 | accuracy : 0.7732 | eval_s : 0.3164  ]
[2026-08-17 13:30:53,819][__main__][INFO] - [RANK 0] [ Train | Step: 51500  |  loss : 0.4512 | accuracy : 0.7763 | opt_sps : 70.0029  ]
[2026-08-17 13:30:54,141][__main__][INFO] - [RANK 0] [ Eval  | Step: 51500  |  loss : 0.4585 | accuracy : 0.7703 | eval_s : 0.3208  ]
[2026-08-17 13:31:01,799][__main__][INFO] - [RANK 0] [ Train | Step: 52000  |  loss : 0.4528 | accuracy : 0.7737 | opt_sps : 69.9543  ]
[2026-08-17 13:31:02,124][__main__][INFO] - [RANK 0] [ Eval  | Step: 52000  |  loss : 0.4598 | accuracy : 0.7695 | eval_s : 0.3233  ]
[2026-08-17 13:31:09,821][__main__][INFO] - [RANK 0] [ Train | Step: 52500  |  loss : 0.4515 | accuracy : 0.7744 | opt_sps : 69.9031  ]
[2026-08-17 13:31:10,141][__main__][INFO] - [RANK 0] [ Eval  | Step: 52500  |  loss : 0.4632 | accuracy : 0.7718 | eval_s : 0.3193  ]
[2026-08-17 13:31:17,191][__main__][INFO] - [RANK 0] [ Train | Step: 53000  |  loss : 0.4504 | accuracy : 0.7749 | opt_sps : 69.9126  ]
[2026-08-17 13:31:17,508][__main__][INFO] - [RANK 0] [ Eval  | Step: 53000  |  loss : 0.4615 | accuracy : 0.7685 | eval_s : 0.3161  ]
[2026-08-17 13:31:24,669][__main__][INFO] - [RANK 0] [ Train | Step: 53500  |  loss : 0.4531 | accuracy : 0.7733 | opt_sps : 69.9117  ]
[2026-08-17 13:31:24,987][__main__][INFO] - [RANK 0] [ Eval  | Step: 53500  |  loss : 0.4580 | accuracy : 0.7725 | eval_s : 0.3170  ]
[2026-08-17 13:31:32,128][__main__][INFO] - [RANK 0] [ Train | Step: 54000  |  loss : 0.4530 | accuracy : 0.7735 | opt_sps : 69.9127  ]
[2026-08-17 13:31:32,452][__main__][INFO] - [RANK 0] [ Eval  | Step: 54000  |  loss : 0.4558 | accuracy : 0.7697 | eval_s : 0.3231  ]
[2026-08-17 13:31:39,851][__main__][INFO] - [RANK 0] [ Train | Step: 54500  |  loss : 0.4524 | accuracy : 0.7718 | opt_sps : 69.8906  ]
[2026-08-17 13:31:40,181][__main__][INFO] - [RANK 0] [ Eval  | Step: 54500  |  loss : 0.4567 | accuracy : 0.7728 | eval_s : 0.3295  ]
[2026-08-17 13:31:47,227][__main__][INFO] - [RANK 0] [ Train | Step: 55000  |  loss : 0.4519 | accuracy : 0.7725 | opt_sps : 69.9002  ]
[2026-08-17 13:31:47,543][__main__][INFO] - [RANK 0] [ Eval  | Step: 55000  |  loss : 0.4569 | accuracy : 0.7717 | eval_s : 0.3155  ]
[2026-08-17 13:31:54,877][__main__][INFO] - [RANK 0] [ Train | Step: 55500  |  loss : 0.4523 | accuracy : 0.7741 | opt_sps : 69.8843  ]
[2026-08-17 13:31:55,206][__main__][INFO] - [RANK 0] [ Eval  | Step: 55500  |  loss : 0.4574 | accuracy : 0.7708 | eval_s : 0.3275  ]
[2026-08-17 13:32:02,756][__main__][INFO] - [RANK 0] [ Train | Step: 56000  |  loss : 0.4525 | accuracy : 0.7744 | opt_sps : 69.8498  ]
[2026-08-17 13:32:03,074][__main__][INFO] - [RANK 0] [ Eval  | Step: 56000  |  loss : 0.4562 | accuracy : 0.7712 | eval_s : 0.3170  ]
[2026-08-17 13:32:10,395][__main__][INFO] - [RANK 0] [ Train | Step: 56500  |  loss : 0.4521 | accuracy : 0.7739 | opt_sps : 69.8357  ]
[2026-08-17 13:32:10,714][__main__][INFO] - [RANK 0] [ Eval  | Step: 56500  |  loss : 0.4568 | accuracy : 0.7726 | eval_s : 0.3176  ]
[2026-08-17 13:32:17,728][__main__][INFO] - [RANK 0] [ Train | Step: 57000  |  loss : 0.4520 | accuracy : 0.7736 | opt_sps : 69.8482  ]
[2026-08-17 13:32:18,052][__main__][INFO] - [RANK 0] [ Eval  | Step: 57000  |  loss : 0.4543 | accuracy : 0.7719 | eval_s : 0.3231  ]
[2026-08-17 13:32:25,019][__main__][INFO] - [RANK 0] [ Train | Step: 57500  |  loss : 0.4470 | accuracy : 0.7770 | opt_sps : 69.8645  ]
[2026-08-17 13:32:25,337][__main__][INFO] - [RANK 0] [ Eval  | Step: 57500  |  loss : 0.4610 | accuracy : 0.7688 | eval_s : 0.3171  ]
[2026-08-17 13:32:32,287][__main__][INFO] - [RANK 0] [ Train | Step: 58000  |  loss : 0.4493 | accuracy : 0.7770 | opt_sps : 69.8819  ]
[2026-08-17 13:32:32,613][__main__][INFO] - [RANK 0] [ Eval  | Step: 58000  |  loss : 0.4604 | accuracy : 0.7681 | eval_s : 0.3243  ]
[2026-08-17 13:32:39,926][__main__][INFO] - [RANK 0] [ Train | Step: 58500  |  loss : 0.4512 | accuracy : 0.7749 | opt_sps : 69.8686  ]
[2026-08-17 13:32:40,242][__main__][INFO] - [RANK 0] [ Eval  | Step: 58500  |  loss : 0.4559 | accuracy : 0.7718 | eval_s : 0.3154  ]
[2026-08-17 13:32:47,279][__main__][INFO] - [RANK 0] [ Train | Step: 59000  |  loss : 0.4514 | accuracy : 0.7741 | opt_sps : 69.8786  ]
[2026-08-17 13:32:47,597][__main__][INFO] - [RANK 0] [ Eval  | Step: 59000  |  loss : 0.4548 | accuracy : 0.7725 | eval_s : 0.3172  ]
[2026-08-17 13:32:54,681][__main__][INFO] - [RANK 0] [ Train | Step: 59500  |  loss : 0.4499 | accuracy : 0.7751 | opt_sps : 69.8844  ]
[2026-08-17 13:32:54,997][__main__][INFO] - [RANK 0] [ Eval  | Step: 59500  |  loss : 0.4567 | accuracy : 0.7712 | eval_s : 0.3154  ]
[2026-08-17 13:33:02,244][__main__][INFO] - [RANK 0] [ Train | Step: 60000  |  loss : 0.4514 | accuracy : 0.7737 | opt_sps : 69.8769  ]
[2026-08-17 13:33:02,567][__main__][INFO] - [RANK 0] [ Eval  | Step: 60000  |  loss : 0.4547 | accuracy : 0.7726 | eval_s : 0.3219  ]
[2026-08-17 13:33:09,559][__main__][INFO] - [RANK 0] [ Train | Step: 60500  |  loss : 0.4540 | accuracy : 0.7731 | opt_sps : 69.8902  ]
[2026-08-17 13:33:09,875][__main__][INFO] - [RANK 0] [ Eval  | Step: 60500  |  loss : 0.4549 | accuracy : 0.7720 | eval_s : 0.3153  ]
[2026-08-17 13:33:16,735][__main__][INFO] - [RANK 0] [ Train | Step: 61000  |  loss : 0.4498 | accuracy : 0.7743 | opt_sps : 69.9137  ]
[2026-08-17 13:33:17,051][__main__][INFO] - [RANK 0] [ Eval  | Step: 61000  |  loss : 0.4573 | accuracy : 0.7721 | eval_s : 0.3152  ]
[2026-08-17 13:33:23,822][__main__][INFO] - [RANK 0] [ Train | Step: 61500  |  loss : 0.4473 | accuracy : 0.7783 | opt_sps : 69.9440  ]
[2026-08-17 13:33:24,138][__main__][INFO] - [RANK 0] [ Eval  | Step: 61500  |  loss : 0.4553 | accuracy : 0.7699 | eval_s : 0.3152  ]
[2026-08-17 13:33:31,078][__main__][INFO] - [RANK 0] [ Train | Step: 62000  |  loss : 0.4510 | accuracy : 0.7745 | opt_sps : 69.9604  ]
[2026-08-17 13:33:31,394][__main__][INFO] - [RANK 0] [ Eval  | Step: 62000  |  loss : 0.4550 | accuracy : 0.7695 | eval_s : 0.3152  ]
[2026-08-17 13:33:38,275][__main__][INFO] - [RANK 0] [ Train | Step: 62500  |  loss : 0.4512 | accuracy : 0.7738 | opt_sps : 69.9813  ]
[2026-08-17 13:33:38,591][__main__][INFO] - [RANK 0] [ Eval  | Step: 62500  |  loss : 0.4576 | accuracy : 0.7719 | eval_s : 0.3149  ]
[2026-08-17 13:33:45,489][__main__][INFO] - [RANK 0] [ Train | Step: 63000  |  loss : 0.4451 | accuracy : 0.7770 | opt_sps : 70.0005  ]
[2026-08-17 13:33:45,806][__main__][INFO] - [RANK 0] [ Eval  | Step: 63000  |  loss : 0.4549 | accuracy : 0.7726 | eval_s : 0.3170  ]
[2026-08-17 13:33:52,695][__main__][INFO] - [RANK 0] [ Train | Step: 63500  |  loss : 0.4488 | accuracy : 0.7752 | opt_sps : 70.0201  ]
[2026-08-17 13:33:53,013][__main__][INFO] - [RANK 0] [ Eval  | Step: 63500  |  loss : 0.4569 | accuracy : 0.7703 | eval_s : 0.3171  ]
[2026-08-17 13:33:59,802][__main__][INFO] - [RANK 0] [ Train | Step: 64000  |  loss : 0.4483 | accuracy : 0.7761 | opt_sps : 70.0470  ]
[2026-08-17 13:34:00,120][__main__][INFO] - [RANK 0] [ Eval  | Step: 64000  |  loss : 0.4588 | accuracy : 0.7708 | eval_s : 0.3169  ]
[2026-08-17 13:34:07,099][__main__][INFO] - [RANK 0] [ Train | Step: 64500  |  loss : 0.4526 | accuracy : 0.7742 | opt_sps : 70.0591  ]
[2026-08-17 13:34:07,420][__main__][INFO] - [RANK 0] [ Eval  | Step: 64500  |  loss : 0.4610 | accuracy : 0.7671 | eval_s : 0.3200  ]
[2026-08-17 13:34:14,376][__main__][INFO] - [RANK 0] [ Train | Step: 65000  |  loss : 0.4487 | accuracy : 0.7757 | opt_sps : 70.0728  ]
[2026-08-17 13:34:14,692][__main__][INFO] - [RANK 0] [ Eval  | Step: 65000  |  loss : 0.4552 | accuracy : 0.7715 | eval_s : 0.3156  ]
[2026-08-17 13:34:21,494][__main__][INFO] - [RANK 0] [ Train | Step: 65500  |  loss : 0.4510 | accuracy : 0.7736 | opt_sps : 70.0978  ]
[2026-08-17 13:34:21,810][__main__][INFO] - [RANK 0] [ Eval  | Step: 65500  |  loss : 0.4549 | accuracy : 0.7724 | eval_s : 0.3153  ]
[2026-08-17 13:34:28,691][__main__][INFO] - [RANK 0] [ Train | Step: 66000  |  loss : 0.4446 | accuracy : 0.7780 | opt_sps : 70.1166  ]
[2026-08-17 13:34:29,010][__main__][INFO] - [RANK 0] [ Eval  | Step: 66000  |  loss : 0.4569 | accuracy : 0.7715 | eval_s : 0.3180  ]
[2026-08-17 13:34:35,881][__main__][INFO] - [RANK 0] [ Train | Step: 66500  |  loss : 0.4466 | accuracy : 0.7753 | opt_sps : 70.1358  ]
[2026-08-17 13:34:36,199][__main__][INFO] - [RANK 0] [ Eval  | Step: 66500  |  loss : 0.4546 | accuracy : 0.7712 | eval_s : 0.3173  ]
[2026-08-17 13:34:43,234][__main__][INFO] - [RANK 0] [ Train | Step: 67000  |  loss : 0.4508 | accuracy : 0.7746 | opt_sps : 70.1427  ]
[2026-08-17 13:34:43,552][__main__][INFO] - [RANK 0] [ Eval  | Step: 67000  |  loss : 0.4540 | accuracy : 0.7733 | eval_s : 0.3170  ]
[2026-08-17 13:34:50,416][__main__][INFO] - [RANK 0] [ Train | Step: 67500  |  loss : 0.4495 | accuracy : 0.7737 | opt_sps : 70.1621  ]
[2026-08-17 13:34:50,735][__main__][INFO] - [RANK 0] [ Eval  | Step: 67500  |  loss : 0.4546 | accuracy : 0.7719 | eval_s : 0.3181  ]
[2026-08-17 13:34:57,611][__main__][INFO] - [RANK 0] [ Train | Step: 68000  |  loss : 0.4488 | accuracy : 0.7773 | opt_sps : 70.1802  ]
[2026-08-17 13:34:57,929][__main__][INFO] - [RANK 0] [ Eval  | Step: 68000  |  loss : 0.4549 | accuracy : 0.7729 | eval_s : 0.3167  ]
[2026-08-17 13:35:04,784][__main__][INFO] - [RANK 0] [ Train | Step: 68500  |  loss : 0.4481 | accuracy : 0.7753 | opt_sps : 70.1996  ]
[2026-08-17 13:35:05,101][__main__][INFO] - [RANK 0] [ Eval  | Step: 68500  |  loss : 0.4553 | accuracy : 0.7693 | eval_s : 0.3163  ]
[2026-08-17 13:35:12,156][__main__][INFO] - [RANK 0] [ Train | Step: 69000  |  loss : 0.4454 | accuracy : 0.7771 | opt_sps : 70.2044  ]
[2026-08-17 13:35:12,475][__main__][INFO] - [RANK 0] [ Eval  | Step: 69000  |  loss : 0.4587 | accuracy : 0.7725 | eval_s : 0.3175  ]
[2026-08-17 13:35:19,316][__main__][INFO] - [RANK 0] [ Train | Step: 69500  |  loss : 0.4483 | accuracy : 0.7752 | opt_sps : 70.2243  ]
[2026-08-17 13:35:19,634][__main__][INFO] - [RANK 0] [ Eval  | Step: 69500  |  loss : 0.4536 | accuracy : 0.7727 | eval_s : 0.3165  ]
[2026-08-17 13:35:26,445][__main__][INFO] - [RANK 0] [ Train | Step: 70000  |  loss : 0.4464 | accuracy : 0.7763 | opt_sps : 70.2462  ]
[2026-08-17 13:35:26,762][__main__][INFO] - [RANK 0] [ Eval  | Step: 70000  |  loss : 0.4563 | accuracy : 0.7720 | eval_s : 0.3165  ]
[2026-08-17 13:35:33,599][__main__][INFO] - [RANK 0] [ Train | Step: 70500  |  loss : 0.4492 | accuracy : 0.7760 | opt_sps : 70.2659  ]
[2026-08-17 13:35:33,916][__main__][INFO] - [RANK 0] [ Eval  | Step: 70500  |  loss : 0.4547 | accuracy : 0.7722 | eval_s : 0.3165  ]
[2026-08-17 13:35:40,879][__main__][INFO] - [RANK 0] [ Train | Step: 71000  |  loss : 0.4467 | accuracy : 0.7776 | opt_sps : 70.2765  ]
[2026-08-17 13:35:41,195][__main__][INFO] - [RANK 0] [ Eval  | Step: 71000  |  loss : 0.4539 | accuracy : 0.7728 | eval_s : 0.3157  ]
[2026-08-17 13:35:48,416][__main__][INFO] - [RANK 0] [ Train | Step: 71500  |  loss : 0.4530 | accuracy : 0.7725 | opt_sps : 70.2692  ]
[2026-08-17 13:35:48,733][__main__][INFO] - [RANK 0] [ Eval  | Step: 71500  |  loss : 0.4542 | accuracy : 0.7722 | eval_s : 0.3163  ]
[2026-08-17 13:35:55,736][__main__][INFO] - [RANK 0] [ Train | Step: 72000  |  loss : 0.4462 | accuracy : 0.7770 | opt_sps : 70.2769  ]
[2026-08-17 13:35:56,061][__main__][INFO] - [RANK 0] [ Eval  | Step: 72000  |  loss : 0.4545 | accuracy : 0.7729 | eval_s : 0.3235  ]
[2026-08-17 13:36:03,151][__main__][INFO] - [RANK 0] [ Train | Step: 72500  |  loss : 0.4480 | accuracy : 0.7756 | opt_sps : 70.2786  ]
[2026-08-17 13:36:03,472][__main__][INFO] - [RANK 0] [ Eval  | Step: 72500  |  loss : 0.4533 | accuracy : 0.7729 | eval_s : 0.3198  ]
[2026-08-17 13:36:10,984][__main__][INFO] - [RANK 0] [ Train | Step: 73000  |  loss : 0.4446 | accuracy : 0.7792 | opt_sps : 70.2518  ]
[2026-08-17 13:36:11,313][__main__][INFO] - [RANK 0] [ Eval  | Step: 73000  |  loss : 0.4538 | accuracy : 0.7730 | eval_s : 0.3283  ]
[2026-08-17 13:36:18,372][__main__][INFO] - [RANK 0] [ Train | Step: 73500  |  loss : 0.4483 | accuracy : 0.7770 | opt_sps : 70.2557  ]
[2026-08-17 13:36:18,689][__main__][INFO] - [RANK 0] [ Eval  | Step: 73500  |  loss : 0.4543 | accuracy : 0.7717 | eval_s : 0.3161  ]
[2026-08-17 13:36:25,748][__main__][INFO] - [RANK 0] [ Train | Step: 74000  |  loss : 0.4471 | accuracy : 0.7780 | opt_sps : 70.2595  ]
[2026-08-17 13:36:26,070][__main__][INFO] - [RANK 0] [ Eval  | Step: 74000  |  loss : 0.4535 | accuracy : 0.7720 | eval_s : 0.3206  ]
[2026-08-17 13:36:33,026][__main__][INFO] - [RANK 0] [ Train | Step: 74500  |  loss : 0.4473 | accuracy : 0.7757 | opt_sps : 70.2702  ]
[2026-08-17 13:36:33,343][__main__][INFO] - [RANK 0] [ Eval  | Step: 74500  |  loss : 0.4536 | accuracy : 0.7732 | eval_s : 0.3158  ]
[2026-08-17 13:36:40,125][__main__][INFO] - [RANK 0] [ Train | Step: 75000  |  loss : 0.4484 | accuracy : 0.7768 | opt_sps : 70.2921  ]
[2026-08-17 13:36:40,441][__main__][INFO] - [RANK 0] [ Eval  | Step: 75000  |  loss : 0.4531 | accuracy : 0.7716 | eval_s : 0.3151  ]
[2026-08-17 13:36:47,200][__main__][INFO] - [RANK 0] [ Train | Step: 75500  |  loss : 0.4503 | accuracy : 0.7742 | opt_sps : 70.3154  ]
[2026-08-17 13:36:47,516][__main__][INFO] - [RANK 0] [ Eval  | Step: 75500  |  loss : 0.4561 | accuracy : 0.7711 | eval_s : 0.3153  ]
[2026-08-17 13:36:54,314][__main__][INFO] - [RANK 0] [ Train | Step: 76000  |  loss : 0.4446 | accuracy : 0.7777 | opt_sps : 70.3358  ]
[2026-08-17 13:36:54,629][__main__][INFO] - [RANK 0] [ Eval  | Step: 76000  |  loss : 0.4532 | accuracy : 0.7733 | eval_s : 0.3150  ]
[2026-08-17 13:37:01,373][__main__][INFO] - [RANK 0] [ Train | Step: 76500  |  loss : 0.4451 | accuracy : 0.7785 | opt_sps : 70.3594  ]
[2026-08-17 13:37:01,689][__main__][INFO] - [RANK 0] [ Eval  | Step: 76500  |  loss : 0.4535 | accuracy : 0.7731 | eval_s : 0.3151  ]
[2026-08-17 13:37:08,450][__main__][INFO] - [RANK 0] [ Train | Step: 77000  |  loss : 0.4446 | accuracy : 0.7794 | opt_sps : 70.3816  ]
[2026-08-17 13:37:08,767][__main__][INFO] - [RANK 0] [ Eval  | Step: 77000  |  loss : 0.4536 | accuracy : 0.7730 | eval_s : 0.3154  ]
[2026-08-17 13:37:15,659][__main__][INFO] - [RANK 0] [ Train | Step: 77500  |  loss : 0.4457 | accuracy : 0.7784 | opt_sps : 70.3951  ]
[2026-08-17 13:37:15,984][__main__][INFO] - [RANK 0] [ Eval  | Step: 77500  |  loss : 0.4529 | accuracy : 0.7727 | eval_s : 0.3242  ]
[2026-08-17 13:37:23,075][__main__][INFO] - [RANK 0] [ Train | Step: 78000  |  loss : 0.4451 | accuracy : 0.7788 | opt_sps : 70.3959  ]
[2026-08-17 13:37:23,394][__main__][INFO] - [RANK 0] [ Eval  | Step: 78000  |  loss : 0.4541 | accuracy : 0.7738 | eval_s : 0.3182  ]
[2026-08-17 13:37:30,397][__main__][INFO] - [RANK 0] [ Train | Step: 78500  |  loss : 0.4478 | accuracy : 0.7765 | opt_sps : 70.4022  ]
[2026-08-17 13:37:30,714][__main__][INFO] - [RANK 0] [ Eval  | Step: 78500  |  loss : 0.4527 | accuracy : 0.7735 | eval_s : 0.3160  ]
[2026-08-17 13:37:37,645][__main__][INFO] - [RANK 0] [ Train | Step: 79000  |  loss : 0.4482 | accuracy : 0.7775 | opt_sps : 70.4130  ]
[2026-08-17 13:37:37,963][__main__][INFO] - [RANK 0] [ Eval  | Step: 79000  |  loss : 0.4531 | accuracy : 0.7733 | eval_s : 0.3165  ]
[2026-08-17 13:37:45,010][__main__][INFO] - [RANK 0] [ Train | Step: 79500  |  loss : 0.4479 | accuracy : 0.7760 | opt_sps : 70.4163  ]
[2026-08-17 13:37:45,327][__main__][INFO] - [RANK 0] [ Eval  | Step: 79500  |  loss : 0.4529 | accuracy : 0.7744 | eval_s : 0.3160  ]
[2026-08-17 13:37:52,265][__main__][INFO] - [RANK 0] [ Train | Step: 80000  |  loss : 0.4472 | accuracy : 0.7768 | opt_sps : 70.4264  ]
[2026-08-17 13:37:52,582][__main__][INFO] - [RANK 0] [ Eval  | Step: 80000  |  loss : 0.4539 | accuracy : 0.7715 | eval_s : 0.3158  ]
[2026-08-17 13:37:59,543][__main__][INFO] - [RANK 0] [ Train | Step: 80500  |  loss : 0.4457 | accuracy : 0.7783 | opt_sps : 70.4350  ]
[2026-08-17 13:37:59,859][__main__][INFO] - [RANK 0] [ Eval  | Step: 80500  |  loss : 0.4533 | accuracy : 0.7732 | eval_s : 0.3154  ]
[2026-08-17 13:38:07,229][__main__][INFO] - [RANK 0] [ Train | Step: 81000  |  loss : 0.4488 | accuracy : 0.7754 | opt_sps : 70.4184  ]
[2026-08-17 13:38:07,547][__main__][INFO] - [RANK 0] [ Eval  | Step: 81000  |  loss : 0.4530 | accuracy : 0.7729 | eval_s : 0.3170  ]
[2026-08-17 13:38:14,891][__main__][INFO] - [RANK 0] [ Train | Step: 81500  |  loss : 0.4425 | accuracy : 0.7802 | opt_sps : 70.4035  ]
[2026-08-17 13:38:15,213][__main__][INFO] - [RANK 0] [ Eval  | Step: 81500  |  loss : 0.4528 | accuracy : 0.7733 | eval_s : 0.3202  ]
[2026-08-17 13:38:22,491][__main__][INFO] - [RANK 0] [ Train | Step: 82000  |  loss : 0.4462 | accuracy : 0.7792 | opt_sps : 70.3928  ]
[2026-08-17 13:38:22,811][__main__][INFO] - [RANK 0] [ Eval  | Step: 82000  |  loss : 0.4528 | accuracy : 0.7735 | eval_s : 0.3194  ]
[2026-08-17 13:38:29,919][__main__][INFO] - [RANK 0] [ Train | Step: 82500  |  loss : 0.4461 | accuracy : 0.7781 | opt_sps : 70.3926  ]
[2026-08-17 13:38:30,236][__main__][INFO] - [RANK 0] [ Eval  | Step: 82500  |  loss : 0.4528 | accuracy : 0.7746 | eval_s : 0.3161  ]
[2026-08-17 13:38:37,266][__main__][INFO] - [RANK 0] [ Train | Step: 83000  |  loss : 0.4470 | accuracy : 0.7784 | opt_sps : 70.3969  ]
[2026-08-17 13:38:37,587][__main__][INFO] - [RANK 0] [ Eval  | Step: 83000  |  loss : 0.4527 | accuracy : 0.7747 | eval_s : 0.3201  ]
[2026-08-17 13:38:44,655][__main__][INFO] - [RANK 0] [ Train | Step: 83500  |  loss : 0.4478 | accuracy : 0.7779 | opt_sps : 70.3990  ]
[2026-08-17 13:38:44,981][__main__][INFO] - [RANK 0] [ Eval  | Step: 83500  |  loss : 0.4530 | accuracy : 0.7744 | eval_s : 0.3254  ]
[2026-08-17 13:38:51,902][__main__][INFO] - [RANK 0] [ Train | Step: 84000  |  loss : 0.4437 | accuracy : 0.7790 | opt_sps : 70.4098  ]
[2026-08-17 13:38:52,219][__main__][INFO] - [RANK 0] [ Eval  | Step: 84000  |  loss : 0.4525 | accuracy : 0.7735 | eval_s : 0.3167  ]
[2026-08-17 13:38:59,289][__main__][INFO] - [RANK 0] [ Train | Step: 84500  |  loss : 0.4442 | accuracy : 0.7796 | opt_sps : 70.4117  ]
[2026-08-17 13:38:59,608][__main__][INFO] - [RANK 0] [ Eval  | Step: 84500  |  loss : 0.4525 | accuracy : 0.7735 | eval_s : 0.3178  ]
[2026-08-17 13:39:06,731][__main__][INFO] - [RANK 0] [ Train | Step: 85000  |  loss : 0.4464 | accuracy : 0.7781 | opt_sps : 70.4104  ]
[2026-08-17 13:39:07,049][__main__][INFO] - [RANK 0] [ Eval  | Step: 85000  |  loss : 0.4525 | accuracy : 0.7744 | eval_s : 0.3171  ]
[2026-08-17 13:39:14,284][__main__][INFO] - [RANK 0] [ Train | Step: 85500  |  loss : 0.4451 | accuracy : 0.7777 | opt_sps : 70.4026  ]
[2026-08-17 13:39:14,604][__main__][INFO] - [RANK 0] [ Eval  | Step: 85500  |  loss : 0.4526 | accuracy : 0.7747 | eval_s : 0.3188  ]
[2026-08-17 13:39:21,831][__main__][INFO] - [RANK 0] [ Train | Step: 86000  |  loss : 0.4452 | accuracy : 0.7785 | opt_sps : 70.3955  ]
[2026-08-17 13:39:22,148][__main__][INFO] - [RANK 0] [ Eval  | Step: 86000  |  loss : 0.4521 | accuracy : 0.7749 | eval_s : 0.3157  ]
[2026-08-17 13:39:29,243][__main__][INFO] - [RANK 0] [ Train | Step: 86500  |  loss : 0.4450 | accuracy : 0.7787 | opt_sps : 70.3959  ]
[2026-08-17 13:39:29,560][__main__][INFO] - [RANK 0] [ Eval  | Step: 86500  |  loss : 0.4519 | accuracy : 0.7755 | eval_s : 0.3152  ]
[2026-08-17 13:39:36,711][__main__][INFO] - [RANK 0] [ Train | Step: 87000  |  loss : 0.4459 | accuracy : 0.7791 | opt_sps : 70.3932  ]
[2026-08-17 13:39:37,033][__main__][INFO] - [RANK 0] [ Eval  | Step: 87000  |  loss : 0.4523 | accuracy : 0.7743 | eval_s : 0.3207  ]
[2026-08-17 13:39:44,057][__main__][INFO] - [RANK 0] [ Train | Step: 87500  |  loss : 0.4445 | accuracy : 0.7786 | opt_sps : 70.3977  ]
[2026-08-17 13:39:44,383][__main__][INFO] - [RANK 0] [ Eval  | Step: 87500  |  loss : 0.4520 | accuracy : 0.7754 | eval_s : 0.3241  ]
[2026-08-17 13:39:51,442][__main__][INFO] - [RANK 0] [ Train | Step: 88000  |  loss : 0.4455 | accuracy : 0.7779 | opt_sps : 70.4000  ]
[2026-08-17 13:39:51,761][__main__][INFO] - [RANK 0] [ Eval  | Step: 88000  |  loss : 0.4525 | accuracy : 0.7739 | eval_s : 0.3174  ]
[2026-08-17 13:39:58,693][__main__][INFO] - [RANK 0] [ Train | Step: 88500  |  loss : 0.4435 | accuracy : 0.7805 | opt_sps : 70.4096  ]
[2026-08-17 13:39:59,013][__main__][INFO] - [RANK 0] [ Eval  | Step: 88500  |  loss : 0.4526 | accuracy : 0.7751 | eval_s : 0.3189  ]
[2026-08-17 13:40:06,045][__main__][INFO] - [RANK 0] [ Train | Step: 89000  |  loss : 0.4467 | accuracy : 0.7779 | opt_sps : 70.4134  ]
[2026-08-17 13:40:06,363][__main__][INFO] - [RANK 0] [ Eval  | Step: 89000  |  loss : 0.4523 | accuracy : 0.7746 | eval_s : 0.3164  ]
[2026-08-17 13:40:13,328][__main__][INFO] - [RANK 0] [ Train | Step: 89500  |  loss : 0.4441 | accuracy : 0.7794 | opt_sps : 70.4209  ]
[2026-08-17 13:40:13,644][__main__][INFO] - [RANK 0] [ Eval  | Step: 89500  |  loss : 0.4523 | accuracy : 0.7738 | eval_s : 0.3158  ]
[2026-08-17 13:40:20,615][__main__][INFO] - [RANK 0] [ Train | Step: 90000  |  loss : 0.4460 | accuracy : 0.7785 | opt_sps : 70.4281  ]
[2026-08-17 13:40:20,932][__main__][INFO] - [RANK 0] [ Eval  | Step: 90000  |  loss : 0.4520 | accuracy : 0.7749 | eval_s : 0.3159  ]
[2026-08-17 13:40:27,885][__main__][INFO] - [RANK 0] [ Train | Step: 90500  |  loss : 0.4423 | accuracy : 0.7816 | opt_sps : 70.4361  ]
[2026-08-17 13:40:28,203][__main__][INFO] - [RANK 0] [ Eval  | Step: 90500  |  loss : 0.4522 | accuracy : 0.7728 | eval_s : 0.3169  ]
[2026-08-17 13:40:35,209][__main__][INFO] - [RANK 0] [ Train | Step: 91000  |  loss : 0.4426 | accuracy : 0.7814 | opt_sps : 70.4411  ]
[2026-08-17 13:40:35,527][__main__][INFO] - [RANK 0] [ Eval  | Step: 91000  |  loss : 0.4521 | accuracy : 0.7744 | eval_s : 0.3176  ]
[2026-08-17 13:40:42,697][__main__][INFO] - [RANK 0] [ Train | Step: 91500  |  loss : 0.4470 | accuracy : 0.7781 | opt_sps : 70.4372  ]
[2026-08-17 13:40:43,016][__main__][INFO] - [RANK 0] [ Eval  | Step: 91500  |  loss : 0.4521 | accuracy : 0.7743 | eval_s : 0.3174  ]
[2026-08-17 13:40:50,395][__main__][INFO] - [RANK 0] [ Train | Step: 92000  |  loss : 0.4451 | accuracy : 0.7788 | opt_sps : 70.4221  ]
[2026-08-17 13:40:50,715][__main__][INFO] - [RANK 0] [ Eval  | Step: 92000  |  loss : 0.4520 | accuracy : 0.7746 | eval_s : 0.3191  ]
[2026-08-17 13:40:58,151][__main__][INFO] - [RANK 0] [ Train | Step: 92500  |  loss : 0.4463 | accuracy : 0.7790 | opt_sps : 70.4041  ]
[2026-08-17 13:40:58,469][__main__][INFO] - [RANK 0] [ Eval  | Step: 92500  |  loss : 0.4521 | accuracy : 0.7739 | eval_s : 0.3175  ]
[2026-08-17 13:41:05,511][__main__][INFO] - [RANK 0] [ Train | Step: 93000  |  loss : 0.4459 | accuracy : 0.7788 | opt_sps : 70.4073  ]
[2026-08-17 13:41:05,831][__main__][INFO] - [RANK 0] [ Eval  | Step: 93000  |  loss : 0.4520 | accuracy : 0.7757 | eval_s : 0.3191  ]
[2026-08-17 13:41:12,934][__main__][INFO] - [RANK 0] [ Train | Step: 93500  |  loss : 0.4469 | accuracy : 0.7792 | opt_sps : 70.4072  ]
[2026-08-17 13:41:13,256][__main__][INFO] - [RANK 0] [ Eval  | Step: 93500  |  loss : 0.4519 | accuracy : 0.7743 | eval_s : 0.3209  ]
[2026-08-17 13:41:20,367][__main__][INFO] - [RANK 0] [ Train | Step: 94000  |  loss : 0.4454 | accuracy : 0.7793 | opt_sps : 70.4068  ]
[2026-08-17 13:41:20,684][__main__][INFO] - [RANK 0] [ Eval  | Step: 94000  |  loss : 0.4524 | accuracy : 0.7744 | eval_s : 0.3165  ]
[2026-08-17 13:41:27,648][__main__][INFO] - [RANK 0] [ Train | Step: 94500  |  loss : 0.4423 | accuracy : 0.7803 | opt_sps : 70.4140  ]
[2026-08-17 13:41:27,964][__main__][INFO] - [RANK 0] [ Eval  | Step: 94500  |  loss : 0.4519 | accuracy : 0.7737 | eval_s : 0.3156  ]
[2026-08-17 13:41:35,007][__main__][INFO] - [RANK 0] [ Train | Step: 95000  |  loss : 0.4427 | accuracy : 0.7803 | opt_sps : 70.4171  ]
[2026-08-17 13:41:35,325][__main__][INFO] - [RANK 0] [ Eval  | Step: 95000  |  loss : 0.4519 | accuracy : 0.7744 | eval_s : 0.3170  ]
[2026-08-17 13:41:42,361][__main__][INFO] - [RANK 0] [ Train | Step: 95500  |  loss : 0.4440 | accuracy : 0.7801 | opt_sps : 70.4205  ]
[2026-08-17 13:41:42,679][__main__][INFO] - [RANK 0] [ Eval  | Step: 95500  |  loss : 0.4521 | accuracy : 0.7740 | eval_s : 0.3162  ]
[2026-08-17 13:41:49,836][__main__][INFO] - [RANK 0] [ Train | Step: 96000  |  loss : 0.4446 | accuracy : 0.7800 | opt_sps : 70.4175  ]
[2026-08-17 13:41:50,154][__main__][INFO] - [RANK 0] [ Eval  | Step: 96000  |  loss : 0.4518 | accuracy : 0.7741 | eval_s : 0.3162  ]
[2026-08-17 13:41:57,070][__main__][INFO] - [RANK 0] [ Train | Step: 96500  |  loss : 0.4466 | accuracy : 0.7793 | opt_sps : 70.4270  ]
[2026-08-17 13:41:57,388][__main__][INFO] - [RANK 0] [ Eval  | Step: 96500  |  loss : 0.4519 | accuracy : 0.7760 | eval_s : 0.3173  ]
[2026-08-17 13:42:04,391][__main__][INFO] - [RANK 0] [ Train | Step: 97000  |  loss : 0.4433 | accuracy : 0.7797 | opt_sps : 70.4319  ]
[2026-08-17 13:42:04,708][__main__][INFO] - [RANK 0] [ Eval  | Step: 97000  |  loss : 0.4521 | accuracy : 0.7748 | eval_s : 0.3161  ]
[2026-08-17 13:42:11,703][__main__][INFO] - [RANK 0] [ Train | Step: 97500  |  loss : 0.4407 | accuracy : 0.7821 | opt_sps : 70.4372  ]
[2026-08-17 13:42:12,021][__main__][INFO] - [RANK 0] [ Eval  | Step: 97500  |  loss : 0.4522 | accuracy : 0.7751 | eval_s : 0.3175  ]
[2026-08-17 13:42:18,961][__main__][INFO] - [RANK 0] [ Train | Step: 98000  |  loss : 0.4467 | accuracy : 0.7790 | opt_sps : 70.4453  ]
[2026-08-17 13:42:19,279][__main__][INFO] - [RANK 0] [ Eval  | Step: 98000  |  loss : 0.4519 | accuracy : 0.7760 | eval_s : 0.3169  ]
[2026-08-17 13:42:26,499][__main__][INFO] - [RANK 0] [ Train | Step: 98500  |  loss : 0.4452 | accuracy : 0.7783 | opt_sps : 70.4391  ]
[2026-08-17 13:42:26,817][__main__][INFO] - [RANK 0] [ Eval  | Step: 98500  |  loss : 0.4521 | accuracy : 0.7749 | eval_s : 0.3169  ]
[2026-08-17 13:42:33,868][__main__][INFO] - [RANK 0] [ Train | Step: 99000  |  loss : 0.4464 | accuracy : 0.7788 | opt_sps : 70.4415  ]
[2026-08-17 13:42:34,191][__main__][INFO] - [RANK 0] [ Eval  | Step: 99000  |  loss : 0.4520 | accuracy : 0.7745 | eval_s : 0.3218  ]
[2026-08-17 13:42:41,292][__main__][INFO] - [RANK 0] [ Train | Step: 99500  |  loss : 0.4467 | accuracy : 0.7782 | opt_sps : 70.4413  ]
[2026-08-17 13:42:41,612][__main__][INFO] - [RANK 0] [ Eval  | Step: 99500  |  loss : 0.4519 | accuracy : 0.7752 | eval_s : 0.3183  ]
[2026-08-17 13:42:48,733][__main__][INFO] - [RANK 0] [ Train | Step: 100000 |  loss : 0.4399 | accuracy : 0.7822 | opt_sps : 70.4401  ]
[2026-08-17 13:42:49,061][__main__][INFO] - [RANK 0] [ Eval  | Step: 100000 |  loss : 0.4520 | accuracy : 0.7750 | eval_s : 0.3268  ]
[2026-08-17 13:42:49,063][__main__][INFO] - [RANK 0] loading best model
[2026-08-17 13:42:49,065][__main__][INFO] - [RANK 0] [Eval  | Summary |  best_loss : 0.4518 | best_step : 96000.0000 ]
[2026-08-17 13:42:49,389][__main__][INFO] - [RANK 0] [Test  | Summary |  model/phase_R : 0.3791 | model/gate_offdiag : 0.5881 | model/vote_agreement : 0.5360 | model/evidence_ratio : 60.8272 | loss/cross_entropy : 0.4458 | loss/loss : 0.4458 | callbacks/accuracy : 0.7785 | callbacks/non_relational_accuracy : 0.9998 | callbacks/binary_accuracy : 0.7929 | callbacks/ternary_accuracy : 0.5429 | callbacks/query_shape_accuracy : 0.9997 | callbacks/left_of_centre_accuracy : 1.0000 | callbacks/top_half_accuracy : 0.9997 | callbacks/closest_shape_accuracy : 0.6754 | callbacks/furthest_shape_accuracy : 0.7095 | callbacks/count_same_shape_accuracy : 1.0000 | callbacks/count_in_box_accuracy : 0.6965 | callbacks/on_band_accuracy : 0.5242 | callbacks/count_obtuse_accuracy : 0.4052 | timing/eval_s : 0.3233 ]
wandb: updating run metadata
wandb: uploading data
wandb: 
wandb: Run history:
wandb:                  eval_callbacks/accuracy ▁▁▂▂▄▄▄▄▄▄▄▅▅▇██████████████████████████
wandb:           eval_callbacks/binary_accuracy ▁▁▂▃▃▇▇▇▇██▇████████████████████████████
wandb:    eval_callbacks/closest_shape_accuracy ▁▄▄▆▆▇▇▅▆▅█▇█▇█████▇█▇█▇████████████████
wandb:     eval_callbacks/count_in_box_accuracy ▁▁▁▁▁▁▁▁▁▁▁▁▁▁▁▁▁▁▁▁▁▁▁▁▁▁▁▁▁▁▁▁▁▁▁▁▁▁▁▁
wandb:     eval_callbacks/count_obtuse_accuracy ██▁████▆████████████████████████████████
wandb: eval_callbacks/count_same_shape_accuracy ▁▁▁▁▁▇▆▇███▇████████████████████████████
wandb:   eval_callbacks/furthest_shape_accuracy ▁▄▆▅▆▆▅▆▅▆▅█▇█▇███▇███████▇▇██▇█████████
wandb:   eval_callbacks/left_of_centre_accuracy ▂▂▂▂▁▁▂▁▁▁▁▁▂███████████████████████████
wandb:   eval_callbacks/non_relational_accuracy ▁▂▂▃▃▃▃▃▃▃▃▃▃▇██████████████████████████
wandb:          eval_callbacks/on_band_accuracy ▃▆▆▆▁▃▆▆▆▁▅▆▆▆▆▆▂▅▂▅▆▃▆▃▃▆▂▅▃▇▆▆▅▇▇██▇▆█
wandb:                                      +32 ...
wandb: 
wandb: Run summary:
wandb:                           eval/best_loss 0.45179
wandb:                           eval/best_step 96000
wandb:                  eval_callbacks/accuracy 0.77497
wandb:           eval_callbacks/binary_accuracy 0.79137
wandb:    eval_callbacks/closest_shape_accuracy 0.67856
wandb:     eval_callbacks/count_in_box_accuracy 0.68622
wandb:     eval_callbacks/count_obtuse_accuracy 0.39547
wandb: eval_callbacks/count_same_shape_accuracy 1.0
wandb:   eval_callbacks/furthest_shape_accuracy 0.69973
wandb:   eval_callbacks/left_of_centre_accuracy 1.0
wandb:                                      +54 ...
wandb: 
wandb: 🚀 View run sort_of_clevr/syncnet::multirun::2026-08-17_12-11-03::3 at: https://wandb.ai/niks_priv/sort_of_clevr/runs/0of6lk59
wandb: ⭐️ View project at: https://wandb.ai/niks_priv/sort_of_clevr
wandb: Synced 5 W&B file(s), 0 media file(s), 0 artifact file(s) and 0 other file(s)
wandb: Find logs at: ./outputs/sort_of_clevr/multirun/2026-08-17_12-11-03/3/wandb/run-20260817_131804-0of6lk59/logs
[2026-08-17 13:42:56,120][HYDRA] 	#4 : model.n_modules=8 train.seed=1 task=sort_of_clevr experiment=sort_of_clevr/syncnet/scale_free
wandb: setting up run 9lj8tfnc
wandb: Tracking run with wandb version 0.27.2
wandb: Run data is saved locally in /home/nik/workspace/ImperialWork/msc_project/SyncNetProject/outputs/sort_of_clevr/multirun/2026-08-17_12-11-03/4/wandb/run-20260817_134257-9lj8tfnc
wandb: Run `wandb offline` to turn off syncing.
wandb: Syncing run sort_of_clevr/syncnet::multirun::2026-08-17_12-11-03::4
wandb: ⭐️ View project at https://wandb.ai/niks_priv/sort_of_clevr
wandb: 🚀 View run at https://wandb.ai/niks_priv/sort_of_clevr/runs/9lj8tfnc
[2026-08-17 13:42:58,290][__main__][INFO] - [RANK 0] Starting training
[2026-08-17 13:42:58,290][__main__][INFO] - [RANK 0] Model: SortOfClevrSyncNet
[2026-08-17 13:42:58,290][__main__][INFO] - [RANK 0] Parameters: total=450220
[2026-08-17 13:42:58,292][__main__][INFO] - [RANK 0] Config:
train:
  seed: 1
  n_steps: 100000
  train_bs: 256
  val_bs: 1024
  early_stop_metric: loss
  early_stop_big_is_better: false
  early_stop_patience: 1000000
  early_stop_min_delta: 0.0
  mixed_precision: bf16
  compile_model: false
  grad_accum: 1
  grad_clip: 1.0
  loader_mode: gpu_cached
  num_workers: 0
logging:
  eval_log_interval: 500
  train_log_interval: 500
  info_metrics:
  - loss
  - accuracy
  save_best: true
wandb:
  enabled: true
  project_name: sort_of_clevr
  entity: niks_priv
  tags: []
  run_name: null
optim:
  optimiser: adamw
  lr: 0.0003
  weight_decay: 0.01
  lr_scheduler: warmup_cosine
  lr_scheduler_params:
    warmup_steps: 2000
dataset:
  name: sort_of_clevr
  root: ./data
  dir: sort_of_clevr-seed1-train36000-test1000-img75-obj5-q10-t-1
  seed: 1
  train_size: 36000
  test_size: 1000
  img_size: 75
  obj_size: 5
  nb_questions: 10
  t_subtype: -1
model:
  name: sort_of_clevr_syncnet
  q_conditioning: film
  q_emb_dim: 32
  partition: none
  use_pos_emb: true
  n_modules: 8
  module_dim: 128
  content_dim: 8
  query_hidden: 64
  beta_init: 5.0
  learn_beta: true
  use_module_embed: false
  embed_scale: 1.0
  gate_mode: phase
  T: 6
  dt: 0.1
  omega_init: 0.5
  learn_omega: true
  k_hidden: 64
  deterministic_phase: false
  msg_dim: 64
  msg_agg: mean
  readout_mode: sum
  hidden_dim: 128
  use_prior_head: true
  vote_sees_q: true
  encoder:
    name: patchify
    ch: 128
    patch_size: 5
    hidden: 64
callbacks:
- name: accuracy
- name: qtype_accuracy
- name: subtype_accuracy

[2026-08-17 13:42:58,293][__main__][INFO] - [RANK 0] Full model:
SortOfClevrSyncNet(
  (inner): VQASyncNet(
    (q_encoder): IdentityQuestionEncoder()
    (film_gamma): Linear(in_features=18, out_features=128, bias=True)
    (film_beta): Linear(in_features=18, out_features=128, bias=True)
    (encoders): ModuleList(
      (0): PatchifyEncoder(
        (patchify): Conv2d(3, 128, kernel_size=(5, 5), stride=(5, 5))
      )
    )
    (norms): ModuleList(
      (0): GroupNorm(8, 128, eps=1e-05, affine=True, bias=True)
    )
    (h_init): Sequential(
      (0): Linear(in_features=18, out_features=64, bias=True)
      (1): GELU(approximate='none')
      (2): Linear(in_features=64, out_features=1024, bias=True)
    )
    (attn_query): Linear(in_features=128, out_features=128, bias=True)
    (msg_proj): Linear(in_features=128, out_features=64, bias=True)
    (cell): GRUCell(192, 128)
    (k_mlp): Sequential(
      (0): Linear(in_features=256, out_features=64, bias=True)
      (1): GELU(approximate='none')
      (2): Linear(in_features=64, out_features=1, bias=True)
      (3): Tanh()
    )
    (content_head): Linear(in_features=128, out_features=8, bias=True)
    (vote_heads): ModuleList(
      (0-7): 8 x Sequential(
        (0): Linear(in_features=154, out_features=128, bias=True)
        (1): GELU(approximate='none')
        (2): Linear(in_features=128, out_features=10, bias=True)
      )
    )
    (prior_head): Sequential(
      (0): Linear(in_features=18, out_features=128, bias=True)
      (1): GELU(approximate='none')
      (2): Linear(in_features=128, out_features=10, bias=True)
    )
  )
)
[2026-08-17 13:43:05,381][__main__][INFO] - [RANK 0] [ Train | Step: 500    |  loss : 1.4169 | accuracy : 0.3902 | opt_sps : 70.5503  ]
[2026-08-17 13:43:05,701][__main__][INFO] - [RANK 0] [ Eval  | Step: 500    |  loss : 0.8932 | accuracy : 0.4881 | eval_s : 0.3195  ]
[2026-08-17 13:43:12,799][__main__][INFO] - [RANK 0] [ Train | Step: 1000   |  loss : 0.8836 | accuracy : 0.4896 | opt_sps : 70.5029  ]
[2026-08-17 13:43:13,122][__main__][INFO] - [RANK 0] [ Eval  | Step: 1000   |  loss : 0.8854 | accuracy : 0.4890 | eval_s : 0.3221  ]
[2026-08-17 13:43:20,396][__main__][INFO] - [RANK 0] [ Train | Step: 1500   |  loss : 0.8832 | accuracy : 0.4918 | opt_sps : 69.9096  ]
[2026-08-17 13:43:20,719][__main__][INFO] - [RANK 0] [ Eval  | Step: 1500   |  loss : 0.8813 | accuracy : 0.4953 | eval_s : 0.3221  ]
[2026-08-17 13:43:28,017][__main__][INFO] - [RANK 0] [ Train | Step: 2000   |  loss : 0.8836 | accuracy : 0.4979 | opt_sps : 69.5590  ]
[2026-08-17 13:43:28,338][__main__][INFO] - [RANK 0] [ Eval  | Step: 2000   |  loss : 0.8824 | accuracy : 0.4893 | eval_s : 0.3209  ]
[2026-08-17 13:43:35,503][__main__][INFO] - [RANK 0] [ Train | Step: 2500   |  loss : 0.8752 | accuracy : 0.5056 | opt_sps : 69.6040  ]
[2026-08-17 13:43:35,822][__main__][INFO] - [RANK 0] [ Eval  | Step: 2500   |  loss : 0.8728 | accuracy : 0.5111 | eval_s : 0.3174  ]
[2026-08-17 13:43:42,902][__main__][INFO] - [RANK 0] [ Train | Step: 3000   |  loss : 0.8729 | accuracy : 0.5111 | opt_sps : 69.7720  ]
[2026-08-17 13:43:43,220][__main__][INFO] - [RANK 0] [ Eval  | Step: 3000   |  loss : 0.8678 | accuracy : 0.5201 | eval_s : 0.3168  ]
[2026-08-17 13:43:50,223][__main__][INFO] - [RANK 0] [ Train | Step: 3500   |  loss : 0.8640 | accuracy : 0.5201 | opt_sps : 70.0015  ]
[2026-08-17 13:43:50,540][__main__][INFO] - [RANK 0] [ Eval  | Step: 3500   |  loss : 0.8622 | accuracy : 0.5205 | eval_s : 0.3164  ]
[2026-08-17 13:43:57,841][__main__][INFO] - [RANK 0] [ Train | Step: 4000   |  loss : 0.8571 | accuracy : 0.5236 | opt_sps : 69.8100  ]
[2026-08-17 13:43:58,165][__main__][INFO] - [RANK 0] [ Eval  | Step: 4000   |  loss : 0.8567 | accuracy : 0.5267 | eval_s : 0.3229  ]
[2026-08-17 13:44:05,326][__main__][INFO] - [RANK 0] [ Train | Step: 4500   |  loss : 0.8536 | accuracy : 0.5296 | opt_sps : 69.8123  ]
[2026-08-17 13:44:05,648][__main__][INFO] - [RANK 0] [ Eval  | Step: 4500   |  loss : 0.8489 | accuracy : 0.5359 | eval_s : 0.3211  ]
[2026-08-17 13:44:12,565][__main__][INFO] - [RANK 0] [ Train | Step: 5000   |  loss : 0.8445 | accuracy : 0.5393 | opt_sps : 70.0534  ]
[2026-08-17 13:44:12,882][__main__][INFO] - [RANK 0] [ Eval  | Step: 5000   |  loss : 0.8488 | accuracy : 0.5372 | eval_s : 0.3161  ]
[2026-08-17 13:44:19,870][__main__][INFO] - [RANK 0] [ Train | Step: 5500   |  loss : 0.8355 | accuracy : 0.5489 | opt_sps : 70.1878  ]
[2026-08-17 13:44:20,187][__main__][INFO] - [RANK 0] [ Eval  | Step: 5500   |  loss : 0.8228 | accuracy : 0.5618 | eval_s : 0.3163  ]
[2026-08-17 13:44:27,134][__main__][INFO] - [RANK 0] [ Train | Step: 6000   |  loss : 0.8122 | accuracy : 0.5647 | opt_sps : 70.3338  ]
[2026-08-17 13:44:27,452][__main__][INFO] - [RANK 0] [ Eval  | Step: 6000   |  loss : 0.7981 | accuracy : 0.5766 | eval_s : 0.3164  ]
[2026-08-17 13:44:34,397][__main__][INFO] - [RANK 0] [ Train | Step: 6500   |  loss : 0.7894 | accuracy : 0.5782 | opt_sps : 70.4593  ]
[2026-08-17 13:44:34,716][__main__][INFO] - [RANK 0] [ Eval  | Step: 6500   |  loss : 0.7645 | accuracy : 0.5948 | eval_s : 0.3181  ]
[2026-08-17 13:44:41,571][__main__][INFO] - [RANK 0] [ Train | Step: 7000   |  loss : 0.7492 | accuracy : 0.6000 | opt_sps : 70.6313  ]
[2026-08-17 13:44:41,889][__main__][INFO] - [RANK 0] [ Eval  | Step: 7000   |  loss : 0.7908 | accuracy : 0.5784 | eval_s : 0.3164  ]
[2026-08-17 13:44:48,709][__main__][INFO] - [RANK 0] [ Train | Step: 7500   |  loss : 0.7348 | accuracy : 0.6066 | opt_sps : 70.8037  ]
[2026-08-17 13:44:49,026][__main__][INFO] - [RANK 0] [ Eval  | Step: 7500   |  loss : 0.7222 | accuracy : 0.6086 | eval_s : 0.3162  ]
[2026-08-17 13:44:55,915][__main__][INFO] - [RANK 0] [ Train | Step: 8000   |  loss : 0.7333 | accuracy : 0.6074 | opt_sps : 70.9128  ]
[2026-08-17 13:44:56,233][__main__][INFO] - [RANK 0] [ Eval  | Step: 8000   |  loss : 0.6889 | accuracy : 0.6295 | eval_s : 0.3169  ]
[2026-08-17 13:45:03,282][__main__][INFO] - [RANK 0] [ Train | Step: 8500   |  loss : 0.7065 | accuracy : 0.6221 | opt_sps : 70.9144  ]
[2026-08-17 13:45:03,605][__main__][INFO] - [RANK 0] [ Eval  | Step: 8500   |  loss : 0.6814 | accuracy : 0.6279 | eval_s : 0.3215  ]
[2026-08-17 13:45:10,448][__main__][INFO] - [RANK 0] [ Train | Step: 9000   |  loss : 0.6784 | accuracy : 0.6311 | opt_sps : 71.0312  ]
[2026-08-17 13:45:10,765][__main__][INFO] - [RANK 0] [ Eval  | Step: 9000   |  loss : 0.6600 | accuracy : 0.6398 | eval_s : 0.3161  ]
[2026-08-17 13:45:17,606][__main__][INFO] - [RANK 0] [ Train | Step: 9500   |  loss : 0.6717 | accuracy : 0.6348 | opt_sps : 71.1373  ]
[2026-08-17 13:45:17,922][__main__][INFO] - [RANK 0] [ Eval  | Step: 9500   |  loss : 0.9071 | accuracy : 0.5668 | eval_s : 0.3159  ]
[2026-08-17 13:45:24,879][__main__][INFO] - [RANK 0] [ Train | Step: 10000  |  loss : 0.6726 | accuracy : 0.6316 | opt_sps : 71.1736  ]
[2026-08-17 13:45:25,198][__main__][INFO] - [RANK 0] [ Eval  | Step: 10000  |  loss : 0.6482 | accuracy : 0.6320 | eval_s : 0.3180  ]
[2026-08-17 13:45:32,175][__main__][INFO] - [RANK 0] [ Train | Step: 10500  |  loss : 0.6600 | accuracy : 0.6378 | opt_sps : 71.1974  ]
[2026-08-17 13:45:32,494][__main__][INFO] - [RANK 0] [ Eval  | Step: 10500  |  loss : 0.6415 | accuracy : 0.6472 | eval_s : 0.3175  ]
[2026-08-17 13:45:39,660][__main__][INFO] - [RANK 0] [ Train | Step: 11000  |  loss : 0.6524 | accuracy : 0.6425 | opt_sps : 71.1317  ]
[2026-08-17 13:45:39,980][__main__][INFO] - [RANK 0] [ Eval  | Step: 11000  |  loss : 0.6404 | accuracy : 0.6448 | eval_s : 0.3194  ]
[2026-08-17 13:45:47,071][__main__][INFO] - [RANK 0] [ Train | Step: 11500  |  loss : 0.6578 | accuracy : 0.6402 | opt_sps : 71.1054  ]
[2026-08-17 13:45:47,389][__main__][INFO] - [RANK 0] [ Eval  | Step: 11500  |  loss : 0.6789 | accuracy : 0.6335 | eval_s : 0.3173  ]
[2026-08-17 13:45:54,503][__main__][INFO] - [RANK 0] [ Train | Step: 12000  |  loss : 0.6482 | accuracy : 0.6453 | opt_sps : 71.0706  ]
[2026-08-17 13:45:54,822][__main__][INFO] - [RANK 0] [ Eval  | Step: 12000  |  loss : 0.6441 | accuracy : 0.6507 | eval_s : 0.3176  ]
[2026-08-17 13:46:01,854][__main__][INFO] - [RANK 0] [ Train | Step: 12500  |  loss : 0.6414 | accuracy : 0.6480 | opt_sps : 71.0717  ]
[2026-08-17 13:46:02,174][__main__][INFO] - [RANK 0] [ Eval  | Step: 12500  |  loss : 0.6277 | accuracy : 0.6540 | eval_s : 0.3191  ]
[2026-08-17 13:46:09,555][__main__][INFO] - [RANK 0] [ Train | Step: 13000  |  loss : 0.6402 | accuracy : 0.6497 | opt_sps : 70.9383  ]
[2026-08-17 13:46:09,876][__main__][INFO] - [RANK 0] [ Eval  | Step: 13000  |  loss : 0.6480 | accuracy : 0.6456 | eval_s : 0.3201  ]
[2026-08-17 13:46:17,325][__main__][INFO] - [RANK 0] [ Train | Step: 13500  |  loss : 0.6414 | accuracy : 0.6504 | opt_sps : 70.7891  ]
[2026-08-17 13:46:17,644][__main__][INFO] - [RANK 0] [ Eval  | Step: 13500  |  loss : 0.6521 | accuracy : 0.6462 | eval_s : 0.3178  ]
[2026-08-17 13:46:24,904][__main__][INFO] - [RANK 0] [ Train | Step: 14000  |  loss : 0.6569 | accuracy : 0.6467 | opt_sps : 70.7187  ]
[2026-08-17 13:46:25,224][__main__][INFO] - [RANK 0] [ Eval  | Step: 14000  |  loss : 0.6317 | accuracy : 0.6513 | eval_s : 0.3184  ]
[2026-08-17 13:46:32,313][__main__][INFO] - [RANK 0] [ Train | Step: 14500  |  loss : 0.6537 | accuracy : 0.6440 | opt_sps : 70.7119  ]
[2026-08-17 13:46:32,631][__main__][INFO] - [RANK 0] [ Eval  | Step: 14500  |  loss : 0.6256 | accuracy : 0.6556 | eval_s : 0.3164  ]
